time,ac1_kw,ac2_kw,ac3_kw,ac4_kw,ac5_kw,ac6_kw,ac7_kw,ac8_kw,ac9_kw,ac10_kw,ac11_kw,ac12_kw,ac13_kw,ac14_kw,ac_total_kw,light_kw,plug_kw,temp_c,rh_pct,lux
2018-07-01 00:00:00,1.052,0.0,0.0,0.0,1.265,1.225,0.848,0.897,0.941,1.047,0.0,0.0,0.0,0.0,7.276,0.0,0.091,28.837,64.877,0.0
2018-07-01 00:15:00,1.042,0.0,0.0,0.0,1.263,1.217,0.851,0.892,0.943,1.039,0.0,0.0,0.0,0.0,7.247,0.0,0.062,28.795,64.758,0.0
2018-07-01 00:30:00,0.979,0.0,0.0,0.0,1.277,1.148,0.861,0.822,0.952,0.977,0.0,0.0,0.0,0.0,7.016,0.0,0.05,28.807,64.735,0.0
2018-07-01 00:45:00,1.054,0.0,0.0,0.0,1.273,1.229,0.854,0.899,0.947,1.051,0.0,0.0,0.0,0.0,7.306,0.0,0.082,28.858,64.714,0.0
2018-07-01 01:00:00,1.038,0.0,0.0,0.0,1.282,1.212,0.862,0.883,0.956,1.032,0.0,0.0,0.0,0.0,7.265,0.0,0.078,28.853,64.629,0.0
2018-07-01 01:15:00,1.035,0.0,0.0,0.0,1.274,1.208,0.856,0.881,0.95,1.031,0.0,0.0,0.0,0.0,7.234,0.0,0.05,28.854,64.6,0.0
2018-07-01 01:30:00,1.049,0.0,0.0,0.0,1.285,1.228,0.864,0.895,0.955,1.047,0.0,0.0,0.0,0.0,7.324,0.0,0.065,28.884,64.579,0.0
2018-07-01 01:45:00,1.04,0.0,0.0,0.0,1.279,1.217,0.855,0.882,0.952,1.036,0.0,0.0,0.0,0.0,7.262,0.0,0.093,28.904,64.517,0.0
2018-07-01 02:00:00,1.057,0.0,0.0,0.0,1.283,1.235,0.859,0.899,0.957,1.055,0.0,0.0,0.0,0.0,7.346,0.0,0.064,28.893,64.521,0.0
2018-07-01 02:15:00,1.051,0.0,0.0,0.0,1.275,1.228,0.855,0.896,0.951,1.047,0.0,0.0,0.0,0.0,7.303,0.0,0.05,28.888,64.525,0.0
2018-07-01 02:30:00,1.041,0.0,0.0,0.0,1.28,1.215,0.861,0.883,0.956,1.037,0.0,0.0,0.0,0.0,7.273,0.0,0.075,28.897,64.489,0.0
2018-07-01 02:45:00,1.014,0.0,0.0,0.0,1.28,1.182,0.864,0.855,0.96,1.011,0.0,0.0,0.0,0.0,7.167,0.0,0.079,28.895,64.488,0.0
2018-07-01 03:00:00,1.048,0.0,0.0,0.0,1.281,1.222,0.865,0.893,0.959,1.044,0.0,0.0,0.0,0.0,7.313,0.0,0.05,28.919,64.501,0.0
2018-07-01 03:15:00,1.042,0.0,0.0,0.0,1.269,1.213,0.857,0.888,0.951,1.037,0.0,0.0,0.0,0.0,7.256,0.0,0.063,28.907,64.446,0.0
2018-07-01 03:30:00,1.053,0.0,0.0,0.0,1.285,1.225,0.871,0.897,0.965,1.048,0.0,0.0,0.0,0.0,7.343,0.0,0.089,28.889,64.385,0.0
2018-07-01 03:45:00,1.037,0.0,0.0,0.0,1.265,1.208,0.849,0.88,0.947,1.031,0.0,0.0,0.0,0.0,7.216,0.0,0.05,28.874,64.316,0.0
2018-07-01 04:00:00,1.053,0.0,0.0,0.0,1.289,1.225,0.873,0.898,0.967,1.047,0.0,0.0,0.0,0.0,7.353,0.0,0.053,28.893,64.237,0.0
2018-07-01 04:15:00,1.04,0.0,0.0,0.0,1.266,1.211,0.856,0.887,0.947,1.035,0.0,0.0,0.0,0.0,7.243,0.0,0.091,28.908,64.148,0.0
2018-07-01 04:30:00,1.04,0.0,0.0,0.0,1.274,1.213,0.859,0.886,0.954,1.037,0.0,0.0,0.0,0.0,7.263,0.0,0.065,28.923,64.154,0.0
2018-07-01 04:45:00,1.059,0.0,0.0,0.0,1.283,1.233,0.87,0.907,0.963,1.055,0.0,0.0,0.0,0.0,7.369,0.0,0.051,28.927,64.133,0.0
2018-07-01 05:00:00,0.279,0.445,0.222,0.257,1.285,0.497,0.876,0.239,0.966,0.277,0.0,0.0,0.0,0.0,5.343,0.0,0.077,28.934,64.527,0.0
2018-07-01 05:15:00,0.0,0.822,0.542,0.629,0.459,0.237,0.314,0.0,0.345,0.0,0.0,0.0,0.0,0.0,3.349,0.0,0.079,28.94,64.282,0.0
2018-07-01 05:30:00,0.0,1.151,0.855,0.986,0.0,0.237,0.0,0.0,0.0,0.0,0.0,0.0,0.0,0.0,3.23,0.0,0.05,28.94,64.58,0.0
2018-07-01 05:45:00,0.171,1.151,0.861,0.993,0.0,0.397,0.0,0.144,0.0,0.17,0.0,0.0,0.0,0.0,3.888,0.0,0.065,28.948,64.593,0.0
2018-07-01 06:00:00,1.079,1.182,0.895,1.029,0.0,1.253,0.0,0.919,0.0,1.075,0.0,0.0,0.0,0.0,7.434,0.0,0.09,28.949,64.063,0.0
2018-07-01 06:15:00,1.09,1.153,0.87,1.011,0.0,1.257,0.0,0.931,0.0,1.087,0.0,0.0,0.0,0.0,7.399,0.0,0.061,28.955,64.001,0.0
2018-07-01 06:30:00,1.103,1.21,0.926,1.063,0.0,1.271,0.0,0.943,0.0,1.097,0.0,0.0,0.0,0.0,7.613,0.0,0.05,28.961,63.999,0.0
2018-07-01 06:45:00,1.117,1.193,0.908,1.046,0.0,1.283,0.0,0.957,0.0,1.113,0.0,0.0,0.0,0.0,7.617,0.0,0.079,28.971,64.051,0.0
2018-07-01 07:00:00,1.117,1.17,0.884,1.025,0.0,1.281,0.0,0.958,0.0,1.113,0.0,0.0,0.0,0.0,7.549,0.0,0.077,28.981,64.221,0.0
2018-07-01 07:15:00,1.077,1.169,0.882,1.023,0.0,1.236,0.0,0.917,0.0,1.073,0.0,0.0,0.0,0.0,7.377,0.0,0.05,29.005,64.36,0.0
2018-07-01 07:30:00,1.076,1.16,0.876,1.018,0.0,1.235,0.0,0.913,0.0,1.071,0.0,0.0,0.0,0.0,7.348,0.0,0.066,29.3,64.59,0.0
2018-07-01 07:45:00,1.087,1.171,0.883,1.026,0.0,1.251,0.0,0.924,0.0,1.085,0.0,0.0,0.0,0.0,7.427,0.0,0.09,29.5,64.129,0.0
2018-07-01 08:00:00,1.079,1.175,0.883,1.027,0.0,1.242,0.0,0.911,0.0,1.075,0.0,0.0,0.0,0.0,7.393,0.0,0.057,29.533,64.199,0.0
2018-07-01 08:15:00,1.055,1.183,0.886,1.031,0.0,1.215,0.0,0.885,0.0,1.049,0.0,0.0,0.0,0.0,7.305,0.0,0.05,29.373,64.218,0.0
2018-07-01 08:30:00,1.077,1.199,0.9,1.047,0.0,1.233,0.0,0.901,0.0,1.073,0.0,0.0,0.0,0.0,7.43,0.0,0.085,29.4,64.239,0.0
2018-07-01 08:45:00,0.862,1.195,0.901,1.046,0.0,1.033,0.0,0.723,0.0,0.857,0.0,0.0,0.0,0.0,6.617,0.0,0.07,29.673,64.275,0.0
2018-07-01 09:00:00,1.114,1.213,0.918,1.062,0.0,1.281,0.0,0.947,0.0,1.109,0.0,0.0,0.0,0.0,7.643,0.0,0.05,29.88,64.274,0.0
2018-07-01 09:15:00,1.107,1.207,0.923,1.062,0.0,1.265,0.0,0.943,0.0,1.103,0.0,0.0,0.0,0.0,7.61,0.0,0.074,29.261,64.271,0.0
2018-07-01 09:30:00,1.111,1.221,0.933,1.076,0.0,1.27,0.0,0.945,0.0,1.106,0.0,0.0,0.0,0.0,7.662,0.0,0.083,29.123,64.28,0.0
2018-07-01 09:45:00,0.883,1.231,0.943,1.083,0.0,1.056,0.0,0.751,0.0,0.878,0.0,0.0,0.0,0.0,6.825,0.0,0.05,29.131,64.312,0.0
2018-07-01 10:00:00,1.143,1.253,0.968,1.103,0.0,1.309,0.0,0.98,0.0,1.14,0.0,0.0,0.0,0.0,7.896,0.0,0.061,29.148,64.301,0.0
2018-07-01 10:15:00,1.149,1.252,0.967,1.102,0.0,1.313,0.0,0.99,0.0,1.144,0.0,0.0,0.0,0.0,7.917,0.0,0.09,29.163,64.328,0.0
2018-07-01 10:30:00,1.152,1.256,0.972,1.106,0.0,1.32,0.0,0.995,0.0,1.15,0.0,0.0,0.0,0.0,7.951,0.0,0.067,29.19,64.359,0.0
2018-07-01 10:45:00,1.117,1.273,0.983,1.117,0.0,1.283,0.0,0.958,0.0,1.113,0.0,0.0,0.0,0.0,7.844,0.0,0.05,29.179,64.382,0.0
2018-07-01 11:00:00,1.04,1.251,0.959,1.095,0.32,1.213,0.158,0.887,0.177,1.037,0.0,0.0,0.0,0.0,8.138,0.0,0.075,29.187,64.471,0.0
2018-07-01 11:15:00,0.254,0.825,0.554,0.632,1.447,0.475,1.012,0.214,1.122,0.252,0.0,0.0,0.0,0.0,6.787,0.0,0.09,29.195,64.426,0.0
2018-07-01 11:30:00,0.659,1.057,0.769,0.875,1.473,0.86,1.053,0.559,1.152,0.657,0.0,0.0,0.0,0.0,9.115,0.0,0.063,29.21,64.427,0.0
2018-07-01 11:45:00,0.656,0.858,0.582,0.663,1.425,0.857,1.008,0.555,1.11,0.654,0.0,0.0,0.0,0.0,8.369,0.0,0.05,29.216,64.472,0.0
2018-07-01 12:00:00,0.636,1.083,0.793,0.903,1.439,0.839,1.024,0.543,1.125,0.634,0.0,0.0,0.0,0.0,9.019,0.0,0.077,29.241,64.394,0.0
2018-07-01 12:15:00,0.543,1.066,0.78,0.887,1.472,0.751,1.056,0.457,1.155,0.539,0.0,0.0,0.0,0.0,8.707,0.0,0.09,29.273,64.429,0.0
2018-07-01 12:30:00,0.581,1.072,0.786,0.891,1.451,0.79,1.036,0.494,1.134,0.578,0.0,0.0,0.0,0.0,8.813,0.0,0.051,29.291,64.371,0.0
2018-07-01 12:45:00,0.671,0.862,0.585,0.667,1.447,0.876,1.031,0.571,1.132,0.669,0.0,0.0,0.0,0.0,8.511,0.0,0.051,29.298,64.385,0.0
2018-07-01 13:00:00,0.674,1.083,0.794,0.901,1.442,0.876,1.033,0.577,1.134,0.672,0.0,0.0,0.0,0.0,9.185,0.0,0.091,29.309,64.422,0.0
2018-07-01 13:15:00,0.574,1.001,0.723,0.819,1.461,0.779,1.053,0.489,1.151,0.571,0.0,0.0,0.0,0.0,8.621,0.0,0.073,29.331,64.553,0.0
2018-07-01 13:30:00,0.522,0.937,0.66,0.755,1.458,0.729,1.048,0.441,1.147,0.521,0.0,0.0,0.0,0.0,8.218,0.0,0.05,29.389,64.542,0.0
2018-07-01 13:45:00,0.673,1.073,0.785,0.895,1.48,0.877,1.069,0.576,1.168,0.671,0.0,0.0,0.0,0.0,9.268,0.0,0.069,29.392,64.517,0.0
2018-07-01 14:00:00,0.649,0.865,0.589,0.671,1.455,0.852,1.046,0.55,1.144,0.646,0.0,0.0,0.0,0.0,8.467,0.0,0.09,29.386,64.587,0.0
2018-07-01 14:15:00,0.675,1.083,0.797,0.905,1.5,0.88,1.087,0.577,1.183,0.672,0.0,0.0,0.0,0.0,9.358,0.0,0.066,29.386,64.67,0.0
2018-07-01 14:30:00,0.693,1.097,0.813,0.917,1.487,0.899,1.075,0.595,1.171,0.689,0.0,0.0,0.0,0.0,9.436,0.0,0.053,29.386,64.673,0.0
2018-07-01 14:45:00,0.599,1.099,0.816,0.921,1.505,0.808,1.09,0.513,1.187,0.595,0.0,0.0,0.0,0.0,9.133,0.0,0.077,29.397,64.673,0.0
2018-07-01 15:00:00,0.525,1.087,0.799,0.909,1.491,0.735,1.075,0.443,1.176,0.521,0.0,0.0,0.0,0.0,8.763,0.0,0.087,29.417,64.708,0.0
2018-07-01 15:15:00,0.68,0.886,0.609,0.693,1.479,0.883,1.067,0.581,1.168,0.677,0.0,0.0,0.0,0.0,8.725,0.0,0.05,29.426,64.684,0.0
2018-07-01 15:30:00,0.687,1.105,0.817,0.922,1.505,0.892,1.092,0.588,1.187,0.683,0.0,0.0,0.0,0.0,9.478,0.0,0.055,29.443,64.717,0.0
2018-07-01 15:45:00,0.694,1.115,0.829,0.931,1.51,0.899,1.096,0.592,1.193,0.689,0.0,0.0,0.0,0.0,9.549,0.0,0.095,29.464,64.783,0.0
2018-07-01 16:00:00,0.696,1.101,0.815,0.919,1.491,0.903,1.075,0.597,1.173,0.692,0.0,0.0,0.0,0.0,9.463,0.0,0.085,29.481,64.795,0.0
2018-07-01 16:15:00,0.685,1.111,0.825,0.929,1.487,0.889,1.077,0.585,1.175,0.682,0.0,0.0,0.0,0.0,9.445,0.0,0.05,29.491,64.808,0.0
2018-07-01 16:30:00,0.557,1.199,0.913,1.026,1.511,0.773,1.096,0.478,1.195,0.553,0.0,0.0,0.0,0.0,9.301,0.0,0.055,29.496,64.837,0.0
2018-07-01 16:45:00,0.602,1.021,0.735,0.828,1.46,0.817,1.039,0.515,1.14,0.6,0.0,0.0,0.0,0.0,8.757,0.0,0.091,29.515,64.839,0.0
2018-07-01 17:00:00,0.689,0.877,0.598,0.674,1.477,0.901,1.059,0.593,1.155,0.687,0.0,0.0,0.0,0.0,8.709,0.0,0.067,29.53,64.823,0.0
2018-07-01 17:15:00,0.171,1.283,0.985,1.103,1.457,0.207,1.043,0.145,1.134,0.169,0.0,0.0,0.0,0.0,7.695,0.0,0.05,29.533,64.887,0.0
2018-07-01 17:30:00,0.001,1.275,0.98,1.098,1.455,0.01,1.037,0.0,1.129,0.0,0.0,0.0,0.0,0.0,6.985,0.0,0.078,29.567,64.948,0.0
2018-07-01 17:45:00,0.0,1.273,0.979,1.099,1.435,0.01,1.017,0.0,1.111,0.0,0.0,0.0,0.0,0.0,6.923,0.0,0.09,29.595,64.951,0.0
2018-07-01 18:00:00,0.0,1.243,0.961,1.079,1.417,0.01,1.009,0.0,1.097,0.0,0.0,0.0,0.0,0.0,6.815,0.0,0.059,29.608,65.029,0.0
2018-07-01 18:15:00,0.0,1.075,0.802,0.897,1.392,0.01,0.987,0.0,1.074,0.0,0.0,0.0,0.0,0.0,6.238,0.0,0.05,29.61,65.5,0.0
2018-07-01 18:30:00,0.001,1.214,0.932,1.045,1.428,0.01,1.022,0.0,1.107,0.0,0.0,0.0,0.0,0.0,6.759,0.0,0.082,29.611,65.332,0.0
2018-07-01 18:45:00,0.0,1.239,0.957,1.073,1.455,0.01,1.045,0.0,1.124,0.0,0.0,0.0,0.0,0.0,6.903,0.0,0.081,29.621,65.553,0.0
2018-07-01 19:00:00,0.0,1.026,0.755,0.843,1.407,0.01,0.997,0.0,1.076,0.0,0.0,0.0,0.0,0.0,6.113,0.0,0.05,29.625,65.733,0.0
2018-07-01 19:15:00,0.001,1.216,0.936,1.047,1.371,0.01,0.967,0.0,1.046,0.0,0.0,0.0,0.0,0.0,6.593,0.0,0.062,29.622,65.521,0.0
2018-07-01 19:30:00,0.001,1.188,0.909,1.022,1.385,0.01,0.975,0.0,1.055,0.0,0.0,0.0,0.0,0.0,6.544,0.0,0.091,29.617,65.17,0.0
2018-07-01 19:45:00,0.0,1.195,0.917,1.026,1.379,0.01,0.97,0.0,1.048,0.0,0.0,0.0,0.0,0.0,6.545,0.0,0.067,29.601,64.897,0.0
2018-07-01 20:00:00,0.001,1.211,0.935,1.041,1.379,0.01,0.969,0.0,1.047,0.0,0.0,0.0,0.0,0.0,6.593,0.0,0.05,29.594,64.832,0.0
2018-07-01 20:15:00,0.0,1.033,0.759,0.845,1.368,0.01,0.961,0.0,1.039,0.0,0.0,0.0,0.0,0.0,6.015,0.0,0.077,29.607,64.745,0.0
2018-07-01 20:30:00,0.0,0.823,0.555,0.619,1.363,0.01,0.953,0.0,1.031,0.0,0.0,0.0,0.0,0.0,5.353,0.0,0.089,29.609,64.71,0.0
2018-07-01 20:45:00,0.0,0.864,0.59,0.663,1.362,0.01,0.954,0.0,1.034,0.0,0.0,0.0,0.0,0.0,5.477,0.0,0.05,29.621,64.672,0.0
2018-07-01 21:00:00,0.0,0.82,0.549,0.615,1.359,0.01,0.949,0.0,1.027,0.0,0.0,0.0,0.0,0.0,5.328,0.0,0.053,29.645,64.707,0.0
2018-07-01 21:15:00,0.0,1.015,0.731,0.82,1.361,0.01,0.957,0.0,1.033,0.0,0.0,0.0,0.0,0.0,5.927,0.0,0.093,29.661,64.712,0.0
2018-07-01 21:30:00,0.001,1.212,0.918,1.026,1.383,0.01,0.971,0.0,1.047,0.0,0.0,0.0,0.0,0.0,6.567,0.0,0.089,29.694,64.813,0.0
2018-07-01 21:45:00,0.0,1.189,0.901,1.008,1.384,0.01,0.973,0.0,1.047,0.0,0.0,0.0,0.0,0.0,6.512,0.0,0.049,29.69,64.888,0.0
2018-07-01 22:00:00,0.0,1.219,0.925,1.033,1.408,0.01,0.993,0.0,1.067,0.0,0.0,0.0,0.0,0.0,6.656,0.0,0.052,29.715,64.915,0.0
2018-07-01 22:15:00,0.001,1.193,0.909,1.017,1.381,0.01,0.973,0.0,1.049,0.0,0.0,0.0,0.0,0.0,6.533,0.0,0.092,29.715,64.914,0.0
2018-07-01 22:30:00,0.0,0.905,0.639,0.715,1.341,0.01,0.935,0.0,1.015,0.0,0.0,0.0,0.0,0.0,5.56,0.0,0.077,29.722,64.978,0.0
2018-07-01 22:45:00,0.001,0.874,0.601,0.672,1.361,0.01,0.954,0.0,1.033,0.0,0.0,0.0,0.0,0.0,5.506,0.0,0.051,29.739,65.058,0.0
2018-07-01 23:00:00,0.121,0.561,0.32,0.359,1.346,0.281,0.938,0.101,1.019,0.121,0.0,0.0,0.0,0.0,5.168,0.0,0.061,29.739,65.52,0.0
2018-07-01 23:15:00,0.97,0.0,0.0,0.0,1.331,1.165,0.919,0.834,1.0,0.965,0.0,0.0,0.0,0.0,7.183,0.0,0.089,29.748,65.667,0.0
2018-07-01 23:30:00,1.042,0.0,0.0,0.0,1.311,1.225,0.91,0.909,0.989,1.039,0.0,0.0,0.0,0.0,7.424,0.0,0.067,29.738,65.636,0.0
2018-07-01 23:45:00,1.077,0.0,0.0,0.0,1.319,1.262,0.916,0.945,0.998,1.073,0.0,0.0,0.0,0.0,7.59,0.0,0.049,29.733,65.533,0.0
2018-07-02 00:00:00,1.093,0.0,0.0,0.0,1.322,1.275,0.915,0.96,0.998,1.089,0.0,0.0,0.0,0.0,7.651,0.0,0.076,29.705,65.631,0.0
2018-07-02 00:15:00,1.096,0.0,0.0,0.0,1.329,1.282,0.919,0.967,1.002,1.095,0.0,0.0,0.0,0.0,7.689,0.0,0.089,29.717,65.135,0.0
2018-07-02 00:30:00,1.097,0.0,0.0,0.0,1.322,1.279,0.918,0.967,1.0,1.094,0.0,0.0,0.0,0.0,7.677,0.0,0.061,29.717,64.876,0.0
2018-07-02 00:45:00,1.047,0.0,0.0,0.0,1.329,1.226,0.918,0.912,1.002,1.045,0.0,0.0,0.0,0.0,7.479,0.0,0.05,29.715,64.77,0.0
2018-07-02 01:00:00,1.065,0.0,0.0,0.0,1.326,1.245,0.917,0.931,1.001,1.062,0.0,0.0,0.0,0.0,7.547,0.0,0.079,29.743,64.749,0.0
2018-07-02 01:15:00,1.053,0.0,0.0,0.0,1.302,1.233,0.89,0.918,0.976,1.049,0.0,0.0,0.0,0.0,7.42,0.0,0.09,29.752,64.733,0.0
2018-07-02 01:30:00,1.042,0.0,0.0,0.0,1.298,1.221,0.887,0.907,0.973,1.039,0.0,0.0,0.0,0.0,7.369,0.0,0.072,29.774,64.699,0.0
2018-07-02 01:45:00,1.057,0.0,0.0,0.0,1.315,1.239,0.897,0.915,0.983,1.052,0.0,0.0,0.0,0.0,7.458,0.0,0.05,29.761,64.563,0.0
2018-07-02 02:00:00,1.011,0.0,0.0,0.0,1.28,1.186,0.873,0.873,0.961,1.009,0.0,0.0,0.0,0.0,7.193,0.0,0.066,29.754,64.59,0.0
2018-07-02 02:15:00,1.002,0.0,0.0,0.0,1.303,1.178,0.89,0.861,0.978,0.998,0.0,0.0,0.0,0.0,7.21,0.0,0.09,29.785,64.551,0.0
2018-07-02 02:30:00,1.045,0.0,0.0,0.0,1.307,1.225,0.89,0.906,0.981,1.043,0.0,0.0,0.0,0.0,7.397,0.0,0.075,29.804,64.532,0.0
2018-07-02 02:45:00,1.073,0.0,0.0,0.0,1.298,1.254,0.883,0.936,0.973,1.067,0.0,0.0,0.0,0.0,7.483,0.0,0.05,29.799,64.503,0.0
2018-07-02 03:00:00,1.025,0.0,0.0,0.0,1.275,1.203,0.864,0.888,0.954,1.023,0.0,0.0,0.0,0.0,7.232,0.0,0.064,29.788,64.422,0.0
2018-07-02 03:15:00,1.058,0.0,0.0,0.0,1.314,1.238,0.898,0.919,0.988,1.053,0.0,0.0,0.0,0.0,7.469,0.0,0.091,29.78,64.425,0.0
2018-07-02 03:30:00,1.043,0.0,0.0,0.0,1.328,1.223,0.911,0.905,1.001,1.038,0.0,0.0,0.0,0.0,7.45,0.0,0.081,29.791,64.372,0.0
2018-07-02 03:45:00,1.026,0.0,0.0,0.0,1.314,1.206,0.895,0.887,0.985,1.023,0.0,0.0,0.0,0.0,7.337,0.0,0.05,29.799,64.277,0.0
2018-07-02 04:00:00,1.047,0.0,0.0,0.0,1.301,1.228,0.884,0.91,0.973,1.043,0.0,0.0,0.0,0.0,7.387,0.0,0.057,29.817,64.257,0.0
2018-07-02 04:15:00,1.055,0.0,0.0,0.0,1.283,1.234,0.873,0.921,0.963,1.05,0.0,0.0,0.0,0.0,7.379,0.0,0.091,29.837,64.268,0.0
2018-07-02 04:30:00,1.068,0.0,0.0,0.0,1.311,1.247,0.897,0.934,0.987,1.065,0.0,0.0,0.0,0.0,7.509,0.0,0.063,29.826,64.273,0.0
2018-07-02 04:45:00,1.06,0.0,0.0,0.0,1.315,1.239,0.901,0.924,0.989,1.055,0.0,0.0,0.0,0.0,7.483,0.0,0.051,29.807,64.256,0.0
2018-07-02 05:00:00,0.28,0.519,0.297,0.341,1.337,0.503,0.925,0.245,1.013,0.279,0.0,0.0,0.0,0.0,5.739,0.0,0.079,29.8,64.206,0.0
2018-07-02 05:15:00,0.0,0.912,0.635,0.723,0.445,0.237,0.31,0.0,0.339,0.0,0.0,0.0,0.0,0.0,3.601,0.0,0.09,29.796,64.535,0.0
2018-07-02 05:30:00,0.0,1.161,0.88,0.999,0.0,0.235,0.0,0.0,0.0,0.0,0.0,0.0,0.0,0.0,3.274,0.0,0.056,29.807,64.237,0.0
2018-07-02 05:45:00,0.887,1.189,0.911,1.031,0.0,1.076,0.0,0.767,0.0,0.881,0.0,0.0,0.0,0.0,6.743,0.0,0.05,29.805,63.862,0.0
2018-07-02 06:00:00,1.108,1.203,0.928,1.051,0.0,1.283,0.0,0.958,0.0,1.104,0.0,0.0,0.0,0.0,7.635,0.039,0.086,29.793,63.691,3.636
2018-07-02 06:15:00,1.107,1.193,0.913,1.044,0.0,1.276,0.0,0.953,0.0,1.103,0.0,0.0,0.0,0.0,7.589,0.424,0.105,29.833,63.602,42.8
2018-07-02 06:30:00,1.085,1.174,0.891,1.027,0.0,1.251,0.0,0.928,0.0,1.083,0.0,0.0,0.0,0.0,7.438,0.507,0.173,29.875,63.571,3.0
2018-07-02 06:45:00,1.083,1.175,0.892,1.031,0.0,1.245,0.0,0.924,0.0,1.081,0.0,0.0,0.0,0.0,7.431,1.167,0.162,29.89,63.631,3.0
2018-07-02 07:00:00,1.037,1.167,0.883,1.019,0.0,1.197,0.0,0.871,0.0,1.034,0.0,0.0,0.0,0.0,7.207,1.18,0.251,29.895,63.893,3.0
2018-07-02 07:15:00,1.08,1.179,0.897,1.035,0.0,1.238,0.0,0.911,0.0,1.076,0.0,0.0,0.0,0.0,7.417,1.181,0.211,29.928,64.202,3.0
2018-07-02 07:30:00,9.667,1.183,0.895,1.039,0.0,1.137,0.0,0.818,0.0,0.972,0.0,0.0,0.0,0.0,15.71,1.189,0.211,29.789,63.889,3.0
2018-07-02 07:45:00,27.914,1.191,0.915,1.055,0.0,0.417,0.0,0.172,0.0,0.203,0.0,0.0,0.0,0.0,31.867,1.385,0.493,27.448,62.427,16.933
2018-07-02 08:00:00,28.026,1.193,0.918,1.063,0.0,0.228,0.0,0.0,0.0,0.0,0.0,0.0,0.0,0.0,31.427,1.731,0.621,25.833,63.693,101.6
2018-07-02 08:15:00,28.258,0.985,0.722,0.835,0.0,0.23,0.0,0.0,0.0,0.0,0.0,0.0,0.0,0.0,31.03,1.669,0.537,25.327,64.627,105.0
2018-07-02 08:30:00,28.578,0.672,0.418,0.489,0.0,0.236,0.0,0.0,0.0,0.0,0.0,0.0,0.0,0.0,30.393,2.033,0.714,25.024,66.024,106.0
2018-07-02 08:45:00,28.925,0.64,0.385,0.453,0.0,0.235,0.0,0.0,0.0,0.0,0.0,0.0,0.0,0.0,30.638,1.849,0.606,24.898,67.061,105.667
2018-07-02 09:00:00,19.335,1.196,0.907,1.061,0.0,0.237,0.0,0.0,0.0,0.0,0.0,0.0,0.0,0.0,22.737,1.871,0.591,24.965,69.407,106.267
2018-07-02 09:15:00,16.499,1.203,0.916,1.073,0.0,0.237,0.0,0.0,0.0,0.0,0.0,0.0,0.0,0.0,19.929,2.082,0.559,25.42,71.911,106.533
2018-07-02 09:30:00,26.712,1.212,0.929,1.083,0.0,0.237,0.0,0.0,0.0,0.0,0.0,0.0,0.0,0.0,30.173,2.068,0.577,25.387,68.681,106.067
2018-07-02 09:45:00,28.985,0.373,0.136,0.157,0.0,0.235,0.0,0.0,0.0,0.0,0.0,0.0,0.0,0.0,29.887,2.061,0.533,24.655,66.48,107.2
2018-07-02 10:00:00,28.951,0.531,0.282,0.331,0.0,0.237,0.0,0.0,0.0,0.0,0.0,0.0,0.0,0.0,30.331,2.06,0.644,24.358,66.982,107.667
2018-07-02 10:15:00,29.282,0.558,0.307,0.359,0.0,0.237,0.0,0.0,0.0,0.0,0.0,0.0,0.0,0.0,30.743,2.129,0.676,24.305,68.161,108.6
2018-07-02 10:30:00,28.413,0.502,0.253,0.299,0.0,0.237,0.0,0.0,0.0,0.0,0.0,0.0,0.0,0.0,29.704,2.231,0.597,24.259,67.312,114.727
2018-07-02 10:45:00,28.023,0.473,0.225,0.266,0.0,0.235,0.0,0.0,0.0,0.0,0.0,0.0,0.0,0.0,29.221,2.229,0.529,24.202,68.342,115.0
2018-07-02 11:00:00,29.12,0.493,0.241,0.287,0.327,0.237,0.159,0.0,0.185,0.0,0.0,0.0,0.0,0.0,31.05,2.232,0.495,24.165,68.251,114.4
2018-07-02 11:15:00,21.158,0.476,0.223,0.263,1.115,0.414,0.697,0.159,0.798,0.191,0.0,0.0,0.0,0.0,25.495,2.209,0.557,24.444,69.009,114.2
2018-07-02 11:30:00,17.546,0.453,0.201,0.24,1.373,0.957,0.948,0.643,1.08,0.777,0.0,0.0,0.0,0.0,24.218,1.893,0.679,24.84,73.071,114.133
2018-07-02 11:45:00,26.172,0.24,0.0,0.0,1.367,0.954,0.944,0.646,1.076,0.775,0.0,0.0,0.0,0.0,32.174,1.917,0.673,25.235,71.411,114.467
2018-07-02 12:00:00,29.226,0.24,0.0,0.0,1.355,0.477,0.929,0.216,1.06,0.263,0.0,0.0,0.0,0.0,33.766,1.936,0.629,24.36,66.912,115.0
2018-07-02 12:15:00,29.643,0.24,0.0,0.0,1.361,0.632,0.923,0.352,1.061,0.425,0.0,0.0,0.0,0.0,34.637,1.775,0.558,24.186,67.049,110.133
2018-07-02 12:30:00,29.531,0.24,0.0,0.0,1.383,0.503,0.944,0.235,1.08,0.285,0.0,0.0,0.0,0.0,34.202,1.754,0.548,23.843,67.653,108.0
2018-07-02 12:45:00,17.579,0.24,0.0,0.0,1.399,0.864,0.961,0.556,1.093,0.673,0.0,0.0,0.0,0.0,23.365,1.751,0.54,23.984,69.479,107.909
2018-07-02 13:00:00,17.793,0.236,0.0,0.0,1.395,1.039,0.975,0.729,1.1,0.867,0.0,0.0,0.0,0.0,24.134,1.695,0.634,24.717,72.149,106.067
2018-07-02 13:15:00,26.697,0.238,0.0,0.0,1.371,0.812,0.957,0.529,1.081,0.632,0.0,0.0,0.0,0.0,32.318,1.691,0.541,24.751,69.403,105.308
2018-07-02 13:30:00,24.029,0.24,0.0,0.0,1.392,1.051,0.971,0.743,1.097,0.883,0.0,0.0,0.0,0.0,30.406,1.699,0.525,24.38,69.037,105.6
2018-07-02 13:45:00,27.664,0.24,0.0,0.0,1.401,0.857,0.977,0.571,1.101,0.671,0.0,0.0,0.0,0.0,33.482,1.937,0.743,24.623,71.356,106.0
2018-07-02 14:00:00,18.025,0.24,0.0,0.0,1.425,0.853,0.999,0.563,1.124,0.667,0.0,0.0,0.0,0.0,23.894,2.054,0.713,24.198,68.8,106.0
2018-07-02 14:15:00,15.891,0.24,0.0,0.0,1.411,1.295,0.989,0.971,1.109,1.138,0.0,0.0,0.0,0.0,23.045,2.051,0.773,25.374,73.449,106.0
2018-07-02 14:30:00,13.571,0.24,0.0,0.0,1.399,1.279,0.988,0.967,1.101,1.129,0.0,0.0,0.0,0.0,20.675,2.051,0.647,25.456,70.474,106.0
2018-07-02 14:45:00,29.878,0.24,0.0,0.0,1.406,1.059,0.988,0.759,1.105,0.891,0.0,0.0,0.0,0.0,36.327,2.054,0.692,25.416,67.98,106.0
2018-07-02 15:00:00,31.266,0.24,0.0,0.0,1.407,1.265,0.986,0.942,1.104,1.118,0.0,0.0,0.0,0.0,38.329,2.063,0.561,24.542,68.006,106.8
2018-07-02 15:15:00,30.229,0.24,0.0,0.0,1.39,0.681,0.97,0.409,1.091,0.487,0.0,0.0,0.0,0.0,35.496,2.065,0.547,24.347,68.471,107.067
2018-07-02 15:30:00,24.385,0.24,0.0,0.0,1.287,0.666,0.86,0.385,0.987,0.474,0.0,0.0,0.0,0.0,29.283,2.079,0.519,24.241,68.185,107.4
2018-07-02 15:45:00,22.569,0.24,0.0,0.0,0.953,0.425,0.546,0.169,0.637,0.209,0.0,0.0,0.0,0.0,25.749,2.101,0.517,23.803,68.135,107.667
2018-07-02 16:00:00,25.397,0.614,0.343,0.417,0.907,0.237,0.497,0.0,0.583,0.0,0.0,0.0,0.0,0.0,28.995,2.103,0.668,23.452,68.323,107.867
2018-07-02 16:15:00,25.6,0.727,0.449,0.543,0.879,0.237,0.477,0.0,0.553,0.0,0.0,0.0,0.0,0.0,29.465,2.078,0.564,23.351,69.289,106.067
2018-07-02 16:30:00,25.449,0.723,0.445,0.533,0.879,0.339,0.468,0.087,0.547,0.11,0.0,0.0,0.0,0.0,29.581,2.095,0.58,23.415,70.102,108.133
2018-07-02 16:45:00,18.231,0.462,0.203,0.243,1.095,0.456,0.667,0.189,0.772,0.233,0.0,0.0,0.0,0.0,22.55,1.785,0.779,23.366,69.637,108.2
2018-07-02 17:00:00,0.469,1.196,0.879,1.039,1.339,0.673,0.895,0.379,1.023,0.467,0.0,0.0,0.0,0.0,8.359,1.687,0.502,24.59,67.71,82.333
2018-07-02 17:15:00,0.001,1.183,0.876,1.032,1.361,0.043,0.919,0.0,1.045,0.0,0.0,0.0,0.0,0.0,6.46,1.592,0.693,25.911,68.597,52.333
2018-07-02 17:30:00,0.003,1.175,0.879,1.028,1.355,0.01,0.923,0.0,1.043,0.0,0.0,0.0,0.0,0.0,6.416,1.373,0.765,26.563,68.451,5.067
2018-07-02 17:45:00,0.001,0.337,0.096,0.113,1.309,0.01,0.881,0.0,1.006,0.0,0.0,0.0,0.0,0.0,3.754,1.365,0.299,26.828,68.458,3.0
2018-07-02 18:00:00,0.003,0.24,0.0,0.0,1.289,0.01,0.871,0.0,0.991,0.0,0.0,0.0,0.0,0.0,3.405,1.359,0.647,27.28,68.303,3.0
2018-07-02 18:15:00,0.003,0.24,0.0,0.0,1.292,0.01,0.869,0.0,0.99,0.0,0.0,0.0,0.0,0.0,3.403,0.681,0.179,27.203,67.818,3.0
2018-07-02 18:30:00,0.003,0.24,0.0,0.0,1.291,0.01,0.868,0.0,0.984,0.0,0.0,0.0,0.0,0.0,3.396,0.549,0.093,27.356,68.018,3.0
2018-07-02 18:45:00,0.003,0.24,0.0,0.0,1.277,0.01,0.858,0.0,0.968,0.0,0.0,0.0,0.0,0.0,3.357,0.547,0.09,27.491,66.528,3.0
2018-07-02 19:00:00,0.002,0.24,0.0,0.0,1.294,0.01,0.875,0.0,0.985,0.0,0.0,0.0,0.0,0.0,3.405,0.55,0.126,27.599,66.464,3.0
2018-07-02 19:15:00,0.001,0.24,0.0,0.0,1.294,0.01,0.878,0.0,0.987,0.0,0.0,0.0,0.0,0.0,3.41,0.55,0.096,27.695,66.547,3.0
2018-07-02 19:30:00,0.0,0.24,0.0,0.0,1.274,0.01,0.863,0.0,0.967,0.0,0.0,0.0,0.0,0.0,3.354,0.539,0.09,27.795,65.997,3.0
2018-07-02 19:45:00,0.001,0.24,0.0,0.0,1.298,0.01,0.881,0.0,0.985,0.0,0.0,0.0,0.0,0.0,3.414,0.277,0.123,27.874,65.555,2.533
2018-07-02 20:00:00,0.0,0.24,0.0,0.0,1.299,0.01,0.878,0.0,0.983,0.0,0.0,0.0,0.0,0.0,3.409,0.0,0.105,27.953,64.165,0.067
2018-07-02 20:15:00,0.001,0.24,0.0,0.0,1.302,0.01,0.885,0.0,0.984,0.0,0.0,0.0,0.0,0.0,3.422,0.0,0.09,28.259,63.592,0.0
2018-07-02 20:30:00,0.0,0.24,0.0,0.0,1.286,0.01,0.873,0.0,0.971,0.0,0.0,0.0,0.0,0.0,3.38,0.0,0.117,28.613,63.305,0.0
2018-07-02 20:45:00,0.0,0.24,0.0,0.0,1.29,0.01,0.871,0.0,0.969,0.0,0.0,0.0,0.0,0.0,3.38,0.0,0.111,28.129,63.319,0.0
2018-07-02 21:00:00,0.001,0.245,0.0,0.0,1.295,0.01,0.876,0.0,0.975,0.0,0.0,0.0,0.0,0.0,3.402,0.0,0.09,28.193,62.975,0.0
2018-07-02 21:15:00,0.001,0.24,0.0,0.0,1.299,0.01,0.888,0.0,0.982,0.0,0.0,0.0,0.0,0.0,3.419,0.0,0.108,28.251,62.705,0.0
2018-07-02 21:30:00,0.001,0.24,0.0,0.0,1.297,0.01,0.88,0.0,0.976,0.0,0.0,0.0,0.0,0.0,3.404,0.0,0.123,28.271,62.617,0.0
2018-07-02 21:45:00,0.001,0.24,0.0,0.0,1.305,0.01,0.889,0.0,0.983,0.0,0.0,0.0,0.0,0.0,3.427,0.0,0.09,28.311,62.551,0.0
2018-07-02 22:00:00,0.0,0.241,0.0,0.0,1.285,0.01,0.867,0.0,0.963,0.0,0.0,0.0,0.0,0.0,3.365,0.0,0.097,28.344,62.416,0.0
2018-07-02 22:15:00,0.0,0.244,0.0,0.0,1.295,0.01,0.873,0.0,0.97,0.0,0.0,0.0,0.0,0.0,3.391,0.0,0.13,28.371,62.35,0.0
2018-07-02 22:30:00,0.001,0.249,0.0,0.0,1.313,0.01,0.89,0.0,0.987,0.0,0.0,0.0,0.0,0.0,3.449,0.0,0.094,28.399,62.265,0.0
2018-07-02 22:45:00,0.001,0.25,0.0,0.0,1.309,0.01,0.885,0.0,0.983,0.0,0.0,0.0,0.0,0.0,3.437,0.0,0.09,28.441,62.284,0.0
2018-07-02 23:00:00,0.425,0.225,0.0,0.0,1.301,0.553,0.882,0.353,0.984,0.423,0.0,0.0,0.0,0.0,5.146,0.0,0.125,28.468,62.4,0.0
2018-07-02 23:15:00,1.035,0.0,0.0,0.0,1.305,1.205,0.888,0.868,0.988,1.029,0.0,0.0,0.0,0.0,7.317,0.0,0.112,28.491,61.937,0.0
2018-07-02 23:30:00,1.032,0.0,0.0,0.0,1.292,1.198,0.88,0.872,0.977,1.029,0.0,0.0,0.0,0.0,7.28,0.0,0.091,28.509,61.799,0.0
2018-07-02 23:45:00,1.043,0.0,0.0,0.0,1.296,1.209,0.878,0.881,0.977,1.039,0.0,0.0,0.0,0.0,7.323,0.0,0.107,28.525,61.634,0.0
2018-07-03 00:00:00,1.041,0.0,0.0,0.0,1.295,1.207,0.873,0.881,0.971,1.04,0.0,0.0,0.0,0.0,7.308,0.0,0.127,28.547,61.463,0.0
2018-07-03 00:15:00,1.021,0.0,0.0,0.0,1.296,1.183,0.873,0.858,0.972,1.017,0.0,0.0,0.0,0.0,7.22,0.0,0.091,28.572,61.25,0.0
2018-07-03 00:30:00,1.066,0.0,0.0,0.0,1.286,1.231,0.873,0.907,0.967,1.063,0.0,0.0,0.0,0.0,7.393,0.0,0.091,28.601,61.219,0.0
2018-07-03 00:45:00,1.073,0.0,0.0,0.0,1.301,1.243,0.877,0.911,0.976,1.07,0.0,0.0,0.0,0.0,7.451,0.0,0.129,28.622,60.897,0.0
2018-07-03 01:00:00,1.069,0.0,0.0,0.0,1.299,1.235,0.879,0.907,0.977,1.065,0.0,0.0,0.0,0.0,7.431,0.0,0.105,28.712,60.505,0.0
2018-07-03 01:15:00,1.069,0.0,0.0,0.0,1.311,1.239,0.885,0.908,0.984,1.066,0.0,0.0,0.0,0.0,7.461,0.0,0.091,28.765,60.343,0.0
2018-07-03 01:30:00,1.074,0.0,0.0,0.0,1.324,1.247,0.897,0.915,0.995,1.071,0.0,0.0,0.0,0.0,7.523,0.0,0.112,28.78,60.052,0.0
2018-07-03 01:45:00,1.088,0.0,0.0,0.0,1.319,1.259,0.893,0.93,0.991,1.083,0.0,0.0,0.0,0.0,7.563,0.0,0.121,28.763,59.945,0.0
2018-07-03 02:00:00,1.073,0.0,0.0,0.0,1.298,1.242,0.879,0.917,0.975,1.07,0.0,0.0,0.0,0.0,7.454,0.0,0.09,28.717,60.018,0.0
2018-07-03 02:15:00,1.087,0.0,0.0,0.0,1.306,1.258,0.883,0.93,0.979,1.081,0.0,0.0,0.0,0.0,7.524,0.0,0.1,28.712,60.071,0.0
2018-07-03 02:30:00,1.077,0.0,0.0,0.0,1.305,1.249,0.881,0.919,0.977,1.073,0.0,0.0,0.0,0.0,7.481,0.0,0.128,28.711,59.879,0.0
2018-07-03 02:45:00,1.075,0.0,0.0,0.0,1.31,1.25,0.884,0.919,0.982,1.071,0.0,0.0,0.0,0.0,7.492,0.0,0.091,28.728,59.761,0.0
2018-07-03 03:00:00,1.069,0.0,0.0,0.0,1.305,1.243,0.877,0.911,0.975,1.065,0.0,0.0,0.0,0.0,7.445,0.0,0.09,28.74,59.666,0.0
2018-07-03 03:15:00,1.057,0.0,0.0,0.0,1.289,1.227,0.87,0.902,0.968,1.052,0.0,0.0,0.0,0.0,7.365,0.0,0.13,28.736,59.649,0.0
2018-07-03 03:30:00,1.068,0.0,0.0,0.0,1.303,1.242,0.877,0.91,0.975,1.064,0.0,0.0,0.0,0.0,7.439,0.0,0.107,28.757,59.598,0.0
2018-07-03 03:45:00,1.047,0.0,0.0,0.0,1.287,1.221,0.86,0.892,0.96,1.043,0.0,0.0,0.0,0.0,7.31,0.0,0.091,28.763,59.502,0.0
2018-07-03 04:00:00,1.041,0.0,0.0,0.0,1.298,1.213,0.871,0.887,0.972,1.036,0.0,0.0,0.0,0.0,7.317,0.0,0.112,28.775,59.428,0.0
2018-07-03 04:15:00,1.007,0.0,0.0,0.0,1.266,1.179,0.841,0.855,0.943,1.004,0.0,0.0,0.0,0.0,7.095,0.0,0.123,28.783,59.383,0.0
2018-07-03 04:30:00,1.015,0.0,0.0,0.0,1.254,1.185,0.831,0.863,0.931,1.01,0.0,0.0,0.0,0.0,7.09,0.0,0.091,28.807,59.405,0.0
2018-07-03 04:45:00,1.035,0.0,0.0,0.0,1.279,1.207,0.854,0.881,0.954,1.032,0.0,0.0,0.0,0.0,7.243,0.0,0.097,28.839,59.408,0.0
2018-07-03 05:00:00,0.407,0.627,0.401,0.464,1.316,0.618,0.893,0.347,0.989,0.405,0.0,0.0,0.0,0.0,6.467,0.0,0.129,28.832,59.357,0.0
2018-07-03 05:15:00,0.001,0.787,0.507,0.586,0.483,0.237,0.329,0.0,0.363,0.0,0.0,0.0,0.0,0.0,3.295,0.0,0.101,28.828,59.248,0.0
2018-07-03 05:30:00,0.576,0.519,0.26,0.299,0.0,0.777,0.0,0.484,0.0,0.574,0.0,0.0,0.0,0.0,3.489,0.0,0.09,28.846,59.208,0.0
2018-07-03 05:45:00,1.015,0.24,0.0,0.0,0.0,1.185,0.0,0.856,0.0,1.01,0.0,0.0,0.0,0.0,4.306,0.0,0.117,28.873,59.271,0.0
2018-07-03 06:00:00,1.042,0.24,0.0,0.0,0.0,1.201,0.0,0.88,0.0,1.039,0.0,0.0,0.0,0.0,4.401,0.153,0.119,28.9,59.351,18.267
2018-07-03 06:15:00,1.041,0.24,0.0,0.0,0.0,1.196,0.0,0.871,0.0,1.037,0.0,0.0,0.0,0.0,4.385,0.199,0.121,28.916,59.411,26.273
2018-07-03 06:30:00,1.031,0.24,0.0,0.0,0.0,1.189,0.0,0.859,0.0,1.027,0.0,0.0,0.0,0.0,4.346,0.559,0.2,28.933,59.556,3.0
2018-07-03 06:45:00,1.009,0.24,0.0,0.0,0.0,1.166,0.0,0.833,0.0,1.007,0.0,0.0,0.0,0.0,4.255,1.173,0.233,28.95,59.568,3.0
2018-07-03 07:00:00,1.038,0.24,0.0,0.0,0.0,1.189,0.0,0.857,0.0,1.035,0.0,0.0,0.0,0.0,4.359,1.17,0.209,29.153,60.0,3.0
2018-07-03 07:15:00,1.024,0.24,0.0,0.0,0.0,1.171,0.0,0.844,0.0,1.02,0.0,0.0,0.0,0.0,4.299,1.164,0.21,29.167,59.985,3.0
2018-07-03 07:30:00,9.355,0.24,0.0,0.0,0.0,1.209,0.0,0.876,0.0,1.051,0.0,0.0,0.0,0.0,12.73,1.314,0.257,28.891,60.521,3.667
2018-07-03 07:45:00,27.855,0.238,0.0,0.0,0.0,0.825,0.0,0.545,0.0,0.645,0.0,0.0,0.0,0.0,30.108,1.685,0.351,26.732,62.642,83.067
2018-07-03 08:00:00,27.919,0.24,0.0,0.0,0.0,0.227,0.0,0.0,0.0,0.0,0.0,0.0,0.0,0.0,28.386,1.699,0.358,25.257,64.754,106.867
2018-07-03 08:15:00,28.008,0.24,0.0,0.0,0.0,0.226,0.0,0.0,0.0,0.0,0.0,0.0,0.0,0.0,28.474,1.694,0.597,24.838,66.357,104.667
2018-07-03 08:30:00,27.537,0.24,0.0,0.0,0.0,0.233,0.0,0.0,0.0,0.0,0.0,0.0,0.0,0.0,28.009,1.719,0.69,24.587,66.133,106.133
2018-07-03 08:45:00,28.201,0.24,0.0,0.0,0.0,0.229,0.0,0.0,0.0,0.0,0.0,0.0,0.0,0.0,28.67,2.036,0.586,24.525,67.017,107.067
2018-07-03 09:00:00,28.1,0.238,0.0,0.0,0.0,0.231,0.0,0.0,0.0,0.0,0.0,0.0,0.0,0.0,28.569,1.693,0.445,24.357,67.535,114.308
2018-07-03 09:15:00,28.391,0.24,0.0,0.0,0.0,0.237,0.0,0.0,0.0,0.0,0.0,0.0,0.0,0.0,28.868,1.71,0.562,24.223,67.331,113.533
2018-07-03 09:30:00,19.434,0.24,0.0,0.0,0.0,0.235,0.0,0.0,0.0,0.0,0.0,0.0,0.0,0.0,19.909,1.707,0.461,24.29,69.083,110.692
2018-07-03 09:45:00,16.453,0.24,0.0,0.0,0.0,0.237,0.0,0.0,0.0,0.0,0.0,0.0,0.0,0.0,16.931,1.709,0.742,24.975,72.257,115.133
2018-07-03 10:00:00,24.456,0.24,0.0,0.0,0.0,0.237,0.0,0.0,0.0,0.0,0.0,0.0,0.0,0.0,24.933,1.747,0.721,25.266,70.598,109.6
2018-07-03 10:15:00,28.58,0.24,0.0,0.0,0.0,0.236,0.0,0.0,0.0,0.0,0.0,0.0,0.0,0.0,29.056,2.043,0.643,24.651,67.329,105.667
2018-07-03 10:30:00,28.56,0.24,0.0,0.0,0.0,0.235,0.0,0.0,0.0,0.0,0.0,0.0,0.0,0.0,29.035,2.039,0.604,24.251,66.799,109.333
2018-07-03 10:45:00,27.894,0.24,0.0,0.0,0.0,0.234,0.0,0.0,0.0,0.0,0.0,0.0,0.0,0.0,28.368,2.049,0.733,24.325,67.32,111.8
2018-07-03 11:00:00,28.281,0.24,0.0,0.0,0.329,0.237,0.156,0.0,0.183,0.0,0.0,0.0,0.0,0.0,29.427,2.088,0.933,23.935,67.733,112.8
2018-07-03 11:15:00,27.842,0.284,0.041,0.05,1.143,0.346,0.713,0.097,0.817,0.117,0.0,0.0,0.0,0.0,31.449,2.085,0.903,24.05,67.873,112.6
2018-07-03 11:30:00,28.629,0.24,0.0,0.0,1.357,0.664,0.915,0.375,1.045,0.455,0.0,0.0,0.0,0.0,33.681,2.105,0.803,23.715,67.674,112.133
2018-07-03 11:45:00,27.907,0.283,0.037,0.046,1.331,0.461,0.895,0.201,1.02,0.241,0.0,0.0,0.0,0.0,32.421,2.134,0.588,23.648,68.559,116.133
2018-07-03 12:00:00,27.896,0.242,0.0,0.0,1.343,0.409,0.915,0.151,1.037,0.183,0.0,0.0,0.0,0.0,32.177,2.111,0.731,23.521,68.325,111.467
2018-07-03 12:15:00,28.523,0.24,0.0,0.0,1.357,0.662,0.926,0.375,1.051,0.45,0.0,0.0,0.0,0.0,33.585,1.871,0.647,23.474,68.576,108.4
2018-07-03 12:30:00,28.219,0.282,0.039,0.048,1.336,0.425,0.908,0.166,1.03,0.199,0.0,0.0,0.0,0.0,32.652,1.741,0.597,23.472,68.819,111.615
2018-07-03 12:45:00,28.698,0.24,0.0,0.0,1.162,0.502,0.747,0.233,0.845,0.283,0.0,0.0,0.0,0.0,32.711,1.771,0.569,23.425,68.451,114.067
2018-07-03 13:00:00,25.869,0.237,0.0,0.0,1.358,0.313,0.945,0.072,1.059,0.087,0.0,0.0,0.0,0.0,29.939,1.69,0.609,23.372,69.082,109.636
2018-07-03 13:15:00,17.134,0.24,0.0,0.0,1.371,0.599,0.951,0.321,1.065,0.386,0.0,0.0,0.0,0.0,22.068,1.723,0.739,23.726,72.385,105.067
2018-07-03 13:30:00,19.051,0.24,0.0,0.0,1.373,0.715,0.955,0.425,1.066,0.508,0.0,0.0,0.0,0.0,24.332,1.947,0.643,24.359,72.935,101.667
2018-07-03 13:45:00,29.092,0.24,0.0,0.0,1.374,0.477,0.953,0.212,1.068,0.256,0.0,0.0,0.0,0.0,33.673,2.074,0.841,24.243,69.888,98.333
2018-07-03 14:00:00,28.881,0.24,0.0,0.0,1.365,0.521,0.944,0.252,1.061,0.301,0.0,0.0,0.0,0.0,33.566,2.077,0.739,23.728,68.387,99.733
2018-07-03 14:15:00,29.347,0.24,0.0,0.0,1.372,0.575,0.949,0.299,1.065,0.36,0.0,0.0,0.0,0.0,34.207,2.075,0.62,23.675,68.096,102.2
2018-07-03 14:30:00,29.492,0.24,0.0,0.0,1.374,0.443,0.951,0.183,1.065,0.217,0.0,0.0,0.0,0.0,33.965,2.081,0.699,23.639,68.358,104.867
2018-07-03 14:45:00,29.131,0.24,0.0,0.0,1.076,0.737,0.67,0.44,0.751,0.53,0.0,0.0,0.0,0.0,33.575,2.086,0.624,23.557,68.835,105.267
2018-07-03 15:00:00,29.453,0.24,0.0,0.0,1.372,0.622,0.944,0.339,1.061,0.411,0.0,0.0,0.0,0.0,34.443,2.09,0.625,23.513,69.407,108.4
2018-07-03 15:15:00,29.167,0.24,0.0,0.0,1.386,0.473,0.956,0.207,1.072,0.251,0.0,0.0,0.0,0.0,33.753,2.088,0.569,23.516,69.232,109.083
2018-07-03 15:30:00,18.333,0.24,0.0,0.0,1.385,0.671,0.953,0.387,1.069,0.462,0.0,0.0,0.0,0.0,23.499,2.094,0.595,23.721,71.912,106.5
2018-07-03 15:45:00,16.788,0.24,0.0,0.0,1.395,0.709,0.959,0.419,1.079,0.495,0.0,0.0,0.0,0.0,22.085,2.097,0.571,24.365,74.727,108.067
2018-07-03 16:00:00,24.986,0.24,0.0,0.0,1.385,1.269,0.958,0.925,1.075,1.098,0.0,0.0,0.0,0.0,31.935,2.101,0.589,24.71,73.89,108.0
2018-07-03 16:15:00,28.6,0.24,0.0,0.0,1.38,0.477,0.953,0.215,1.069,0.256,0.0,0.0,0.0,0.0,33.189,2.107,0.605,24.39,70.227,108.0
2018-07-03 16:30:00,28.149,0.241,0.0,0.0,1.386,0.235,0.959,0.0,1.079,0.0,0.0,0.0,0.0,0.0,32.049,2.097,0.564,23.767,69.763,105.571
2018-07-03 16:45:00,20.301,0.24,0.0,0.0,1.378,0.518,0.949,0.247,1.07,0.301,0.0,0.0,0.0,0.0,25.003,2.1,0.471,23.742,69.512,106.933
2018-07-03 17:00:00,1.074,0.241,0.0,0.0,1.376,1.245,0.944,0.891,1.064,1.07,0.0,0.0,0.0,0.0,7.904,2.065,0.375,24.859,68.129,103.8
2018-07-03 17:15:00,0.158,0.24,0.0,0.0,1.343,0.189,0.915,0.131,1.035,0.155,0.0,0.0,0.0,0.0,4.165,1.929,0.313,25.683,69.361,87.6
2018-07-03 17:30:00,0.001,0.24,0.0,0.0,1.313,0.01,0.885,0.0,1.009,0.0,0.0,0.0,0.0,0.0,3.459,0.777,0.272,26.279,68.625,84.6
2018-07-03 17:45:00,0.005,0.243,0.0,0.0,1.304,0.01,0.873,0.0,0.993,0.0,0.0,0.0,0.0,0.0,3.427,0.974,0.259,26.231,67.915,82.6
2018-07-03 18:00:00,0.005,0.24,0.0,0.0,1.281,0.01,0.858,0.0,0.974,0.0,0.0,0.0,0.0,0.0,3.367,0.65,0.249,26.359,66.926,83.8
2018-07-03 18:15:00,0.005,0.24,0.0,0.0,1.298,0.01,0.877,0.0,0.991,0.0,0.0,0.0,0.0,0.0,3.421,0.648,0.193,26.411,65.345,83.133
2018-07-03 18:30:00,0.009,0.24,0.0,0.0,1.321,0.01,0.9,0.0,1.011,0.0,0.0,0.0,0.0,0.0,3.49,0.811,0.295,26.47,65.565,83.133
2018-07-03 18:45:00,0.007,0.24,0.0,0.0,1.339,0.01,0.919,0.0,1.025,0.0,0.0,0.0,0.0,0.0,3.539,0.81,0.178,26.559,65.679,85.933
2018-07-03 19:00:00,0.003,0.24,0.0,0.0,1.326,0.01,0.909,0.0,1.015,0.0,0.0,0.0,0.0,0.0,3.503,0.797,0.169,26.588,65.321,88.0
2018-07-03 19:15:00,0.002,0.24,0.0,0.0,1.321,0.01,0.902,0.0,1.003,0.0,0.0,0.0,0.0,0.0,3.478,0.64,0.165,26.535,64.128,84.385
2018-07-03 19:30:00,0.005,0.24,0.0,0.0,1.332,0.01,0.91,0.0,1.011,0.0,0.0,0.0,0.0,0.0,3.507,0.641,0.147,26.511,64.443,89.067
2018-07-03 19:45:00,0.004,0.24,0.0,0.0,1.304,0.01,0.883,0.0,0.985,0.0,0.0,0.0,0.0,0.0,3.426,0.505,0.112,26.575,65.215,62.667
2018-07-03 20:00:00,0.001,0.24,0.0,0.0,1.325,0.01,0.903,0.0,1.0,0.0,0.0,0.0,0.0,0.0,3.479,0.171,0.08,26.849,64.931,1.8
2018-07-03 20:15:00,0.001,0.24,0.0,0.0,1.33,0.01,0.907,0.0,1.001,0.0,0.0,0.0,0.0,0.0,3.489,0.0,0.053,27.421,62.669,0.0
2018-07-03 20:30:00,0.0,0.24,0.0,0.0,1.316,0.01,0.894,0.0,0.992,0.0,0.0,0.0,0.0,0.0,3.452,0.0,0.064,27.206,62.295,0.0
2018-07-03 20:45:00,0.0,0.243,0.0,0.0,1.33,0.01,0.907,0.0,1.002,0.0,0.0,0.0,0.0,0.0,3.493,0.0,0.092,27.301,62.455,0.0
2018-07-03 21:00:00,0.0,0.245,0.0,0.0,1.319,0.01,0.901,0.0,0.992,0.0,0.0,0.0,0.0,0.0,3.467,0.0,0.055,27.362,61.927,0.0
2018-07-03 21:15:00,0.001,0.25,0.0,0.0,1.323,0.01,0.897,0.0,0.992,0.0,0.0,0.0,0.0,0.0,3.473,0.0,0.055,27.45,61.908,0.0
2018-07-03 21:30:00,0.001,0.24,0.0,0.0,1.325,0.01,0.909,0.0,1.001,0.0,0.0,0.0,0.0,0.0,3.485,0.0,0.09,27.516,62.287,0.0
2018-07-03 21:45:00,0.001,0.24,0.0,0.0,1.324,0.01,0.906,0.0,0.997,0.0,0.0,0.0,0.0,0.0,3.479,0.0,0.069,27.56,62.21,0.0
2018-07-03 22:00:00,0.0,0.24,0.0,0.0,1.327,0.01,0.909,0.0,1.001,0.0,0.0,0.0,0.0,0.0,3.487,0.0,0.057,27.592,62.343,0.0
2018-07-03 22:15:00,0.0,0.24,0.0,0.0,1.313,0.01,0.895,0.0,0.985,0.0,0.0,0.0,0.0,0.0,3.443,0.0,0.075,27.649,62.525,0.0
2018-07-03 22:30:00,0.001,0.24,0.0,0.0,1.321,0.01,0.903,0.0,0.997,0.0,0.0,0.0,0.0,0.0,3.473,0.0,0.082,27.681,62.583,0.0
2018-07-03 22:45:00,0.0,0.241,0.0,0.0,1.308,0.01,0.894,0.0,0.986,0.0,0.0,0.0,0.0,0.0,3.439,0.0,0.055,27.739,62.669,0.0
2018-07-03 23:00:00,0.39,0.238,0.0,0.0,1.314,0.512,0.9,0.322,0.996,0.387,0.0,0.0,0.0,0.0,5.059,0.0,0.061,27.761,62.799,0.0
2018-07-03 23:15:00,1.001,0.0,0.0,0.0,1.308,1.171,0.895,0.839,0.991,0.998,0.0,0.0,0.0,0.0,7.203,0.0,0.089,27.795,62.889,0.0
2018-07-03 23:30:00,1.003,0.0,0.0,0.0,1.297,1.169,0.885,0.843,0.979,0.999,0.0,0.0,0.0,0.0,7.175,0.0,0.053,27.839,62.766,0.0
2018-07-03 23:45:00,1.023,0.0,0.0,0.0,1.305,1.189,0.893,0.865,0.987,1.019,0.0,0.0,0.0,0.0,7.281,0.0,0.057,27.869,62.794,0.0
2018-07-04 00:00:00,1.017,0.0,0.0,0.0,1.293,1.181,0.877,0.857,0.971,1.013,0.0,0.0,0.0,0.0,7.209,0.0,0.091,27.905,62.735,0.0
2018-07-04 00:15:00,0.989,0.0,0.0,0.0,1.279,1.149,0.862,0.827,0.959,0.986,0.0,0.0,0.0,0.0,7.051,0.0,0.064,27.933,62.727,0.0
2018-07-04 00:30:00,0.998,0.0,0.0,0.0,1.283,1.156,0.863,0.831,0.963,0.994,0.0,0.0,0.0,0.0,7.089,0.0,0.053,27.978,62.665,0.0
2018-07-04 00:45:00,1.008,0.0,0.0,0.0,1.276,1.17,0.853,0.842,0.955,1.005,0.0,0.0,0.0,0.0,7.109,0.0,0.083,27.999,62.691,0.0
2018-07-04 01:00:00,1.009,0.0,0.0,0.0,1.3,1.171,0.877,0.84,0.976,1.005,0.0,0.0,0.0,0.0,7.177,0.0,0.076,28.193,62.629,0.0
2018-07-04 01:15:00,0.993,0.0,0.0,0.0,1.287,1.155,0.863,0.826,0.964,0.989,0.0,0.0,0.0,0.0,7.077,0.0,0.055,28.313,62.645,0.0
2018-07-04 01:30:00,0.998,0.0,0.0,0.0,1.265,1.159,0.845,0.831,0.946,0.995,0.0,0.0,0.0,0.0,7.04,0.0,0.07,28.52,62.577,0.0
2018-07-04 01:45:00,1.018,0.0,0.0,0.0,1.287,1.181,0.861,0.851,0.961,1.014,0.0,0.0,0.0,0.0,7.173,0.0,0.09,28.607,62.528,0.0
2018-07-04 02:00:00,1.019,0.0,0.0,0.0,1.284,1.18,0.861,0.852,0.962,1.015,0.0,0.0,0.0,0.0,7.174,0.0,0.055,28.101,62.52,0.0
2018-07-04 02:15:00,1.027,0.0,0.0,0.0,1.295,1.19,0.871,0.863,0.97,1.024,0.0,0.0,0.0,0.0,7.239,0.0,0.053,28.136,62.441,0.0
2018-07-04 02:30:00,1.011,0.0,0.0,0.0,1.289,1.175,0.862,0.845,0.964,1.008,0.0,0.0,0.0,0.0,7.154,0.0,0.091,28.145,62.378,0.0
2018-07-04 02:45:00,1.037,0.0,0.0,0.0,1.276,1.2,0.849,0.87,0.953,1.031,0.0,0.0,0.0,0.0,7.215,0.0,0.068,28.153,62.363,0.0
2018-07-04 03:00:00,1.037,0.0,0.0,0.0,1.287,1.201,0.865,0.871,0.968,1.033,0.0,0.0,0.0,0.0,7.262,0.0,0.054,28.18,62.301,0.0
2018-07-04 03:15:00,1.028,0.0,0.0,0.0,1.277,1.191,0.854,0.863,0.955,1.025,0.0,0.0,0.0,0.0,7.192,0.0,0.075,28.189,62.302,0.0
2018-07-04 03:30:00,1.046,0.0,0.0,0.0,1.278,1.208,0.855,0.879,0.958,1.041,0.0,0.0,0.0,0.0,7.265,0.0,0.079,28.208,62.256,0.0
2018-07-04 03:45:00,1.034,0.0,0.0,0.0,1.262,1.197,0.843,0.871,0.943,1.029,0.0,0.0,0.0,0.0,7.179,0.0,0.055,28.236,62.188,0.0
2018-07-04 04:00:00,1.051,0.0,0.0,0.0,1.3,1.217,0.873,0.884,0.975,1.046,0.0,0.0,0.0,0.0,7.347,0.0,0.065,28.248,62.185,0.0
2018-07-04 04:15:00,1.041,0.0,0.0,0.0,1.271,1.205,0.852,0.877,0.952,1.038,0.0,0.0,0.0,0.0,7.236,0.0,0.091,28.26,62.131,0.0
2018-07-04 04:30:00,1.027,0.0,0.0,0.0,1.282,1.191,0.861,0.859,0.961,1.025,0.0,0.0,0.0,0.0,7.208,0.0,0.057,28.269,62.125,0.0
2018-07-04 04:45:00,1.053,0.0,0.0,0.0,1.269,1.217,0.849,0.889,0.95,1.049,0.0,0.0,0.0,0.0,7.276,0.0,0.058,28.285,62.131,0.0
2018-07-04 05:00:00,0.407,0.231,0.038,0.046,1.286,0.617,0.868,0.344,0.969,0.406,0.0,0.0,0.0,0.0,5.212,0.0,0.086,28.303,62.167,0.0
2018-07-04 05:15:00,0.567,0.24,0.0,0.0,0.485,0.769,0.328,0.477,0.365,0.565,0.0,0.0,0.0,0.0,3.795,0.0,0.078,28.333,62.607,0.0
2018-07-04 05:30:00,1.041,0.237,0.0,0.0,0.0,1.214,0.0,0.876,0.0,1.037,0.0,0.0,0.0,0.0,4.405,0.0,0.055,28.364,62.561,0.0
2018-07-04 05:45:00,1.013,0.243,0.0,0.0,0.0,1.181,0.0,0.849,0.0,1.009,0.0,0.0,0.0,0.0,4.295,0.0,0.069,28.363,62.381,0.0
2018-07-04 06:00:00,1.035,0.237,0.0,0.0,0.0,1.194,0.0,0.867,0.0,1.032,0.0,0.0,0.0,0.0,4.365,0.031,0.09,28.362,62.276,1.8
2018-07-04 06:15:00,1.039,0.243,0.0,0.0,0.0,1.193,0.0,0.863,0.0,1.035,0.0,0.0,0.0,0.0,4.373,0.24,0.059,28.401,62.516,23.8
2018-07-04 06:30:00,1.053,0.237,0.0,0.0,0.0,1.209,0.0,0.882,0.0,1.051,0.0,0.0,0.0,0.0,4.431,0.0,0.143,28.435,62.579,3.0
2018-07-04 06:45:00,0.997,0.24,0.0,0.0,0.0,1.15,0.0,0.823,0.0,0.994,0.0,0.0,0.0,0.0,4.204,0.0,0.11,28.451,62.676,3.0
2018-07-04 07:00:00,1.035,0.243,0.0,0.0,0.0,1.195,0.0,0.857,0.0,1.031,0.0,0.0,0.0,0.0,4.361,0.364,0.135,28.485,62.621,3.6
2018-07-04 07:15:00,1.04,0.24,0.0,0.0,0.0,1.203,0.0,0.863,0.0,1.037,0.0,0.0,0.0,0.0,4.382,0.739,0.191,28.515,62.837,77.533
2018-07-04 07:30:00,9.46,0.237,0.0,0.0,0.0,1.189,0.0,0.85,0.0,1.026,0.0,0.0,0.0,0.0,12.763,0.97,0.218,28.464,63.196,96.2
2018-07-04 07:45:00,28.41,0.239,0.0,0.0,0.0,1.186,0.0,0.863,0.0,1.031,0.0,0.0,0.0,0.0,31.73,1.507,0.383,26.409,63.311,95.0
2018-07-04 08:00:00,28.026,0.235,0.0,0.0,0.0,0.604,0.0,0.343,0.0,0.409,0.0,0.0,0.0,0.0,29.617,1.505,0.579,24.825,63.561,96.0
2018-07-04 08:15:00,27.381,0.24,0.0,0.0,0.0,0.228,0.0,0.0,0.0,0.0,0.0,0.0,0.0,0.0,27.849,1.89,0.693,24.361,64.88,99.733
2018-07-04 08:30:00,27.151,0.24,0.0,0.0,0.0,0.229,0.0,0.0,0.0,0.0,0.0,0.0,0.0,0.0,27.621,1.76,0.665,24.247,65.488,99.733
2018-07-04 08:45:00,27.265,0.24,0.0,0.0,0.0,0.338,0.0,0.093,0.0,0.112,0.0,0.0,0.0,0.0,28.047,1.707,0.485,23.853,66.059,102.933
2018-07-04 09:00:00,28.024,0.24,0.0,0.0,0.0,0.422,0.0,0.163,0.0,0.197,0.0,0.0,0.0,0.0,29.046,1.718,0.521,23.648,66.193,106.267
2018-07-04 09:15:00,27.597,0.24,0.0,0.0,0.0,0.235,0.0,0.0,0.0,0.0,0.0,0.0,0.0,0.0,28.072,2.011,0.729,23.546,66.215,117.091
2018-07-04 09:30:00,24.246,0.283,0.04,0.049,0.0,0.699,0.0,0.409,0.0,0.495,0.0,0.0,0.0,0.0,26.221,2.094,0.611,23.56,67.492,117.933
2018-07-04 09:45:00,1.036,0.24,0.0,0.0,0.0,1.19,0.0,0.848,0.0,1.031,0.0,0.0,0.0,0.0,4.345,2.087,1.084,24.829,67.377,108.467
2018-07-04 10:00:00,7.876,0.24,0.0,0.0,0.0,0.819,0.0,0.527,0.0,0.635,0.0,0.0,0.0,0.0,10.097,2.068,0.867,25.567,67.029,103.0
2018-07-04 10:15:00,25.031,0.24,0.0,0.0,0.0,0.227,0.0,0.0,0.0,0.0,0.0,0.0,0.0,0.0,25.499,2.029,0.6,24.995,72.473,117.733
2018-07-04 10:30:00,27.823,0.24,0.0,0.0,0.0,0.231,0.0,0.0,0.0,0.0,0.0,0.0,0.0,0.0,28.293,1.883,0.697,24.508,68.946,123.867
2018-07-04 10:45:00,28.464,0.24,0.0,0.0,0.0,0.237,0.0,0.0,0.0,0.0,0.0,0.0,0.0,0.0,28.941,1.89,0.941,24.315,69.086,123.333
2018-07-04 11:00:00,28.473,0.24,0.0,0.0,0.319,0.237,0.153,0.0,0.178,0.0,0.0,0.0,0.0,0.0,29.6,1.887,0.784,24.293,68.35,119.2
2018-07-04 11:15:00,28.766,0.24,0.0,0.0,1.344,0.688,0.907,0.405,1.038,0.483,0.0,0.0,0.0,0.0,33.871,2.141,0.673,23.891,67.391,125.8
2018-07-04 11:30:00,29.581,0.24,0.0,0.0,1.34,1.271,0.909,0.934,1.04,1.111,0.0,0.0,0.0,0.0,36.427,2.262,0.715,24.082,67.543,126.533
2018-07-04 11:45:00,28.911,0.24,0.0,0.0,1.272,1.056,0.847,0.747,0.969,0.884,0.0,0.0,0.0,0.0,34.926,2.279,0.638,24.54,67.929,130.067
2018-07-04 12:00:00,28.869,0.24,0.0,0.0,1.181,1.098,0.756,0.777,0.861,0.925,0.0,0.0,0.0,0.0,34.707,2.295,0.666,23.993,68.933,124.8
2018-07-04 12:15:00,28.495,0.24,0.0,0.0,0.969,0.711,0.555,0.432,0.635,0.512,0.0,0.0,0.0,0.0,32.549,2.223,0.627,23.932,68.521,122.667
2018-07-04 12:30:00,28.363,0.24,0.0,0.0,1.13,0.547,0.703,0.282,0.801,0.335,0.0,0.0,0.0,0.0,32.402,1.938,0.688,23.773,68.692,115.333
2018-07-04 12:45:00,28.838,0.24,0.0,0.0,1.231,0.494,0.807,0.228,0.91,0.275,0.0,0.0,0.0,0.0,33.022,1.941,0.711,23.565,68.892,112.933
2018-07-04 13:00:00,24.602,0.24,0.0,0.0,1.277,0.352,0.857,0.109,0.973,0.132,0.0,0.0,0.0,0.0,28.543,1.708,0.543,23.518,69.191,109.467
2018-07-04 13:15:00,17.057,0.405,0.155,0.185,0.864,0.725,0.549,0.435,0.651,0.535,0.0,0.0,0.0,0.0,21.561,1.701,0.559,23.964,73.047,111.333
2018-07-04 13:30:00,20.01,0.295,0.052,0.063,0.0,0.749,0.0,0.457,0.0,0.558,0.0,0.0,0.0,0.0,22.185,1.7,0.713,24.457,73.895,115.8
2018-07-04 13:45:00,28.727,0.24,0.0,0.0,0.0,0.227,0.0,0.0,0.0,0.0,0.0,0.0,0.0,0.0,29.194,1.7,0.639,24.494,71.775,115.467
2018-07-04 14:00:00,28.926,0.24,0.0,0.0,0.0,0.356,0.0,0.109,0.0,0.134,0.0,0.0,0.0,0.0,29.765,1.709,0.639,24.233,71.325,115.467
2018-07-04 14:15:00,29.229,0.24,0.0,0.0,0.0,0.577,0.0,0.305,0.0,0.368,0.0,0.0,0.0,0.0,30.719,1.707,0.777,24.147,71.201,115.467
2018-07-04 14:30:00,29.153,0.24,0.0,0.0,0.0,0.701,0.0,0.416,0.0,0.497,0.0,0.0,0.0,0.0,31.008,2.009,0.589,24.175,70.807,119.6
2018-07-04 14:45:00,28.499,0.24,0.0,0.0,0.0,0.233,0.0,0.0,0.0,0.0,0.0,0.0,0.0,0.0,28.972,2.071,0.589,24.297,70.716,122.8
2018-07-04 15:00:00,28.785,0.24,0.0,0.0,0.0,0.259,0.0,0.02,0.0,0.025,0.0,0.0,0.0,0.0,29.33,2.077,0.643,24.118,70.392,122.2
2018-07-04 15:15:00,28.987,0.068,0.0,0.0,0.664,0.851,0.395,0.547,0.459,0.654,0.0,0.0,0.0,0.0,32.625,1.845,0.655,23.967,70.071,120.333
2018-07-04 15:30:00,29.159,0.003,0.0,0.0,1.113,1.245,0.687,0.909,0.792,1.077,0.0,0.0,0.0,0.0,34.984,1.719,0.619,23.67,68.254,118.733
2018-07-04 15:45:00,27.843,0.063,0.001,0.001,1.287,0.284,0.856,0.09,0.982,0.107,0.0,0.0,0.0,0.0,31.516,1.976,0.663,23.442,67.405,122.077
2018-07-04 16:00:00,27.936,0.24,0.0,0.0,1.209,0.0,0.78,0.0,0.903,0.0,0.0,0.0,0.0,0.0,31.067,2.077,0.603,23.284,68.347,122.933
2018-07-04 16:15:00,29.714,1.113,0.808,0.931,0.361,0.0,0.0,0.0,0.0,0.0,0.0,0.382,0.381,0.639,34.328,2.267,0.711,23.257,68.899,123.6
2018-07-04 16:30:00,31.052,1.223,0.918,1.052,0.366,0.336,0.0,0.155,0.0,0.183,0.0,1.133,0.074,1.423,37.914,2.427,0.728,22.662,68.011,122.6
2018-07-04 16:45:00,22.027,0.716,0.447,0.51,0.882,1.036,0.467,0.717,0.533,0.841,0.0,0.227,0.061,0.827,29.292,2.382,0.628,21.779,70.196,116.4
2018-07-04 17:00:00,0.395,1.215,0.909,1.045,1.378,0.607,0.937,0.329,1.063,0.391,0.0,0.0,0.0,0.0,8.268,2.134,0.547,23.381,71.079,118.733
2018-07-04 17:15:00,0.425,1.029,0.741,0.847,1.375,0.63,0.948,0.353,1.071,0.422,0.0,0.0,0.0,0.0,7.842,2.075,0.499,25.035,70.063,113.4
2018-07-04 17:30:00,0.391,1.23,0.932,1.06,1.396,0.601,0.973,0.325,1.087,0.387,0.0,0.0,0.0,0.0,8.383,1.976,0.357,25.582,70.847,102.4
2018-07-04 17:45:00,0.401,1.029,0.74,0.841,1.378,0.533,0.954,0.334,1.067,0.399,0.0,0.0,0.0,0.0,7.677,1.937,0.258,26.107,70.938,97.0
2018-07-04 18:00:00,0.002,1.197,0.895,1.021,1.37,0.01,0.945,0.0,1.06,0.0,0.0,0.0,0.0,0.0,6.501,1.36,0.165,26.368,70.915,3.0
2018-07-04 18:15:00,0.002,1.199,0.902,1.027,1.362,0.01,0.939,0.0,1.052,0.0,0.0,0.0,0.0,0.0,6.493,1.36,0.149,26.595,69.92,3.0
2018-07-04 18:30:00,0.001,1.192,0.894,1.019,1.355,0.01,0.933,0.0,1.042,0.0,0.0,0.0,0.0,0.0,6.447,1.36,0.203,26.747,69.317,3.0
2018-07-04 18:45:00,0.001,1.189,0.891,1.008,1.343,0.01,0.919,0.0,1.023,0.0,0.0,0.0,0.0,0.0,6.383,1.361,0.151,26.878,69.32,3.0
2018-07-04 19:00:00,0.003,1.185,0.887,0.999,1.353,0.01,0.931,0.0,1.031,0.0,0.0,0.0,0.0,0.0,6.399,1.367,0.306,26.954,68.582,3.0
2018-07-04 19:15:00,0.004,1.189,0.895,1.002,1.345,0.01,0.923,0.0,1.019,0.0,0.0,0.0,0.0,0.0,6.387,1.369,0.495,27.273,68.519,3.0
2018-07-04 19:30:00,0.002,1.181,0.889,0.999,1.332,0.01,0.915,0.0,1.011,0.0,0.0,0.0,0.0,0.0,6.34,1.369,0.145,27.396,68.851,3.0
2018-07-04 19:45:00,0.002,1.137,0.844,0.958,1.271,0.01,0.85,0.0,0.949,0.0,0.0,0.0,0.0,0.0,6.021,1.259,0.371,27.217,68.635,3.0
2018-07-04 20:00:00,0.0,1.109,0.813,0.924,1.254,0.01,0.833,0.0,0.933,0.0,0.0,0.0,0.0,0.0,5.875,0.149,0.131,27.245,67.457,1.6
2018-07-04 20:15:00,0.002,1.125,0.829,0.936,1.287,0.01,0.859,0.0,0.955,0.0,0.0,0.0,0.0,0.0,6.003,0.0,0.06,27.262,66.564,0.0
2018-07-04 20:30:00,0.0,1.137,0.838,0.945,1.296,0.01,0.867,0.0,0.961,0.0,0.0,0.0,0.0,0.0,6.054,0.0,0.063,27.296,66.325,0.0
2018-07-04 20:45:00,0.0,1.141,0.852,0.956,1.307,0.01,0.889,0.0,0.979,0.0,0.0,0.0,0.0,0.0,6.134,0.0,0.093,27.347,65.958,0.0
2018-07-04 21:00:00,0.001,1.148,0.858,0.96,1.307,0.01,0.886,0.0,0.975,0.0,0.0,0.0,0.0,0.0,6.145,0.0,0.073,27.398,65.669,0.0
2018-07-04 21:15:00,0.0,1.152,0.861,0.967,1.316,0.01,0.893,0.0,0.985,0.0,0.0,0.0,0.0,0.0,6.184,0.0,0.059,27.433,65.449,0.0
2018-07-04 21:30:00,0.0,1.159,0.863,0.971,1.312,0.01,0.887,0.0,0.983,0.0,0.0,0.0,0.0,0.0,6.184,0.0,0.08,27.485,65.177,0.0
2018-07-04 21:45:00,0.0,1.159,0.867,0.971,1.317,0.01,0.893,0.0,0.984,0.0,0.0,0.0,0.0,0.0,6.2,0.0,0.09,27.518,65.38,0.0
2018-07-04 22:00:00,0.001,1.155,0.864,0.965,1.307,0.01,0.888,0.0,0.975,0.0,0.0,0.0,0.0,0.0,6.165,0.0,0.062,27.547,64.925,0.0
2018-07-04 22:15:00,0.0,1.155,0.862,0.964,1.308,0.01,0.884,0.0,0.973,0.0,0.0,0.0,0.0,0.0,6.157,0.0,0.06,27.585,64.784,0.0
2018-07-04 22:30:00,0.0,1.151,0.856,0.961,1.305,0.01,0.88,0.0,0.971,0.0,0.0,0.0,0.0,0.0,6.133,0.0,0.089,27.617,64.673,0.0
2018-07-04 22:45:00,0.0,1.153,0.867,0.969,1.303,0.01,0.887,0.0,0.978,0.0,0.0,0.0,0.0,0.0,6.167,0.0,0.077,27.637,64.529,0.0
2018-07-04 23:00:00,0.0,1.149,0.862,0.965,1.295,0.01,0.88,0.0,0.974,0.0,0.0,0.0,0.0,0.0,6.135,0.0,0.057,27.654,64.395,0.0
2018-07-04 23:15:00,0.0,1.155,0.861,0.97,1.295,0.01,0.875,0.0,0.97,0.0,0.0,0.0,0.0,0.0,6.137,0.0,0.072,27.701,64.25,0.0
2018-07-04 23:30:00,0.0,1.15,0.853,0.961,1.313,0.043,0.889,0.0,0.982,0.0,0.0,0.0,0.0,0.0,6.191,0.0,0.091,27.74,64.687,0.0
2018-07-04 23:45:00,0.369,0.4,0.274,0.309,1.279,0.59,0.849,0.307,0.949,0.367,0.0,0.0,0.0,0.0,5.694,0.0,0.061,27.743,64.753,0.0
2018-07-05 00:00:00,0.949,0.0,0.0,0.0,1.251,1.143,0.825,0.801,0.925,0.944,0.0,0.0,0.0,0.0,6.838,0.0,0.058,27.77,64.075,0.0
2018-07-05 00:15:00,0.964,0.0,0.0,0.0,1.235,1.157,0.807,0.817,0.911,0.959,0.0,0.0,0.0,0.0,6.849,0.0,0.09,27.791,63.908,0.0
2018-07-05 00:30:00,0.987,0.0,0.0,0.0,1.235,1.176,0.806,0.843,0.911,0.983,0.0,0.0,0.0,0.0,6.94,0.0,0.075,27.825,63.809,0.0
2018-07-05 00:45:00,0.996,0.0,0.0,0.0,1.235,1.187,0.805,0.851,0.909,0.993,0.0,0.0,0.0,0.0,6.977,0.0,0.059,27.833,63.759,0.0
2018-07-05 01:00:00,0.979,0.0,0.0,0.0,1.239,1.168,0.805,0.832,0.911,0.975,0.0,0.0,0.0,0.0,6.909,0.0,0.073,27.855,63.737,0.0
2018-07-05 01:15:00,1.005,0.0,0.0,0.0,1.261,1.198,0.824,0.861,0.929,1.003,0.0,0.0,0.0,0.0,7.081,0.0,0.09,27.869,63.663,0.0
2018-07-05 01:30:00,1.023,0.0,0.0,0.0,1.274,1.215,0.846,0.881,0.948,1.018,0.0,0.0,0.0,0.0,7.205,0.0,0.077,27.885,63.615,0.0
2018-07-05 01:45:00,1.04,0.0,0.0,0.0,1.273,1.231,0.839,0.899,0.943,1.036,0.0,0.0,0.0,0.0,7.261,0.0,0.065,27.901,63.536,0.0
2018-07-05 02:00:00,1.001,0.0,0.0,0.0,1.239,1.192,0.809,0.857,0.911,0.998,0.0,0.0,0.0,0.0,7.007,0.0,0.083,27.917,63.423,0.0
2018-07-05 02:15:00,0.972,0.0,0.0,0.0,1.235,1.161,0.801,0.827,0.906,0.968,0.0,0.0,0.0,0.0,6.87,0.0,0.084,27.937,63.353,0.0
2018-07-05 02:30:00,0.965,0.0,0.0,0.0,1.239,1.156,0.805,0.819,0.909,0.961,0.0,0.0,0.0,0.0,6.854,0.0,0.058,27.959,63.276,0.0
2018-07-05 02:45:00,0.994,0.0,0.0,0.0,1.25,1.183,0.816,0.845,0.921,0.989,0.0,0.0,0.0,0.0,6.998,0.0,0.061,27.983,63.239,0.0
2018-07-05 03:00:00,0.983,0.0,0.0,0.0,1.235,1.175,0.8,0.839,0.906,0.978,0.0,0.0,0.0,0.0,6.915,0.0,0.093,27.991,63.158,0.0
2018-07-05 03:15:00,0.987,0.0,0.0,0.0,1.237,1.181,0.8,0.84,0.907,0.984,0.0,0.0,0.0,0.0,6.936,0.0,0.072,28.127,63.138,0.0
2018-07-05 03:30:00,0.968,0.0,0.0,0.0,1.237,1.161,0.801,0.82,0.908,0.963,0.0,0.0,0.0,0.0,6.859,0.0,0.06,28.333,63.491,0.0
2018-07-05 03:45:00,0.954,0.0,0.0,0.0,1.231,1.15,0.792,0.807,0.897,0.951,0.0,0.0,0.0,0.0,6.782,0.0,0.078,28.393,63.713,0.0
2018-07-05 04:00:00,0.997,0.0,0.0,0.0,1.24,1.191,0.803,0.851,0.909,0.992,0.0,0.0,0.0,0.0,6.984,0.0,0.09,28.66,63.427,0.0
2018-07-05 04:15:00,0.999,0.0,0.0,0.0,1.235,1.192,0.803,0.853,0.908,0.997,0.0,0.0,0.0,0.0,6.988,0.0,0.061,28.7,62.989,0.0
2018-07-05 04:30:00,1.0,0.0,0.0,0.0,1.239,1.193,0.804,0.854,0.907,0.997,0.0,0.0,0.0,0.0,6.993,0.0,0.058,28.767,62.933,0.0
2018-07-05 04:45:00,1.012,0.0,0.0,0.0,1.249,1.207,0.815,0.868,0.921,1.008,0.0,0.0,0.0,0.0,7.081,0.0,0.085,28.555,62.85,0.0
2018-07-05 05:00:00,1.021,0.0,0.0,0.0,1.27,1.215,0.839,0.881,0.939,1.017,0.0,0.0,0.0,0.0,7.182,0.0,0.079,28.109,62.81,0.0
2018-07-05 05:15:00,0.983,0.0,0.0,0.0,1.276,1.173,0.845,0.838,0.945,0.979,0.0,0.0,0.0,0.0,7.039,0.0,0.058,28.123,62.781,0.0
2018-07-05 05:30:00,0.941,0.219,0.122,0.139,1.274,1.134,0.847,0.805,0.948,0.938,0.0,0.0,0.0,0.0,7.366,0.0,0.069,28.137,62.722,0.0
2018-07-05 05:45:00,0.0,1.128,0.827,0.943,1.037,0.237,0.696,0.0,0.776,0.0,0.0,0.0,0.0,0.0,5.645,0.145,0.093,28.149,62.757,10.533
2018-07-05 06:00:00,0.294,1.139,0.847,0.963,0.0,0.515,0.0,0.25,0.0,0.291,0.0,0.0,0.0,0.0,4.299,0.053,0.069,28.181,62.949,26.667
2018-07-05 06:15:00,0.814,1.169,0.878,0.997,0.0,1.009,0.0,0.699,0.0,0.811,0.0,0.0,0.0,0.0,6.377,0.0,0.06,28.202,62.895,3.0
2018-07-05 06:30:00,0.445,1.145,0.861,0.979,0.0,0.657,0.0,0.375,0.0,0.442,0.0,0.0,0.0,0.0,4.905,0.0,0.142,28.225,63.136,3.0
2018-07-05 06:45:00,1.071,1.187,0.898,1.015,0.0,1.262,0.0,0.921,0.0,1.068,0.0,0.0,0.0,0.0,7.422,0.199,0.128,28.242,63.273,3.0
2018-07-05 07:00:00,1.084,1.16,0.866,0.988,0.0,1.271,0.0,0.932,0.0,1.08,0.0,0.0,0.0,0.0,7.381,0.376,0.149,28.259,63.303,3.0
2018-07-05 07:15:00,1.092,1.152,0.857,0.981,0.0,1.273,0.0,0.936,0.0,1.086,0.0,0.0,0.0,0.0,7.377,1.205,0.155,28.301,63.313,18.333
2018-07-05 07:30:00,9.391,1.17,0.881,1.001,0.0,1.042,0.0,0.734,0.0,0.851,0.0,0.0,0.0,0.0,15.07,1.538,0.284,28.189,63.92,100.867
2018-07-05 07:45:00,27.66,1.156,0.879,0.998,0.0,0.226,0.0,0.0,0.0,0.0,0.0,0.0,0.0,0.0,30.919,1.499,0.289,26.185,64.451,101.133
2018-07-05 08:00:00,28.035,1.153,0.871,0.993,0.0,0.227,0.0,0.0,0.0,0.0,0.0,0.0,0.0,0.0,31.278,1.699,0.283,24.718,65.989,103.8
2018-07-05 08:15:00,27.643,1.159,0.876,1.001,0.0,0.232,0.0,0.0,0.0,0.0,0.0,0.0,0.0,0.0,30.91,1.879,0.395,24.3,66.876,110.267
2018-07-05 08:30:00,27.515,1.163,0.882,1.003,0.0,0.231,0.0,0.0,0.0,0.0,0.0,0.0,0.0,0.0,30.795,1.871,0.357,24.012,66.499,111.0
2018-07-05 08:45:00,27.459,1.162,0.882,1.004,0.0,0.232,0.0,0.0,0.0,0.0,0.0,0.0,0.0,0.0,30.739,2.023,0.348,23.704,66.509,111.077
2018-07-05 09:00:00,27.991,1.17,0.885,1.011,0.0,0.234,0.0,0.0,0.0,0.0,0.0,0.0,0.0,0.0,31.29,2.237,0.522,23.587,67.969,111.25
2018-07-05 09:15:00,28.135,1.177,0.887,1.015,0.0,0.237,0.0,0.0,0.0,0.0,0.0,0.0,0.0,0.0,31.451,2.258,0.933,23.602,68.595,112.385
2018-07-05 09:30:00,28.503,1.184,0.896,1.021,0.0,0.257,0.0,0.017,0.0,0.021,0.0,0.0,0.0,0.0,31.899,2.547,0.859,23.541,68.087,116.333
2018-07-05 09:45:00,28.857,1.187,0.899,1.025,0.0,1.048,0.0,0.731,0.0,0.858,0.0,0.0,0.0,0.0,34.607,2.424,0.912,23.617,68.888,117.333
2018-07-05 10:00:00,29.629,0.516,0.335,0.383,0.0,0.993,0.0,0.717,0.0,0.839,0.0,0.0,0.0,0.0,33.411,2.247,0.921,23.521,67.956,116.0
2018-07-05 10:15:00,30.137,1.185,0.892,1.015,0.0,1.255,0.0,0.928,0.0,1.073,0.0,0.0,0.0,0.0,36.486,2.242,1.387,23.43,70.145,116.2
2018-07-05 10:30:00,30.126,0.656,0.492,0.563,0.0,1.236,0.0,0.909,0.0,1.061,0.0,0.0,0.0,0.0,35.043,2.237,0.927,23.778,72.091,116.467
2018-07-05 10:45:00,31.031,1.21,0.92,1.047,0.0,1.135,0.0,0.842,0.0,0.978,0.0,0.0,0.0,0.0,37.163,2.235,0.912,23.676,71.279,115.733
2018-07-05 11:00:00,11.017,1.233,0.941,1.066,0.0,0.014,0.0,0.0,0.0,0.0,0.0,0.0,0.0,0.0,14.27,2.239,0.601,24.441,76.561,115.8
2018-07-05 11:15:00,29.728,1.223,0.932,1.061,0.0,1.182,0.0,0.863,0.0,1.009,0.0,0.0,0.0,0.0,35.998,2.237,0.682,25.157,72.855,115.0
2018-07-05 11:30:00,29.323,1.213,0.918,1.05,0.0,0.784,0.0,0.493,0.0,0.578,0.0,0.0,0.0,0.0,34.359,2.14,0.513,24.225,68.817,115.067
2018-07-05 11:45:00,28.604,0.397,0.153,0.176,0.995,0.332,0.594,0.084,0.686,0.1,0.0,0.0,0.0,0.0,32.121,1.913,0.465,23.557,68.136,116.6
2018-07-05 12:00:00,28.357,0.24,0.0,0.0,1.333,0.237,0.895,0.0,1.025,0.0,0.0,0.0,0.0,0.0,32.087,1.924,0.833,23.655,67.697,117.067
2018-07-05 12:15:00,27.952,0.24,0.0,0.0,1.319,0.237,0.879,0.0,1.007,0.0,0.0,0.0,0.0,0.0,31.633,1.93,0.644,23.291,68.346,118.0
2018-07-05 12:30:00,27.877,0.679,0.407,0.47,0.659,0.377,0.271,0.122,0.309,0.148,0.0,0.0,0.0,0.0,31.32,1.929,0.517,23.141,68.517,118.0
2018-07-05 12:45:00,28.726,0.52,0.261,0.3,0.538,0.449,0.157,0.184,0.181,0.222,0.0,0.0,0.403,0.0,31.943,1.965,0.457,23.23,68.963,114.867
2018-07-05 13:00:00,31.699,0.979,0.702,0.793,1.343,0.443,0.921,0.184,1.041,0.217,0.0,0.0,1.765,0.0,40.087,2.313,0.706,24.055,71.06,112.0
2018-07-05 13:15:00,30.885,0.378,0.139,0.158,1.326,0.464,0.901,0.2,1.025,0.237,0.0,0.0,1.061,0.891,37.665,2.519,0.585,24.122,68.379,111.067
2018-07-05 13:30:00,29.666,0.592,0.335,0.383,0.813,0.419,0.424,0.162,0.484,0.191,0.0,0.0,0.157,0.975,34.601,2.531,0.413,23.73,68.776,112.692
2018-07-05 13:45:00,29.805,0.414,0.17,0.194,0.868,0.468,0.471,0.203,0.54,0.243,0.0,0.0,0.0,1.12,34.497,2.534,0.526,23.393,70.289,114.067
2018-07-05 14:00:00,30.711,0.24,0.0,0.0,0.971,0.513,0.566,0.245,0.649,0.293,0.0,0.0,0.0,1.247,35.435,2.535,0.69,23.463,70.096,115.2
2018-07-05 14:15:00,30.025,0.801,0.525,0.603,0.734,0.355,0.35,0.104,0.398,0.124,0.0,0.0,0.089,0.906,35.014,2.537,0.512,23.285,69.834,115.133
2018-07-05 14:30:00,31.134,0.619,0.362,0.413,0.799,0.485,0.401,0.216,0.458,0.257,0.0,0.0,0.708,1.458,37.31,2.424,0.549,23.303,70.475,115.133
2018-07-05 14:45:00,29.458,0.387,0.138,0.158,1.32,0.496,0.891,0.229,1.013,0.272,0.0,0.0,0.0,0.857,35.218,2.051,0.491,23.193,72.185,107.6
2018-07-05 15:00:00,28.997,0.24,0.0,0.0,0.977,0.586,0.572,0.309,0.653,0.368,0.0,0.0,0.0,0.0,32.703,2.047,0.547,23.116,70.926,107.333
2018-07-05 15:15:00,29.364,0.239,0.0,0.0,1.008,0.596,0.601,0.319,0.687,0.381,0.0,0.0,0.0,0.0,33.195,2.049,0.505,22.833,70.455,108.2
2018-07-05 15:30:00,28.59,0.24,0.0,0.0,1.19,0.533,0.771,0.263,0.878,0.314,0.0,0.0,0.0,0.0,32.779,2.051,0.643,22.825,70.676,108.067
2018-07-05 15:45:00,28.577,0.395,0.145,0.166,1.004,0.489,0.598,0.224,0.679,0.265,0.0,0.0,0.0,0.0,32.541,2.055,0.452,22.783,70.908,108.0
2018-07-05 16:00:00,28.675,0.504,0.244,0.282,1.279,0.563,0.85,0.289,0.966,0.343,0.0,0.0,0.0,0.0,33.995,2.061,0.636,22.975,72.337,107.333
2018-07-05 16:15:00,28.695,0.333,0.086,0.099,1.343,0.615,0.911,0.332,1.031,0.396,0.0,0.0,0.0,0.0,33.839,2.071,0.519,23.098,71.983,108.333
2018-07-05 16:30:00,27.84,1.042,0.745,0.857,1.347,0.364,0.913,0.111,1.033,0.133,0.0,0.0,0.0,0.0,34.384,2.101,0.562,22.725,70.933,109.8
2018-07-05 16:45:00,19.727,1.212,0.907,1.039,1.357,0.39,0.919,0.132,1.042,0.159,0.0,0.0,0.0,0.0,26.883,2.11,0.485,22.61,70.283,109.533
2018-07-05 17:00:00,0.553,0.765,0.483,0.557,1.359,0.769,0.915,0.46,1.04,0.552,0.0,0.0,0.0,0.0,7.453,1.639,0.386,23.811,69.355,97.133
2018-07-05 17:15:00,0.599,0.869,0.579,0.667,1.36,0.811,0.922,0.502,1.042,0.596,0.0,0.0,0.0,0.0,7.947,1.904,0.241,25.153,66.723,84.933
2018-07-05 17:30:00,0.5,0.815,0.533,0.615,1.349,0.713,0.917,0.418,1.035,0.497,0.0,0.0,0.0,0.0,7.391,1.242,0.095,25.603,66.415,41.0
2018-07-05 17:45:00,0.478,1.01,0.719,0.822,1.375,0.609,0.949,0.399,1.063,0.474,0.0,0.0,0.0,0.0,7.9,0.925,0.113,25.907,65.583,2.867
2018-07-05 18:00:00,0.0,0.791,0.515,0.588,1.338,0.01,0.913,0.0,1.027,0.0,0.0,0.0,0.0,0.0,5.182,0.037,0.07,26.359,64.597,0.333
2018-07-05 18:15:00,0.001,0.242,0.002,0.003,1.296,0.01,0.873,0.0,0.985,0.0,0.0,0.0,0.0,0.0,3.411,0.012,0.058,26.233,64.164,0.0
2018-07-05 18:30:00,0.001,0.502,0.244,0.279,1.306,0.01,0.885,0.0,0.993,0.0,0.0,0.0,0.0,0.0,4.22,0.0,0.078,26.383,63.53,0.0
2018-07-05 18:45:00,0.001,0.451,0.195,0.224,1.305,0.01,0.881,0.0,0.983,0.0,0.0,0.0,0.0,0.0,4.05,0.0,0.077,26.488,63.293,0.0
2018-07-05 19:00:00,0.001,0.395,0.143,0.163,1.307,0.01,0.885,0.0,0.981,0.0,0.0,0.0,0.0,0.0,3.885,0.119,0.059,26.589,63.129,0.727
2018-07-05 19:15:00,0.001,0.382,0.131,0.149,1.311,0.01,0.883,0.0,0.983,0.0,0.0,0.0,0.0,0.0,3.85,0.18,0.069,26.673,62.855,3.0
2018-07-05 19:30:00,0.0,0.471,0.213,0.241,1.296,0.01,0.875,0.0,0.969,0.0,0.0,0.0,0.0,0.0,4.076,0.18,0.09,26.745,62.665,3.0
2018-07-05 19:45:00,0.0,0.357,0.109,0.123,1.295,0.01,0.872,0.0,0.968,0.0,0.0,0.0,0.0,0.0,3.733,0.173,0.059,26.84,62.585,2.933
2018-07-05 20:00:00,0.0,0.473,0.215,0.243,1.305,0.01,0.882,0.0,0.973,0.0,0.0,0.0,0.0,0.0,4.1,0.0,0.059,26.916,62.579,0.467
2018-07-05 20:15:00,0.001,0.463,0.205,0.232,1.308,0.01,0.881,0.0,0.973,0.0,0.0,0.0,0.0,0.0,4.073,0.0,0.093,27.045,62.524,0.0
2018-07-05 20:30:00,0.0,0.363,0.113,0.127,1.299,0.01,0.866,0.0,0.958,0.0,0.0,0.0,0.0,0.0,3.735,0.0,0.066,27.573,62.495,0.0
2018-07-05 20:45:00,0.0,0.359,0.109,0.123,1.295,0.01,0.866,0.0,0.959,0.0,0.0,0.0,0.0,0.0,3.72,0.0,0.06,27.322,62.522,0.0
2018-07-05 21:00:00,0.0,0.448,0.188,0.212,1.295,0.01,0.869,0.0,0.959,0.0,0.0,0.0,0.0,0.0,3.981,0.0,0.084,27.167,62.455,0.0
2018-07-05 21:15:00,0.0,0.345,0.099,0.111,1.291,0.01,0.875,0.0,0.965,0.0,0.0,0.0,0.0,0.0,3.697,0.0,0.078,27.217,62.454,0.0
2018-07-05 21:30:00,0.0,0.439,0.186,0.211,1.284,0.01,0.87,0.0,0.959,0.0,0.0,0.0,0.0,0.0,3.96,0.0,0.057,27.262,62.405,0.0
2018-07-05 21:45:00,0.001,0.387,0.138,0.155,1.281,0.01,0.872,0.0,0.96,0.0,0.0,0.0,0.0,0.0,3.804,0.0,0.069,27.308,62.417,0.0
2018-07-05 22:00:00,0.001,0.353,0.106,0.119,1.293,0.01,0.877,0.0,0.965,0.0,0.0,0.0,0.0,0.0,3.723,0.0,0.09,27.34,62.429,0.0
2018-07-05 22:15:00,0.0,0.425,0.173,0.196,1.295,0.01,0.879,0.0,0.971,0.0,0.0,0.0,0.0,0.0,3.949,0.0,0.065,27.381,62.48,0.0
2018-07-05 22:30:00,0.001,0.389,0.139,0.156,1.287,0.01,0.867,0.0,0.958,0.0,0.0,0.0,0.0,0.0,3.806,0.0,0.059,27.413,62.467,0.0
2018-07-05 22:45:00,0.0,0.352,0.105,0.118,1.273,0.01,0.856,0.0,0.945,0.0,0.0,0.0,0.0,0.0,3.658,0.0,0.081,27.449,62.475,0.0
2018-07-05 23:00:00,0.0,0.352,0.103,0.118,1.275,0.01,0.855,0.0,0.946,0.0,0.0,0.0,0.0,0.0,3.659,0.0,0.081,27.479,62.423,0.0
2018-07-05 23:15:00,0.0,0.457,0.202,0.228,1.277,0.01,0.859,0.0,0.949,0.0,0.0,0.0,0.0,0.0,3.983,0.0,0.059,27.502,62.446,0.0
2018-07-05 23:30:00,0.0,0.349,0.101,0.113,1.279,0.049,0.866,0.0,0.951,0.0,0.0,0.0,0.0,0.0,3.707,0.0,0.065,27.549,62.465,0.0
2018-07-05 23:45:00,0.185,0.095,0.0,0.0,1.273,0.417,0.853,0.156,0.942,0.185,0.0,0.0,0.0,0.0,4.107,0.0,0.091,27.589,62.48,0.0
2018-07-06 00:00:00,0.967,0.0,0.0,0.0,1.273,1.162,0.847,0.827,0.936,0.962,0.0,0.0,0.0,0.0,6.974,0.0,0.062,27.607,62.454,0.0
2018-07-06 00:15:00,0.971,0.0,0.0,0.0,1.269,1.166,0.843,0.833,0.933,0.967,0.0,0.0,0.0,0.0,6.983,0.0,0.059,27.638,62.483,0.0
2018-07-06 00:30:00,0.98,0.0,0.0,0.0,1.258,1.173,0.829,0.842,0.922,0.977,0.0,0.0,0.0,0.0,6.98,0.0,0.085,27.654,62.477,0.0
2018-07-06 00:45:00,0.976,0.0,0.0,0.0,1.261,1.167,0.829,0.837,0.925,0.97,0.0,0.0,0.0,0.0,6.965,0.0,0.075,27.685,62.472,0.0
2018-07-06 01:00:00,0.998,0.0,0.0,0.0,1.265,1.188,0.829,0.857,0.927,0.995,0.0,0.0,0.0,0.0,7.058,0.0,0.06,27.774,62.299,0.0
2018-07-06 01:15:00,0.673,0.0,0.0,0.0,1.259,0.88,0.826,0.577,0.92,0.668,0.0,0.0,0.0,0.0,5.803,0.0,0.073,27.847,62.335,0.0
2018-07-06 01:30:00,0.894,0.0,0.0,0.0,1.255,1.093,0.821,0.765,0.916,0.891,0.0,0.0,0.0,0.0,6.635,0.0,0.09,27.812,62.215,0.0
2018-07-06 01:45:00,0.818,0.0,0.0,0.0,1.246,1.015,0.814,0.699,0.909,0.814,0.0,0.0,0.0,0.0,6.315,0.0,0.06,27.777,62.308,0.0
2018-07-06 02:00:00,0.947,0.0,0.0,0.0,1.248,1.143,0.813,0.809,0.909,0.941,0.0,0.0,0.0,0.0,6.809,0.0,0.061,27.789,62.317,0.0
2018-07-06 02:15:00,0.779,0.0,0.0,0.0,1.245,0.981,0.814,0.667,0.906,0.774,0.0,0.0,0.0,0.0,6.165,0.0,0.089,27.797,62.31,0.0
2018-07-06 02:30:00,0.971,0.0,0.0,0.0,1.246,1.163,0.813,0.831,0.909,0.966,0.0,0.0,0.0,0.0,6.9,0.0,0.075,27.819,62.269,0.0
2018-07-06 02:45:00,0.984,0.0,0.0,0.0,1.244,1.174,0.811,0.843,0.906,0.979,0.0,0.0,0.0,0.0,6.941,0.0,0.06,27.847,62.275,0.0
2018-07-06 03:00:00,0.8,0.0,0.0,0.0,1.259,1.005,0.823,0.687,0.919,0.797,0.0,0.0,0.0,0.0,6.289,0.0,0.073,27.882,62.283,0.0
2018-07-06 03:15:00,0.821,0.0,0.0,0.0,1.245,1.024,0.811,0.707,0.905,0.82,0.0,0.0,0.0,0.0,6.333,0.0,0.089,27.898,62.274,0.0
2018-07-06 03:30:00,0.959,0.0,0.0,0.0,1.238,1.153,0.805,0.818,0.899,0.953,0.0,0.0,0.0,0.0,6.824,0.0,0.059,27.905,62.329,0.0
2018-07-06 03:45:00,0.923,0.0,0.0,0.0,1.239,1.117,0.805,0.789,0.901,0.917,0.0,0.0,0.0,0.0,6.69,0.0,0.061,27.929,62.29,0.0
2018-07-06 04:00:00,0.829,0.0,0.0,0.0,1.233,1.03,0.799,0.709,0.895,0.825,0.0,0.0,0.0,0.0,6.318,0.0,0.091,27.927,62.289,0.0
2018-07-06 04:15:00,0.772,0.0,0.0,0.0,1.228,0.975,0.797,0.663,0.893,0.769,0.0,0.0,0.0,0.0,6.097,0.0,0.071,27.928,62.259,0.0
2018-07-06 04:30:00,0.927,0.0,0.0,0.0,1.239,1.125,0.802,0.79,0.899,0.924,0.0,0.0,0.0,0.0,6.707,0.0,0.057,28.026,62.342,0.0
2018-07-06 04:45:00,0.83,0.0,0.0,0.0,1.232,1.031,0.8,0.711,0.895,0.827,0.0,0.0,0.0,0.0,6.325,0.0,0.076,28.393,61.993,0.0
2018-07-06 05:00:00,0.976,0.0,0.0,0.0,1.222,1.165,0.791,0.835,0.887,0.971,0.0,0.0,0.0,0.0,6.848,0.0,0.088,28.157,61.763,0.0
2018-07-06 05:15:00,0.833,0.0,0.0,0.0,1.227,1.03,0.795,0.713,0.89,0.828,0.0,0.0,0.0,0.0,6.317,0.0,0.059,28.195,61.709,0.0
2018-07-06 05:30:00,0.569,0.091,0.0,0.0,1.227,0.781,0.798,0.485,0.892,0.567,0.0,0.0,0.0,0.0,5.41,0.0,0.06,28.204,61.691,0.0
2018-07-06 05:45:00,0.0,0.367,0.117,0.135,1.031,0.238,0.672,0.0,0.755,0.0,0.0,0.0,0.0,0.0,3.314,0.0,0.091,28.223,61.677,0.0
2018-07-06 06:00:00,0.001,1.115,0.819,0.933,0.0,0.237,0.0,0.0,0.0,0.0,0.0,0.0,0.0,0.0,3.105,0.116,0.073,28.248,61.762,3.0
2018-07-06 06:15:00,0.0,1.115,0.828,0.941,0.0,0.238,0.0,0.0,0.0,0.0,0.0,0.0,0.0,0.0,3.121,0.0,0.06,28.179,61.924,3.0
2018-07-06 06:30:00,0.0,1.119,0.835,0.947,0.0,0.237,0.0,0.0,0.0,0.0,0.0,0.0,0.0,0.0,3.138,0.0,0.074,28.141,62.287,3.0
2018-07-06 06:45:00,0.0,1.123,0.837,0.954,0.0,0.24,0.0,0.0,0.0,0.0,0.0,0.0,0.0,0.0,3.154,0.0,0.175,28.151,62.636,3.0
2018-07-06 07:00:00,0.415,1.131,0.838,0.962,0.0,0.628,0.0,0.345,0.0,0.413,0.0,0.0,0.0,0.0,4.732,0.0,0.092,28.171,62.747,3.0
2018-07-06 07:15:00,0.0,1.136,0.837,0.961,0.0,0.244,0.0,0.0,0.0,0.0,0.0,0.0,0.0,0.0,3.179,0.143,0.188,28.197,63.038,9.8
2018-07-06 07:30:00,8.497,1.132,0.835,0.961,0.0,0.245,0.0,0.0,0.0,0.0,0.0,0.0,0.0,0.0,11.669,0.731,0.383,28.162,63.449,98.692
2018-07-06 07:45:00,27.273,1.155,0.871,1.001,0.0,0.237,0.0,0.0,0.0,0.0,0.0,0.0,0.0,0.0,30.537,1.643,0.399,25.743,64.83,106.467
2018-07-06 08:00:00,27.711,1.132,0.855,0.984,0.0,0.237,0.0,0.0,0.0,0.0,0.0,0.0,0.0,0.0,30.919,1.653,0.383,24.677,66.315,108.0
2018-07-06 08:15:00,27.505,1.149,0.868,1.003,0.0,0.237,0.0,0.0,0.0,0.0,0.0,0.0,0.0,0.0,30.761,1.682,0.568,24.157,67.241,108.0
2018-07-06 08:30:00,27.425,1.151,0.865,1.001,0.0,0.237,0.0,0.0,0.0,0.0,0.0,0.0,0.0,0.0,30.679,1.695,0.595,23.978,68.162,108.769
2018-07-06 08:45:00,27.374,1.155,0.863,0.999,0.0,0.237,0.0,0.0,0.0,0.0,0.0,0.0,0.0,0.0,30.628,1.718,0.509,23.537,67.357,107.692
2018-07-06 09:00:00,27.875,1.163,0.875,1.01,0.0,0.24,0.0,0.0,0.0,0.0,0.0,0.0,0.263,0.0,31.427,2.052,0.647,23.484,67.431,106.846
2018-07-06 09:15:00,28.804,1.17,0.881,1.017,0.0,0.237,0.0,0.0,0.0,0.0,0.0,0.0,0.923,0.0,33.033,2.426,0.686,23.321,66.685,106.467
2018-07-06 09:30:00,28.997,1.179,0.884,1.022,0.0,0.238,0.0,0.0,0.0,0.0,0.0,0.0,0.748,0.0,33.068,2.473,0.702,23.228,66.737,109.0
2018-07-06 09:45:00,30.104,1.183,0.889,1.029,0.0,0.43,0.0,0.171,0.0,0.207,0.0,0.0,1.441,0.0,35.453,2.467,0.793,23.407,65.963,106.667
2018-07-06 10:00:00,29.75,1.181,0.888,1.027,0.0,0.495,0.0,0.229,0.0,0.276,0.0,0.0,1.027,0.0,34.872,2.459,0.897,23.224,67.924,106.8
2018-07-06 10:15:00,29.499,1.187,0.894,1.029,0.0,0.24,0.0,0.0,0.0,0.0,0.0,0.0,1.032,0.0,33.881,2.575,1.03,23.173,68.43,109.733
2018-07-06 10:30:00,30.657,1.196,0.903,1.039,0.0,0.237,0.0,0.0,0.0,0.0,0.0,0.0,1.719,0.0,35.751,2.634,1.097,23.219,69.429,114.0
2018-07-06 10:45:00,29.174,1.205,0.912,1.039,0.0,0.469,0.0,0.207,0.0,0.245,0.0,0.0,0.012,0.0,33.264,2.372,0.686,23.365,69.168,113.333
2018-07-06 11:00:00,29.352,1.223,0.929,1.055,0.0,0.237,0.0,0.0,0.0,0.0,0.0,0.0,0.0,0.0,32.796,2.142,0.612,23.417,69.386,110.333
2018-07-06 11:15:00,29.106,1.223,0.929,1.051,0.0,0.237,0.0,0.0,0.0,0.0,0.0,0.0,0.0,0.0,32.547,2.081,0.498,23.106,68.109,106.0
2018-07-06 11:30:00,28.857,1.22,0.921,1.05,0.0,0.238,0.0,0.0,0.0,0.0,0.0,0.0,0.0,0.0,32.286,2.097,0.538,22.689,67.635,106.0
2018-07-06 11:45:00,28.271,1.191,0.891,1.019,0.48,0.247,0.122,0.0,0.14,0.0,0.0,0.0,0.0,0.0,32.361,2.113,0.513,22.561,67.664,106.533
2018-07-06 12:00:00,29.124,0.843,0.563,0.644,0.376,0.536,0.0,0.257,0.0,0.309,0.0,0.0,0.0,0.0,32.652,2.129,0.523,22.516,68.295,107.0
2018-07-06 12:15:00,29.743,0.884,0.597,0.679,0.971,0.581,0.545,0.297,0.62,0.352,0.0,0.0,0.0,0.0,35.271,2.13,0.576,22.589,69.1,107.0
2018-07-06 12:30:00,29.093,0.713,0.439,0.503,0.376,0.489,0.0,0.214,0.0,0.257,0.0,0.0,0.0,0.0,32.084,2.128,0.503,22.599,69.211,107.0
2018-07-06 12:45:00,28.701,0.773,0.495,0.567,0.581,0.58,0.191,0.301,0.219,0.357,0.0,0.0,0.0,0.0,32.765,2.119,0.479,22.607,69.31,106.933
2018-07-06 13:00:00,29.319,0.542,0.287,0.329,0.578,0.555,0.196,0.285,0.223,0.337,0.0,0.0,0.0,0.0,32.651,2.105,0.576,22.617,69.867,105.933
2018-07-06 13:15:00,28.822,0.623,0.363,0.415,0.839,0.556,0.439,0.283,0.498,0.336,0.0,0.0,0.0,0.0,33.175,2.253,0.674,22.919,70.145,110.8
2018-07-06 13:30:00,28.399,0.942,0.655,0.749,0.446,0.564,0.073,0.29,0.084,0.345,0.0,0.0,0.0,0.0,32.545,2.184,0.591,22.953,70.501,112.067
2018-07-06 13:45:00,28.894,0.647,0.383,0.435,0.761,0.601,0.36,0.322,0.411,0.38,0.0,0.0,0.0,0.0,33.195,2.075,0.707,23.101,70.639,108.2
2018-07-06 14:00:00,28.553,1.006,0.717,0.817,0.821,0.538,0.417,0.269,0.476,0.317,0.0,0.0,0.0,0.0,33.932,2.076,0.731,23.251,70.415,105.067
2018-07-06 14:15:00,28.448,0.645,0.38,0.435,0.463,0.574,0.087,0.297,0.099,0.353,0.0,0.0,0.0,0.0,31.781,2.123,0.806,22.994,69.518,108.8
2018-07-06 14:30:00,28.438,1.027,0.737,0.84,1.164,0.495,0.737,0.229,0.832,0.271,0.0,0.0,0.0,0.0,34.771,2.083,0.667,23.321,70.089,109.333
2018-07-06 14:45:00,28.431,0.625,0.367,0.416,0.521,0.632,0.142,0.349,0.159,0.413,0.0,0.0,0.0,0.0,32.055,2.08,0.735,23.437,69.424,107.933
2018-07-06 15:00:00,28.552,0.936,0.651,0.746,0.371,0.486,0.0,0.22,0.0,0.262,0.0,0.0,0.0,0.0,32.224,2.083,0.647,23.251,70.171,108.364
2018-07-06 15:15:00,28.049,0.857,0.579,0.662,0.823,0.484,0.417,0.218,0.476,0.259,0.0,0.0,0.0,0.0,32.825,2.087,0.759,23.003,69.438,106.0
2018-07-06 15:30:00,27.882,0.64,0.373,0.429,0.501,0.499,0.118,0.231,0.133,0.277,0.0,0.0,0.0,0.0,31.082,2.095,0.803,22.729,69.495,102.533
2018-07-06 15:45:00,27.501,0.981,0.691,0.793,0.444,0.473,0.059,0.204,0.069,0.246,0.0,0.0,0.0,0.0,31.46,2.1,0.693,22.769,71.301,105.067
2018-07-06 16:00:00,27.063,0.961,0.671,0.771,1.305,0.55,0.857,0.275,0.985,0.331,0.0,0.0,0.0,0.0,33.769,2.099,0.695,22.863,72.314,104.6
2018-07-06 16:15:00,27.009,0.887,0.609,0.703,0.369,0.404,0.003,0.147,0.003,0.177,0.0,0.0,0.0,0.0,30.311,2.073,0.866,22.71,70.61,102.4
2018-07-06 16:30:00,27.064,1.163,0.868,0.997,0.376,0.353,0.0,0.101,0.0,0.122,0.0,0.0,0.0,0.0,31.043,2.107,0.814,22.675,71.086,103.467
2018-07-06 16:45:00,19.211,1.156,0.86,0.991,0.601,0.447,0.206,0.183,0.239,0.22,0.0,0.0,0.0,0.0,24.115,1.969,0.691,22.722,70.136,102.933
2018-07-06 17:00:00,4.935,0.848,0.565,0.647,1.34,0.671,0.883,0.372,1.013,0.449,0.0,0.0,0.0,0.0,11.723,1.503,0.35,23.768,68.091,56.533
2018-07-06 17:15:00,26.715,0.878,0.602,0.693,1.099,0.509,0.683,0.24,0.781,0.286,0.0,0.0,0.0,0.0,32.485,1.397,0.306,23.511,69.605,8.0
2018-07-06 17:30:00,26.826,0.632,0.373,0.429,0.365,0.483,0.0,0.22,0.0,0.261,0.0,0.0,0.0,0.0,29.589,1.586,0.211,22.796,70.255,56.533
2018-07-06 17:45:00,26.746,0.953,0.668,0.771,0.935,0.387,0.528,0.212,0.599,0.256,0.0,0.0,0.0,0.0,32.054,1.365,0.221,22.561,72.543,3.867
2018-07-06 18:00:00,26.521,0.665,0.401,0.458,0.589,0.01,0.206,0.0,0.235,0.0,0.0,0.0,0.0,0.0,29.086,1.371,0.259,22.384,72.221,3.333
2018-07-06 18:15:00,26.539,0.24,0.0,0.0,0.378,0.01,0.0,0.0,0.0,0.0,0.0,0.0,0.0,0.0,27.167,1.372,0.197,22.307,72.888,3.867
2018-07-06 18:30:00,26.633,0.24,0.0,0.0,0.375,0.01,0.0,0.0,0.0,0.0,0.0,0.0,0.0,0.0,27.258,1.375,0.119,22.317,74.129,3.333
2018-07-06 18:45:00,26.779,0.24,0.0,0.0,0.376,0.01,0.0,0.0,0.0,0.0,0.0,0.0,0.0,0.0,27.405,1.377,0.121,22.511,75.226,3.467
2018-07-06 19:00:00,26.917,0.24,0.0,0.0,0.376,0.01,0.0,0.0,0.0,0.0,0.0,0.0,0.0,0.0,27.543,1.379,0.102,22.547,74.965,4.0
2018-07-06 19:15:00,26.794,0.24,0.0,0.0,0.383,0.01,0.003,0.0,0.004,0.0,0.0,0.0,0.0,0.0,27.435,0.537,0.108,22.581,75.347,3.267
2018-07-06 19:30:00,26.875,0.24,0.0,0.0,0.582,0.01,0.189,0.0,0.216,0.0,0.0,0.0,0.0,0.0,28.111,0.56,0.129,22.61,75.337,3.667
2018-07-06 19:45:00,26.463,0.24,0.0,0.0,0.376,0.01,0.0,0.0,0.0,0.0,0.0,0.0,0.0,0.0,27.089,0.207,0.078,22.483,74.27,2.4
2018-07-06 20:00:00,12.974,0.24,0.0,0.0,0.777,0.01,0.363,0.0,0.417,0.0,0.0,0.0,0.0,0.0,14.781,0.0,0.06,22.312,72.879,0.0
2018-07-06 20:15:00,0.001,0.245,0.0,0.0,1.223,0.01,0.773,0.0,0.887,0.0,0.0,0.0,0.0,0.0,3.139,0.0,0.094,23.568,68.817,0.0
2018-07-06 20:30:00,0.001,0.244,0.0,0.0,1.228,0.01,0.786,0.0,0.899,0.0,0.0,0.0,0.0,0.0,3.167,0.0,0.06,24.465,65.639,0.0
2018-07-06 20:45:00,0.0,0.24,0.0,0.0,1.215,0.01,0.787,0.0,0.891,0.0,0.0,0.0,0.0,0.0,3.143,0.0,0.061,25.081,64.449,0.0
2018-07-06 21:00:00,0.0,0.24,0.0,0.0,1.217,0.01,0.783,0.0,0.891,0.0,0.0,0.0,0.0,0.0,3.141,0.0,0.089,25.244,64.313,0.0
2018-07-06 21:15:00,0.001,0.24,0.0,0.0,1.229,0.01,0.796,0.0,0.902,0.0,0.0,0.0,0.0,0.0,3.179,0.0,0.067,25.456,63.797,0.0
2018-07-06 21:30:00,0.001,0.24,0.0,0.0,1.207,0.01,0.777,0.0,0.883,0.0,0.0,0.0,0.0,0.0,3.117,0.0,0.061,25.65,63.538,0.0
2018-07-06 21:45:00,0.0,0.349,0.097,0.111,1.228,0.01,0.797,0.0,0.897,0.0,0.0,0.0,0.0,0.0,3.489,0.0,0.085,25.823,63.355,0.0
2018-07-06 22:00:00,0.0,0.241,0.0,0.0,1.198,0.01,0.768,0.0,0.869,0.0,0.0,0.0,0.0,0.0,3.085,0.0,0.077,25.967,63.373,0.0
2018-07-06 22:15:00,0.001,0.245,0.0,0.0,1.205,0.01,0.773,0.0,0.875,0.0,0.0,0.0,0.0,0.0,3.109,0.0,0.06,26.405,62.953,0.0
2018-07-06 22:30:00,0.001,0.337,0.087,0.101,1.213,0.01,0.786,0.0,0.887,0.0,0.0,0.0,0.0,0.0,3.421,0.0,0.069,26.194,62.959,0.0
2018-07-06 22:45:00,0.0,0.24,0.0,0.0,1.211,0.01,0.787,0.0,0.889,0.0,0.0,0.0,0.0,0.0,3.137,0.0,0.089,26.286,63.294,0.0
2018-07-06 23:00:00,0.0,0.24,0.0,0.0,1.224,0.01,0.793,0.0,0.896,0.0,0.0,0.0,0.0,0.0,3.163,0.0,0.06,26.352,63.21,0.0
2018-07-06 23:15:00,0.001,0.341,0.093,0.107,1.213,0.01,0.785,0.0,0.887,0.0,0.0,0.0,0.0,0.0,3.437,0.0,0.06,26.438,63.223,0.0
2018-07-06 23:30:00,0.0,0.237,0.0,0.0,1.21,0.053,0.782,0.0,0.884,0.0,0.0,0.0,0.0,0.0,3.167,0.0,0.092,26.519,63.349,0.0
2018-07-06 23:45:00,0.147,0.1,0.0,0.0,1.231,0.382,0.806,0.122,0.905,0.147,0.0,0.0,0.0,0.0,3.84,0.0,0.07,26.564,63.409,0.0
2018-07-07 00:00:00,0.97,0.0,0.0,0.0,1.259,1.164,0.831,0.827,0.927,0.968,0.0,0.0,0.0,0.0,6.947,0.0,0.061,26.605,63.548,0.0
2018-07-07 00:15:00,0.975,0.0,0.0,0.0,1.26,1.165,0.831,0.831,0.927,0.97,0.0,0.0,0.0,0.0,6.959,0.0,0.077,26.695,63.636,0.0
2018-07-07 00:30:00,0.969,0.0,0.0,0.0,1.268,1.157,0.84,0.827,0.937,0.963,0.0,0.0,0.0,0.0,6.961,0.0,0.085,26.757,63.768,0.0
2018-07-07 00:45:00,0.961,0.0,0.0,0.0,1.247,1.142,0.827,0.821,0.923,0.959,0.0,0.0,0.0,0.0,6.879,0.0,0.061,26.787,63.889,0.0
2018-07-07 01:00:00,0.962,0.0,0.0,0.0,1.249,1.143,0.826,0.821,0.922,0.958,0.0,0.0,0.0,0.0,6.881,0.0,0.061,26.829,63.849,0.0
2018-07-07 01:15:00,0.973,0.0,0.0,0.0,1.249,1.152,0.823,0.829,0.922,0.969,0.0,0.0,0.0,0.0,6.917,0.0,0.097,26.877,63.905,0.0
2018-07-07 01:30:00,0.995,0.0,0.0,0.0,1.234,1.177,0.806,0.853,0.907,0.989,0.0,0.0,0.0,0.0,6.961,0.0,0.067,26.928,64.141,0.0
2018-07-07 01:45:00,0.788,0.0,0.0,0.0,1.263,0.991,0.832,0.675,0.932,0.784,0.0,0.0,0.0,0.0,6.264,0.0,0.06,26.957,64.303,0.0
2018-07-07 02:00:00,0.783,0.0,0.0,0.0,1.25,0.982,0.824,0.672,0.923,0.779,0.0,0.0,0.0,0.0,6.213,0.0,0.079,26.987,64.234,0.0
2018-07-07 02:15:00,0.731,0.0,0.0,0.0,1.243,0.929,0.818,0.627,0.915,0.725,0.0,0.0,0.0,0.0,5.989,0.0,0.08,27.137,64.334,0.0
2018-07-07 02:30:00,0.853,0.0,0.0,0.0,1.234,1.052,0.808,0.733,0.906,0.849,0.0,0.0,0.0,0.0,6.435,0.0,0.061,27.427,64.161,0.0
2018-07-07 02:45:00,0.791,0.0,0.0,0.0,1.241,0.992,0.813,0.681,0.911,0.789,0.0,0.0,0.0,0.0,6.217,0.0,0.067,27.613,64.18,0.0
2018-07-07 03:00:00,0.802,0.0,0.0,0.0,1.252,1.004,0.822,0.685,0.922,0.798,0.0,0.0,0.0,0.0,6.285,0.0,0.095,27.836,64.215,0.0
2018-07-07 03:15:00,0.816,0.0,0.0,0.0,1.227,1.013,0.799,0.697,0.899,0.812,0.0,0.0,0.0,0.0,6.264,0.0,0.06,27.101,64.149,0.0
2018-07-07 03:30:00,0.766,0.0,0.0,0.0,1.243,0.969,0.815,0.655,0.913,0.762,0.0,0.0,0.0,0.0,6.123,0.0,0.06,27.119,63.914,0.0
2018-07-07 03:45:00,0.839,0.0,0.0,0.0,1.249,1.037,0.817,0.717,0.916,0.834,0.0,0.0,0.0,0.0,6.409,0.0,0.093,27.157,63.859,0.0
2018-07-07 04:00:00,0.921,0.0,0.0,0.0,1.255,1.114,0.825,0.783,0.922,0.917,0.0,0.0,0.0,0.0,6.737,0.0,0.077,27.187,63.809,0.0
2018-07-07 04:15:00,0.792,0.0,0.0,0.0,1.271,0.996,0.837,0.679,0.935,0.789,0.0,0.0,0.0,0.0,6.298,0.0,0.06,27.273,63.767,0.0
2018-07-07 04:30:00,0.785,0.0,0.0,0.0,1.25,0.985,0.82,0.675,0.917,0.782,0.0,0.0,0.0,0.0,6.214,0.0,0.071,27.257,63.765,0.0
2018-07-07 04:45:00,0.988,0.0,0.0,0.0,1.269,1.178,0.839,0.845,0.935,0.983,0.0,0.0,0.0,0.0,7.037,0.0,0.092,27.272,63.731,0.0
2018-07-07 05:00:00,0.786,0.0,0.0,0.0,1.253,0.984,0.823,0.672,0.92,0.781,0.0,0.0,0.0,0.0,6.22,0.0,0.06,27.283,63.733,0.0
2018-07-07 05:15:00,0.789,0.0,0.0,0.0,1.255,0.988,0.828,0.676,0.926,0.786,0.0,0.0,0.0,0.0,6.248,0.0,0.06,27.305,63.639,0.0
2018-07-07 05:30:00,0.711,0.082,0.0,0.0,1.267,0.915,0.835,0.609,0.932,0.709,0.0,0.0,0.0,0.0,6.061,0.0,0.097,27.325,63.597,0.0
2018-07-07 05:45:00,0.0,0.359,0.11,0.126,1.028,0.238,0.675,0.0,0.755,0.0,0.0,0.0,0.0,0.0,3.291,0.0,0.071,27.342,63.555,0.0
2018-07-07 06:00:00,0.0,1.12,0.821,0.934,0.0,0.241,0.0,0.0,0.0,0.0,0.0,0.0,0.0,0.0,3.116,0.0,0.065,27.37,63.658,0.0
2018-07-07 06:15:00,0.0,1.129,0.837,0.949,0.0,0.241,0.0,0.0,0.0,0.0,0.0,0.0,0.0,0.0,3.156,0.0,0.079,27.389,63.692,0.0
2018-07-07 06:30:00,0.0,1.129,0.838,0.95,0.0,0.239,0.0,0.0,0.0,0.0,0.0,0.0,0.0,0.0,3.155,0.0,0.094,27.419,63.655,0.0
2018-07-07 06:45:00,0.0,1.122,0.835,0.951,0.0,0.237,0.0,0.0,0.0,0.0,0.0,0.0,0.0,0.0,3.145,0.0,0.06,27.444,63.598,0.0
2018-07-07 07:00:00,0.001,1.127,0.841,0.957,0.0,0.24,0.0,0.0,0.0,0.0,0.0,0.0,0.0,0.0,3.165,0.0,0.061,27.451,63.635,0.0
2018-07-07 07:15:00,0.0,1.125,0.845,0.963,0.0,0.237,0.0,0.0,0.0,0.0,0.0,0.0,0.0,0.0,3.169,0.0,0.093,27.471,63.589,0.0
2018-07-07 07:30:00,0.219,1.134,0.854,0.973,0.0,0.441,0.0,0.185,0.0,0.219,0.0,0.0,0.0,0.0,4.025,0.0,0.076,27.519,63.544,0.0
2018-07-07 07:45:00,19.485,1.151,0.865,0.989,0.0,0.237,0.0,0.0,0.0,0.0,0.0,0.0,0.0,0.0,22.727,0.119,0.131,26.858,64.866,0.333
2018-07-07 08:00:00,26.879,1.149,0.865,0.995,0.0,0.24,0.0,0.0,0.0,0.0,0.0,0.0,0.0,0.0,30.128,0.183,0.101,24.628,67.467,3.667
2018-07-07 08:15:00,26.716,1.149,0.858,0.987,0.0,0.247,0.0,0.0,0.0,0.0,0.0,0.0,0.0,0.0,29.957,0.186,0.092,23.737,67.915,4.0
2018-07-07 08:30:00,26.857,1.155,0.868,0.993,0.0,0.237,0.0,0.0,0.0,0.0,0.0,0.0,0.0,0.0,30.11,0.18,0.07,23.067,66.729,4.0
2018-07-07 08:45:00,26.895,1.155,0.861,0.99,0.0,0.247,0.0,0.0,0.0,0.0,0.0,0.0,0.0,0.0,30.149,0.19,0.073,22.557,66.949,4.0
2018-07-07 09:00:00,27.181,1.166,0.871,1.001,0.0,0.247,0.0,0.0,0.0,0.0,0.0,0.0,0.0,0.0,30.465,0.189,0.139,22.317,67.263,4.0
2018-07-07 09:15:00,26.984,1.16,0.865,0.993,0.0,0.241,0.0,0.0,0.0,0.0,0.0,0.0,0.0,0.0,30.243,0.185,0.07,22.385,67.522,4.0
2018-07-07 09:30:00,27.262,1.175,0.883,1.013,0.0,0.243,0.0,0.0,0.0,0.0,0.0,0.0,0.0,0.0,30.575,0.185,0.141,22.089,68.205,4.0
2018-07-07 09:45:00,27.218,1.172,0.879,1.008,0.0,0.237,0.0,0.0,0.0,0.0,0.0,0.0,0.0,0.0,30.514,0.181,0.234,21.921,68.565,4.0
2018-07-07 10:00:00,27.416,1.172,0.882,1.006,0.0,0.237,0.0,0.0,0.0,0.0,0.0,0.0,0.0,0.0,30.713,0.18,0.141,21.818,68.931,4.0
2018-07-07 10:15:00,27.68,1.173,0.886,1.009,0.0,0.237,0.0,0.0,0.0,0.0,0.0,0.0,0.0,0.0,30.985,0.18,0.07,21.821,69.32,4.0
2018-07-07 10:30:00,27.749,1.174,0.889,1.014,0.0,0.24,0.0,0.0,0.0,0.0,0.0,0.0,0.0,0.0,31.067,0.18,0.087,21.709,69.485,4.0
2018-07-07 10:45:00,27.738,1.181,0.894,1.021,0.0,0.237,0.0,0.0,0.0,0.0,0.0,0.0,0.0,0.0,31.072,0.18,0.08,21.655,68.803,4.0
2018-07-07 11:00:00,28.235,1.183,0.898,1.026,0.0,0.237,0.0,0.0,0.0,0.0,0.0,0.0,0.0,0.0,31.579,0.18,0.07,21.589,68.987,4.0
2018-07-07 11:15:00,28.137,1.197,0.907,1.038,0.0,0.237,0.0,0.0,0.0,0.0,0.0,0.0,0.0,0.0,31.516,0.18,0.082,21.553,69.145,4.0
2018-07-07 11:30:00,27.955,1.192,0.903,1.032,0.0,0.237,0.0,0.0,0.0,0.0,0.0,0.0,0.0,0.0,31.319,0.18,0.085,21.504,69.069,4.0
2018-07-07 11:45:00,27.833,0.335,0.097,0.111,0.361,0.243,0.0,0.0,0.0,0.0,0.0,0.0,0.0,0.0,28.981,0.18,0.07,21.478,69.821,4.0
2018-07-07 12:00:00,27.761,0.24,0.0,0.0,0.375,0.237,0.0,0.0,0.0,0.0,0.0,0.0,0.0,0.0,28.614,0.18,0.077,21.651,71.227,4.0
2018-07-07 12:15:00,28.039,0.24,0.0,0.0,0.611,0.237,0.217,0.0,0.251,0.0,0.0,0.0,0.0,0.0,29.594,0.18,0.089,21.694,71.424,4.0
2018-07-07 12:30:00,27.56,0.24,0.0,0.0,0.627,0.237,0.233,0.0,0.27,0.0,0.0,0.0,0.0,0.0,29.167,0.18,0.07,21.735,71.012,4.0
2018-07-07 12:45:00,27.849,0.24,0.0,0.0,0.673,0.362,0.277,0.111,0.318,0.133,0.0,0.0,0.0,0.0,29.963,0.18,0.071,21.7,71.446,4.0
2018-07-07 13:00:00,28.259,0.24,0.0,0.0,0.808,0.361,0.397,0.107,0.458,0.129,0.0,0.0,0.0,0.0,30.759,0.18,0.095,21.719,71.603,4.0
2018-07-07 13:15:00,28.185,0.24,0.0,0.0,0.6,0.353,0.21,0.102,0.243,0.124,0.0,0.0,0.0,0.0,30.057,0.18,0.07,21.688,71.349,4.0
2018-07-07 13:30:00,28.072,0.24,0.0,0.0,0.587,0.373,0.199,0.119,0.229,0.144,0.0,0.0,0.0,0.0,29.963,0.18,0.07,21.671,71.293,3.533
2018-07-07 13:45:00,28.167,0.24,0.0,0.0,0.641,0.367,0.25,0.115,0.287,0.138,0.0,0.0,0.0,0.0,30.205,0.18,0.095,21.728,71.817,3.8
2018-07-07 14:00:00,28.183,0.24,0.0,0.0,0.846,0.365,0.439,0.113,0.503,0.136,0.0,0.0,0.0,0.0,30.825,0.18,0.073,21.764,72.332,4.0
2018-07-07 14:15:00,28.362,0.24,0.0,0.0,0.619,0.364,0.229,0.113,0.264,0.136,0.0,0.0,0.0,0.0,30.327,0.18,0.07,21.707,71.627,3.8
2018-07-07 14:30:00,28.333,0.24,0.0,0.0,0.752,0.487,0.351,0.22,0.402,0.267,0.0,0.0,0.0,0.0,31.052,0.18,0.09,21.719,72.013,3.0
2018-07-07 14:45:00,27.695,0.24,0.0,0.0,0.631,0.297,0.235,0.051,0.271,0.062,0.0,0.0,0.0,0.0,29.482,0.18,0.075,21.728,72.069,3.0
2018-07-07 15:00:00,28.073,0.24,0.0,0.0,0.697,0.416,0.298,0.158,0.344,0.19,0.0,0.0,0.0,0.0,30.416,0.18,0.07,21.709,72.293,4.0
2018-07-07 15:15:00,28.57,0.24,0.0,0.0,0.705,0.586,0.303,0.309,0.349,0.372,0.0,0.0,0.0,0.0,31.435,0.18,0.085,21.789,72.977,4.0
2018-07-07 15:30:00,28.241,0.24,0.0,0.0,0.699,0.356,0.3,0.105,0.345,0.126,0.0,0.0,0.0,0.0,30.411,0.18,0.081,21.806,72.098,4.0
2018-07-07 15:45:00,28.563,0.24,0.0,0.0,0.698,0.411,0.298,0.155,0.343,0.184,0.0,0.0,0.0,0.0,30.891,0.045,0.069,21.693,71.909,3.733
2018-07-07 16:00:00,28.7,0.363,0.115,0.133,0.647,0.539,0.251,0.267,0.287,0.318,0.0,0.0,0.0,0.0,31.62,0.0,0.071,21.823,72.753,2.6
2018-07-07 16:15:00,28.763,0.597,0.333,0.383,0.523,0.608,0.137,0.33,0.157,0.389,0.0,0.0,0.0,0.0,32.22,0.0,0.08,21.85,72.545,0.067
2018-07-07 16:30:00,28.726,0.574,0.311,0.357,0.588,0.511,0.197,0.241,0.225,0.287,0.0,0.0,0.0,0.0,32.017,0.0,0.06,21.745,72.527,0.0
2018-07-07 16:45:00,5.189,1.003,0.711,0.807,1.177,0.724,0.744,0.435,0.834,0.506,0.0,0.0,0.0,0.0,12.129,0.0,0.061,22.201,71.461,0.0
2018-07-07 17:00:00,0.608,0.825,0.545,0.615,1.379,0.821,0.943,0.519,1.047,0.606,0.0,0.0,0.0,0.0,7.91,0.0,0.089,23.454,67.579,0.0
2018-07-07 17:15:00,0.444,0.656,0.388,0.437,1.386,0.666,0.955,0.379,1.056,0.443,0.0,0.0,0.0,0.0,6.81,0.0,0.06,24.279,64.623,0.0
2018-07-07 17:30:00,0.575,0.768,0.492,0.559,1.357,0.788,0.937,0.488,1.037,0.573,0.0,0.0,0.0,0.0,7.574,0.0,0.06,24.669,64.789,0.0
2018-07-07 17:45:00,0.319,1.005,0.713,0.806,1.365,0.457,0.942,0.271,1.043,0.316,0.0,0.0,0.0,0.0,7.236,0.0,0.091,25.173,64.829,0.0
2018-07-07 18:00:00,0.0,0.753,0.482,0.54,1.349,0.01,0.927,0.0,1.027,0.0,0.0,0.0,0.0,0.0,5.089,0.0,0.064,25.313,64.52,0.0
2018-07-07 18:15:00,0.0,0.364,0.117,0.131,1.326,0.01,0.901,0.0,1.001,0.0,0.0,0.0,0.0,0.0,3.849,0.0,0.061,25.502,64.238,0.0
2018-07-07 18:30:00,0.0,0.24,0.0,0.0,1.311,0.01,0.886,0.0,0.983,0.0,0.0,0.0,0.0,0.0,3.429,0.0,0.083,25.697,63.974,0.0
2018-07-07 18:45:00,0.0,0.353,0.105,0.118,1.297,0.01,0.873,0.0,0.961,0.0,0.0,0.0,0.0,0.0,3.718,0.0,0.074,25.811,63.726,0.0
2018-07-07 19:00:00,0.0,0.334,0.087,0.098,1.302,0.01,0.879,0.0,0.967,0.0,0.0,0.0,0.0,0.0,3.677,0.0,0.06,25.923,63.663,0.0
2018-07-07 19:15:00,0.001,0.338,0.091,0.103,1.293,0.01,0.873,0.0,0.959,0.0,0.0,0.0,0.0,0.0,3.668,0.0,0.07,26.324,63.624,0.0
2018-07-07 19:30:00,0.0,0.381,0.131,0.147,1.301,0.01,0.873,0.0,0.963,0.0,0.0,0.0,0.0,0.0,3.805,0.0,0.089,26.247,63.48,0.0
2018-07-07 19:45:00,0.001,0.375,0.124,0.14,1.291,0.01,0.866,0.0,0.953,0.0,0.0,0.0,0.0,0.0,3.759,0.0,0.06,26.215,63.4,0.0
2018-07-07 20:00:00,0.0,0.353,0.105,0.118,1.291,0.01,0.866,0.0,0.955,0.0,0.0,0.0,0.0,0.0,3.698,0.0,0.06,26.287,63.414,0.0
2018-07-07 20:15:00,0.0,0.353,0.103,0.117,1.272,0.01,0.848,0.0,0.933,0.0,0.0,0.0,0.0,0.0,3.636,0.0,0.093,26.359,63.412,0.0
2018-07-07 20:30:00,0.001,0.241,0.0,0.001,1.287,0.01,0.858,0.0,0.943,0.0,0.0,0.0,0.0,0.0,3.341,0.0,0.067,26.427,63.279,0.0
2018-07-07 20:45:00,0.0,0.459,0.198,0.224,1.279,0.01,0.854,0.0,0.938,0.0,0.0,0.0,0.0,0.0,3.962,0.0,0.061,26.496,63.326,0.0
2018-07-07 21:00:00,0.001,0.309,0.055,0.063,1.273,0.01,0.847,0.0,0.934,0.0,0.0,0.0,0.0,0.0,3.491,0.0,0.079,26.553,63.326,0.0
2018-07-07 21:15:00,0.0,0.349,0.091,0.103,1.265,0.01,0.839,0.0,0.926,0.0,0.0,0.0,0.0,0.0,3.584,0.0,0.081,26.576,63.333,0.0
2018-07-07 21:30:00,0.0,0.446,0.184,0.207,1.273,0.01,0.845,0.0,0.932,0.0,0.0,0.0,0.0,0.0,3.897,0.0,0.062,26.627,63.272,0.0
2018-07-07 21:45:00,0.0,0.339,0.091,0.103,1.277,0.01,0.852,0.0,0.937,0.0,0.0,0.0,0.0,0.0,3.609,0.0,0.067,26.653,63.237,0.0
2018-07-07 22:00:00,0.001,0.242,0.0,0.0,1.259,0.01,0.834,0.0,0.922,0.0,0.0,0.0,0.0,0.0,3.268,0.0,0.095,26.688,63.218,0.0
2018-07-07 22:15:00,0.001,0.388,0.131,0.148,1.263,0.01,0.837,0.0,0.929,0.0,0.0,0.0,0.0,0.0,3.707,0.0,0.061,26.725,63.189,0.0
2018-07-07 22:30:00,0.001,0.345,0.09,0.101,1.259,0.01,0.835,0.0,0.924,0.0,0.0,0.0,0.0,0.0,3.565,0.0,0.06,26.771,63.186,0.0
2018-07-07 22:45:00,0.001,0.382,0.123,0.14,1.272,0.01,0.839,0.0,0.932,0.0,0.0,0.0,0.0,0.0,3.699,0.0,0.093,26.808,63.156,0.0
2018-07-07 23:00:00,0.0,0.365,0.109,0.123,1.261,0.01,0.833,0.0,0.924,0.0,0.0,0.0,0.0,0.0,3.627,0.0,0.07,26.846,63.589,0.0
2018-07-07 23:15:00,0.001,0.373,0.123,0.139,1.259,0.01,0.839,0.0,0.929,0.0,0.0,0.0,0.0,0.0,3.673,0.0,0.06,26.885,63.241,0.0
2018-07-07 23:30:00,0.0,0.347,0.099,0.112,1.255,0.039,0.839,0.0,0.927,0.0,0.0,0.0,0.0,0.0,3.619,0.0,0.081,26.933,63.169,0.0
2018-07-07 23:45:00,0.293,0.11,0.0,0.0,1.261,0.518,0.839,0.249,0.927,0.291,0.0,0.0,0.0,0.0,4.487,0.0,0.083,26.949,63.135,0.0
2018-07-08 00:00:00,0.981,0.0,0.0,0.0,1.245,1.173,0.829,0.842,0.919,0.977,0.0,0.0,0.0,0.0,6.965,0.0,0.06,26.999,63.504,0.0
2018-07-08 00:15:00,0.97,0.0,0.0,0.0,1.253,1.164,0.833,0.836,0.923,0.965,0.0,0.0,0.0,0.0,6.944,0.0,0.062,27.207,63.456,0.0
2018-07-08 00:30:00,0.966,0.0,0.0,0.0,1.246,1.159,0.827,0.835,0.918,0.964,0.0,0.0,0.0,0.0,6.914,0.0,0.095,27.507,63.276,0.0
2018-07-08 00:45:00,0.966,0.0,0.0,0.0,1.27,1.155,0.845,0.83,0.937,0.963,0.0,0.0,0.0,0.0,6.967,0.0,0.069,27.727,63.027,0.0
2018-07-08 01:00:00,0.959,0.0,0.0,0.0,1.247,1.147,0.826,0.826,0.916,0.957,0.0,0.0,0.0,0.0,6.879,0.0,0.06,27.123,62.901,0.0
2018-07-08 01:15:00,0.973,0.0,0.0,0.0,1.245,1.162,0.821,0.839,0.915,0.971,0.0,0.0,0.0,0.0,6.925,0.0,0.077,27.155,62.813,0.0
2018-07-08 01:30:00,0.786,0.0,0.0,0.0,1.243,0.991,0.82,0.685,0.912,0.784,0.0,0.0,0.0,0.0,6.22,0.0,0.092,27.172,62.769,0.0
2018-07-08 01:45:00,0.792,0.0,0.0,0.0,1.244,0.995,0.818,0.687,0.911,0.789,0.0,0.0,0.0,0.0,6.236,0.0,0.06,27.189,62.77,0.0
2018-07-08 02:00:00,0.99,0.0,0.0,0.0,1.253,1.181,0.825,0.855,0.919,0.985,0.0,0.0,0.0,0.0,7.008,0.0,0.06,27.212,62.775,0.0
2018-07-08 02:15:00,0.778,0.0,0.0,0.0,1.235,0.978,0.813,0.675,0.903,0.777,0.0,0.0,0.0,0.0,6.158,0.0,0.093,27.247,62.734,0.0
2018-07-08 02:30:00,0.771,0.0,0.0,0.0,1.241,0.973,0.818,0.667,0.909,0.767,0.0,0.0,0.0,0.0,6.147,0.0,0.075,27.269,62.732,0.0
2018-07-08 02:45:00,0.783,0.0,0.0,0.0,1.24,0.983,0.815,0.679,0.906,0.779,0.0,0.0,0.0,0.0,6.185,0.0,0.06,27.284,62.714,0.0
2018-07-08 03:00:00,0.987,0.0,0.0,0.0,1.249,1.185,0.821,0.857,0.916,0.983,0.0,0.0,0.0,0.0,6.998,0.0,0.073,27.382,62.484,0.0
2018-07-08 03:15:00,0.779,0.0,0.0,0.0,1.242,0.98,0.816,0.671,0.909,0.776,0.0,0.0,0.0,0.0,6.173,0.0,0.095,27.528,62.235,0.0
2018-07-08 03:30:00,0.702,0.0,0.0,0.0,1.247,0.908,0.824,0.605,0.917,0.698,0.0,0.0,0.0,0.0,5.901,0.0,0.061,27.586,61.965,0.0
2018-07-08 03:45:00,0.864,0.0,0.0,0.0,1.243,1.063,0.819,0.746,0.909,0.861,0.0,0.0,0.0,0.0,6.505,0.0,0.061,27.498,62.176,0.0
2018-07-08 04:00:00,0.797,0.0,0.0,0.0,1.254,1.003,0.827,0.69,0.917,0.795,0.0,0.0,0.0,0.0,6.281,0.0,0.089,27.445,62.343,0.0
2018-07-08 04:15:00,0.79,0.0,0.0,0.0,1.245,0.991,0.821,0.679,0.913,0.788,0.0,0.0,0.0,0.0,6.227,0.0,0.075,27.433,62.459,0.0
2018-07-08 04:30:00,0.791,0.0,0.0,0.0,1.239,0.988,0.814,0.68,0.909,0.787,0.0,0.0,0.0,0.0,6.207,0.0,0.061,27.444,62.461,0.0
2018-07-08 04:45:00,1.006,0.0,0.0,0.0,1.246,1.195,0.823,0.871,0.915,1.001,0.0,0.0,0.0,0.0,7.056,0.0,0.075,27.458,62.476,0.0
2018-07-08 05:00:00,0.799,0.0,0.0,0.0,1.241,0.998,0.819,0.692,0.911,0.796,0.0,0.0,0.0,0.0,6.256,0.0,0.093,27.484,62.448,0.0
2018-07-08 05:15:00,1.021,0.0,0.0,0.0,1.264,1.213,0.839,0.887,0.929,1.016,0.0,0.0,0.0,0.0,7.169,0.0,0.06,27.509,62.435,0.0
2018-07-08 05:30:00,0.723,0.077,0.0,0.0,1.246,0.927,0.827,0.631,0.913,0.72,0.0,0.0,0.0,0.0,6.066,0.0,0.063,27.523,62.457,0.0
2018-07-08 05:45:00,0.001,0.335,0.089,0.101,1.078,0.237,0.717,0.0,0.791,0.0,0.0,0.0,0.0,0.0,3.349,0.0,0.093,27.536,62.463,0.0
2018-07-08 06:00:00,0.0,1.13,0.836,0.937,0.0,0.237,0.0,0.0,0.0,0.0,0.0,0.0,0.0,0.0,3.14,0.0,0.076,27.563,62.53,0.0
2018-07-08 06:15:00,0.0,1.137,0.849,0.953,0.0,0.24,0.0,0.0,0.0,0.0,0.0,0.0,0.0,0.0,3.179,0.0,0.06,27.576,62.563,0.0
2018-07-08 06:30:00,0.0,1.137,0.85,0.957,0.0,0.238,0.0,0.0,0.0,0.0,0.0,0.0,0.0,0.0,3.181,0.0,0.074,27.597,62.619,0.0
2018-07-08 06:45:00,0.0,1.131,0.847,0.954,0.0,0.238,0.0,0.0,0.0,0.0,0.0,0.0,0.0,0.0,3.171,0.0,0.093,27.624,62.626,0.0
2018-07-08 07:00:00,0.0,1.133,0.851,0.96,0.0,0.237,0.0,0.0,0.0,0.0,0.0,0.0,0.0,0.0,3.181,0.0,0.061,27.632,62.639,0.0
2018-07-08 07:15:00,0.0,1.142,0.857,0.964,0.0,0.24,0.0,0.0,0.0,0.0,0.0,0.0,0.0,0.0,3.203,0.0,0.061,27.653,62.641,0.0
2018-07-08 07:30:00,0.001,1.144,0.857,0.967,0.0,0.237,0.0,0.0,0.0,0.0,0.0,0.0,0.0,0.0,3.207,0.0,0.098,27.679,62.671,0.0
2018-07-08 07:45:00,0.001,1.141,0.855,0.965,0.0,0.237,0.0,0.0,0.0,0.0,0.0,0.0,0.0,0.0,3.198,0.0,0.073,27.69,62.677,0.0
2018-07-08 08:00:00,0.0,1.149,0.865,0.976,0.0,0.237,0.0,0.0,0.0,0.0,0.0,0.0,0.0,0.0,3.227,0.0,0.061,27.707,62.744,0.0
2018-07-08 08:15:00,0.001,1.152,0.87,0.987,0.0,0.237,0.0,0.0,0.0,0.0,0.0,0.0,0.0,0.0,3.247,0.0,0.079,27.729,62.751,0.0
2018-07-08 08:30:00,0.0,1.159,0.876,0.993,0.0,0.241,0.0,0.0,0.0,0.0,0.0,0.0,0.0,0.0,3.269,0.0,0.093,27.754,62.743,0.0
2018-07-08 08:45:00,0.001,1.16,0.88,0.995,0.0,0.239,0.0,0.0,0.0,0.0,0.0,0.0,0.0,0.0,3.275,0.0,0.061,27.777,62.759,0.0
2018-07-08 09:00:00,0.001,1.163,0.882,0.998,0.0,0.237,0.0,0.0,0.0,0.0,0.0,0.0,0.0,0.0,3.281,0.0,0.06,27.795,62.828,0.0
2018-07-08 09:15:00,0.001,1.165,0.883,0.995,0.0,0.237,0.0,0.0,0.0,0.0,0.0,0.0,0.0,0.0,3.281,0.0,0.095,27.817,62.834,0.0
2018-07-08 09:30:00,0.001,1.171,0.885,1.001,0.0,0.245,0.0,0.0,0.0,0.0,0.0,0.0,0.0,0.0,3.301,0.0,0.076,27.831,62.858,0.0
2018-07-08 09:45:00,0.0,1.175,0.889,1.005,0.0,0.249,0.0,0.0,0.0,0.0,0.0,0.0,0.0,0.0,3.319,0.0,0.061,27.835,62.95,0.0
2018-07-08 10:00:00,0.001,1.169,0.886,0.999,0.0,0.244,0.0,0.0,0.0,0.0,0.0,0.0,0.0,0.0,3.299,0.0,0.073,27.859,63.008,0.0
2018-07-08 10:15:00,0.0,1.186,0.899,1.016,0.0,0.243,0.0,0.0,0.0,0.0,0.0,0.0,0.0,0.0,3.344,0.0,0.096,27.889,63.217,0.0
2018-07-08 10:30:00,0.0,1.193,0.907,1.02,0.0,0.241,0.0,0.0,0.0,0.0,0.0,0.0,0.0,0.0,3.361,0.0,0.062,27.908,63.168,0.0
2018-07-08 10:45:00,0.0,1.191,0.907,1.02,0.0,0.241,0.0,0.0,0.0,0.0,0.0,0.0,0.0,0.0,3.359,0.0,0.06,27.934,63.262,0.0
2018-07-08 11:00:00,0.001,1.197,0.911,1.027,0.0,0.239,0.0,0.0,0.0,0.0,0.0,0.0,0.0,0.0,3.375,0.0,0.092,27.967,63.331,0.0
2018-07-08 11:15:00,0.0,1.207,0.918,1.033,0.0,0.24,0.0,0.0,0.0,0.0,0.0,0.0,0.0,0.0,3.397,0.0,0.083,27.987,63.326,0.0
2018-07-08 11:30:00,0.0,1.217,0.925,1.039,0.0,0.239,0.0,0.0,0.0,0.0,0.0,0.0,0.0,0.0,3.419,0.0,0.061,28.035,63.396,0.0
2018-07-08 11:45:00,0.001,0.66,0.399,0.447,0.997,0.247,0.607,0.0,0.687,0.0,0.0,0.0,0.0,0.0,4.045,0.0,0.065,28.413,63.529,0.0
2018-07-08 12:00:00,0.557,1.0,0.72,0.808,1.389,0.77,0.953,0.473,1.063,0.555,0.0,0.0,0.0,0.0,8.288,0.0,0.097,28.531,63.621,0.0
2018-07-08 12:15:00,0.572,1.033,0.75,0.836,1.378,0.783,0.954,0.487,1.062,0.569,0.0,0.0,0.0,0.0,8.425,0.0,0.069,28.152,63.743,0.0
2018-07-08 12:30:00,0.444,1.033,0.748,0.834,1.385,0.66,0.963,0.379,1.067,0.44,0.0,0.0,0.0,0.0,7.953,0.0,0.06,28.195,63.69,0.0
2018-07-08 12:45:00,0.553,1.038,0.754,0.842,1.387,0.763,0.967,0.471,1.069,0.55,0.0,0.0,0.0,0.0,8.395,0.0,0.081,28.221,63.669,0.0
2018-07-08 13:00:00,0.375,1.037,0.753,0.84,1.385,0.597,0.965,0.322,1.066,0.373,0.0,0.0,0.0,0.0,7.714,0.0,0.093,28.252,63.699,0.0
2018-07-08 13:15:00,0.611,1.031,0.744,0.831,1.409,0.825,0.985,0.523,1.089,0.608,0.0,0.0,0.0,0.0,8.656,0.0,0.06,28.293,63.687,0.0
2018-07-08 13:30:00,0.484,0.965,0.682,0.761,1.389,0.699,0.969,0.414,1.071,0.482,0.0,0.0,0.0,0.0,7.916,0.0,0.06,28.31,63.587,0.0
2018-07-08 13:45:00,0.529,1.111,0.822,0.915,1.395,0.745,0.974,0.456,1.075,0.527,0.0,0.0,0.0,0.0,8.549,0.0,0.096,28.315,63.606,0.0
2018-07-08 14:00:00,0.56,1.023,0.739,0.825,1.393,0.774,0.97,0.481,1.075,0.557,0.0,0.0,0.0,0.0,8.397,0.0,0.079,28.464,63.453,0.0
2018-07-08 14:15:00,0.541,0.849,0.571,0.639,1.402,0.756,0.977,0.463,1.081,0.537,0.0,0.0,0.0,0.0,7.815,0.0,0.064,28.402,63.633,0.0
2018-07-08 14:30:00,0.528,1.037,0.751,0.841,1.391,0.745,0.967,0.456,1.069,0.526,0.0,0.0,0.0,0.0,8.311,0.0,0.069,28.407,63.671,0.0
2018-07-08 14:45:00,0.579,1.036,0.755,0.842,1.407,0.795,0.989,0.5,1.089,0.577,0.0,0.0,0.0,0.0,8.569,0.0,0.098,28.402,63.756,0.0
2018-07-08 15:00:00,0.588,0.759,0.487,0.546,1.385,0.803,0.963,0.507,1.067,0.585,0.0,0.0,0.0,0.0,7.689,0.0,0.069,28.413,63.812,0.0
2018-07-08 15:15:00,0.517,1.106,0.814,0.915,1.4,0.737,0.976,0.445,1.081,0.515,0.0,0.0,0.0,0.0,8.506,0.0,0.06,28.421,63.821,0.0
2018-07-08 15:30:00,0.637,0.828,0.555,0.623,1.386,0.854,0.958,0.549,1.063,0.634,0.0,0.0,0.0,0.0,8.087,0.0,0.08,28.437,63.814,0.0
2018-07-08 15:45:00,0.581,1.022,0.733,0.821,1.373,0.798,0.951,0.502,1.053,0.577,0.0,0.0,0.0,0.0,8.41,0.0,0.095,28.436,63.806,0.0
2018-07-08 16:00:00,0.47,1.041,0.753,0.841,1.379,0.688,0.956,0.405,1.057,0.467,0.0,0.0,0.0,0.0,8.057,0.0,0.06,28.422,63.749,0.0
2018-07-08 16:15:00,0.623,0.828,0.553,0.618,1.357,0.839,0.935,0.536,1.037,0.621,0.0,0.0,0.0,0.0,7.947,0.0,0.061,28.406,63.718,0.0
2018-07-08 16:30:00,0.615,0.98,0.699,0.782,1.389,0.833,0.961,0.534,1.064,0.611,0.0,0.0,0.0,0.0,8.468,0.0,0.093,28.401,63.771,0.0
2018-07-08 16:45:00,0.631,0.821,0.547,0.61,1.365,0.849,0.944,0.55,1.043,0.629,0.0,0.0,0.0,0.0,7.989,0.0,0.083,28.427,63.735,0.0
2018-07-08 17:00:00,0.522,1.107,0.815,0.899,1.384,0.746,0.966,0.455,1.061,0.519,0.0,0.0,0.0,0.0,8.474,0.0,0.06,28.453,63.662,0.0
2018-07-08 17:15:00,0.581,1.037,0.754,0.829,1.377,0.801,0.957,0.502,1.05,0.577,0.0,0.0,0.0,0.0,8.465,0.0,0.067,28.453,63.656,0.0
2018-07-08 17:30:00,0.529,0.953,0.674,0.741,1.368,0.751,0.953,0.461,1.043,0.527,0.0,0.0,0.0,0.0,8.0,0.0,0.098,28.462,63.673,0.0
2018-07-08 17:45:00,0.367,0.913,0.636,0.703,1.387,0.516,0.969,0.319,1.061,0.365,0.0,0.0,0.0,0.0,7.237,0.0,0.069,28.478,63.667,0.0
2018-07-08 18:00:00,0.0,0.905,0.63,0.698,1.353,0.01,0.935,0.0,1.029,0.0,0.0,0.0,0.0,0.0,5.56,0.0,0.06,28.495,63.709,0.0
2018-07-08 18:15:00,0.001,0.453,0.199,0.219,1.343,0.01,0.919,0.0,1.009,0.0,0.0,0.0,0.0,0.0,4.153,0.0,0.082,28.518,63.765,0.0
2018-07-08 18:30:00,0.0,0.589,0.325,0.361,1.345,0.01,0.918,0.0,1.011,0.0,0.0,0.0,0.0,0.0,4.559,0.0,0.095,28.517,63.78,0.0
2018-07-08 18:45:00,0.001,0.529,0.267,0.298,1.331,0.01,0.903,0.0,0.993,0.0,0.0,0.0,0.0,0.0,4.331,0.0,0.06,28.547,63.748,0.0
2018-07-08 19:00:00,0.001,0.502,0.245,0.271,1.305,0.01,0.879,0.0,0.969,0.0,0.0,0.0,0.0,0.0,4.181,0.0,0.061,28.562,63.75,0.0
2018-07-08 19:15:00,0.0,0.493,0.236,0.264,1.298,0.01,0.876,0.0,0.963,0.0,0.0,0.0,0.0,0.0,4.14,0.0,0.093,28.571,63.783,0.0
2018-07-08 19:30:00,0.0,0.401,0.149,0.167,1.295,0.01,0.872,0.0,0.959,0.0,0.0,0.0,0.0,0.0,3.854,0.0,0.085,28.576,63.743,0.0
2018-07-08 19:45:00,0.0,0.501,0.243,0.271,1.31,0.01,0.885,0.0,0.971,0.0,0.0,0.0,0.0,0.0,4.19,0.0,0.06,28.585,63.697,0.0
2018-07-08 20:00:00,0.001,0.499,0.241,0.268,1.289,0.01,0.872,0.0,0.953,0.0,0.0,0.0,0.0,0.0,4.133,0.0,0.068,28.605,63.655,0.0
2018-07-08 20:15:00,0.001,0.516,0.258,0.285,1.285,0.01,0.867,0.0,0.949,0.0,0.0,0.0,0.0,0.0,4.171,0.0,0.098,28.618,63.61,0.0
2018-07-08 20:30:00,0.001,0.494,0.237,0.265,1.281,0.01,0.86,0.0,0.943,0.0,0.0,0.0,0.0,0.0,4.09,0.0,0.075,28.619,63.539,0.0
2018-07-08 20:45:00,0.001,0.482,0.226,0.25,1.294,0.01,0.872,0.0,0.956,0.0,0.0,0.0,0.0,0.0,4.091,0.0,0.06,28.636,63.513,0.0
2018-07-08 21:00:00,0.0,0.415,0.162,0.18,1.3,0.01,0.876,0.0,0.956,0.0,0.0,0.0,0.0,0.0,3.899,0.0,0.075,28.656,63.498,0.0
2018-07-08 21:15:00,0.0,0.452,0.195,0.215,1.294,0.01,0.875,0.0,0.955,0.0,0.0,0.0,0.0,0.0,3.997,0.0,0.097,28.674,63.526,0.0
2018-07-08 21:30:00,0.001,0.455,0.195,0.217,1.287,0.01,0.87,0.0,0.948,0.0,0.0,0.0,0.0,0.0,3.983,0.0,0.065,28.697,63.539,0.0
2018-07-08 21:45:00,0.0,0.478,0.223,0.247,1.282,0.01,0.869,0.0,0.947,0.0,0.0,0.0,0.0,0.0,4.057,0.0,0.06,28.697,63.508,0.0
2018-07-08 22:00:00,0.0,0.515,0.261,0.287,1.303,0.01,0.889,0.0,0.967,0.0,0.0,0.0,0.0,0.0,4.233,0.0,0.088,28.701,63.565,0.0
2018-07-08 22:15:00,0.001,0.507,0.251,0.279,1.289,0.01,0.879,0.0,0.956,0.0,0.0,0.0,0.0,0.0,4.172,0.0,0.089,28.712,63.603,0.0
2018-07-08 22:30:00,0.0,0.369,0.123,0.134,1.281,0.01,0.875,0.0,0.953,0.0,0.0,0.0,0.0,0.0,3.745,0.0,0.06,28.732,63.616,0.0
2018-07-08 22:45:00,0.0,0.484,0.232,0.256,1.283,0.01,0.878,0.0,0.956,0.0,0.0,0.0,0.0,0.0,4.099,0.0,0.061,28.75,63.632,0.0
2018-07-08 23:00:00,0.0,0.475,0.222,0.245,1.293,0.01,0.881,0.0,0.961,0.0,0.0,0.0,0.0,0.0,4.088,0.0,0.097,28.745,63.688,0.0
2018-07-08 23:15:00,0.0,0.485,0.23,0.253,1.277,0.01,0.868,0.0,0.947,0.0,0.0,0.0,0.0,0.0,4.071,0.0,0.074,28.754,63.667,0.0
2018-07-08 23:30:00,0.001,0.405,0.155,0.171,1.277,0.044,0.87,0.0,0.949,0.0,0.0,0.0,0.0,0.0,3.873,0.0,0.063,28.757,63.669,0.0
2018-07-08 23:45:00,0.298,0.114,0.0,0.0,1.265,0.529,0.851,0.257,0.935,0.295,0.0,0.0,0.0,0.0,4.543,0.0,0.075,28.789,63.611,0.0
2018-07-09 00:00:00,0.998,0.0,0.0,0.0,1.264,1.2,0.847,0.875,0.931,0.995,0.0,0.0,0.0,0.0,7.111,0.0,0.096,28.795,63.629,0.0
2018-07-09 00:15:00,1.021,0.0,0.0,0.0,1.269,1.22,0.851,0.901,0.936,1.017,0.0,0.0,0.0,0.0,7.215,0.0,0.065,28.794,63.677,0.0
2018-07-09 00:30:00,1.005,0.0,0.0,0.0,1.254,1.201,0.839,0.886,0.923,1.003,0.0,0.0,0.0,0.0,7.111,0.0,0.06,28.799,63.622,0.0
2018-07-09 00:45:00,1.001,0.0,0.0,0.0,1.253,1.195,0.836,0.883,0.922,0.997,0.0,0.0,0.0,0.0,7.088,0.0,0.087,28.811,63.589,0.0
2018-07-09 01:00:00,0.815,0.0,0.0,0.0,1.27,1.022,0.847,0.718,0.935,0.811,0.0,0.0,0.0,0.0,6.418,0.0,0.093,28.821,63.514,0.0
2018-07-09 01:15:00,1.005,0.0,0.0,0.0,1.257,1.201,0.837,0.886,0.923,1.0,0.0,0.0,0.0,0.0,7.11,0.0,0.06,28.837,63.457,0.0
2018-07-09 01:30:00,0.818,0.0,0.0,0.0,1.266,1.023,0.848,0.727,0.933,0.814,0.0,0.0,0.0,0.0,6.428,0.0,0.06,28.845,63.378,0.0
2018-07-09 01:45:00,0.999,0.0,0.0,0.0,1.253,1.199,0.835,0.883,0.921,0.997,0.0,0.0,0.0,0.0,7.087,0.0,0.093,28.84,63.325,0.0
2018-07-09 02:00:00,0.816,0.0,0.0,0.0,1.261,1.025,0.841,0.723,0.927,0.812,0.0,0.0,0.0,0.0,6.405,0.0,0.088,28.844,63.227,0.0
2018-07-09 02:15:00,1.015,0.0,0.0,0.0,1.273,1.215,0.847,0.893,0.935,1.011,0.0,0.0,0.0,0.0,7.191,0.0,0.06,28.86,63.273,0.0
2018-07-09 02:30:00,0.802,0.0,0.0,0.0,1.253,1.007,0.831,0.705,0.917,0.8,0.0,0.0,0.0,0.0,6.315,0.0,0.06,28.884,63.325,0.0
2018-07-09 02:45:00,1.007,0.0,0.0,0.0,1.249,1.203,0.829,0.882,0.916,1.003,0.0,0.0,0.0,0.0,7.089,0.0,0.099,28.897,62.986,0.0
2018-07-09 03:00:00,1.028,0.0,0.0,0.0,1.272,1.224,0.842,0.9,0.932,1.025,0.0,0.0,0.0,0.0,7.223,0.0,0.078,28.902,62.973,0.0
2018-07-09 03:15:00,0.811,0.0,0.0,0.0,1.256,1.021,0.829,0.711,0.919,0.807,0.0,0.0,0.0,0.0,6.355,0.0,0.06,28.894,62.978,0.0
2018-07-09 03:30:00,0.946,0.0,0.0,0.0,1.255,1.152,0.829,0.83,0.919,0.942,0.0,0.0,0.0,0.0,6.873,0.0,0.071,28.911,62.931,0.0
2018-07-09 03:45:00,0.791,0.0,0.0,0.0,1.267,1.005,0.839,0.694,0.929,0.787,0.0,0.0,0.0,0.0,6.311,0.0,0.098,28.931,62.873,0.0
2018-07-09 04:00:00,0.907,0.0,0.0,0.0,1.267,1.116,0.841,0.795,0.929,0.901,0.0,0.0,0.0,0.0,6.755,0.0,0.073,28.956,62.824,0.0
2018-07-09 04:15:00,1.035,0.0,0.0,0.0,1.287,1.241,0.856,0.909,0.947,1.03,0.0,0.0,0.0,0.0,7.305,0.0,0.06,28.96,62.829,0.0
2018-07-09 04:30:00,1.019,0.0,0.0,0.0,1.258,1.219,0.835,0.894,0.923,1.013,0.0,0.0,0.0,0.0,7.161,0.0,0.076,28.965,62.806,0.0
2018-07-09 04:45:00,0.997,0.0,0.0,0.0,1.243,1.196,0.821,0.873,0.912,0.995,0.0,0.0,0.0,0.0,7.037,0.0,0.097,28.965,62.795,0.0
2018-07-09 05:00:00,0.771,0.0,0.0,0.0,1.258,0.975,0.835,0.669,0.925,0.769,0.0,0.0,0.0,0.0,6.203,0.0,0.065,28.963,62.785,0.0
2018-07-09 05:15:00,0.791,0.0,0.0,0.0,1.266,1.001,0.843,0.689,0.933,0.789,0.0,0.0,0.0,0.0,6.313,0.0,0.061,28.975,62.747,0.0
2018-07-09 05:30:00,0.616,0.083,0.0,0.0,1.255,0.831,0.838,0.54,0.927,0.613,0.0,0.0,0.0,0.0,5.702,0.0,0.085,28.996,62.681,0.0
2018-07-09 05:45:00,0.001,0.379,0.131,0.148,1.018,0.237,0.683,0.0,0.755,0.0,0.0,0.0,0.0,0.0,3.352,0.0,0.089,29.12,62.67,0.0
2018-07-09 06:00:00,0.0,1.124,0.841,0.947,0.0,0.237,0.0,0.0,0.0,0.0,0.0,0.0,0.0,0.0,3.149,0.0,0.061,29.18,62.73,0.0
2018-07-09 06:15:00,0.001,1.131,0.86,0.965,0.0,0.24,0.0,0.0,0.0,0.0,0.0,0.0,0.0,0.0,3.197,0.086,0.071,29.34,62.73,0.133
2018-07-09 06:30:00,0.0,1.128,0.854,0.964,0.0,0.237,0.0,0.0,0.0,0.0,0.0,0.0,0.0,0.0,3.183,0.367,0.205,29.447,62.849,2.667
2018-07-09 06:45:00,0.0,1.137,0.856,0.972,0.0,0.241,0.0,0.0,0.0,0.0,0.0,0.0,0.0,0.0,3.205,0.368,0.221,29.54,62.954,3.0
2018-07-09 07:00:00,0.0,1.125,0.842,0.961,0.0,0.247,0.0,0.0,0.0,0.0,0.0,0.0,0.0,0.0,3.176,0.37,0.204,29.733,63.139,3.0
2018-07-09 07:15:00,0.0,1.143,0.855,0.977,0.0,0.243,0.0,0.0,0.0,0.0,0.0,0.0,0.0,0.0,3.217,0.37,0.225,29.102,63.387,3.0
2018-07-09 07:30:00,8.561,1.157,0.867,0.993,0.0,0.422,0.0,0.161,0.0,0.191,0.0,0.0,0.0,0.0,12.353,0.504,0.251,28.794,62.955,3.0
2018-07-09 07:45:00,27.888,1.151,0.876,1.0,0.0,0.237,0.0,0.0,0.0,0.0,0.0,0.0,0.0,0.0,31.152,1.406,0.428,26.801,63.361,66.2
2018-07-09 08:00:00,27.218,1.152,0.879,1.007,0.0,0.237,0.0,0.0,0.0,0.0,0.0,0.0,0.0,0.0,30.493,1.407,0.568,25.421,64.859,100.2
2018-07-09 08:15:00,27.51,1.149,0.878,1.011,0.0,0.237,0.0,0.0,0.0,0.0,0.0,0.0,0.0,0.0,30.786,1.41,0.549,24.966,66.125,100.0
2018-07-09 08:30:00,27.555,1.16,0.881,1.015,0.0,0.358,0.0,0.107,0.0,0.128,0.0,0.0,0.0,0.0,31.205,1.468,0.375,24.514,66.807,101.0
2018-07-09 08:45:00,27.055,1.153,0.875,1.002,0.0,0.24,0.0,0.0,0.0,0.0,0.0,0.0,0.0,0.0,30.324,1.706,0.417,24.29,66.351,101.867
2018-07-09 09:00:00,27.306,1.16,0.878,1.012,0.0,0.237,0.0,0.0,0.0,0.0,0.0,0.0,0.0,0.0,30.593,2.05,0.347,23.907,66.219,101.133
2018-07-09 09:15:00,27.486,1.167,0.885,1.018,0.0,0.237,0.0,0.0,0.0,0.0,0.0,0.0,0.0,0.0,30.794,2.057,0.463,23.809,66.125,101.6
2018-07-09 09:30:00,27.711,1.166,0.888,1.02,0.0,0.237,0.0,0.0,0.0,0.0,0.0,0.0,0.0,0.0,31.023,2.049,0.471,23.769,66.223,100.643
2018-07-09 09:45:00,27.627,1.167,0.886,1.02,0.0,0.24,0.0,0.0,0.0,0.0,0.0,0.0,0.0,0.0,30.94,2.049,0.491,23.732,66.513,98.25
2018-07-09 10:00:00,27.617,1.177,0.889,1.027,0.0,0.237,0.0,0.0,0.0,0.0,0.0,0.0,0.0,0.0,30.949,2.293,0.643,23.679,66.369,102.0
2018-07-09 10:15:00,27.575,1.175,0.888,1.023,0.0,0.237,0.0,0.0,0.0,0.0,0.0,0.0,0.0,0.0,30.899,2.437,0.918,23.541,67.237,102.533
2018-07-09 10:30:00,28.059,1.186,0.9,1.035,0.0,0.237,0.0,0.0,0.0,0.0,0.0,0.0,0.0,0.0,31.418,2.428,1.141,23.506,67.773,102.267
2018-07-09 10:45:00,28.284,1.187,0.902,1.037,0.0,0.237,0.0,0.0,0.0,0.0,0.0,0.0,0.0,0.0,31.647,2.426,0.815,23.529,67.299,102.867
2018-07-09 11:00:00,28.099,1.196,0.912,1.046,0.0,0.24,0.0,0.0,0.0,0.0,0.0,0.0,0.0,0.0,31.493,2.417,0.856,23.482,67.582,106.067
2018-07-09 11:15:00,28.515,1.185,0.899,1.035,0.0,0.237,0.0,0.0,0.0,0.0,0.0,0.0,0.0,0.0,31.871,2.421,0.937,23.433,67.683,109.467
2018-07-09 11:30:00,28.235,1.195,0.9,1.04,0.0,0.237,0.0,0.0,0.0,0.0,0.0,0.0,0.0,0.0,31.607,2.445,0.57,23.415,67.764,108.467
2018-07-09 11:45:00,28.157,1.197,0.901,1.043,0.703,0.247,0.321,0.0,0.37,0.0,0.0,0.0,0.0,0.0,32.939,2.153,0.44,23.427,67.952,106.154
2018-07-09 12:00:00,27.959,1.204,0.907,1.049,1.132,0.25,0.695,0.0,0.795,0.0,0.0,0.0,0.0,0.0,33.991,1.908,0.431,23.263,68.373,105.333
2018-07-09 12:15:00,27.75,1.164,0.864,1.002,1.357,0.247,0.912,0.0,1.04,0.0,0.0,0.0,0.0,0.0,34.336,1.767,0.414,23.241,67.624,105.8
2018-07-09 12:30:00,28.637,0.416,0.163,0.188,0.569,0.551,0.185,0.268,0.212,0.325,0.0,0.0,0.0,0.0,31.515,1.766,0.52,23.363,69.196,105.4
2018-07-09 12:45:00,28.716,0.381,0.131,0.151,1.007,0.568,0.586,0.285,0.676,0.344,0.0,0.0,0.0,0.0,32.845,1.758,0.465,23.31,70.161,105.867
2018-07-09 13:00:00,29.835,0.827,0.557,0.641,0.491,0.59,0.119,0.312,0.137,0.371,0.0,0.0,0.0,0.0,33.88,1.84,0.492,23.399,70.375,107.133
2018-07-09 13:15:00,29.232,0.298,0.059,0.068,0.901,0.528,0.501,0.259,0.573,0.307,0.0,0.0,0.0,0.0,32.725,1.891,0.564,23.404,70.164,110.0
2018-07-09 13:30:00,29.219,0.24,0.0,0.0,1.023,0.731,0.611,0.438,0.699,0.517,0.0,0.0,0.0,0.0,33.478,1.893,0.554,23.379,70.295,110.333
2018-07-09 13:45:00,29.215,0.24,0.0,0.0,0.966,0.711,0.56,0.419,0.636,0.497,0.0,0.0,0.0,0.0,33.245,2.38,0.623,23.462,69.875,110.667
2018-07-09 14:00:00,29.525,0.452,0.197,0.229,1.255,0.593,0.826,0.314,0.937,0.373,0.0,0.0,0.0,0.0,34.701,2.609,0.617,23.54,70.053,111.571
2018-07-09 14:15:00,29.173,0.24,0.0,0.0,0.967,0.605,0.561,0.326,0.638,0.387,0.0,0.0,0.0,0.0,32.898,2.617,0.471,23.519,69.481,110.929
2018-07-09 14:30:00,29.28,0.24,0.0,0.0,0.877,0.573,0.476,0.298,0.545,0.354,0.0,0.0,0.0,0.0,32.644,2.627,0.458,23.476,69.063,111.0
2018-07-09 14:45:00,28.993,0.379,0.129,0.149,0.909,0.646,0.502,0.359,0.577,0.429,0.0,0.0,0.0,0.0,33.072,2.627,0.528,23.549,68.673,108.0
2018-07-09 15:00:00,28.751,0.24,0.0,0.0,0.979,0.657,0.56,0.369,0.645,0.438,0.0,0.0,0.0,0.0,32.638,2.633,0.493,23.399,69.299,106.4
2018-07-09 15:15:00,28.918,0.24,0.0,0.0,1.025,0.641,0.608,0.358,0.696,0.426,0.0,0.0,0.0,0.0,32.913,2.635,0.535,23.428,69.416,108.867
2018-07-09 15:30:00,29.339,0.24,0.0,0.0,0.964,0.602,0.552,0.321,0.632,0.385,0.0,0.0,0.001,0.0,33.035,2.485,0.535,23.455,69.581,109.4
2018-07-09 15:45:00,28.723,0.24,0.0,0.0,1.068,0.717,0.644,0.423,0.739,0.503,0.0,0.0,0.0,0.0,33.056,2.17,0.496,23.536,69.36,101.133
2018-07-09 16:00:00,29.068,0.367,0.116,0.135,1.057,0.568,0.637,0.293,0.728,0.347,0.0,0.0,0.0,0.0,33.315,2.101,0.413,23.523,69.439,105.4
2018-07-09 16:15:00,29.381,0.377,0.129,0.15,1.354,0.638,0.927,0.357,1.045,0.423,0.0,0.0,0.0,0.0,34.781,2.057,0.417,23.72,70.865,106.4
2018-07-09 16:30:00,28.826,0.581,0.317,0.365,1.349,0.573,0.922,0.298,1.043,0.354,0.0,0.0,0.0,0.0,34.627,2.092,0.493,23.536,69.397,103.867
2018-07-09 16:45:00,20.669,0.957,0.663,0.765,1.381,0.609,0.947,0.324,1.069,0.387,0.0,0.0,0.0,0.0,27.773,2.108,0.625,23.403,69.847,105.4
2018-07-09 17:00:00,15.349,0.985,0.691,0.797,1.355,0.523,0.923,0.243,1.044,0.293,0.0,0.0,0.0,0.0,22.203,1.946,0.498,24.303,68.203,94.0
2018-07-09 17:15:00,24.779,0.612,0.347,0.406,0.948,0.461,0.539,0.186,0.621,0.231,0.0,0.0,0.0,0.0,29.129,1.867,0.343,24.031,67.087,90.533
2018-07-09 17:30:00,25.622,0.873,0.589,0.695,0.366,0.454,0.0,0.187,0.0,0.229,0.0,0.0,0.0,0.0,29.015,1.465,0.211,23.267,70.485,48.692
2018-07-09 17:45:00,25.663,0.685,0.418,0.498,0.37,0.378,0.0,0.188,0.0,0.23,0.0,0.0,0.0,0.0,28.43,1.476,0.163,23.326,70.88,54.733
2018-07-09 18:00:00,25.124,0.675,0.409,0.482,0.374,0.01,0.0,0.0,0.0,0.0,0.0,0.0,0.0,0.0,27.073,1.368,0.185,22.707,70.864,3.933
2018-07-09 18:15:00,25.091,0.24,0.0,0.0,0.376,0.01,0.0,0.0,0.0,0.0,0.0,0.0,0.0,0.0,25.717,1.37,0.187,22.341,70.883,3.533
2018-07-09 18:30:00,25.302,0.24,0.0,0.0,0.376,0.01,0.0,0.0,0.0,0.0,0.0,0.0,0.0,0.0,25.928,1.37,0.139,22.477,73.303,3.067
2018-07-09 18:45:00,25.572,0.24,0.0,0.0,0.376,0.01,0.0,0.0,0.0,0.0,0.0,0.0,0.0,0.0,26.198,1.379,0.119,22.638,74.479,3.933
2018-07-09 19:00:00,25.573,0.24,0.0,0.0,0.38,0.01,0.0,0.0,0.0,0.0,0.0,0.0,0.0,0.0,26.203,1.387,0.092,22.621,73.932,4.0
2018-07-09 19:15:00,25.332,0.24,0.0,0.0,0.376,0.01,0.0,0.0,0.0,0.0,0.0,0.0,0.0,0.0,25.958,1.374,0.09,22.586,73.797,3.692
2018-07-09 19:30:00,24.975,0.24,0.0,0.0,0.376,0.01,0.0,0.0,0.0,0.0,0.0,0.0,0.0,0.0,25.601,1.312,0.113,22.539,74.408,3.846
2018-07-09 19:45:00,7.023,0.485,0.227,0.265,0.931,0.01,0.512,0.0,0.591,0.0,0.0,0.0,0.0,0.0,10.045,1.365,0.097,22.976,73.89,3.4
2018-07-09 20:00:00,0.0,0.24,0.0,0.0,1.233,0.01,0.793,0.0,0.905,0.0,0.0,0.0,0.0,0.0,3.181,0.872,0.09,24.26,71.675,3.0
2018-07-09 20:15:00,0.001,0.24,0.0,0.0,1.224,0.01,0.791,0.0,0.901,0.0,0.0,0.0,0.0,0.0,3.167,0.126,0.083,25.159,70.268,1.4
2018-07-09 20:30:00,0.001,0.353,0.103,0.119,1.213,0.01,0.788,0.0,0.895,0.0,0.0,0.0,0.0,0.0,3.481,0.0,0.069,25.513,67.733,0.0
2018-07-09 20:45:00,0.001,0.24,0.0,0.0,1.197,0.01,0.774,0.0,0.876,0.0,0.0,0.0,0.0,0.0,3.098,0.0,0.052,25.753,66.588,0.0
2018-07-09 21:00:00,0.001,0.24,0.0,0.0,1.19,0.01,0.763,0.0,0.869,0.0,0.0,0.0,0.0,0.0,3.072,0.0,0.063,25.983,65.679,0.0
2018-07-09 21:15:00,0.001,0.241,0.0,0.0,1.212,0.01,0.776,0.0,0.885,0.0,0.0,0.0,0.0,0.0,3.125,0.0,0.08,26.295,65.023,0.0
2018-07-09 21:30:00,0.0,0.241,0.0,0.0,1.221,0.01,0.79,0.0,0.895,0.0,0.0,0.0,0.0,0.0,3.156,0.0,0.052,26.262,64.431,0.0
2018-07-09 21:45:00,0.001,0.331,0.08,0.092,1.217,0.01,0.786,0.0,0.888,0.0,0.0,0.0,0.0,0.0,3.405,0.0,0.052,26.393,64.009,0.0
2018-07-09 22:00:00,0.001,0.247,0.0,0.0,1.207,0.01,0.777,0.0,0.877,0.0,0.0,0.0,0.0,0.0,3.118,0.0,0.089,26.525,63.548,0.0
2018-07-09 22:15:00,0.001,0.247,0.0,0.0,1.242,0.01,0.805,0.0,0.907,0.0,0.0,0.0,0.0,0.0,3.213,0.0,0.058,26.641,63.309,0.0
2018-07-09 22:30:00,0.0,0.25,0.0,0.0,1.229,0.01,0.798,0.0,0.897,0.0,0.0,0.0,0.0,0.0,3.183,0.0,0.053,26.798,63.217,0.0
2018-07-09 22:45:00,0.001,0.249,0.0,0.0,1.214,0.01,0.786,0.0,0.883,0.0,0.0,0.0,0.0,0.0,3.143,0.0,0.079,26.855,63.174,0.0
2018-07-09 23:00:00,0.001,0.246,0.0,0.0,1.207,0.01,0.778,0.0,0.876,0.0,0.0,0.0,0.0,0.0,3.117,0.0,0.07,26.917,63.184,0.0
2018-07-09 23:15:00,0.0,0.335,0.086,0.099,1.22,0.01,0.789,0.0,0.888,0.0,0.0,0.0,0.0,0.0,3.427,0.0,0.052,26.995,63.192,0.0
2018-07-09 23:30:00,0.0,0.24,0.0,0.0,1.207,0.045,0.781,0.0,0.877,0.0,0.0,0.0,0.0,0.0,3.15,0.0,0.064,27.401,63.248,0.0
2018-07-09 23:45:00,0.36,0.105,0.0,0.0,1.221,0.586,0.793,0.299,0.887,0.359,0.0,0.0,0.0,0.0,4.609,0.0,0.087,27.213,63.164,0.0
2018-07-10 00:00:00,0.96,0.0,0.0,0.0,1.257,1.155,0.825,0.811,0.923,0.954,0.0,0.0,0.0,0.0,6.885,0.0,0.052,27.375,62.825,0.0
2018-07-10 00:15:00,1.004,0.0,0.0,0.0,1.271,1.195,0.842,0.861,0.939,0.999,0.0,0.0,0.0,0.0,7.111,0.0,0.052,27.468,62.792,0.0
2018-07-10 00:30:00,0.965,0.0,0.0,0.0,1.254,1.15,0.831,0.823,0.928,0.961,0.0,0.0,0.0,0.0,6.912,0.0,0.087,27.513,62.715,0.0
2018-07-10 00:45:00,0.979,0.0,0.0,0.0,1.256,1.165,0.832,0.837,0.927,0.973,0.0,0.0,0.0,0.0,6.969,0.0,0.059,27.526,62.747,0.0
2018-07-10 01:00:00,0.977,0.0,0.0,0.0,1.256,1.164,0.831,0.837,0.927,0.974,0.0,0.0,0.0,0.0,6.966,0.0,0.051,27.511,63.301,0.0
2018-07-10 01:15:00,1.003,0.0,0.0,0.0,1.263,1.191,0.837,0.864,0.933,0.999,0.0,0.0,0.0,0.0,7.089,0.0,0.074,27.523,63.527,0.0
2018-07-10 01:30:00,1.008,0.0,0.0,0.0,1.271,1.195,0.842,0.868,0.938,1.005,0.0,0.0,0.0,0.0,7.127,0.0,0.075,27.515,63.323,0.0
2018-07-10 01:45:00,0.995,0.0,0.0,0.0,1.26,1.185,0.835,0.854,0.929,0.99,0.0,0.0,0.0,0.0,7.049,0.0,0.051,27.491,63.321,0.0
2018-07-10 02:00:00,0.991,0.0,0.0,0.0,1.257,1.181,0.831,0.851,0.926,0.987,0.0,0.0,0.0,0.0,7.023,0.0,0.062,27.492,63.331,0.0
2018-07-10 02:15:00,0.791,0.0,0.0,0.0,1.251,0.991,0.827,0.679,0.922,0.787,0.0,0.0,0.0,0.0,6.249,0.0,0.085,27.517,63.382,0.0
2018-07-10 02:30:00,1.005,0.0,0.0,0.0,1.27,1.201,0.843,0.865,0.937,1.001,0.0,0.0,0.0,0.0,7.122,0.0,0.051,27.535,63.423,0.0
2018-07-10 02:45:00,0.987,0.0,0.0,0.0,1.251,1.183,0.826,0.849,0.919,0.985,0.0,0.0,0.0,0.0,7.0,0.0,0.052,27.551,63.35,0.0
2018-07-10 03:00:00,0.987,0.0,0.0,0.0,1.259,1.181,0.832,0.849,0.925,0.983,0.0,0.0,0.0,0.0,7.015,0.0,0.088,27.575,63.344,0.0
2018-07-10 03:15:00,0.987,0.0,0.0,0.0,1.243,1.181,0.816,0.85,0.913,0.985,0.0,0.0,0.0,0.0,6.975,0.0,0.061,27.624,63.319,0.0
2018-07-10 03:30:00,0.991,0.0,0.0,0.0,1.234,1.182,0.805,0.851,0.901,0.987,0.0,0.0,0.0,0.0,6.952,0.0,0.051,27.646,63.202,0.0
2018-07-10 03:45:00,0.984,0.0,0.0,0.0,1.244,1.177,0.811,0.843,0.908,0.981,0.0,0.0,0.0,0.0,6.947,0.0,0.074,27.68,63.305,0.0
2018-07-10 04:00:00,0.983,0.0,0.0,0.0,1.228,1.175,0.8,0.843,0.897,0.98,0.0,0.0,0.0,0.0,6.907,0.0,0.078,27.713,63.295,0.0
2018-07-10 04:15:00,0.982,0.0,0.0,0.0,1.222,1.172,0.795,0.841,0.893,0.978,0.0,0.0,0.0,0.0,6.883,0.0,0.052,27.733,63.336,0.0
2018-07-10 04:30:00,0.99,0.0,0.0,0.0,1.221,1.18,0.796,0.853,0.891,0.986,0.0,0.0,0.0,0.0,6.917,0.0,0.056,27.741,63.3,0.0
2018-07-10 04:45:00,1.0,0.0,0.0,0.0,1.261,1.191,0.833,0.86,0.927,0.996,0.0,0.0,0.0,0.0,7.068,0.0,0.09,27.751,63.299,0.0
2018-07-10 05:00:00,0.988,0.0,0.0,0.0,1.251,1.175,0.827,0.849,0.921,0.983,0.0,0.0,0.0,0.0,6.993,0.0,0.062,27.774,63.29,0.0
2018-07-10 05:15:00,0.779,0.0,0.0,0.0,1.244,0.979,0.82,0.671,0.912,0.775,0.0,0.0,0.0,0.0,6.179,0.0,0.053,27.778,63.305,0.0
2018-07-10 05:30:00,0.658,0.189,0.095,0.11,1.252,0.87,0.83,0.574,0.921,0.656,0.0,0.0,0.0,0.0,6.155,0.0,0.071,27.812,63.251,0.0
2018-07-10 05:45:00,0.001,0.331,0.085,0.097,1.055,0.24,0.686,0.0,0.771,0.0,0.0,0.0,0.0,0.0,3.267,0.0,0.079,27.835,63.191,0.0
2018-07-10 06:00:00,0.0,1.089,0.793,0.907,0.0,0.237,0.0,0.0,0.0,0.0,0.0,0.0,0.0,0.0,3.027,0.185,0.056,27.855,63.353,27.933
2018-07-10 06:15:00,0.001,1.094,0.806,0.925,0.0,0.237,0.0,0.0,0.0,0.0,0.0,0.0,0.0,0.0,3.063,0.031,0.06,27.868,63.53,41.5
2018-07-10 06:30:00,0.0,1.097,0.814,0.935,0.0,0.237,0.0,0.0,0.0,0.0,0.0,0.0,0.0,0.0,3.083,0.0,0.091,27.955,63.664,3.0
2018-07-10 06:45:00,0.0,1.101,0.813,0.939,0.0,0.24,0.0,0.0,0.0,0.0,0.0,0.0,0.0,0.0,3.093,0.163,0.189,28.018,63.927,3.0
2018-07-10 07:00:00,0.0,1.103,0.809,0.937,0.0,0.237,0.0,0.0,0.0,0.0,0.0,0.0,0.0,0.0,3.087,0.369,0.193,28.2,64.353,3.0
2018-07-10 07:15:00,0.0,1.107,0.811,0.943,0.0,0.237,0.0,0.0,0.0,0.0,0.0,0.0,0.0,0.0,3.098,0.37,0.268,28.267,64.437,3.0
2018-07-10 07:30:00,7.965,1.111,0.814,0.946,0.0,0.24,0.0,0.0,0.0,0.0,0.0,0.0,0.0,0.0,11.075,0.653,0.269,28.087,64.887,6.267
2018-07-10 07:45:00,26.395,1.121,0.84,0.969,0.0,0.24,0.0,0.0,0.0,0.0,0.0,0.0,0.0,0.0,29.565,1.683,0.354,25.646,66.235,87.133
2018-07-10 08:00:00,26.685,1.113,0.835,0.965,0.0,0.237,0.0,0.0,0.0,0.0,0.0,0.0,0.0,0.0,29.835,1.655,0.433,24.477,68.157,100.6
2018-07-10 08:15:00,27.239,1.133,0.851,0.983,0.0,0.587,0.0,0.313,0.0,0.373,0.0,0.0,0.0,0.0,31.479,1.68,0.577,24.124,68.586,100.4
2018-07-10 08:30:00,27.089,1.143,0.857,0.992,0.0,0.315,0.0,0.07,0.0,0.081,0.0,0.0,0.0,0.0,30.547,1.774,0.433,23.817,69.241,100.667
2018-07-10 08:45:00,26.941,1.143,0.858,0.994,0.0,0.237,0.0,0.0,0.0,0.0,0.0,0.0,0.0,0.0,30.173,2.03,0.436,23.401,67.834,100.933
2018-07-10 09:00:00,27.357,1.152,0.868,1.006,0.0,0.24,0.0,0.0,0.0,0.0,0.0,0.0,0.0,0.0,30.623,2.018,0.727,23.145,68.249,100.533
2018-07-10 09:15:00,27.241,1.155,0.863,1.001,0.0,0.237,0.0,0.0,0.0,0.0,0.0,0.0,0.0,0.0,30.497,2.052,0.559,23.256,68.483,101.333
2018-07-10 09:30:00,27.412,1.158,0.864,1.003,0.0,0.237,0.0,0.0,0.0,0.0,0.0,0.0,0.0,0.0,30.674,2.057,0.699,22.857,68.293,102.8
2018-07-10 09:45:00,28.255,1.162,0.869,1.005,0.0,0.24,0.0,0.0,0.0,0.0,0.0,0.0,0.0,0.0,31.531,2.047,0.853,22.747,68.409,101.933
2018-07-10 10:00:00,27.935,1.171,0.883,1.018,0.0,0.237,0.0,0.0,0.0,0.0,0.0,0.0,0.0,0.0,31.244,2.034,0.684,22.735,68.603,101.733
2018-07-10 10:15:00,28.818,1.168,0.881,1.016,0.0,0.237,0.0,0.0,0.0,0.0,0.0,0.0,0.0,0.0,32.12,2.012,0.482,22.703,69.284,101.733
2018-07-10 10:30:00,28.405,1.17,0.879,1.015,0.0,0.237,0.0,0.0,0.0,0.0,0.0,0.0,0.0,0.0,31.705,2.078,0.563,22.868,69.998,101.8
2018-07-10 10:45:00,27.843,1.179,0.884,1.022,0.0,0.237,0.0,0.0,0.0,0.0,0.0,0.0,0.0,0.0,31.165,2.081,0.494,22.685,69.173,102.533
2018-07-10 11:00:00,28.33,1.19,0.899,1.038,0.0,0.24,0.0,0.0,0.0,0.0,0.0,0.0,0.0,0.0,31.697,2.077,0.657,22.735,70.32,103.0
2018-07-10 11:15:00,29.147,1.195,0.901,1.042,0.0,0.237,0.0,0.0,0.0,0.0,0.0,0.0,0.0,0.0,32.522,1.751,0.431,22.829,70.469,102.667
2018-07-10 11:30:00,28.747,1.205,0.906,1.05,0.0,0.237,0.0,0.0,0.0,0.0,0.0,0.0,0.0,0.0,32.145,1.738,0.556,22.909,71.073,102.867
2018-07-10 11:45:00,28.43,1.19,0.889,1.033,0.511,0.247,0.159,0.0,0.185,0.0,0.0,0.0,0.0,0.0,32.644,1.764,0.423,22.763,69.924,103.8
2018-07-10 12:00:00,29.363,1.191,0.89,1.037,0.542,0.361,0.149,0.101,0.173,0.121,0.0,0.0,0.0,0.0,33.929,1.76,0.465,22.662,70.151,103.867
2018-07-10 12:15:00,27.583,1.093,0.804,0.931,1.351,0.329,0.911,0.079,1.038,0.097,0.0,0.0,0.0,0.0,34.216,1.743,0.391,22.77,70.759,103.0
2018-07-10 12:30:00,28.631,0.589,0.329,0.382,0.606,0.463,0.223,0.193,0.253,0.237,0.0,0.0,0.0,0.0,31.907,1.749,0.559,22.691,71.325,103.0
2018-07-10 12:45:00,28.519,0.873,0.597,0.689,0.505,0.349,0.127,0.097,0.148,0.117,0.0,0.0,0.0,0.0,32.021,1.741,0.461,22.944,72.441,102.067
2018-07-10 13:00:00,30.078,0.377,0.138,0.158,0.574,0.457,0.198,0.194,0.224,0.231,0.0,0.0,0.0,0.0,32.63,1.979,0.451,22.885,71.87,101.364
2018-07-10 13:15:00,19.233,0.439,0.193,0.223,2.022,0.758,1.338,0.334,1.518,0.399,0.0,0.002,0.001,0.001,21.339,2.055,0.489,23.128,74.422,102.154
2018-07-10 13:30:00,17.434,1.002,0.716,0.824,1.352,0.569,0.929,0.293,1.044,0.349,0.0,0.0,0.512,0.0,25.025,2.271,0.622,23.547,74.808,103.0
2018-07-10 13:45:00,29.595,1.017,0.736,0.842,1.022,0.406,0.624,0.15,0.7,0.177,0.0,0.0,1.489,0.0,36.759,2.452,0.5,23.715,70.933,103.0
2018-07-10 14:00:00,30.1,1.207,0.914,1.041,0.363,0.237,0.0,0.0,0.0,0.0,0.0,0.0,1.0,0.0,34.862,2.45,0.854,23.241,69.984,103.533
2018-07-10 14:15:00,30.064,1.207,0.913,1.043,0.37,0.315,0.0,0.065,0.0,0.079,0.0,0.0,0.892,0.0,34.948,2.455,0.615,23.134,70.335,103.8
2018-07-10 14:30:00,29.787,1.014,0.728,0.834,1.135,0.383,0.709,0.127,0.805,0.153,0.0,0.0,0.832,0.0,36.506,2.457,0.459,22.926,70.379,103.0
2018-07-10 14:45:00,23.544,0.931,0.652,0.747,1.315,0.353,0.877,0.1,0.998,0.12,0.0,0.0,1.101,0.0,30.738,2.466,0.527,22.803,70.4,103.6
2018-07-10 15:00:00,17.875,1.073,0.782,0.9,0.928,0.55,0.521,0.273,0.591,0.326,0.0,0.0,1.062,0.0,24.88,2.473,0.543,23.39,75.004,103.733
2018-07-10 15:15:00,24.305,0.96,0.675,0.776,1.359,0.52,0.921,0.245,1.044,0.293,0.0,0.0,1.302,0.0,32.4,2.466,0.597,23.685,73.525,103.0
2018-07-10 15:30:00,29.243,0.594,0.333,0.383,0.956,0.237,0.55,0.0,0.623,0.0,0.0,0.0,0.541,0.0,33.46,2.469,0.569,22.81,67.782,103.769
2018-07-10 15:45:00,29.489,0.587,0.32,0.374,0.631,0.489,0.243,0.217,0.28,0.262,0.0,0.0,0.175,0.0,33.065,2.329,0.535,22.681,69.879,103.933
2018-07-10 16:00:00,29.131,0.707,0.435,0.501,1.143,0.38,0.719,0.122,0.82,0.147,0.0,0.0,0.0,0.0,34.105,2.121,0.72,22.869,71.211,103.0
2018-07-10 16:15:00,29.267,0.739,0.471,0.542,0.661,0.455,0.278,0.19,0.314,0.227,0.0,0.0,0.0,0.0,33.145,2.073,0.993,22.809,70.863,102.4
2018-07-10 16:30:00,28.567,0.361,0.112,0.129,0.991,0.451,0.577,0.187,0.66,0.226,0.0,0.0,0.0,0.0,32.261,2.098,0.645,22.765,70.352,103.0
2018-07-10 16:45:00,20.409,0.698,0.421,0.49,0.568,0.437,0.181,0.171,0.21,0.207,0.0,0.0,0.0,0.0,23.792,2.112,0.562,22.636,70.012,103.0
2018-07-10 17:00:00,4.321,0.495,0.235,0.271,1.339,1.043,0.89,0.712,1.02,0.843,0.0,0.0,0.0,0.0,11.169,2.066,0.375,23.751,67.293,94.4
2018-07-10 17:15:00,27.937,0.4,0.15,0.171,1.324,0.265,0.883,0.016,1.01,0.019,0.0,0.0,0.0,0.0,32.176,2.049,0.369,23.503,68.563,90.4
2018-07-10 17:30:00,27.956,0.623,0.358,0.409,1.335,0.441,0.9,0.177,1.023,0.209,0.0,0.0,0.0,0.0,33.431,1.969,0.241,22.746,70.069,87.667
2018-07-10 17:45:00,27.534,0.681,0.41,0.471,0.729,0.402,0.142,0.11,0.161,0.132,0.0,0.001,0.002,0.001,24.933,1.697,0.227,22.443,69.751,37.667
2018-07-10 18:00:00,27.061,0.497,0.242,0.276,0.366,0.01,0.0,0.0,0.0,0.0,0.0,0.0,0.0,0.0,28.453,1.564,0.214,22.286,70.495,53.733
2018-07-10 18:15:00,26.935,0.24,0.0,0.0,0.366,0.01,0.0,0.0,0.0,0.0,0.0,0.0,0.0,0.0,27.551,1.367,0.136,22.24,72.201,3.333
2018-07-10 18:30:00,26.913,0.24,0.0,0.0,0.373,0.01,0.0,0.0,0.0,0.0,0.0,0.0,0.0,0.0,27.535,1.363,0.111,22.495,74.8,3.0
2018-07-10 18:45:00,26.965,0.237,0.0,0.0,0.372,0.01,0.0,0.0,0.0,0.0,0.0,0.0,0.0,0.0,27.585,1.345,0.119,22.591,75.009,3.0
2018-07-10 19:00:00,26.885,0.24,0.0,0.0,0.462,0.012,0.0,0.0,0.0,0.0,0.0,0.001,0.001,0.0,23.953,1.367,0.097,22.627,75.403,3.0
2018-07-10 19:15:00,26.778,0.24,0.0,0.0,0.376,0.01,0.0,0.0,0.0,0.0,0.0,0.0,0.0,0.0,27.404,1.37,0.105,22.669,75.369,3.0
2018-07-10 19:30:00,26.771,0.24,0.0,0.0,0.376,0.01,0.0,0.0,0.0,0.0,0.0,0.0,0.0,0.0,27.397,1.377,0.126,22.639,75.333,3.0
2018-07-10 19:45:00,26.891,0.24,0.0,0.0,0.38,0.01,0.0,0.0,0.0,0.0,0.0,0.0,0.0,0.0,27.521,1.377,0.1,22.645,75.434,3.0
2018-07-10 20:00:00,1.432,0.416,0.163,0.185,1.167,0.01,0.732,0.0,0.827,0.0,0.0,0.0,0.0,0.0,4.931,1.232,0.093,23.273,74.199,3.0
2018-07-10 20:15:00,0.0,0.24,0.0,0.0,1.28,0.01,0.843,0.0,0.947,0.0,0.0,0.0,0.0,0.0,3.321,0.803,0.12,24.41,70.405,2.667
2018-07-10 20:30:00,0.0,0.24,0.0,0.0,1.291,0.01,0.859,0.0,0.959,0.0,0.0,0.0,0.0,0.0,3.358,0.0,0.055,24.942,67.998,0.133
2018-07-10 20:45:00,0.0,0.245,0.0,0.0,1.299,0.01,0.862,0.0,0.961,0.0,0.0,0.0,0.0,0.0,3.377,0.0,0.051,25.267,67.113,0.0
2018-07-10 21:00:00,0.0,0.244,0.0,0.0,1.273,0.01,0.843,0.0,0.942,0.0,0.0,0.0,0.0,0.0,3.313,0.0,0.08,25.476,66.514,0.0
2018-07-10 21:15:00,0.002,0.24,0.0,0.0,1.553,0.012,1.032,0.0,1.151,0.0,0.0,0.0,0.001,0.0,3.491,0.0,0.063,25.681,66.079,0.0
2018-07-10 21:30:00,0.0,0.24,0.0,0.0,1.258,0.01,0.836,0.0,0.928,0.0,0.0,0.0,0.0,0.0,3.272,0.0,0.051,25.815,65.612,0.0
2018-07-10 21:45:00,0.001,0.24,0.0,0.0,1.29,0.01,0.863,0.0,0.955,0.0,0.0,0.0,0.0,0.0,3.358,0.0,0.072,25.938,65.393,0.0
2018-07-10 22:00:00,0.0,0.353,0.103,0.117,1.281,0.01,0.856,0.0,0.947,0.0,0.0,0.0,0.0,0.0,3.668,0.0,0.073,26.422,65.218,0.0
2018-07-10 22:15:00,0.0,0.24,0.0,0.0,1.265,0.01,0.847,0.0,0.939,0.0,0.0,0.0,0.0,0.0,3.3,0.0,0.051,26.159,65.221,0.0
2018-07-10 22:30:00,0.0,0.24,0.0,0.0,1.257,0.01,0.837,0.0,0.933,0.0,0.0,0.0,0.0,0.0,3.277,0.0,0.061,26.233,64.753,0.0
2018-07-10 22:45:00,0.001,0.24,0.0,0.0,1.256,0.01,0.83,0.0,0.928,0.0,0.0,0.0,0.0,0.0,3.265,0.0,0.087,26.32,64.581,0.0
2018-07-10 23:00:00,0.0,0.24,0.0,0.0,1.25,0.01,0.817,0.0,0.917,0.0,0.0,0.0,0.0,0.0,3.235,0.0,0.051,26.393,64.355,0.0
2018-07-10 23:15:00,0.0,0.24,0.0,0.0,1.251,0.01,0.823,0.0,0.921,0.0,0.0,0.0,0.0,0.0,3.244,0.0,0.053,26.457,64.249,0.0
2018-07-10 23:30:00,0.0,0.24,0.0,0.0,1.245,0.044,0.813,0.0,0.913,0.0,0.0,0.0,0.0,0.0,3.255,0.0,0.085,26.515,64.173,0.0
2018-07-10 23:45:00,0.175,0.109,0.0,0.0,1.244,0.409,0.813,0.143,0.915,0.172,0.0,0.0,0.0,0.0,3.981,0.0,0.065,26.58,64.14,0.0
2018-07-11 00:00:00,0.969,0.0,0.0,0.0,1.247,1.169,0.811,0.821,0.912,0.964,0.0,0.0,0.0,0.0,6.892,0.0,0.053,26.645,63.979,0.0
2018-07-11 00:15:00,0.955,0.0,0.0,0.0,1.237,1.153,0.8,0.809,0.903,0.95,0.0,0.0,0.0,0.0,6.806,0.0,0.069,26.702,63.774,0.0
2018-07-11 00:30:00,0.961,0.0,0.0,0.0,1.238,1.157,0.801,0.813,0.907,0.954,0.0,0.0,0.0,0.0,6.831,0.0,0.087,26.731,63.581,0.0
2018-07-11 00:45:00,0.949,0.0,0.0,0.0,1.244,1.147,0.805,0.805,0.909,0.945,0.0,0.0,0.0,0.0,6.804,0.0,0.052,26.765,63.434,0.0
2018-07-11 01:00:00,0.953,0.0,0.0,0.0,1.246,1.149,0.806,0.805,0.909,0.948,0.0,0.0,0.0,0.0,6.817,0.0,0.052,26.821,63.313,0.0
2018-07-11 01:15:00,0.955,0.0,0.0,0.0,1.264,1.151,0.819,0.803,0.925,0.95,0.0,0.0,0.0,0.0,6.866,0.0,0.087,26.871,63.241,0.0
2018-07-11 01:30:00,0.951,0.0,0.0,0.0,1.239,1.147,0.798,0.801,0.903,0.949,0.0,0.0,0.0,0.0,6.789,0.0,0.065,26.914,63.215,0.0
2018-07-11 01:45:00,0.929,0.0,0.0,0.0,1.25,1.125,0.807,0.78,0.913,0.927,0.0,0.0,0.0,0.0,6.731,0.0,0.051,26.944,63.264,0.0
2018-07-11 02:00:00,0.949,0.0,0.0,0.0,1.233,1.145,0.791,0.799,0.895,0.944,0.0,0.0,0.0,0.0,6.755,0.0,0.07,26.953,62.969,0.0
2018-07-11 02:15:00,0.952,0.0,0.0,0.0,1.249,1.149,0.804,0.803,0.907,0.945,0.0,0.0,0.0,0.0,6.809,0.0,0.081,27.095,62.959,0.0
2018-07-11 02:30:00,0.955,0.0,0.0,0.0,1.23,1.153,0.787,0.807,0.889,0.949,0.0,0.0,0.0,0.0,6.77,0.0,0.053,27.243,62.906,0.0
2018-07-11 02:45:00,0.959,0.0,0.0,0.0,1.221,1.157,0.783,0.813,0.885,0.953,0.0,0.0,0.0,0.0,6.771,0.0,0.051,27.85,62.842,0.0
2018-07-11 03:00:00,0.975,0.0,0.0,0.0,1.223,1.169,0.784,0.833,0.887,0.971,0.0,0.0,0.0,0.0,6.842,0.0,0.091,27.269,62.921,0.0
2018-07-11 03:15:00,0.994,0.0,0.0,0.0,1.239,1.196,0.792,0.853,0.896,0.991,0.0,0.0,0.0,0.0,6.961,0.0,0.061,27.133,63.109,0.0
2018-07-11 03:30:00,0.994,0.0,0.0,0.0,1.236,1.192,0.799,0.857,0.899,0.991,0.0,0.0,0.0,0.0,6.967,0.0,0.054,27.145,63.138,0.0
2018-07-11 03:45:00,0.787,0.0,0.0,0.0,1.23,0.992,0.793,0.677,0.895,0.782,0.0,0.0,0.0,0.0,6.155,0.0,0.073,27.183,62.925,0.0
2018-07-11 04:00:00,0.76,0.0,0.0,0.0,1.218,0.971,0.785,0.654,0.886,0.757,0.0,0.0,0.0,0.0,6.031,0.0,0.078,27.204,62.916,0.0
2018-07-11 04:15:00,0.837,0.0,0.0,0.0,1.217,1.042,0.785,0.723,0.884,0.835,0.0,0.0,0.0,0.0,6.324,0.0,0.052,27.242,62.86,0.0
2018-07-11 04:30:00,0.906,0.0,0.0,0.0,1.232,1.108,0.793,0.78,0.894,0.901,0.0,0.0,0.0,0.0,6.613,0.0,0.055,27.251,62.947,0.0
2018-07-11 04:45:00,0.987,0.0,0.0,0.0,1.227,1.179,0.792,0.853,0.893,0.981,0.0,0.0,0.0,0.0,6.912,0.0,0.09,27.257,62.952,0.0
2018-07-11 05:00:00,0.996,0.0,0.0,0.0,1.227,1.187,0.797,0.868,0.894,0.991,0.0,0.0,0.0,0.0,6.961,0.0,0.063,27.275,62.953,0.0
2018-07-11 05:15:00,1.011,0.0,0.0,0.0,1.239,1.203,0.81,0.883,0.909,1.006,0.0,0.0,0.0,0.0,7.061,0.0,0.052,27.291,62.972,0.0
2018-07-11 05:30:00,0.732,0.118,0.043,0.051,1.249,0.935,0.817,0.637,0.918,0.73,0.0,0.0,0.0,0.0,6.23,0.0,0.069,27.319,62.881,0.0
2018-07-11 05:45:00,0.0,0.318,0.071,0.083,1.071,0.237,0.698,0.0,0.785,0.0,0.0,0.0,0.0,0.0,3.264,0.0,0.082,27.342,62.849,0.0
2018-07-11 06:00:00,0.001,1.103,0.802,0.913,0.0,0.238,0.0,0.0,0.0,0.0,0.0,0.0,0.0,0.0,3.057,0.0,0.055,27.373,62.928,0.0
2018-07-11 06:15:00,0.0,1.113,0.814,0.931,0.0,0.238,0.0,0.0,0.0,0.0,0.0,0.0,0.0,0.0,3.096,0.0,0.057,27.385,62.958,0.0
2018-07-11 06:30:00,0.0,1.118,0.825,0.942,0.0,0.24,0.0,0.0,0.0,0.0,0.0,0.0,0.0,0.0,3.125,0.158,0.091,27.409,63.346,17.6
2018-07-11 06:45:00,0.0,1.119,0.825,0.948,0.0,0.237,0.0,0.0,0.0,0.0,0.0,0.0,0.0,0.0,3.129,0.367,0.144,27.421,63.364,14.6
2018-07-11 07:00:00,0.0,1.125,0.828,0.955,0.0,0.237,0.0,0.0,0.0,0.0,0.0,0.0,0.0,0.0,3.145,0.363,0.117,27.461,63.415,3.0
2018-07-11 07:15:00,0.0,1.132,0.829,0.959,0.0,0.239,0.0,0.0,0.0,0.0,0.0,0.0,0.0,0.0,3.159,0.367,0.146,27.507,63.547,3.0
2018-07-11 07:30:00,8.409,1.137,0.831,0.964,0.0,0.243,0.0,0.0,0.0,0.0,0.0,0.0,0.0,0.0,11.585,0.579,0.171,27.381,63.784,3.0
2018-07-11 07:45:00,26.901,1.13,0.845,0.971,0.0,0.237,0.0,0.0,0.0,0.0,0.0,0.0,0.0,0.0,30.085,1.617,0.327,25.311,65.508,64.267
2018-07-11 08:00:00,26.738,1.127,0.839,0.969,0.0,0.237,0.0,0.0,0.0,0.0,0.0,0.0,0.0,0.0,29.91,1.881,0.512,23.935,65.755,101.385
2018-07-11 08:15:00,26.447,1.135,0.84,0.973,0.0,0.237,0.0,0.0,0.0,0.0,0.0,0.0,0.0,0.0,29.633,1.867,0.511,23.965,64.86,101.8
2018-07-11 08:30:00,26.696,1.139,0.843,0.979,0.0,0.24,0.0,0.0,0.0,0.0,0.0,0.0,0.0,0.0,29.896,1.717,0.537,23.234,65.718,101.846
2018-07-11 08:45:00,27.293,1.14,0.843,0.98,0.0,0.237,0.0,0.0,0.0,0.0,0.0,0.0,0.0,0.0,30.493,1.961,0.638,23.307,66.527,103.6
2018-07-11 09:00:00,27.105,1.15,0.854,0.995,0.0,0.237,0.0,0.0,0.0,0.0,0.0,0.0,0.0,0.0,30.341,2.049,0.609,23.221,68.229,105.933
2018-07-11 09:15:00,27.26,1.144,0.848,0.987,0.0,0.237,0.0,0.0,0.0,0.0,0.0,0.0,0.0,0.0,28.643,1.739,0.585,23.14,68.364,109.0
2018-07-11 09:30:00,27.486,1.153,0.857,0.995,0.0,0.373,0.0,0.0,0.0,0.0,0.0,0.002,0.001,0.001,27.153,1.701,0.532,22.803,69.795,109.0
2018-07-11 09:45:00,27.818,1.153,0.853,0.991,0.0,0.237,0.0,0.0,0.0,0.0,0.0,0.0,0.0,0.0,31.053,1.72,0.593,22.796,68.744,108.467
2018-07-11 10:00:00,27.922,1.151,0.857,0.993,0.0,0.296,0.0,0.0,0.0,0.0,0.0,0.001,0.001,0.0,27.457,1.692,0.572,22.589,68.275,108.867
2018-07-11 10:15:00,27.889,1.179,0.878,1.017,0.0,0.237,0.0,0.0,0.0,0.0,0.0,0.0,0.0,0.0,31.199,1.72,0.606,22.514,68.362,104.4
2018-07-11 10:30:00,27.968,1.177,0.873,1.014,0.0,0.237,0.0,0.0,0.0,0.0,0.0,0.0,0.0,0.0,31.269,1.733,0.752,22.398,68.322,103.667
2018-07-11 10:45:00,27.902,1.169,0.87,1.009,0.0,0.237,0.0,0.0,0.0,0.0,0.0,0.0,0.0,0.0,31.188,1.731,0.621,22.269,68.124,102.267
2018-07-11 11:00:00,27.577,1.171,0.871,1.009,0.0,0.24,0.0,0.0,0.0,0.0,0.0,0.0,0.0,0.0,30.868,1.731,0.632,22.197,68.179,101.867
2018-07-11 11:15:00,27.846,1.168,0.867,1.004,0.0,0.237,0.0,0.0,0.0,0.0,0.0,0.0,0.0,0.0,31.122,1.924,0.772,22.152,68.272,102.6
2018-07-11 11:30:00,27.915,1.167,0.859,1.002,0.0,0.243,0.0,0.0,0.0,0.0,0.0,0.0,0.0,0.0,31.185,2.108,0.595,22.249,69.297,103.067
2018-07-11 11:45:00,27.659,0.473,0.215,0.252,0.52,0.25,0.146,0.0,0.171,0.0,0.0,0.0,0.0,0.0,29.686,1.995,1.151,22.25,70.092,104.0
2018-07-11 12:00:00,28.159,0.436,0.181,0.212,0.885,0.353,0.463,0.093,0.539,0.113,0.0,0.0,0.0,0.0,31.435,1.763,1.047,22.267,70.584,103.733
2018-07-11 12:15:00,27.917,0.24,0.0,0.0,0.579,0.447,0.185,0.175,0.215,0.214,0.0,0.0,0.0,0.0,29.973,1.762,1.121,22.297,70.558,104.0
2018-07-11 12:30:00,28.085,0.24,0.0,0.0,0.751,0.473,0.339,0.196,0.397,0.24,0.0,0.0,0.0,0.0,30.721,1.777,0.862,22.279,70.173,103.4
2018-07-11 12:45:00,27.797,0.339,0.09,0.106,0.677,0.448,0.27,0.175,0.317,0.214,0.0,0.0,0.0,0.0,30.433,1.859,1.101,22.423,69.703,104.0
2018-07-11 13:00:00,28.839,0.585,0.32,0.375,1.061,0.464,0.643,0.2,0.735,0.239,0.0,0.0,0.0,0.0,33.461,1.999,1.087,22.361,70.417,103.267
2018-07-11 13:15:00,29.179,0.493,0.233,0.273,0.689,0.441,0.297,0.179,0.341,0.215,0.0,0.0,0.0,0.0,32.34,1.824,0.633,22.518,71.978,104.667
2018-07-11 13:30:00,28.735,0.677,0.403,0.471,0.568,0.374,0.187,0.119,0.213,0.143,0.0,0.0,0.0,0.0,31.891,1.886,0.645,22.693,71.932,108.2
2018-07-11 13:45:00,28.403,0.749,0.475,0.552,0.525,0.24,0.142,0.0,0.164,0.0,0.0,0.0,0.0,0.0,31.251,1.889,0.541,23.002,69.647,107.533
2018-07-11 14:00:00,28.447,0.511,0.252,0.295,0.739,0.237,0.345,0.0,0.394,0.0,0.0,0.0,0.0,0.0,27.199,1.899,0.549,22.764,69.425,106.727
2018-07-11 14:15:00,28.302,0.445,0.19,0.221,0.835,0.505,0.215,0.102,0.25,0.125,0.0,0.002,0.001,0.001,27.147,1.887,0.549,22.46,70.717,108.0
2018-07-11 14:30:00,28.066,0.741,0.463,0.54,0.535,0.329,0.153,0.08,0.178,0.097,0.0,0.0,0.0,0.0,31.183,1.891,0.629,22.598,71.235,108.077
2018-07-11 14:45:00,28.615,0.441,0.188,0.217,0.958,0.353,0.537,0.099,0.62,0.119,0.0,0.0,0.0,0.0,32.147,1.891,0.665,22.597,71.455,108.0
2018-07-11 15:00:00,28.331,0.513,0.251,0.292,0.662,0.798,0.068,0.362,0.078,0.44,0.0,0.002,0.001,0.001,25.648,1.893,0.579,22.51,71.224,107.308
2018-07-11 15:15:00,27.756,0.623,0.355,0.411,0.709,0.339,0.313,0.088,0.361,0.108,0.0,0.0,0.0,0.0,31.063,1.898,0.512,22.44,71.086,107.8
2018-07-11 15:30:00,28.68,0.24,0.0,0.0,0.798,0.465,0.389,0.198,0.452,0.241,0.0,0.0,0.0,0.0,31.463,1.896,0.609,22.387,70.914,108.0
2018-07-11 15:45:00,28.754,0.421,0.166,0.195,0.714,0.442,0.312,0.175,0.361,0.213,0.0,0.0,0.0,0.0,31.755,2.225,0.916,22.801,70.343,108.133
2018-07-11 16:00:00,28.688,0.57,0.305,0.355,0.679,0.325,0.284,0.077,0.329,0.093,0.0,0.0,0.0,0.0,31.704,2.261,0.577,22.855,69.511,109.2
2018-07-11 16:15:00,28.231,1.011,0.711,0.826,0.375,0.237,0.0,0.0,0.0,0.0,0.0,0.0,0.0,0.0,31.391,2.033,0.657,22.615,70.997,106.267
2018-07-11 16:30:00,27.754,0.899,0.609,0.707,0.727,0.238,0.319,0.0,0.371,0.0,0.0,0.0,0.0,0.0,31.625,1.747,0.697,22.715,70.944,105.467
2018-07-11 16:45:00,23.303,0.822,0.532,0.621,0.616,0.346,0.228,0.095,0.265,0.115,0.0,0.0,0.0,0.0,23.614,1.768,0.569,22.514,70.237,107.0
2018-07-11 17:00:00,0.494,0.923,0.62,0.721,1.344,0.713,0.882,0.404,1.013,0.491,0.0,0.0,0.0,0.0,7.605,1.691,0.409,23.608,68.426,93.6
2018-07-11 17:15:00,18.961,0.627,0.359,0.417,1.349,0.597,0.908,0.312,1.027,0.373,0.0,0.0,0.0,0.0,24.93,1.695,0.297,24.203,68.203,74.4
2018-07-11 17:30:00,27.775,1.185,0.885,1.016,1.337,0.327,0.913,0.079,1.027,0.096,0.0,0.0,0.0,0.0,34.639,1.372,0.276,23.058,71.067,9.067
2018-07-11 17:45:00,27.492,0.905,0.632,0.726,0.405,0.161,0.041,0.0,0.046,0.0,0.0,0.0,0.0,0.0,30.409,1.36,0.268,22.433,71.047,3.533
2018-07-11 18:00:00,27.531,0.545,0.294,0.337,0.366,0.01,0.0,0.0,0.0,0.0,0.0,0.0,0.0,0.0,29.083,1.368,0.139,22.199,71.705,3.8
2018-07-11 18:15:00,27.351,0.237,0.0,0.0,0.596,0.017,0.0,0.0,0.0,0.0,0.0,0.001,0.002,0.001,22.611,1.361,0.09,22.147,71.308,4.0
2018-07-11 18:30:00,27.322,0.24,0.0,0.0,0.377,0.01,0.0,0.0,0.0,0.0,0.0,0.0,0.0,0.0,27.949,1.308,0.095,21.825,71.361,4.0
2018-07-11 18:45:00,27.433,0.24,0.0,0.0,0.375,0.01,0.0,0.0,0.0,0.0,0.0,0.0,0.0,0.0,28.058,1.189,0.073,21.869,72.639,6.667
2018-07-11 19:00:00,27.137,0.24,0.0,0.0,0.376,0.01,0.0,0.0,0.0,0.0,0.0,0.0,0.0,0.0,27.763,1.19,0.058,21.801,71.539,4.0
2018-07-11 19:15:00,27.114,0.24,0.0,0.0,0.375,0.01,0.0,0.0,0.0,0.0,0.0,0.0,0.0,0.0,27.739,1.193,0.063,21.63,71.369,4.0
2018-07-11 19:30:00,26.949,0.24,0.0,0.0,0.515,0.01,0.124,0.0,0.141,0.0,0.0,0.0,0.0,0.0,27.98,1.199,0.08,21.634,72.494,4.0
2018-07-11 19:45:00,14.446,0.393,0.143,0.161,0.707,0.01,0.306,0.0,0.345,0.0,0.0,0.0,0.0,0.0,16.511,1.2,0.06,21.684,71.3,4.0
2018-07-11 20:00:00,0.0,0.24,0.0,0.0,1.29,0.01,0.859,0.0,0.952,0.0,0.0,0.0,0.0,0.0,3.351,0.977,0.053,22.914,68.269,3.133
2018-07-11 20:15:00,0.0,0.24,0.0,0.0,1.29,0.01,0.857,0.0,0.954,0.0,0.0,0.0,0.0,0.0,3.351,0.83,0.084,23.899,65.933,3.0
2018-07-11 20:30:00,0.0,0.24,0.0,0.0,1.291,0.01,0.855,0.0,0.955,0.0,0.0,0.0,0.0,0.0,3.351,0.831,0.05,24.396,65.081,3.0
2018-07-11 20:45:00,0.0,0.24,0.0,0.0,1.255,0.01,0.827,0.0,0.921,0.0,0.0,0.0,0.0,0.0,3.252,0.838,0.05,24.728,64.467,3.0
2018-07-11 21:00:00,0.0,0.241,0.0,0.0,1.253,0.01,0.824,0.0,0.921,0.0,0.0,0.0,0.0,0.0,3.249,0.84,0.073,25.161,63.999,3.0
2018-07-11 21:15:00,0.0,0.24,0.0,0.0,1.279,0.01,0.856,0.0,0.951,0.0,0.0,0.0,0.0,0.0,3.336,0.823,0.06,25.175,63.549,3.0
2018-07-11 21:30:00,0.0,0.24,0.0,0.0,1.28,0.01,0.864,0.0,0.953,0.0,0.0,0.0,0.0,0.0,3.347,0.057,0.05,25.362,63.465,0.727
2018-07-11 21:45:00,0.001,0.24,0.0,0.0,1.267,0.01,0.852,0.0,0.941,0.0,0.0,0.0,0.0,0.0,3.31,0.0,0.063,25.477,63.587,0.0
2018-07-11 22:00:00,0.001,0.237,0.0,0.0,1.257,0.01,0.841,0.0,0.929,0.0,0.0,0.0,0.0,0.0,3.275,0.0,0.073,25.605,63.227,0.0
2018-07-11 22:15:00,0.0,0.24,0.0,0.0,1.258,0.01,0.835,0.0,0.927,0.0,0.0,0.0,0.0,0.0,3.27,0.0,0.049,25.717,62.992,0.0
2018-07-11 22:30:00,0.001,0.24,0.0,0.0,1.261,0.01,0.841,0.0,0.932,0.0,0.0,0.0,0.0,0.0,3.284,0.0,0.05,25.827,63.056,0.0
2018-07-11 22:45:00,0.001,0.24,0.0,0.0,1.266,0.01,0.846,0.0,0.938,0.0,0.0,0.0,0.0,0.0,3.301,0.0,0.087,25.918,63.594,0.0
2018-07-11 23:00:00,0.001,0.24,0.0,0.0,1.238,0.01,0.809,0.0,0.903,0.0,0.0,0.0,0.0,0.0,3.201,0.0,0.051,26.097,63.253,0.0
2018-07-11 23:15:00,0.001,0.24,0.0,0.0,1.252,0.01,0.826,0.0,0.925,0.0,0.0,0.0,0.0,0.0,3.254,0.0,0.05,26.613,63.4,0.0
2018-07-11 23:30:00,0.0,0.24,0.0,0.0,1.241,0.032,0.819,0.0,0.912,0.0,0.0,0.0,0.0,0.0,3.244,0.0,0.075,26.181,63.118,0.0
2018-07-11 23:45:00,0.025,0.123,0.0,0.0,1.234,0.263,0.814,0.021,0.907,0.025,0.0,0.0,0.0,0.0,3.413,0.0,0.065,26.189,63.113,0.0
2018-07-12 00:00:00,0.935,0.0,0.0,0.0,1.246,1.132,0.821,0.791,0.916,0.929,0.0,0.0,0.0,0.0,6.77,0.0,0.05,26.251,62.972,0.0
2018-07-12 00:15:00,0.576,0.0,0.0,0.0,1.259,0.793,0.829,0.491,0.927,0.573,0.0,0.0,0.0,0.0,5.447,0.0,0.06,26.316,62.91,0.0
2018-07-12 00:30:00,0.756,0.0,0.0,0.0,1.238,0.971,0.81,0.645,0.907,0.755,0.0,0.0,0.0,0.0,6.083,0.0,0.081,26.367,62.916,0.0
2018-07-12 00:45:00,0.567,0.0,0.0,0.0,1.227,0.784,0.798,0.483,0.897,0.565,0.0,0.0,0.0,0.0,5.32,0.0,0.05,26.419,62.951,0.0
2018-07-12 01:00:00,0.56,0.0,0.0,0.0,1.227,0.779,0.801,0.475,0.897,0.557,0.0,0.0,0.0,0.0,5.295,0.0,0.05,26.555,62.752,0.0
2018-07-12 01:15:00,0.567,0.0,0.0,0.0,1.245,0.789,0.814,0.481,0.912,0.565,0.0,0.0,0.0,0.0,5.372,0.0,0.083,26.542,62.926,0.0
2018-07-12 01:30:00,0.557,0.0,0.0,0.0,1.231,0.776,0.803,0.473,0.902,0.555,0.0,0.0,0.0,0.0,5.297,0.0,0.06,26.555,63.137,0.0
2018-07-12 01:45:00,0.568,0.0,0.0,0.0,1.234,0.786,0.806,0.483,0.905,0.566,0.0,0.0,0.0,0.0,5.347,0.0,0.053,26.593,63.112,0.0
2018-07-12 02:00:00,0.569,0.0,0.0,0.0,1.231,0.791,0.8,0.484,0.899,0.566,0.0,0.0,0.0,0.0,5.34,0.0,0.065,26.635,63.019,0.0
2018-07-12 02:15:00,0.607,0.0,0.0,0.0,1.221,0.827,0.792,0.514,0.891,0.606,0.0,0.0,0.0,0.0,5.459,0.0,0.076,26.662,62.939,0.0
2018-07-12 02:30:00,0.665,0.0,0.0,0.0,1.241,0.883,0.807,0.562,0.909,0.661,0.0,0.0,0.0,0.0,5.729,0.0,0.05,26.685,62.937,0.0
2018-07-12 02:45:00,0.587,0.0,0.0,0.0,1.217,0.805,0.785,0.495,0.886,0.583,0.0,0.0,0.0,0.0,5.358,0.0,0.05,26.719,62.953,0.0
2018-07-12 03:00:00,0.561,0.0,0.0,0.0,1.218,0.783,0.787,0.476,0.886,0.559,0.0,0.0,0.0,0.0,5.27,0.0,0.089,26.749,62.981,0.0
2018-07-12 03:15:00,0.563,0.0,0.0,0.0,1.219,0.782,0.788,0.477,0.89,0.559,0.0,0.0,0.0,0.0,5.279,0.0,0.056,26.761,62.998,0.0
2018-07-12 03:30:00,0.348,0.0,0.0,0.0,1.232,0.577,0.796,0.294,0.898,0.345,0.0,0.0,0.0,0.0,4.49,0.0,0.05,26.779,63.064,0.0
2018-07-12 03:45:00,0.487,0.0,0.0,0.0,1.227,0.71,0.795,0.411,0.894,0.485,0.0,0.0,0.0,0.0,5.008,0.0,0.09,26.804,63.2,0.0
2018-07-12 04:00:00,0.387,0.0,0.0,0.0,1.24,0.614,0.809,0.33,0.905,0.385,0.0,0.0,0.0,0.0,4.671,0.0,0.075,26.832,63.061,0.0
2018-07-12 04:15:00,0.593,0.0,0.0,0.0,1.265,0.813,0.831,0.505,0.929,0.589,0.0,0.0,0.0,0.0,5.525,0.0,0.05,26.857,62.905,0.0
2018-07-12 04:30:00,0.265,0.0,0.0,0.0,1.225,0.495,0.794,0.224,0.893,0.263,0.0,0.0,0.0,0.0,4.158,0.0,0.052,26.872,62.877,0.0
2018-07-12 04:45:00,0.456,0.0,0.0,0.0,1.24,0.683,0.813,0.391,0.91,0.454,0.0,0.0,0.0,0.0,4.947,0.0,0.089,26.904,62.841,0.0
2018-07-12 05:00:00,0.397,0.0,0.0,0.0,1.245,0.622,0.817,0.339,0.915,0.393,0.0,0.0,0.0,0.0,4.727,0.0,0.055,26.933,62.785,0.0
2018-07-12 05:15:00,0.376,0.0,0.0,0.0,1.252,0.603,0.827,0.322,0.92,0.375,0.0,0.0,0.0,0.0,4.674,0.0,0.05,26.973,62.692,0.0
2018-07-12 05:30:00,0.447,0.066,0.0,0.0,1.253,0.675,0.821,0.381,0.918,0.444,0.0,0.0,0.0,0.0,5.006,0.0,0.073,26.985,62.616,0.0
2018-07-12 05:45:00,0.0,0.305,0.06,0.069,1.11,0.239,0.732,0.0,0.818,0.0,0.0,0.0,0.0,0.0,3.333,0.0,0.072,27.145,62.618,0.0
2018-07-12 06:00:00,0.001,1.109,0.817,0.925,0.0,0.237,0.0,0.0,0.0,0.0,0.0,0.0,0.0,0.0,3.09,0.0,0.05,27.447,62.698,0.0
2018-07-12 06:15:00,0.001,1.122,0.833,0.942,0.0,0.24,0.0,0.0,0.0,0.0,0.0,0.0,0.0,0.0,3.137,0.0,0.055,27.647,62.708,0.4
2018-07-12 06:30:00,0.001,1.127,0.838,0.951,0.0,0.24,0.0,0.0,0.0,0.0,0.0,0.0,0.0,0.0,3.156,0.227,0.089,27.345,63.256,16.267
2018-07-12 06:45:00,0.0,1.135,0.841,0.955,0.0,0.237,0.0,0.0,0.0,0.0,0.0,0.0,0.0,0.0,3.168,0.123,0.097,27.135,63.386,0.667
2018-07-12 07:00:00,0.001,1.139,0.843,0.963,0.0,0.237,0.0,0.0,0.0,0.0,0.0,0.0,0.0,0.0,3.183,0.247,0.15,27.175,63.523,3.133
2018-07-12 07:15:00,0.0,1.139,0.839,0.965,0.0,0.238,0.0,0.0,0.0,0.0,0.0,0.0,0.0,0.0,3.182,0.367,0.259,27.199,63.713,3.0
2018-07-12 07:30:00,8.167,1.151,0.848,0.975,0.0,0.241,0.0,0.0,0.0,0.0,0.0,0.0,0.0,0.0,11.381,0.415,0.293,27.083,64.099,9.2
2018-07-12 07:45:00,26.605,1.149,0.869,0.988,0.0,0.237,0.0,0.0,0.0,0.0,0.0,0.0,0.0,0.0,29.849,1.482,0.321,24.951,65.873,91.933
2018-07-12 08:00:00,26.875,1.141,0.859,0.982,0.0,0.237,0.0,0.0,0.0,0.0,0.0,0.0,0.0,0.0,30.094,1.694,0.408,23.707,66.797,101.267
2018-07-12 08:15:00,26.745,1.147,0.859,0.99,0.0,0.237,0.0,0.0,0.0,0.0,0.0,0.0,0.0,0.0,29.978,1.71,0.536,23.341,67.356,102.364
2018-07-12 08:30:00,26.881,1.153,0.864,0.995,0.0,0.24,0.0,0.0,0.0,0.0,0.0,0.0,0.0,0.0,30.133,1.834,0.743,22.881,67.501,103.0
2018-07-12 08:45:00,26.689,1.155,0.867,0.995,0.0,0.237,0.0,0.0,0.0,0.0,0.0,0.0,0.0,0.0,29.942,2.323,0.771,23.215,68.277,102.933
2018-07-12 09:00:00,26.951,1.16,0.871,1.002,0.0,0.237,0.0,0.0,0.0,0.0,0.0,0.0,0.0,0.0,30.221,2.523,0.855,23.115,68.089,107.692
2018-07-12 09:15:00,27.205,1.165,0.872,1.003,0.0,0.237,0.0,0.0,0.0,0.0,0.0,0.0,0.0,0.0,30.482,2.557,0.821,22.749,67.701,110.0
2018-07-12 09:30:00,27.613,1.177,0.883,1.017,0.0,0.24,0.0,0.0,0.0,0.0,0.0,0.0,0.0,0.0,30.93,2.559,0.827,22.633,67.547,111.0
2018-07-12 09:45:00,28.292,1.174,0.874,1.009,0.0,0.237,0.0,0.0,0.0,0.0,0.0,0.0,0.0,0.0,31.586,2.557,0.841,22.503,67.977,111.0
2018-07-12 10:00:00,27.673,1.179,0.881,1.015,0.0,0.237,0.0,0.0,0.0,0.0,0.0,0.0,0.0,0.0,30.985,2.559,0.886,22.467,68.104,110.4
2018-07-12 10:15:00,27.901,1.183,0.888,1.021,0.0,0.237,0.0,0.0,0.0,0.0,0.0,0.0,0.0,0.0,31.231,2.545,0.887,22.487,69.221,110.4
2018-07-12 10:30:00,28.312,1.186,0.891,1.026,0.0,0.24,0.0,0.0,0.0,0.0,0.0,0.0,0.0,0.0,31.655,2.541,0.806,22.467,68.601,110.0
2018-07-12 10:45:00,28.325,1.19,0.899,1.027,0.0,0.237,0.0,0.0,0.0,0.0,0.0,0.0,0.0,0.0,31.679,2.535,0.859,22.495,69.614,109.733
2018-07-12 11:00:00,28.427,1.194,0.901,1.034,0.0,0.237,0.0,0.0,0.0,0.0,0.0,0.0,0.0,0.0,31.793,2.492,0.682,22.424,68.777,110.0
2018-07-12 11:15:00,28.317,1.193,0.899,1.032,0.0,0.237,0.0,0.0,0.0,0.0,0.0,0.0,0.0,0.0,31.679,1.89,0.654,22.342,68.656,109.533
2018-07-12 11:30:00,28.523,1.197,0.898,1.033,0.0,0.24,0.0,0.0,0.0,0.0,0.0,0.0,0.0,0.0,31.891,1.897,0.687,22.439,69.808,108.6
2018-07-12 11:45:00,28.413,0.999,0.71,0.821,0.427,0.243,0.084,0.0,0.097,0.0,0.0,0.0,0.0,0.0,31.795,1.925,0.562,22.621,70.958,109.533
2018-07-12 12:00:00,28.812,1.003,0.707,0.818,0.376,0.358,0.0,0.102,0.0,0.122,0.0,0.0,0.0,0.0,32.298,1.944,0.462,22.757,72.119,110.0
2018-07-12 12:15:00,28.454,0.721,0.445,0.517,0.593,0.349,0.198,0.095,0.23,0.116,0.0,0.0,0.0,0.0,31.717,2.244,0.593,22.595,70.56,110.636
2018-07-12 12:30:00,28.491,0.237,0.0,0.0,0.745,0.479,0.335,0.207,0.387,0.251,0.0,0.0,0.0,0.0,31.133,2.277,0.675,22.623,71.657,110.8
2018-07-12 12:45:00,28.581,0.552,0.287,0.337,0.953,0.441,0.533,0.177,0.613,0.214,0.0,0.0,0.0,0.0,32.688,2.292,0.654,22.837,72.456,109.933
2018-07-12 13:00:00,29.841,0.613,0.352,0.409,0.916,0.548,0.515,0.275,0.585,0.331,0.0,0.0,0.0,0.0,34.386,2.219,0.471,22.868,72.342,108.462
2018-07-12 13:15:00,24.166,0.772,0.5,0.575,0.427,0.352,0.053,0.098,0.062,0.118,0.0,0.0,0.0,0.0,27.123,2.234,0.444,22.993,72.752,109.0
2018-07-12 13:30:00,16.588,1.216,0.911,1.041,1.357,0.479,0.918,0.213,1.039,0.256,0.0,0.0,0.0,0.0,24.017,2.247,0.509,23.443,75.708,109.733
2018-07-12 13:45:00,22.761,1.216,0.919,1.049,1.366,0.352,0.939,0.101,1.06,0.121,0.0,0.0,0.0,0.0,29.885,2.251,0.615,23.674,73.617,109.533
2018-07-12 14:00:00,29.095,0.688,0.426,0.487,0.747,0.297,0.365,0.052,0.41,0.064,0.0,0.0,0.0,0.0,32.631,2.294,0.502,23.095,69.375,109.0
2018-07-12 14:15:00,29.729,0.798,0.529,0.613,0.359,0.271,0.0,0.029,0.0,0.035,0.0,0.0,0.0,0.0,32.363,2.609,0.515,23.183,70.235,109.0
2018-07-12 14:30:00,29.273,0.892,0.614,0.707,0.37,0.344,0.0,0.091,0.0,0.109,0.0,0.0,0.0,0.0,32.401,2.612,0.88,22.903,71.043,109.538
2018-07-12 14:45:00,29.159,1.217,0.923,1.055,0.366,0.237,0.0,0.0,0.0,0.0,0.0,0.0,0.0,0.0,32.957,2.62,1.083,22.885,70.823,111.933
2018-07-12 15:00:00,29.237,1.207,0.921,1.051,0.366,0.237,0.0,0.0,0.0,0.0,0.0,0.0,0.0,0.0,33.019,2.617,0.899,22.695,69.947,118.0
2018-07-12 15:15:00,27.994,1.189,0.899,1.027,0.373,0.24,0.0,0.0,0.0,0.0,0.0,0.0,0.0,0.0,31.721,2.627,0.932,22.605,69.89,118.091
2018-07-12 15:30:00,27.836,0.865,0.593,0.681,0.373,0.36,0.0,0.109,0.0,0.13,0.0,0.0,0.0,0.0,30.945,2.631,0.633,22.72,71.46,118.0
2018-07-12 15:45:00,27.156,1.165,0.871,1.001,0.366,0.237,0.0,0.0,0.0,0.0,0.0,0.0,0.0,0.0,30.797,2.638,0.509,22.654,70.856,118.143
2018-07-12 16:00:00,27.664,0.925,0.649,0.743,0.832,0.339,0.43,0.091,0.488,0.109,0.0,0.0,0.0,0.0,32.271,2.72,0.589,22.599,71.306,121.733
2018-07-12 16:15:00,27.961,0.661,0.395,0.458,0.417,0.495,0.034,0.224,0.04,0.269,0.0,0.0,0.0,0.0,30.955,2.641,0.934,22.596,72.01,119.667
2018-07-12 16:30:00,27.627,0.96,0.669,0.776,0.521,0.456,0.133,0.191,0.153,0.23,0.0,0.0,0.0,0.0,31.716,2.655,0.772,22.689,71.837,119.133
2018-07-12 16:45:00,19.456,0.946,0.652,0.76,1.097,0.507,0.655,0.232,0.761,0.281,0.0,0.0,0.015,0.0,25.362,2.678,0.674,22.725,72.008,119.267
2018-07-12 17:00:00,12.347,0.806,0.523,0.607,1.31,0.601,0.861,0.31,0.985,0.376,0.0,0.0,1.453,0.0,20.179,2.669,0.694,23.389,70.071,117.778
2018-07-12 17:15:00,26.736,0.787,0.509,0.583,0.634,0.352,0.238,0.091,0.273,0.112,0.0,0.0,0.763,0.0,31.078,2.536,0.571,22.953,70.325,119.2
2018-07-12 17:30:00,22.403,1.041,0.75,0.858,0.415,0.333,0.039,0.083,0.045,0.101,0.0,0.0,0.342,0.0,26.409,2.489,0.514,22.462,71.007,119.0
2018-07-12 17:45:00,1.052,1.09,0.798,0.911,1.329,0.503,0.887,0.293,1.011,0.35,0.0,0.0,0.701,0.0,8.924,2.464,0.416,23.434,70.744,115.133
2018-07-12 18:00:00,0.708,0.727,0.462,0.527,1.307,0.01,0.871,0.0,0.988,0.0,0.0,0.0,0.707,0.0,6.307,2.133,0.333,24.631,71.973,110.2
2018-07-12 18:15:00,0.741,0.24,0.0,0.0,1.273,0.01,0.847,0.0,0.959,0.0,0.0,0.0,0.739,0.0,4.808,2.085,0.276,25.33,71.839,109.0
2018-07-12 18:30:00,0.721,0.24,0.0,0.0,1.277,0.01,0.851,0.0,0.959,0.0,0.0,0.0,0.72,0.0,4.778,2.102,0.259,25.632,71.787,109.0
2018-07-12 18:45:00,0.705,0.382,0.131,0.149,1.294,0.01,0.865,0.0,0.97,0.0,0.0,0.0,0.705,0.0,5.211,2.103,0.217,26.013,69.259,108.889
2018-07-12 19:00:00,0.711,0.48,0.223,0.253,1.314,0.01,0.878,0.0,0.981,0.0,0.0,0.0,0.709,0.0,5.558,2.097,0.187,26.357,68.876,95.533
2018-07-12 19:15:00,0.703,0.343,0.095,0.11,1.291,0.01,0.867,0.0,0.964,0.0,0.0,0.0,0.701,0.0,5.085,2.106,0.165,26.25,66.848,90.0
2018-07-12 19:30:00,0.689,0.359,0.111,0.126,1.284,0.01,0.858,0.0,0.951,0.0,0.0,0.0,0.687,0.0,5.075,2.11,0.165,26.343,65.156,89.933
2018-07-12 19:45:00,0.7,0.379,0.129,0.147,1.3,0.01,0.869,0.0,0.964,0.0,0.0,0.0,0.697,0.0,5.195,2.119,0.194,26.467,64.513,89.4
2018-07-12 20:00:00,0.714,0.352,0.104,0.117,1.307,0.01,0.87,0.0,0.965,0.0,0.0,0.0,0.713,0.0,5.153,2.127,0.161,26.635,64.304,90.0
2018-07-12 20:15:00,0.817,0.363,0.113,0.128,1.288,0.01,0.858,0.0,0.949,0.0,0.0,0.0,0.816,0.0,5.341,2.131,0.145,26.758,63.811,90.0
2018-07-12 20:30:00,0.713,0.358,0.108,0.123,1.291,0.01,0.864,0.0,0.953,0.0,0.0,0.0,0.713,0.0,5.133,2.14,0.173,26.798,63.276,90.0
2018-07-12 20:45:00,0.723,0.337,0.083,0.095,1.297,0.01,0.863,0.0,0.955,0.0,0.0,0.0,0.721,0.0,5.085,2.143,0.155,26.874,62.459,90.0
2018-07-12 21:00:00,0.251,0.351,0.102,0.118,1.273,0.01,0.851,0.0,0.947,0.0,0.0,0.0,0.25,0.0,4.153,2.081,0.139,26.924,62.167,89.467
2018-07-12 21:15:00,0.091,0.348,0.102,0.115,1.281,0.01,0.864,0.0,0.961,0.0,0.0,0.013,0.079,0.0,3.863,2.067,0.154,27.027,61.914,89.0
2018-07-12 21:30:00,1.116,0.365,0.116,0.132,1.282,0.01,0.864,0.0,0.957,0.0,0.0,1.041,0.079,0.0,5.962,2.072,0.172,27.087,61.56,89.6
2018-07-12 21:45:00,1.178,0.342,0.093,0.107,1.295,0.01,0.864,0.0,0.959,0.0,0.0,1.101,0.08,0.0,6.03,2.099,0.14,26.757,60.395,90.0
2018-07-12 22:00:00,1.493,0.347,0.098,0.113,1.275,0.01,0.848,0.0,0.945,0.0,0.0,1.089,0.405,0.0,6.623,2.125,0.144,26.55,59.635,90.2
2018-07-12 22:15:00,1.168,0.334,0.087,0.099,1.279,0.01,0.85,0.0,0.948,0.0,0.0,1.088,0.082,0.0,5.945,2.129,0.171,26.441,59.005,90.0
2018-07-12 22:30:00,1.49,0.346,0.093,0.107,1.293,0.01,0.859,0.0,0.96,0.0,0.0,1.087,0.405,0.0,6.65,2.145,0.143,26.388,58.095,90.933
2018-07-12 22:45:00,1.485,0.353,0.098,0.113,1.274,0.01,0.841,0.0,0.942,0.0,0.0,1.08,0.404,0.0,6.6,2.145,0.138,26.347,58.795,91.0
2018-07-12 23:00:00,1.331,0.285,0.042,0.049,1.265,0.01,0.833,0.0,0.936,0.0,0.0,1.082,0.251,0.0,6.084,2.106,0.156,26.311,57.721,90.133
2018-07-12 23:15:00,1.307,0.307,0.062,0.071,1.255,0.01,0.831,0.0,0.931,0.0,0.0,1.071,0.239,0.0,6.082,2.098,0.166,26.284,57.215,90.0
2018-07-12 23:30:00,1.484,0.343,0.097,0.11,1.261,0.031,0.84,0.0,0.939,0.0,0.0,1.068,0.415,0.0,6.587,2.087,0.145,26.281,57.212,90.0
2018-07-12 23:45:00,1.755,0.123,0.0,0.0,1.26,0.479,0.829,0.207,0.928,0.247,0.0,1.08,0.429,0.0,7.337,2.083,0.14,26.287,57.133,89.8
2018-07-13 00:00:00,1.697,0.0,0.0,0.0,1.241,0.584,0.811,0.306,0.912,0.361,0.0,1.069,0.267,0.0,7.248,2.065,0.176,26.271,57.163,89.533
2018-07-13 00:15:00,1.669,0.0,0.0,0.0,1.239,0.604,0.811,0.323,0.909,0.381,0.0,1.069,0.221,0.0,7.225,2.097,0.147,26.265,56.55,90.0
2018-07-13 00:30:00,2.051,0.0,0.0,0.0,1.245,0.767,0.815,0.467,0.915,0.548,0.0,1.073,0.431,0.0,8.313,2.103,0.134,26.264,56.782,90.0
2018-07-13 00:45:00,1.017,0.0,0.0,0.0,1.251,0.522,0.819,0.249,0.92,0.291,0.0,0.316,0.411,0.0,5.797,1.983,0.115,26.273,57.159,86.667
2018-07-13 01:00:00,0.863,0.0,0.0,0.0,1.237,0.664,0.811,0.377,0.91,0.443,0.0,0.0,0.42,0.0,5.725,1.926,0.111,26.441,58.477,83.2
2018-07-13 01:15:00,0.797,0.0,0.0,0.0,1.236,0.657,0.808,0.371,0.909,0.435,0.0,0.0,0.361,0.0,5.575,1.921,0.109,26.62,58.778,83.0
2018-07-13 01:30:00,0.637,0.0,0.0,0.0,1.239,0.719,0.811,0.426,0.909,0.498,0.0,0.0,0.139,0.0,5.378,1.929,0.105,26.743,58.745,83.0
2018-07-13 01:45:00,0.918,0.0,0.0,0.0,1.255,0.717,0.819,0.419,0.921,0.494,0.0,0.0,0.425,0.0,5.969,1.927,0.139,26.855,58.845,83.0
2018-07-13 02:00:00,0.931,0.0,0.0,0.0,1.241,0.713,0.809,0.417,0.909,0.489,0.0,0.0,0.44,0.0,5.948,1.929,0.108,26.974,59.149,83.0
2018-07-13 02:15:00,0.902,0.0,0.0,0.0,1.23,0.681,0.803,0.391,0.902,0.459,0.0,0.0,0.442,0.0,5.809,1.926,0.105,27.547,59.327,83.0
2018-07-13 02:30:00,0.693,0.0,0.0,0.0,1.227,0.547,0.799,0.272,0.899,0.321,0.0,0.0,0.371,0.0,5.128,1.929,0.12,27.131,59.332,83.0
2018-07-13 02:45:00,0.633,0.0,0.0,0.0,1.227,0.682,0.801,0.39,0.899,0.46,0.0,0.0,0.173,0.0,5.265,1.929,0.111,27.177,59.495,83.0
2018-07-13 03:00:00,0.778,0.0,0.0,0.0,1.245,0.558,0.813,0.277,0.914,0.328,0.0,0.0,0.449,0.0,5.361,1.93,0.088,27.228,59.693,83.0
2018-07-13 03:15:00,1.044,0.0,0.0,0.0,1.229,0.82,0.799,0.515,0.899,0.604,0.0,0.0,0.439,0.0,6.349,1.931,0.085,27.288,59.738,82.333
2018-07-13 03:30:00,0.889,0.0,0.0,0.0,1.241,0.663,0.813,0.375,0.913,0.44,0.0,0.0,0.449,0.0,5.783,1.93,0.119,27.337,59.786,83.0
2018-07-13 03:45:00,0.537,0.0,0.0,0.0,1.229,0.641,0.798,0.353,0.899,0.415,0.0,0.0,0.123,0.0,4.993,1.937,0.12,27.383,59.82,83.0
2018-07-13 04:00:00,0.863,0.0,0.0,0.0,1.242,0.681,0.808,0.386,0.909,0.456,0.0,0.0,0.407,0.0,5.751,1.935,0.104,27.439,59.777,83.0
2018-07-13 04:15:00,0.861,0.0,0.0,0.0,1.231,0.619,0.801,0.336,0.9,0.394,0.0,0.0,0.467,0.0,5.609,1.933,0.115,27.482,59.738,83.0
2018-07-13 04:30:00,0.966,0.0,0.0,0.0,1.233,0.727,0.803,0.431,0.904,0.506,0.0,0.0,0.459,0.0,6.028,1.931,0.139,27.512,59.723,83.0
2018-07-13 04:45:00,0.594,0.0,0.0,0.0,1.229,0.541,0.8,0.267,0.903,0.313,0.0,0.0,0.281,0.0,4.927,1.93,0.106,27.557,59.7,83.0
2018-07-13 05:00:00,0.781,0.0,0.0,0.0,1.242,0.74,0.815,0.444,0.915,0.52,0.0,0.0,0.26,0.0,5.717,1.935,0.099,27.57,59.737,83.0
2018-07-13 05:15:00,0.994,0.0,0.0,0.0,1.229,0.776,0.798,0.476,0.901,0.558,0.0,0.0,0.435,0.0,6.166,1.923,0.143,27.595,59.775,83.0
2018-07-13 05:30:00,0.736,0.071,0.0,0.0,1.223,0.523,0.799,0.254,0.898,0.297,0.0,0.0,0.439,0.0,5.239,1.912,0.125,27.633,59.615,82.267
2018-07-13 05:45:00,0.439,0.319,0.075,0.086,1.088,0.242,0.714,0.0,0.801,0.0,0.0,0.0,0.439,0.0,4.202,1.904,0.103,27.662,59.622,82.0
2018-07-13 06:00:00,0.104,1.099,0.818,0.936,0.0,0.237,0.0,0.0,0.0,0.0,0.0,0.0,0.103,0.0,3.298,1.952,0.121,27.693,60.331,80.2
2018-07-13 06:15:00,0.417,1.112,0.837,0.957,0.0,0.237,0.0,0.0,0.0,0.0,0.0,0.0,0.415,0.0,3.975,1.885,0.14,27.775,60.832,80.867
2018-07-13 06:30:00,0.445,1.119,0.841,0.968,0.0,0.237,0.0,0.0,0.0,0.0,0.0,0.0,0.444,0.0,4.055,1.88,0.111,27.821,61.241,81.0
2018-07-13 06:45:00,0.453,1.123,0.839,0.968,0.0,0.237,0.0,0.0,0.0,0.0,0.0,0.0,0.451,0.0,4.071,1.915,0.162,27.855,61.349,81.933
2018-07-13 07:00:00,0.345,1.121,0.833,0.965,0.0,0.25,0.0,0.0,0.0,0.0,0.0,0.0,0.344,0.0,3.859,1.943,0.279,27.907,61.805,82.467
2018-07-13 07:15:00,0.281,1.125,0.834,0.971,0.0,0.244,0.0,0.0,0.0,0.0,0.0,0.0,0.28,0.0,3.735,1.933,0.316,27.945,62.301,82.067
2018-07-13 07:30:00,8.887,1.131,0.835,0.973,0.0,0.24,0.0,0.0,0.0,0.0,0.0,0.0,0.51,0.0,12.577,1.917,0.313,27.513,62.75,82.286
2018-07-13 07:45:00,27.469,1.131,0.849,0.983,0.0,0.237,0.0,0.0,0.0,0.0,0.0,0.0,0.071,0.0,30.741,1.874,0.327,25.632,64.075,83.6
2018-07-13 08:00:00,27.869,1.137,0.851,0.984,0.0,0.239,0.0,0.0,0.0,0.0,0.0,0.0,0.077,0.0,31.158,2.413,0.445,24.389,66.628,86.4
2018-07-13 08:15:00,27.197,1.145,0.849,0.988,0.0,0.237,0.0,0.0,0.0,0.0,0.0,0.0,0.079,0.0,30.495,2.443,0.457,23.767,66.429,87.2
2018-07-13 08:30:00,27.302,1.147,0.855,0.994,0.0,0.237,0.0,0.0,0.0,0.0,0.0,0.0,0.079,0.0,30.614,2.527,0.495,23.389,65.946,88.533
2018-07-13 08:45:00,27.463,1.154,0.863,1.003,0.0,0.237,0.0,0.0,0.0,0.0,0.0,0.0,0.079,0.0,30.798,2.615,0.633,23.278,65.841,87.333
2018-07-13 09:00:00,27.902,1.152,0.86,1.002,0.0,0.24,0.0,0.0,0.0,0.0,0.0,0.0,0.08,0.0,31.236,2.602,0.591,23.193,65.801,89.667
2018-07-13 09:15:00,27.797,1.161,0.873,1.014,0.0,0.237,0.0,0.0,0.0,0.0,0.0,0.0,0.079,0.0,31.161,2.586,0.655,23.475,65.77,89.467
2018-07-13 09:30:00,28.091,1.17,0.876,1.019,0.0,0.237,0.0,0.0,0.0,0.0,0.0,0.0,0.079,0.0,31.472,2.628,0.843,23.154,65.943,88.8
2018-07-13 09:45:00,28.463,1.165,0.868,1.015,0.0,0.237,0.0,0.0,0.0,0.0,0.0,0.0,0.079,0.0,31.826,2.629,0.695,23.2,67.814,90.933
2018-07-13 10:00:00,27.951,1.177,0.882,1.026,0.0,0.24,0.0,0.0,0.0,0.0,0.0,0.0,0.08,0.0,31.356,2.619,0.608,23.239,66.807,90.6
2018-07-13 10:15:00,28.365,1.185,0.894,1.039,0.0,0.237,0.0,0.0,0.0,0.0,0.0,0.0,0.079,0.0,31.799,2.604,0.609,23.044,67.44,92.923
2018-07-13 10:30:00,28.754,1.188,0.898,1.039,0.0,0.237,0.0,0.0,0.0,0.0,0.0,0.0,0.079,0.0,32.195,2.602,0.682,22.875,67.276,91.615
2018-07-13 10:45:00,28.685,1.193,0.902,1.046,0.0,0.237,0.0,0.0,0.0,0.0,0.0,0.0,0.079,0.0,32.141,2.545,0.771,23.108,67.058,92.846
2018-07-13 11:00:00,28.461,1.199,0.904,1.049,0.0,0.24,0.0,0.0,0.0,0.0,0.0,0.0,0.08,0.0,31.933,2.243,0.581,22.804,68.355,91.2
2018-07-13 11:15:00,28.577,1.185,0.891,1.039,0.0,0.237,0.0,0.0,0.0,0.0,0.0,0.0,0.079,0.0,32.007,2.249,0.618,22.642,68.246,91.0
2018-07-13 11:30:00,28.917,1.199,0.899,1.049,0.0,0.237,0.0,0.0,0.0,0.0,0.0,0.0,0.079,0.0,32.38,2.263,0.666,22.707,68.908,91.2
2018-07-13 11:45:00,28.957,0.711,0.441,0.513,0.415,0.245,0.073,0.0,0.086,0.0,0.0,0.0,0.079,0.0,31.519,2.292,0.735,22.681,68.463,92.133
2018-07-13 12:00:00,28.838,1.118,0.824,0.951,1.14,0.478,0.695,0.203,0.802,0.247,0.0,0.0,0.08,0.0,35.375,2.283,0.673,22.759,68.465,93.533
2018-07-13 12:15:00,29.201,1.015,0.73,0.839,0.703,0.475,0.302,0.205,0.345,0.247,0.0,0.0,0.079,0.0,34.14,2.31,0.638,22.925,69.421,93.467
2018-07-13 12:30:00,28.605,1.224,0.931,1.069,1.112,0.356,0.688,0.102,0.775,0.121,0.0,0.0,0.079,0.0,35.062,2.309,0.66,22.974,69.138,92.889
2018-07-13 12:45:00,29.405,1.021,0.735,0.846,0.373,0.463,0.0,0.197,0.0,0.237,0.0,0.0,0.079,0.0,33.356,2.297,0.675,22.851,69.042,93.0
2018-07-13 13:00:00,29.57,1.011,0.734,0.84,0.897,0.484,0.491,0.217,0.557,0.259,0.0,0.0,0.08,0.0,35.14,2.23,0.599,23.384,70.147,91.4
2018-07-13 13:15:00,28.924,1.208,0.92,1.051,1.001,0.46,0.594,0.197,0.669,0.235,0.0,0.0,0.079,0.0,35.337,2.23,0.606,23.548,68.315,90.692
2018-07-13 13:30:00,28.245,0.95,0.675,0.771,0.366,0.237,0.0,0.0,0.0,0.0,0.0,0.0,0.079,0.0,31.323,2.237,0.655,22.92,69.268,91.533
2018-07-13 13:45:00,28.118,0.793,0.521,0.597,0.366,0.358,0.0,0.106,0.0,0.127,0.0,0.0,0.079,0.0,31.065,2.239,0.634,23.232,69.647,88.267
2018-07-13 14:00:00,28.615,1.007,0.715,0.82,0.37,0.345,0.0,0.093,0.0,0.111,0.0,0.0,0.08,0.0,32.156,2.24,0.604,23.069,70.504,96.733
2018-07-13 14:15:00,28.699,1.177,0.879,1.001,1.334,0.353,0.899,0.102,1.011,0.122,0.0,0.0,0.079,0.0,35.656,2.24,0.625,23.208,71.251,97.067
2018-07-13 14:30:00,28.511,1.221,0.927,1.051,1.391,0.237,0.954,0.0,1.069,0.0,0.0,0.0,0.079,0.0,35.439,2.237,0.737,23.436,70.036,97.0
2018-07-13 14:45:00,28.495,0.567,0.313,0.356,0.397,0.237,0.03,0.0,0.034,0.0,0.0,0.0,0.079,0.0,30.507,2.243,0.698,22.896,70.178,95.786
2018-07-13 15:00:00,28.781,1.151,0.858,0.973,0.37,0.35,0.0,0.097,0.0,0.117,0.0,0.0,0.08,0.0,32.777,2.245,0.637,23.311,71.382,89.714
2018-07-13 15:15:00,28.585,0.847,0.567,0.652,0.366,0.354,0.0,0.102,0.0,0.123,0.0,0.0,0.079,0.0,31.675,2.557,0.897,23.418,71.4,91.9
2018-07-13 15:30:00,28.639,1.008,0.716,0.818,0.366,0.403,0.0,0.145,0.0,0.173,0.0,0.0,0.079,0.0,32.347,2.601,0.721,23.204,70.881,94.533
2018-07-13 15:45:00,28.684,0.794,0.514,0.592,1.061,0.405,0.637,0.146,0.725,0.175,0.0,0.0,0.079,0.0,33.81,2.603,0.831,23.523,71.516,90.0
2018-07-13 16:00:00,28.082,0.845,0.561,0.647,0.631,0.24,0.24,0.0,0.273,0.0,0.0,0.0,0.08,0.0,31.599,2.615,0.73,23.128,69.887,91.133
2018-07-13 16:15:00,28.047,0.547,0.287,0.33,0.438,0.343,0.059,0.092,0.069,0.11,0.0,0.0,0.079,0.0,30.401,2.626,0.907,22.902,70.673,93.0
2018-07-13 16:30:00,27.821,0.412,0.156,0.181,0.825,0.333,0.411,0.079,0.473,0.096,0.0,0.0,0.079,0.0,30.866,2.669,0.734,22.935,70.636,95.933
2018-07-13 16:45:00,20.656,0.603,0.332,0.383,0.937,0.669,0.515,0.375,0.587,0.448,0.0,0.0,0.079,0.0,25.585,2.669,0.703,23.199,71.311,96.933
2018-07-13 17:00:00,5.439,0.92,0.621,0.714,1.367,0.79,0.917,0.479,1.036,0.567,0.0,0.0,0.08,0.0,12.929,2.663,0.621,24.355,70.227,95.154
2018-07-13 17:15:00,27.805,0.697,0.425,0.486,1.333,0.454,0.903,0.189,1.017,0.225,0.0,0.0,0.079,0.0,33.612,2.662,0.708,24.653,69.061,93.733
2018-07-13 17:30:00,27.691,0.502,0.243,0.279,1.329,0.469,0.893,0.196,1.01,0.235,0.0,0.0,0.079,0.0,32.926,2.689,0.727,24.211,68.681,92.2
2018-07-13 17:45:00,27.589,0.965,0.668,0.768,1.352,0.375,0.919,0.175,1.035,0.209,0.0,0.0,0.079,0.0,34.132,2.53,0.763,23.843,70.04,93.0
2018-07-13 18:00:00,27.321,0.77,0.493,0.564,0.728,0.01,0.335,0.0,0.376,0.0,0.0,0.0,0.08,0.0,30.678,2.486,0.341,23.699,69.74,92.133
2018-07-13 18:15:00,27.036,0.24,0.0,0.0,0.367,0.01,0.0,0.0,0.0,0.0,0.0,0.0,0.079,0.0,27.732,2.489,0.16,23.367,69.736,93.0
2018-07-13 18:30:00,26.839,0.24,0.0,0.0,0.374,0.01,0.0,0.0,0.0,0.0,0.0,0.0,0.079,0.0,27.541,2.483,0.163,23.321,69.226,92.6
2018-07-13 18:45:00,26.721,0.24,0.0,0.0,0.375,0.01,0.0,0.0,0.0,0.0,0.0,0.0,0.041,0.0,27.387,1.617,0.173,23.011,69.425,85.933
2018-07-13 19:00:00,26.549,0.24,0.0,0.0,0.38,0.01,0.0,0.0,0.0,0.0,0.0,0.0,0.0,0.0,27.179,0.74,0.137,22.793,69.619,84.467
2018-07-13 19:15:00,26.531,0.24,0.0,0.0,0.376,0.01,0.0,0.0,0.0,0.0,0.0,0.0,0.0,0.0,27.157,0.74,0.138,22.677,69.703,85.0
2018-07-13 19:30:00,26.711,0.24,0.0,0.0,0.376,0.01,0.0,0.0,0.0,0.0,0.0,0.0,0.0,0.0,27.337,0.747,0.277,22.593,69.535,85.0
2018-07-13 19:45:00,26.819,0.241,0.0,0.0,0.377,0.01,0.0,0.0,0.0,0.0,0.0,0.0,0.0,0.0,27.446,0.747,0.144,22.51,69.722,85.0
2018-07-13 20:00:00,2.173,0.24,0.0,0.0,1.104,0.01,0.669,0.0,0.755,0.0,0.0,0.0,0.0,0.0,4.951,0.443,0.123,22.935,68.945,63.667
2018-07-13 20:15:00,0.0,0.24,0.0,0.0,1.271,0.01,0.836,0.0,0.929,0.0,0.0,0.0,0.0,0.0,3.286,0.0,0.114,24.131,65.658,0.533
2018-07-13 20:30:00,0.0,0.24,0.0,0.0,1.269,0.01,0.84,0.0,0.931,0.0,0.0,0.0,0.0,0.0,3.29,0.0,0.127,24.721,64.025,0.0
2018-07-13 20:45:00,0.001,0.24,0.0,0.0,1.283,0.01,0.851,0.0,0.942,0.0,0.0,0.0,0.0,0.0,3.327,0.0,0.101,25.158,63.612,0.0
2018-07-13 21:00:00,0.0,0.249,0.0,0.0,1.262,0.01,0.829,0.0,0.925,0.0,0.0,0.0,0.0,0.0,3.275,0.0,0.1,25.297,63.295,0.0
2018-07-13 21:15:00,0.001,0.243,0.0,0.0,1.265,0.01,0.837,0.0,0.93,0.0,0.0,0.0,0.0,0.0,3.286,0.0,0.139,25.487,63.187,0.0
2018-07-13 21:30:00,0.0,0.24,0.0,0.0,1.26,0.01,0.839,0.0,0.928,0.0,0.0,0.0,0.0,0.0,3.277,0.0,0.103,25.649,63.033,0.0
2018-07-13 21:45:00,0.0,0.24,0.0,0.0,1.283,0.01,0.856,0.0,0.945,0.0,0.0,0.0,0.0,0.0,3.334,0.0,0.1,25.78,62.886,0.0
2018-07-13 22:00:00,0.0,0.24,0.0,0.0,1.263,0.01,0.841,0.0,0.926,0.0,0.0,0.0,0.0,0.0,3.28,0.0,0.122,25.911,62.89,0.0
2018-07-13 22:15:00,0.001,0.24,0.0,0.0,1.275,0.01,0.851,0.0,0.94,0.0,0.0,0.0,0.0,0.0,3.317,0.0,0.12,26.426,62.753,0.0
2018-07-13 22:30:00,0.0,0.24,0.0,0.0,1.262,0.01,0.833,0.0,0.923,0.0,0.0,0.0,0.0,0.0,3.268,0.0,0.1,26.241,62.841,0.0
2018-07-13 22:45:00,0.001,0.24,0.0,0.0,1.281,0.01,0.85,0.0,0.943,0.0,0.0,0.0,0.0,0.0,3.325,0.0,0.105,26.229,62.879,0.0
2018-07-13 23:00:00,0.0,0.24,0.0,0.0,1.265,0.01,0.835,0.0,0.927,0.0,0.0,0.0,0.0,0.0,3.276,0.0,0.138,26.307,62.876,0.0
2018-07-13 23:15:00,0.0,0.24,0.0,0.0,1.268,0.01,0.85,0.0,0.937,0.0,0.0,0.0,0.0,0.0,3.305,0.0,0.1,26.377,62.897,0.0
2018-07-13 23:30:00,0.0,0.241,0.0,0.0,1.253,0.034,0.83,0.0,0.919,0.0,0.0,0.0,0.0,0.0,3.277,0.0,0.1,26.451,62.927,0.0
2018-07-13 23:45:00,0.196,0.114,0.0,0.0,1.269,0.432,0.839,0.163,0.929,0.194,0.0,0.0,0.0,0.0,4.136,0.0,0.128,26.488,62.841,0.0
2018-07-14 00:00:00,0.513,0.0,0.0,0.0,1.254,0.737,0.827,0.434,0.919,0.51,0.0,0.0,0.0,0.0,5.194,0.0,0.116,26.549,62.897,0.0
2018-07-14 00:15:00,0.455,0.0,0.0,0.0,1.261,0.681,0.832,0.386,0.921,0.451,0.0,0.0,0.0,0.0,4.988,0.0,0.099,26.626,63.008,0.0
2018-07-14 00:30:00,0.422,0.0,0.0,0.0,1.251,0.65,0.821,0.358,0.913,0.419,0.0,0.0,0.0,0.0,4.833,0.0,0.111,26.662,62.907,0.0
2018-07-14 00:45:00,0.587,0.0,0.0,0.0,1.27,0.817,0.833,0.501,0.923,0.587,0.0,0.0,0.0,0.0,5.518,0.0,0.138,26.705,62.877,0.0
2018-07-14 01:00:00,0.403,0.0,0.0,0.0,1.254,0.637,0.821,0.344,0.912,0.402,0.0,0.0,0.0,0.0,4.773,0.0,0.1,26.773,62.811,0.0
2018-07-14 01:15:00,0.435,0.0,0.0,0.0,1.256,0.665,0.821,0.369,0.913,0.433,0.0,0.0,0.0,0.0,4.893,0.0,0.1,26.815,62.762,0.0
2018-07-14 01:30:00,0.517,0.0,0.0,0.0,1.256,0.745,0.819,0.439,0.911,0.515,0.0,0.0,0.0,0.0,5.203,0.0,0.128,26.842,62.831,0.0
2018-07-14 01:45:00,0.489,0.0,0.0,0.0,1.269,0.721,0.827,0.417,0.92,0.487,0.0,0.0,0.0,0.0,5.129,0.0,0.117,26.891,62.748,0.0
2018-07-14 02:00:00,0.417,0.0,0.0,0.0,1.255,0.649,0.817,0.353,0.909,0.415,0.0,0.0,0.0,0.0,4.815,0.0,0.1,26.935,62.671,0.0
2018-07-14 02:15:00,0.547,0.0,0.0,0.0,1.257,0.774,0.822,0.469,0.912,0.545,0.0,0.0,0.0,0.0,5.327,0.0,0.111,26.999,62.644,0.0
2018-07-14 02:30:00,0.547,0.0,0.0,0.0,1.249,0.768,0.823,0.467,0.914,0.543,0.0,0.0,0.0,0.0,5.311,0.0,0.137,27.047,62.689,0.0
2018-07-14 02:45:00,0.431,0.0,0.0,0.0,1.261,0.659,0.829,0.365,0.921,0.428,0.0,0.0,0.0,0.0,4.893,0.0,0.1,27.323,62.588,0.0
2018-07-14 03:00:00,0.417,0.0,0.0,0.0,1.251,0.641,0.823,0.354,0.916,0.414,0.0,0.0,0.0,0.0,4.816,0.0,0.1,27.646,62.605,0.0
2018-07-14 03:15:00,0.369,0.0,0.0,0.0,1.243,0.595,0.817,0.313,0.907,0.367,0.0,0.0,0.0,0.0,4.609,0.0,0.129,27.787,62.567,0.0
2018-07-14 03:30:00,0.452,0.0,0.0,0.0,1.241,0.675,0.817,0.384,0.906,0.449,0.0,0.0,0.0,0.0,4.924,0.0,0.118,27.114,62.538,0.0
2018-07-14 03:45:00,0.33,0.0,0.0,0.0,1.263,0.561,0.833,0.281,0.92,0.328,0.0,0.0,0.0,0.0,4.515,0.0,0.1,27.141,62.489,0.0
2018-07-14 04:00:00,0.375,0.0,0.0,0.0,1.258,0.6,0.836,0.32,0.92,0.372,0.0,0.0,0.0,0.0,4.681,0.0,0.112,27.163,62.493,0.0
2018-07-14 04:15:00,0.559,0.0,0.0,0.0,1.239,0.629,0.815,0.288,0.903,0.558,0.0,0.0,0.0,0.0,4.991,0.0,0.14,27.186,62.473,0.0
2018-07-14 04:30:00,0.393,0.0,0.0,0.0,1.249,0.303,0.827,0.0,0.912,0.392,0.0,0.0,0.0,0.0,4.076,0.0,0.1,27.201,62.391,0.0
2018-07-14 04:45:00,0.292,0.0,0.0,0.0,1.257,0.271,0.83,0.0,0.917,0.291,0.0,0.0,0.0,0.0,3.857,0.0,0.1,27.225,62.349,0.0
2018-07-14 05:00:00,0.267,0.0,0.0,0.0,1.239,0.261,0.817,0.0,0.902,0.265,0.0,0.0,0.0,0.0,3.751,0.0,0.131,27.267,62.323,0.0
2018-07-14 05:15:00,0.262,0.0,0.0,0.0,1.241,0.259,0.817,0.0,0.904,0.26,0.0,0.0,0.0,0.0,3.743,0.0,0.12,27.296,62.301,0.0
2018-07-14 05:30:00,0.261,0.148,0.07,0.08,1.239,0.26,0.819,0.0,0.905,0.257,0.0,0.0,0.0,0.0,4.039,0.0,0.1,27.317,62.381,0.0
2018-07-14 05:45:00,0.009,0.439,0.185,0.21,1.125,0.241,0.749,0.0,0.825,0.009,0.0,0.0,0.0,0.0,3.793,0.0,0.108,27.324,62.287,0.0
2018-07-14 06:00:00,0.0,1.131,0.835,0.933,0.0,0.237,0.0,0.0,0.0,0.0,0.0,0.0,0.0,0.0,3.135,0.0,0.14,27.373,62.495,0.0
2018-07-14 06:15:00,0.0,1.13,0.841,0.943,0.0,0.237,0.0,0.0,0.0,0.0,0.0,0.0,0.0,0.0,3.151,0.0,0.103,27.377,62.452,0.0
2018-07-14 06:30:00,0.001,1.141,0.848,0.955,0.0,0.237,0.0,0.0,0.0,0.0,0.0,0.0,0.0,0.0,3.182,0.0,0.1,27.398,62.481,0.0
2018-07-14 06:45:00,0.0,1.139,0.849,0.959,0.0,0.24,0.0,0.0,0.0,0.0,0.0,0.0,0.0,0.0,3.187,0.0,0.125,27.421,62.508,0.0
2018-07-14 07:00:00,0.0,1.14,0.843,0.955,0.0,0.243,0.0,0.0,0.0,0.0,0.0,0.0,0.0,0.0,3.181,0.0,0.126,27.435,62.487,0.0
2018-07-14 07:15:00,0.0,1.134,0.835,0.95,0.0,0.246,0.0,0.0,0.0,0.0,0.0,0.0,0.0,0.0,3.165,0.0,0.183,27.456,62.717,1.667
2018-07-14 07:30:00,0.001,1.135,0.836,0.952,0.0,0.248,0.0,0.0,0.0,0.0,0.0,0.0,0.0,0.0,3.173,0.0,0.112,27.475,62.673,3.0
2018-07-14 07:45:00,2.22,1.136,0.839,0.958,0.0,0.237,0.0,0.0,0.0,0.0,0.0,0.0,0.0,0.0,5.391,0.0,0.147,27.473,62.871,3.0
2018-07-14 08:00:00,25.69,1.135,0.847,0.966,0.0,0.238,0.0,0.0,0.0,0.0,0.0,0.0,0.0,0.0,28.875,0.0,0.115,25.816,64.692,3.0
2018-07-14 08:15:00,26.338,1.134,0.852,0.973,0.0,0.237,0.0,0.0,0.0,0.0,0.0,0.0,0.0,0.0,29.535,0.0,0.11,24.034,65.959,3.0
2018-07-14 08:30:00,26.66,1.137,0.849,0.973,0.0,0.24,0.0,0.0,0.0,0.0,0.0,0.0,0.0,0.0,29.859,0.115,0.131,23.372,66.568,3.0
2018-07-14 08:45:00,26.924,1.147,0.854,0.98,0.0,0.24,0.0,0.0,0.0,0.0,0.0,0.0,0.0,0.0,30.145,0.18,0.127,23.118,66.999,3.8
2018-07-14 09:00:00,27.201,1.163,0.863,0.99,0.0,0.246,0.0,0.0,0.0,0.0,0.0,0.0,0.0,0.0,30.463,0.18,0.11,22.841,68.541,4.0
2018-07-14 09:15:00,27.395,1.16,0.861,0.993,0.0,0.239,0.0,0.0,0.0,0.0,0.0,0.0,0.0,0.0,30.648,0.18,0.115,22.88,69.997,4.0
2018-07-14 09:30:00,27.231,1.168,0.866,1.002,0.0,0.24,0.0,0.0,0.0,0.0,0.0,0.0,0.0,0.0,30.507,0.18,0.139,22.826,70.376,4.0
2018-07-14 09:45:00,27.425,1.178,0.877,1.01,0.0,0.237,0.0,0.0,0.0,0.0,0.0,0.0,0.0,0.0,30.727,0.18,0.11,22.821,70.693,4.0
2018-07-14 10:00:00,27.645,1.178,0.879,1.011,0.0,0.237,0.0,0.0,0.0,0.0,0.0,0.0,0.0,0.0,30.95,0.18,0.11,22.732,70.547,4.0
2018-07-14 10:15:00,27.851,1.18,0.879,1.007,0.0,0.237,0.0,0.0,0.0,0.0,0.0,0.0,0.0,0.0,31.154,0.18,0.14,22.594,70.207,4.0
2018-07-14 10:30:00,27.724,1.18,0.88,1.012,0.0,0.24,0.0,0.0,0.0,0.0,0.0,0.0,0.0,0.0,31.036,0.18,0.188,22.331,69.213,4.0
2018-07-14 10:45:00,27.583,1.186,0.886,1.015,0.0,0.237,0.0,0.0,0.0,0.0,0.0,0.0,0.0,0.0,30.907,0.18,0.109,22.215,69.179,4.0
2018-07-14 11:00:00,27.471,1.187,0.887,1.021,0.0,0.237,0.0,0.0,0.0,0.0,0.0,0.0,0.0,0.0,30.803,0.495,0.131,22.48,69.393,4.0
2018-07-14 11:15:00,27.887,1.195,0.888,1.022,0.0,0.237,0.0,0.0,0.0,0.0,0.0,0.0,0.0,0.0,31.229,0.551,0.243,22.151,69.654,4.0
2018-07-14 11:30:00,28.06,1.205,0.897,1.033,0.0,0.24,0.0,0.0,0.0,0.0,0.0,0.0,0.0,0.0,31.434,0.553,0.139,22.242,71.467,4.0
2018-07-14 11:45:00,27.988,1.215,0.909,1.04,0.67,0.242,0.313,0.0,0.357,0.0,0.0,0.0,0.0,0.0,32.735,0.553,0.121,22.381,71.932,3.733
2018-07-14 12:00:00,25.025,1.196,0.893,1.027,0.385,0.448,0.009,0.183,0.011,0.222,0.0,0.0,0.0,0.0,29.399,0.55,0.127,22.434,72.253,3.0
2018-07-14 12:15:00,0.543,1.016,0.725,0.829,1.359,0.754,0.914,0.452,1.033,0.541,0.0,0.0,0.0,0.0,8.166,0.236,0.105,23.311,70.832,2.267
2018-07-14 12:30:00,0.429,0.66,0.389,0.445,1.359,0.649,0.917,0.359,1.031,0.427,0.0,0.0,0.0,0.0,6.665,0.0,0.104,24.406,67.688,0.0
2018-07-14 12:45:00,0.578,0.967,0.67,0.77,1.361,0.791,0.933,0.487,1.041,0.574,0.0,0.0,0.0,0.0,8.171,0.0,0.134,25.314,65.218,0.0
2018-07-14 13:00:00,0.401,1.009,0.71,0.815,1.375,0.62,0.949,0.337,1.057,0.4,0.0,0.0,0.0,0.0,7.672,0.0,0.103,25.315,63.701,0.0
2018-07-14 13:15:00,0.486,0.809,0.527,0.605,1.363,0.703,0.934,0.409,1.047,0.483,0.0,0.0,0.0,0.0,7.365,0.0,0.1,25.556,62.841,0.0
2018-07-14 13:30:00,0.508,1.023,0.732,0.837,1.383,0.719,0.96,0.425,1.071,0.505,0.0,0.0,0.0,0.0,8.163,0.0,0.131,25.807,63.207,0.0
2018-07-14 13:45:00,0.45,0.828,0.551,0.629,1.347,0.665,0.923,0.379,1.033,0.449,0.0,0.0,0.0,0.0,7.253,0.0,0.112,26.251,63.017,0.0
2018-07-14 14:00:00,0.493,1.015,0.723,0.825,1.365,0.705,0.941,0.415,1.05,0.491,0.0,0.0,0.0,0.0,8.022,0.0,0.1,26.256,62.719,0.0
2018-07-14 14:15:00,0.517,1.009,0.719,0.819,1.379,0.731,0.95,0.435,1.061,0.515,0.0,0.0,0.0,0.0,8.135,0.0,0.113,26.376,62.447,0.0
2018-07-14 14:30:00,0.418,1.026,0.737,0.841,1.369,0.633,0.947,0.35,1.056,0.415,0.0,0.0,0.0,0.0,7.794,0.0,0.131,26.479,62.372,0.0
2018-07-14 14:45:00,0.439,1.025,0.74,0.837,1.366,0.656,0.943,0.372,1.049,0.437,0.0,0.0,0.0,0.0,7.863,0.0,0.1,26.59,62.417,0.0
2018-07-14 15:00:00,0.474,1.013,0.727,0.827,1.363,0.687,0.941,0.399,1.047,0.473,0.0,0.0,0.0,0.0,7.951,0.0,0.1,26.676,62.385,0.0
2018-07-14 15:15:00,0.505,1.018,0.731,0.83,1.373,0.721,0.943,0.425,1.052,0.501,0.0,0.0,0.0,0.0,8.099,0.0,0.135,26.75,62.453,0.0
2018-07-14 15:30:00,0.452,1.015,0.722,0.821,1.367,0.667,0.941,0.379,1.049,0.449,0.0,0.0,0.0,0.0,7.862,0.0,0.11,26.826,62.464,0.0
2018-07-14 15:45:00,0.413,0.829,0.55,0.628,1.335,0.631,0.904,0.347,1.013,0.411,0.0,0.0,0.0,0.0,7.06,0.0,0.1,26.887,62.48,0.0
2018-07-14 16:00:00,0.554,0.982,0.691,0.785,1.324,0.767,0.895,0.466,1.003,0.553,0.0,0.0,0.0,0.0,8.021,0.0,0.116,26.945,62.555,0.0
2018-07-14 16:15:00,0.469,0.821,0.539,0.609,1.346,0.688,0.907,0.394,1.017,0.464,0.0,0.0,0.0,0.0,7.255,0.0,0.133,27.097,62.615,0.0
2018-07-14 16:30:00,0.51,0.951,0.659,0.749,1.33,0.723,0.899,0.428,1.005,0.506,0.0,0.0,0.0,0.0,7.759,0.0,0.1,27.538,62.779,0.0
2018-07-14 16:45:00,0.491,1.038,0.737,0.839,1.319,0.711,0.887,0.413,0.994,0.49,0.0,0.0,0.0,0.0,7.919,0.0,0.1,27.121,63.421,0.0
2018-07-14 17:00:00,0.437,0.811,0.527,0.597,1.322,0.661,0.883,0.367,0.992,0.434,0.0,0.0,0.0,0.0,7.033,0.0,0.133,27.16,63.217,0.0
2018-07-14 17:15:00,0.515,0.963,0.668,0.757,1.333,0.734,0.896,0.433,1.002,0.511,0.0,0.0,0.0,0.0,7.812,0.0,0.123,27.191,63.274,0.0
2018-07-14 17:30:00,0.434,0.812,0.527,0.602,1.291,0.655,0.857,0.361,0.963,0.431,0.0,0.0,0.0,0.0,6.933,0.0,0.1,27.234,63.38,0.0
2018-07-14 17:45:00,0.29,1.141,0.834,0.948,1.303,0.451,0.863,0.246,0.969,0.29,0.0,0.0,0.0,0.0,7.334,0.0,0.109,27.286,63.435,0.0
2018-07-14 18:00:00,0.001,0.722,0.445,0.506,1.283,0.01,0.835,0.0,0.945,0.0,0.0,0.0,0.0,0.0,4.747,0.0,0.141,27.323,63.556,0.0
2018-07-14 18:15:00,0.0,0.24,0.0,0.0,1.249,0.01,0.819,0.0,0.925,0.0,0.0,0.0,0.0,0.0,3.242,0.0,0.105,27.343,63.675,0.0
2018-07-14 18:30:00,0.0,0.24,0.0,0.0,1.26,0.01,0.824,0.0,0.93,0.0,0.0,0.0,0.0,0.0,3.264,0.0,0.1,27.35,63.788,0.0
2018-07-14 18:45:00,0.001,0.24,0.0,0.0,1.251,0.01,0.817,0.0,0.919,0.0,0.0,0.0,0.0,0.0,3.238,0.0,0.121,27.367,63.849,0.0
2018-07-14 19:00:00,0.001,0.337,0.09,0.101,1.289,0.01,0.853,0.0,0.947,0.0,0.0,0.0,0.0,0.0,3.628,0.0,0.127,27.401,63.903,0.0
2018-07-14 19:15:00,0.001,0.329,0.083,0.093,1.272,0.01,0.844,0.0,0.935,0.0,0.0,0.0,0.0,0.0,3.566,0.0,0.1,27.428,64.207,0.0
2018-07-14 19:30:00,0.001,0.351,0.102,0.115,1.279,0.01,0.846,0.0,0.942,0.0,0.0,0.0,0.0,0.0,3.645,0.0,0.101,27.462,64.48,0.0
2018-07-14 19:45:00,0.0,0.367,0.117,0.132,1.283,0.01,0.851,0.0,0.945,0.0,0.0,0.0,0.0,0.0,3.705,0.0,0.14,27.491,64.381,0.0
2018-07-14 20:00:00,0.001,0.368,0.119,0.133,1.3,0.01,0.865,0.0,0.955,0.0,0.0,0.0,0.0,0.0,3.75,0.0,0.107,27.533,64.358,0.0
2018-07-14 20:15:00,0.001,0.253,0.012,0.013,1.281,0.01,0.853,0.0,0.943,0.0,0.0,0.0,0.0,0.0,3.365,0.0,0.1,27.574,64.443,0.0
2018-07-14 20:30:00,0.0,0.447,0.19,0.214,1.285,0.01,0.852,0.0,0.943,0.0,0.0,0.0,0.0,0.0,3.941,0.0,0.121,27.584,64.563,0.0
2018-07-14 20:45:00,0.0,0.353,0.105,0.118,1.29,0.01,0.86,0.0,0.948,0.0,0.0,0.0,0.0,0.0,3.685,0.0,0.129,27.616,64.543,0.0
2018-07-14 21:00:00,0.0,0.356,0.108,0.121,1.293,0.01,0.857,0.0,0.946,0.0,0.0,0.0,0.0,0.0,3.691,0.0,0.1,27.646,64.67,0.0
2018-07-14 21:15:00,0.001,0.359,0.109,0.122,1.282,0.01,0.85,0.0,0.937,0.0,0.0,0.0,0.0,0.0,3.671,0.0,0.1,27.664,64.709,0.0
2018-07-14 21:30:00,0.0,0.241,0.0,0.0,1.269,0.01,0.835,0.0,0.923,0.0,0.0,0.0,0.0,0.0,3.278,0.0,0.141,27.687,64.77,0.0
2018-07-14 21:45:00,0.0,0.362,0.105,0.117,1.294,0.01,0.851,0.0,0.941,0.0,0.0,0.0,0.0,0.0,3.681,0.0,0.111,27.735,64.823,0.0
2018-07-14 22:00:00,0.001,0.413,0.161,0.181,1.28,0.01,0.851,0.0,0.941,0.0,0.0,0.0,0.0,0.0,3.837,0.0,0.1,27.765,64.927,0.0
2018-07-14 22:15:00,0.0,0.304,0.059,0.067,1.277,0.01,0.85,0.0,0.94,0.0,0.0,0.0,0.0,0.0,3.507,0.0,0.119,27.767,64.875,0.0
2018-07-14 22:30:00,0.001,0.314,0.07,0.077,1.281,0.01,0.853,0.0,0.942,0.0,0.0,0.0,0.0,0.0,3.548,0.0,0.135,27.769,65.088,0.0
2018-07-14 22:45:00,0.001,0.357,0.108,0.121,1.293,0.01,0.86,0.0,0.949,0.0,0.0,0.0,0.0,0.0,3.7,0.0,0.103,27.786,65.072,0.0
2018-07-14 23:00:00,0.0,0.341,0.093,0.105,1.273,0.01,0.844,0.0,0.935,0.0,0.0,0.0,0.0,0.0,3.601,0.0,0.101,27.791,64.976,0.0
2018-07-14 23:15:00,0.0,0.362,0.113,0.126,1.275,0.01,0.844,0.0,0.935,0.0,0.0,0.0,0.0,0.0,3.665,0.0,0.133,27.877,64.737,0.0
2018-07-14 23:30:00,0.0,0.348,0.099,0.111,1.275,0.029,0.84,0.0,0.933,0.0,0.0,0.0,0.0,0.0,3.635,0.0,0.122,27.851,64.761,0.0
2018-07-14 23:45:00,0.229,0.117,0.0,0.0,1.283,0.465,0.847,0.193,0.94,0.228,0.0,0.0,0.0,0.0,4.303,0.0,0.1,27.854,64.877,0.0
2018-07-15 00:00:00,0.404,0.0,0.0,0.0,1.274,0.628,0.839,0.343,0.932,0.402,0.0,0.0,0.0,0.0,4.823,0.0,0.105,27.882,64.798,0.0
2018-07-15 00:15:00,0.453,0.0,0.0,0.0,1.267,0.679,0.835,0.385,0.926,0.45,0.0,0.0,0.0,0.0,4.995,0.0,0.14,27.899,64.738,0.0
2018-07-15 00:30:00,0.428,0.0,0.0,0.0,1.257,0.655,0.827,0.368,0.918,0.425,0.0,0.0,0.0,0.0,4.878,0.0,0.11,27.893,64.618,0.0
2018-07-15 00:45:00,0.417,0.0,0.0,0.0,1.272,0.647,0.835,0.355,0.928,0.414,0.0,0.0,0.0,0.0,4.868,0.0,0.1,27.901,64.623,0.0
2018-07-15 01:00:00,0.433,0.0,0.0,0.0,1.257,0.659,0.826,0.369,0.92,0.431,0.0,0.0,0.0,0.0,4.896,0.0,0.117,27.912,64.465,0.0
2018-07-15 01:15:00,0.488,0.0,0.0,0.0,1.265,0.717,0.831,0.421,0.925,0.486,0.0,0.0,0.0,0.0,5.131,0.0,0.138,27.931,64.289,0.0
2018-07-15 01:30:00,0.317,0.0,0.0,0.0,1.252,0.546,0.817,0.27,0.913,0.314,0.0,0.0,0.0,0.0,4.429,0.0,0.1,27.944,64.202,0.0
2018-07-15 01:45:00,0.349,0.0,0.0,0.0,1.27,0.584,0.831,0.299,0.927,0.347,0.0,0.0,0.0,0.0,4.607,0.0,0.1,27.943,63.881,0.0
2018-07-15 02:00:00,0.349,0.0,0.0,0.0,1.254,0.579,0.815,0.297,0.908,0.347,0.0,0.0,0.0,0.0,4.549,0.0,0.13,27.953,63.763,0.0
2018-07-15 02:15:00,0.371,0.0,0.0,0.0,1.255,0.605,0.817,0.319,0.909,0.369,0.0,0.0,0.0,0.0,4.645,0.0,0.123,28.008,63.723,0.0
2018-07-15 02:30:00,0.323,0.0,0.0,0.0,1.261,0.559,0.817,0.275,0.913,0.32,0.0,0.0,0.0,0.0,4.469,0.0,0.1,28.18,63.633,0.0
2018-07-15 02:45:00,0.475,0.0,0.0,0.0,1.269,0.703,0.831,0.406,0.923,0.472,0.0,0.0,0.0,0.0,5.08,0.0,0.105,28.227,63.483,0.0
2018-07-15 03:00:00,0.346,0.0,0.0,0.0,1.264,0.579,0.823,0.296,0.919,0.343,0.0,0.0,0.0,0.0,4.57,0.0,0.14,28.26,63.32,0.0
2018-07-15 03:15:00,0.551,0.0,0.0,0.0,1.251,0.465,0.811,0.107,0.905,0.548,0.0,0.0,0.0,0.0,4.638,0.0,0.108,28.34,63.244,0.0
2018-07-15 03:30:00,0.335,0.0,0.0,0.0,1.273,0.293,0.825,0.0,0.924,0.335,0.0,0.0,0.0,0.0,3.985,0.0,0.101,28.407,63.185,0.0
2018-07-15 03:45:00,0.292,0.0,0.0,0.0,1.258,0.277,0.818,0.0,0.913,0.292,0.0,0.0,0.0,0.0,3.85,0.0,0.123,28.647,63.141,0.0
2018-07-15 04:00:00,0.263,0.0,0.0,0.0,1.265,0.268,0.827,0.0,0.918,0.263,0.0,0.0,0.0,0.0,3.803,0.0,0.133,28.747,63.353,0.0
2018-07-15 04:15:00,0.262,0.0,0.0,0.0,1.259,0.267,0.82,0.0,0.914,0.261,0.0,0.0,0.0,0.0,3.782,0.0,0.1,28.777,63.088,0.0
2018-07-15 04:30:00,0.269,0.0,0.0,0.0,1.272,0.272,0.827,0.0,0.922,0.269,0.0,0.0,0.0,0.0,3.832,0.0,0.1,28.614,62.955,0.0
2018-07-15 04:45:00,0.231,0.0,0.0,0.0,1.257,0.257,0.819,0.0,0.911,0.231,0.0,0.0,0.0,0.0,3.706,0.0,0.135,28.11,63.005,0.0
2018-07-15 05:00:00,0.263,0.0,0.0,0.0,1.263,0.268,0.823,0.0,0.914,0.263,0.0,0.0,0.0,0.0,3.795,0.0,0.119,28.122,62.922,0.0
2018-07-15 05:15:00,0.266,0.0,0.0,0.0,1.263,0.269,0.821,0.0,0.913,0.265,0.0,0.0,0.0,0.0,3.797,0.0,0.1,28.145,63.159,0.0
2018-07-15 05:30:00,0.236,0.093,0.029,0.033,1.277,0.261,0.835,0.0,0.926,0.236,0.0,0.0,0.0,0.0,3.925,0.0,0.111,28.148,62.921,0.0
2018-07-15 05:45:00,0.077,0.509,0.247,0.276,1.197,0.258,0.788,0.0,0.87,0.075,0.0,0.0,0.0,0.0,4.297,0.0,0.14,28.166,62.925,0.0
2018-07-15 06:00:00,0.001,1.137,0.831,0.925,0.0,0.247,0.0,0.0,0.0,0.0,0.0,0.0,0.0,0.0,3.141,0.0,0.105,28.192,63.049,0.0
2018-07-15 06:15:00,0.272,1.153,0.85,0.949,0.0,0.28,0.0,0.0,0.0,0.267,0.0,0.0,0.0,0.0,3.771,0.0,0.1,28.179,63.22,0.0
2018-07-15 06:30:00,0.233,1.158,0.857,0.958,0.0,0.26,0.0,0.0,0.0,0.232,0.0,0.0,0.0,0.0,3.698,0.0,0.124,28.2,62.959,0.0
2018-07-15 06:45:00,0.265,1.167,0.866,0.968,0.0,0.269,0.0,0.0,0.0,0.264,0.0,0.0,0.0,0.0,3.799,0.0,0.133,28.215,63.0,0.0
2018-07-15 07:00:00,0.235,1.161,0.861,0.966,0.0,0.259,0.0,0.0,0.0,0.233,0.0,0.0,0.0,0.0,3.716,0.0,0.1,28.233,62.938,0.0
2018-07-15 07:15:00,0.269,1.157,0.858,0.965,0.0,0.27,0.0,0.0,0.0,0.269,0.0,0.0,0.0,0.0,3.788,0.0,0.1,28.24,62.967,0.0
2018-07-15 07:30:00,0.238,1.155,0.856,0.959,0.0,0.262,0.0,0.0,0.0,0.238,0.0,0.0,0.0,0.0,3.708,0.0,0.136,28.256,63.167,0.0
2018-07-15 07:45:00,0.233,1.159,0.862,0.971,0.0,0.257,0.0,0.0,0.0,0.231,0.0,0.0,0.0,0.0,3.713,0.0,0.117,28.276,63.287,0.0
2018-07-15 08:00:00,0.268,1.156,0.866,0.977,0.0,0.268,0.0,0.0,0.0,0.267,0.0,0.0,0.0,0.0,3.802,0.0,0.1,28.295,63.27,0.0
2018-07-15 08:15:00,0.235,1.156,0.863,0.977,0.0,0.255,0.0,0.0,0.0,0.232,0.0,0.0,0.0,0.0,3.717,0.0,0.113,28.308,63.397,0.0
2018-07-15 08:30:00,0.235,1.154,0.865,0.979,0.0,0.249,0.0,0.0,0.0,0.226,0.0,0.0,0.0,0.0,3.708,0.0,0.14,28.324,63.416,0.0
2018-07-15 08:45:00,0.269,1.157,0.869,0.987,0.0,0.261,0.0,0.0,0.0,0.261,0.0,0.0,0.0,0.0,3.805,0.0,0.105,28.362,63.539,0.0
2018-07-15 09:00:00,0.233,1.161,0.869,0.987,0.0,0.255,0.0,0.0,0.0,0.225,0.0,0.0,0.0,0.0,3.73,0.0,0.1,28.38,63.805,0.0
2018-07-15 09:15:00,0.239,1.181,0.887,1.007,0.0,0.262,0.0,0.0,0.0,0.231,0.0,0.0,0.0,0.0,3.805,0.0,0.123,28.39,63.943,0.0
2018-07-15 09:30:00,0.271,1.175,0.877,0.996,0.0,0.271,0.0,0.0,0.0,0.268,0.0,0.0,0.0,0.0,3.858,0.0,0.13,28.451,63.992,0.0
2018-07-15 09:45:00,0.235,1.173,0.877,0.997,0.0,0.259,0.0,0.0,0.0,0.233,0.0,0.0,0.0,0.0,3.774,0.0,0.1,28.469,64.313,0.0
2018-07-15 10:00:00,0.231,1.169,0.873,0.992,0.0,0.258,0.0,0.0,0.0,0.23,0.0,0.0,0.0,0.0,3.753,0.0,0.101,28.492,64.347,0.0
2018-07-15 10:15:00,0.269,1.172,0.877,0.993,0.0,0.272,0.0,0.0,0.0,0.268,0.0,0.0,0.0,0.0,3.851,0.0,0.141,28.51,64.327,0.0
2018-07-15 10:30:00,0.233,1.172,0.879,0.995,0.0,0.259,0.0,0.0,0.0,0.231,0.0,0.0,0.0,0.0,3.769,0.0,0.121,28.508,64.513,0.0
2018-07-15 10:45:00,0.233,1.182,0.887,1.007,0.0,0.259,0.0,0.0,0.0,0.231,0.0,0.0,0.0,0.0,3.799,0.0,0.1,28.52,64.378,0.0
2018-07-15 11:00:00,0.267,1.178,0.883,1.001,0.0,0.27,0.0,0.0,0.0,0.263,0.0,0.0,0.0,0.0,3.863,0.0,0.108,28.548,64.156,0.0
2018-07-15 11:15:00,0.236,1.198,0.902,1.021,0.0,0.261,0.0,0.0,0.0,0.229,0.0,0.0,0.0,0.0,3.848,0.0,0.137,28.57,64.213,0.0
2018-07-15 11:30:00,0.234,1.205,0.908,1.027,0.0,0.258,0.0,0.0,0.0,0.227,0.0,0.0,0.0,0.0,3.859,0.0,0.117,28.578,64.032,0.0
2018-07-15 11:45:00,0.136,0.949,0.668,0.754,0.911,0.26,0.54,0.0,0.613,0.131,0.0,0.0,0.0,0.0,4.962,0.0,0.1,28.596,63.797,0.0
2018-07-15 12:00:00,0.24,1.08,0.784,0.886,1.355,0.269,0.912,0.0,1.023,0.24,0.0,0.0,0.0,0.0,6.789,0.0,0.113,28.64,63.758,0.0
2018-07-15 12:15:00,0.237,1.224,0.924,1.037,1.387,0.262,0.943,0.0,1.055,0.231,0.0,0.0,0.0,0.0,7.3,0.0,0.14,28.638,63.346,0.0
2018-07-15 12:30:00,0.234,1.232,0.938,1.046,1.381,0.259,0.951,0.0,1.055,0.224,0.0,0.0,0.0,0.0,7.32,0.0,0.104,28.672,63.199,0.0
2018-07-15 12:45:00,0.233,1.237,0.942,1.052,1.387,0.257,0.961,0.0,1.059,0.226,0.0,0.0,0.0,0.0,7.353,0.0,0.1,28.68,63.021,0.0
2018-07-15 13:00:00,0.272,1.248,0.958,1.067,1.399,0.269,0.971,0.0,1.069,0.263,0.0,0.0,0.0,0.0,7.516,0.0,0.126,28.703,62.808,0.0
2018-07-15 13:15:00,0.233,1.239,0.951,1.057,1.377,0.255,0.953,0.0,1.051,0.224,0.0,0.0,0.0,0.0,7.339,0.0,0.136,28.751,62.844,0.0
2018-07-15 13:30:00,0.231,1.233,0.945,1.053,1.374,0.251,0.951,0.0,1.049,0.223,0.0,0.0,0.0,0.0,7.311,0.0,0.1,28.781,62.877,0.0
2018-07-15 13:45:00,0.233,1.233,0.945,1.048,1.388,0.251,0.965,0.0,1.063,0.224,0.0,0.0,0.0,0.0,7.35,0.0,0.1,28.797,62.81,0.0
2018-07-15 14:00:00,0.257,1.231,0.944,1.049,1.395,0.259,0.969,0.0,1.065,0.249,0.0,0.0,0.0,0.0,7.418,0.0,0.133,28.81,62.635,0.0
2018-07-15 14:15:00,0.248,1.235,0.948,1.052,1.39,0.256,0.965,0.0,1.062,0.239,0.0,0.0,0.0,0.0,7.395,0.0,0.127,28.859,62.828,0.0
2018-07-15 14:30:00,0.233,1.231,0.94,1.046,1.38,0.25,0.955,0.0,1.054,0.224,0.0,0.0,0.0,0.0,7.313,0.0,0.1,28.859,62.829,0.0
2018-07-15 14:45:00,0.233,1.215,0.923,1.031,1.367,0.251,0.939,0.0,1.041,0.225,0.0,0.0,0.0,0.0,7.224,0.0,0.103,28.843,62.597,0.0
2018-07-15 15:00:00,0.233,1.211,0.917,1.027,1.378,0.255,0.944,0.0,1.047,0.227,0.0,0.0,0.0,0.0,7.239,0.0,0.141,28.843,62.421,0.0
2018-07-15 15:15:00,0.272,1.217,0.922,1.031,1.363,0.266,0.933,0.0,1.031,0.265,0.0,0.0,0.0,0.0,7.301,0.0,0.121,28.871,62.49,0.0
2018-07-15 15:30:00,0.233,1.217,0.923,1.03,1.366,0.253,0.937,0.0,1.039,0.225,0.0,0.0,0.0,0.0,7.223,0.0,0.104,28.9,62.559,0.0
2018-07-15 15:45:00,0.234,1.213,0.92,1.028,1.369,0.253,0.941,0.0,1.042,0.226,0.0,0.0,0.0,0.0,7.227,0.0,0.11,28.895,62.593,0.0
2018-07-15 16:00:00,0.236,1.211,0.917,1.027,1.377,0.261,0.942,0.0,1.046,0.229,0.0,0.0,0.0,0.0,7.245,0.0,0.14,28.903,62.556,0.0
2018-07-15 16:15:00,0.269,1.201,0.911,1.017,1.349,0.269,0.918,0.0,1.017,0.262,0.0,0.0,0.0,0.0,7.214,0.0,0.114,28.933,62.549,0.0
2018-07-15 16:30:00,0.235,1.209,0.912,1.021,1.363,0.259,0.93,0.0,1.029,0.229,0.0,0.0,0.0,0.0,7.187,0.0,0.1,28.93,62.583,0.0
2018-07-15 16:45:00,0.235,1.21,0.913,1.02,1.377,0.259,0.942,0.0,1.041,0.231,0.0,0.0,0.0,0.0,7.227,0.0,0.116,28.954,62.737,0.0
2018-07-15 17:00:00,0.237,1.204,0.911,1.015,1.381,0.262,0.947,0.0,1.045,0.233,0.0,0.0,0.0,0.0,7.235,0.0,0.14,28.971,62.861,0.0
2018-07-15 17:15:00,0.273,1.204,0.908,1.013,1.357,0.271,0.925,0.0,1.02,0.27,0.0,0.0,0.0,0.0,7.241,0.0,0.107,28.977,62.99,0.0
2018-07-15 17:30:00,0.236,1.192,0.899,1.001,1.343,0.259,0.911,0.0,1.009,0.235,0.0,0.0,0.0,0.0,7.087,0.0,0.1,28.985,63.633,0.0
2018-07-15 17:45:00,0.175,1.193,0.903,1.003,1.347,0.188,0.922,0.0,1.015,0.175,0.0,0.0,0.0,0.0,6.92,0.0,0.128,28.984,63.173,0.0
2018-07-15 18:00:00,0.0,1.181,0.889,0.989,1.346,0.01,0.913,0.0,1.007,0.0,0.0,0.0,0.0,0.0,6.335,0.0,0.14,28.983,63.207,0.0
2018-07-15 18:15:00,0.001,0.561,0.302,0.337,1.305,0.01,0.88,0.0,0.971,0.0,0.0,0.0,0.0,0.0,4.366,0.0,0.1,28.985,63.276,0.0
2018-07-15 18:30:00,0.0,0.48,0.224,0.251,1.257,0.01,0.832,0.0,0.925,0.0,0.0,0.0,0.0,0.0,3.978,0.0,0.1,29.053,63.384,0.0
2018-07-15 18:45:00,0.0,0.388,0.135,0.153,1.253,0.01,0.826,0.0,0.915,0.0,0.0,0.0,0.0,0.0,3.68,0.0,0.129,29.282,63.612,0.0
2018-07-15 19:00:00,0.001,0.497,0.237,0.264,1.271,0.01,0.844,0.0,0.93,0.0,0.0,0.0,0.0,0.0,4.055,0.0,0.133,29.327,63.621,0.0
2018-07-15 19:15:00,0.001,0.477,0.217,0.244,1.254,0.01,0.831,0.0,0.915,0.0,0.0,0.0,0.0,0.0,3.949,0.0,0.1,29.2,63.592,0.0
2018-07-15 19:30:00,0.001,0.373,0.122,0.137,1.245,0.01,0.823,0.0,0.907,0.0,0.0,0.0,0.0,0.0,3.616,0.0,0.1,29.125,63.704,0.0
2018-07-15 19:45:00,0.0,0.547,0.283,0.317,1.273,0.01,0.848,0.0,0.928,0.0,0.0,0.0,0.0,0.0,4.207,0.0,0.136,29.427,63.549,0.0
2018-07-15 20:00:00,0.001,0.365,0.115,0.129,1.247,0.01,0.827,0.0,0.906,0.0,0.0,0.0,0.0,0.0,3.599,0.0,0.123,29.7,63.337,0.0
2018-07-15 20:15:00,0.0,0.349,0.101,0.112,1.233,0.01,0.815,0.0,0.891,0.0,0.0,0.0,0.0,0.0,3.51,0.0,0.101,29.216,63.317,0.0
2018-07-15 20:30:00,0.001,0.451,0.197,0.218,1.238,0.01,0.824,0.0,0.899,0.0,0.0,0.0,0.0,0.0,3.838,0.0,0.107,29.531,63.372,0.0
2018-07-15 20:45:00,0.0,0.475,0.217,0.241,1.273,0.01,0.851,0.0,0.927,0.0,0.0,0.0,0.0,0.0,3.993,0.0,0.14,29.793,63.499,0.0
2018-07-15 21:00:00,0.0,0.453,0.197,0.219,1.258,0.01,0.837,0.0,0.912,0.0,0.0,0.0,0.0,0.0,3.887,0.0,0.116,29.753,63.447,0.0
2018-07-15 21:15:00,0.001,0.352,0.102,0.114,1.257,0.01,0.834,0.0,0.911,0.0,0.0,0.0,0.0,0.0,3.582,0.0,0.1,29.5,63.372,0.0
2018-07-15 21:30:00,0.001,0.482,0.223,0.245,1.283,0.01,0.856,0.0,0.932,0.0,0.0,0.0,0.0,0.0,4.031,0.0,0.114,29.105,63.294,0.0
2018-07-15 21:45:00,0.001,0.36,0.108,0.117,1.263,0.01,0.841,0.0,0.914,0.0,0.0,0.0,0.0,0.0,3.615,0.0,0.14,29.124,63.289,0.0
2018-07-15 22:00:00,0.0,0.469,0.211,0.232,1.275,0.01,0.855,0.0,0.926,0.0,0.0,0.0,0.0,0.0,3.978,0.0,0.107,29.109,63.269,0.0
2018-07-15 22:15:00,0.001,0.351,0.103,0.115,1.267,0.01,0.851,0.0,0.923,0.0,0.0,0.0,0.0,0.0,3.621,0.0,0.1,29.107,63.328,0.0
2018-07-15 22:30:00,0.001,0.498,0.24,0.263,1.291,0.01,0.869,0.0,0.942,0.0,0.0,0.0,0.0,0.0,4.113,0.0,0.124,29.627,63.357,0.0
2018-07-15 22:45:00,0.0,0.362,0.113,0.125,1.268,0.01,0.851,0.0,0.925,0.0,0.0,0.0,0.0,0.0,3.653,0.0,0.138,29.813,63.279,0.0
2018-07-15 23:00:00,0.0,0.417,0.164,0.181,1.264,0.01,0.844,0.0,0.921,0.0,0.0,0.0,0.0,0.0,3.8,0.0,0.1,29.544,63.217,0.0
2018-07-15 23:15:00,0.001,0.398,0.147,0.162,1.276,0.01,0.858,0.0,0.936,0.0,0.0,0.0,0.0,0.0,3.787,0.0,0.1,29.471,63.179,0.0
2018-07-15 23:30:00,0.0,0.475,0.219,0.242,1.291,0.025,0.871,0.0,0.95,0.0,0.0,0.0,0.0,0.0,4.073,0.0,0.133,29.707,63.309,0.0
2018-07-15 23:45:00,0.655,0.135,0.0,0.0,1.261,0.507,0.845,0.0,0.921,0.653,0.0,0.0,0.0,0.0,4.977,0.0,0.13,29.773,63.193,0.0
2018-07-16 00:00:00,0.648,0.0,0.0,0.0,1.257,0.639,0.837,0.203,0.917,0.647,0.0,0.0,0.0,0.0,5.147,0.0,0.1,29.9,63.185,0.0
2018-07-16 00:15:00,0.411,0.0,0.0,0.0,1.251,0.637,0.826,0.353,0.91,0.409,0.0,0.0,0.0,0.0,4.797,0.0,0.1,29.793,63.152,0.0
2018-07-16 00:30:00,0.535,0.0,0.0,0.0,1.275,0.761,0.843,0.46,0.927,0.531,0.0,0.0,0.0,0.0,5.331,0.0,0.14,29.68,63.15,0.0
2018-07-16 00:45:00,0.389,0.0,0.0,0.0,1.261,0.617,0.834,0.334,0.915,0.385,0.0,0.0,0.0,0.0,4.734,0.0,0.122,29.58,63.273,0.0
2018-07-16 01:00:00,0.421,0.0,0.0,0.0,1.261,0.651,0.833,0.363,0.917,0.419,0.0,0.0,0.0,0.0,4.865,0.0,0.1,29.265,62.974,0.0
2018-07-16 01:15:00,0.363,0.0,0.0,0.0,1.251,0.589,0.824,0.309,0.912,0.361,0.0,0.0,0.0,0.0,4.609,0.0,0.109,29.112,62.892,0.0
2018-07-16 01:30:00,0.443,0.0,0.0,0.0,1.271,0.671,0.839,0.379,0.925,0.44,0.0,0.0,0.0,0.0,4.968,0.0,0.14,29.113,62.809,0.0
2018-07-16 01:45:00,0.411,0.0,0.0,0.0,1.255,0.641,0.825,0.352,0.911,0.408,0.0,0.0,0.0,0.0,4.804,0.0,0.116,29.111,62.733,0.0
2018-07-16 02:00:00,0.405,0.0,0.0,0.0,1.267,0.639,0.835,0.349,0.921,0.405,0.0,0.0,0.0,0.0,4.822,0.0,0.1,29.114,62.656,0.0
2018-07-16 02:15:00,0.479,0.0,0.0,0.0,1.269,0.711,0.837,0.411,0.923,0.474,0.0,0.0,0.0,0.0,5.104,0.0,0.113,29.114,62.559,0.0
2018-07-16 02:30:00,0.328,0.0,0.0,0.0,1.271,0.565,0.833,0.28,0.922,0.325,0.0,0.0,0.0,0.0,4.525,0.0,0.14,29.127,62.469,0.0
2018-07-16 02:45:00,0.448,0.0,0.0,0.0,1.261,0.68,0.827,0.384,0.913,0.447,0.0,0.0,0.0,0.0,4.96,0.0,0.111,29.133,62.398,0.0
2018-07-16 03:00:00,0.37,0.0,0.0,0.0,1.254,0.604,0.821,0.317,0.909,0.368,0.0,0.0,0.0,0.0,4.644,0.0,0.1,29.155,62.292,0.0
2018-07-16 03:15:00,0.421,0.0,0.0,0.0,1.272,0.655,0.836,0.36,0.921,0.417,0.0,0.0,0.0,0.0,4.882,0.0,0.119,29.141,62.231,0.0
2018-07-16 03:30:00,0.397,0.0,0.0,0.0,1.256,0.631,0.821,0.342,0.909,0.397,0.0,0.0,0.0,0.0,4.753,0.0,0.14,29.136,62.174,0.0
2018-07-16 03:45:00,0.322,0.0,0.0,0.0,1.26,0.556,0.827,0.276,0.913,0.321,0.0,0.0,0.0,0.0,4.475,0.0,0.104,29.156,62.363,0.0
2018-07-16 04:00:00,0.432,0.0,0.0,0.0,1.257,0.661,0.826,0.369,0.911,0.427,0.0,0.0,0.0,0.0,4.884,0.0,0.1,29.177,62.713,0.0
2018-07-16 04:15:00,0.405,0.0,0.0,0.0,1.265,0.637,0.831,0.347,0.92,0.403,0.0,0.0,0.0,0.0,4.809,0.0,0.129,29.185,62.58,0.0
2018-07-16 04:30:00,0.385,0.0,0.0,0.0,1.238,0.615,0.807,0.33,0.897,0.383,0.0,0.0,0.0,0.0,4.657,0.0,0.136,29.193,62.12,0.0
2018-07-16 04:45:00,0.362,0.0,0.0,0.0,1.234,0.589,0.806,0.309,0.895,0.359,0.0,0.0,0.0,0.0,4.554,0.0,0.1,29.208,62.052,0.0
2018-07-16 05:00:00,0.319,0.0,0.0,0.0,1.235,0.549,0.805,0.273,0.895,0.318,0.0,0.0,0.0,0.0,4.395,0.0,0.099,29.21,61.953,0.0
2018-07-16 05:15:00,0.377,0.0,0.0,0.0,1.257,0.603,0.823,0.321,0.914,0.374,0.0,0.0,0.0,0.0,4.669,0.0,0.133,29.201,61.931,0.0
2018-07-16 05:30:00,0.305,0.053,0.0,0.0,1.242,0.534,0.817,0.261,0.905,0.304,0.0,0.0,0.0,0.0,4.421,0.0,0.125,29.2,61.869,0.0
2018-07-16 05:45:00,0.0,0.279,0.036,0.041,1.14,0.242,0.749,0.0,0.834,0.0,0.0,0.0,0.0,0.0,3.321,0.0,0.1,29.209,61.819,0.0
2018-07-16 06:00:00,0.0,1.108,0.816,0.909,0.0,0.24,0.0,0.0,0.0,0.0,0.0,0.0,0.0,0.0,3.073,0.0,0.106,29.227,61.853,0.0
2018-07-16 06:15:00,0.0,1.115,0.823,0.922,0.0,0.237,0.0,0.0,0.0,0.0,0.0,0.0,0.0,0.0,3.097,0.247,0.195,29.236,61.855,0.0
2018-07-16 06:30:00,0.0,1.132,0.837,0.942,0.0,0.237,0.0,0.0,0.0,0.0,0.0,0.0,0.0,0.0,3.148,0.364,0.217,29.249,61.778,1.533
2018-07-16 06:45:00,0.0,1.135,0.836,0.945,0.0,0.237,0.0,0.0,0.0,0.0,0.0,0.0,0.0,0.0,3.154,0.541,0.242,29.243,62.005,21.364
2018-07-16 07:00:00,0.0,1.143,0.837,0.947,0.0,0.245,0.0,0.0,0.0,0.0,0.0,0.0,0.0,0.0,3.172,0.37,0.293,29.251,61.941,3.333
2018-07-16 07:15:00,0.0,1.145,0.843,0.956,0.0,0.237,0.0,0.0,0.0,0.0,0.0,0.0,0.0,0.0,3.181,0.591,0.345,29.275,61.884,19.133
2018-07-16 07:30:00,7.956,1.148,0.847,0.963,0.0,0.237,0.0,0.0,0.0,0.0,0.0,0.0,0.0,0.0,11.151,0.369,0.286,29.193,62.135,13.4
2018-07-16 07:45:00,27.129,1.151,0.862,0.979,0.0,0.237,0.0,0.0,0.0,0.0,0.0,0.0,0.0,0.0,30.358,1.409,0.29,26.989,62.263,42.267
2018-07-16 08:00:00,26.719,1.143,0.855,0.973,0.0,0.24,0.0,0.0,0.0,0.0,0.0,0.0,0.0,0.0,29.931,1.655,0.494,25.415,63.394,81.267
2018-07-16 08:15:00,27.058,1.132,0.837,0.959,0.0,0.237,0.0,0.0,0.0,0.0,0.0,0.0,0.0,0.0,30.223,1.7,0.581,25.209,65.999,81.533
2018-07-16 08:30:00,26.831,1.144,0.845,0.969,0.0,0.237,0.0,0.0,0.0,0.0,0.0,0.0,0.0,0.0,30.027,1.721,0.567,24.733,66.267,83.0
2018-07-16 08:45:00,27.009,1.15,0.849,0.975,0.0,0.237,0.0,0.0,0.0,0.0,0.0,0.0,0.0,0.0,30.221,1.727,0.528,24.43,66.102,82.333
2018-07-16 09:00:00,27.193,1.155,0.854,0.981,0.0,0.24,0.0,0.0,0.0,0.0,0.0,0.0,0.0,0.0,30.423,1.72,0.631,24.507,66.093,86.933
2018-07-16 09:15:00,27.578,1.161,0.859,0.985,0.0,0.237,0.0,0.0,0.0,0.0,0.0,0.0,0.0,0.0,30.821,1.867,0.745,24.152,66.328,98.733
2018-07-16 09:30:00,27.583,1.165,0.865,0.991,0.0,0.237,0.0,0.0,0.0,0.0,0.0,0.0,0.0,0.0,30.84,2.136,0.739,23.75,67.123,97.231
2018-07-16 09:45:00,27.839,1.174,0.873,0.998,0.0,0.24,0.0,0.0,0.0,0.0,0.0,0.0,0.0,0.0,31.124,2.07,0.736,23.787,68.913,97.867
2018-07-16 10:00:00,28.291,1.177,0.876,1.001,0.0,0.237,0.0,0.0,0.0,0.0,0.0,0.0,0.0,0.0,31.583,1.764,0.761,23.747,68.707,96.8
2018-07-16 10:15:00,28.675,1.177,0.877,1.001,0.0,0.237,0.0,0.0,0.0,0.0,0.0,0.0,0.0,0.0,31.967,2.239,0.713,24.053,69.103,105.067
2018-07-16 10:30:00,28.424,1.182,0.886,1.011,0.0,0.237,0.0,0.0,0.0,0.0,0.0,0.0,0.0,0.0,31.741,2.243,0.626,24.207,68.371,107.909
2018-07-16 10:45:00,28.71,1.184,0.887,1.008,0.0,0.24,0.0,0.0,0.0,0.0,0.0,0.0,0.0,0.0,32.029,2.249,0.643,23.947,66.376,106.545
2018-07-16 11:00:00,28.735,1.185,0.887,1.009,0.0,0.237,0.0,0.0,0.0,0.0,0.0,0.0,0.0,0.0,32.053,2.245,0.757,23.8,67.123,103.867
2018-07-16 11:15:00,28.729,1.197,0.899,1.022,0.0,0.237,0.0,0.0,0.0,0.0,0.0,0.0,0.0,0.0,32.085,2.243,0.637,23.636,66.687,105.857
2018-07-16 11:30:00,28.397,1.198,0.896,1.021,0.0,0.237,0.0,0.0,0.0,0.0,0.0,0.0,0.0,0.0,31.749,2.009,0.696,23.558,66.815,107.857
2018-07-16 11:45:00,27.879,0.688,0.418,0.477,0.411,0.247,0.075,0.0,0.088,0.0,0.0,0.0,0.0,0.0,30.284,1.927,0.58,23.607,67.627,107.667
2018-07-16 12:00:00,28.142,0.63,0.357,0.416,0.694,0.453,0.287,0.182,0.337,0.221,0.0,0.0,0.0,0.0,31.719,1.939,0.62,23.398,67.887,107.0
2018-07-16 12:15:00,27.872,0.442,0.183,0.213,0.733,0.483,0.327,0.207,0.376,0.253,0.0,0.0,0.0,0.0,31.089,1.947,0.537,23.283,67.983,107.267
2018-07-16 12:30:00,28.597,0.439,0.179,0.209,1.051,0.687,0.612,0.383,0.705,0.463,0.0,0.0,0.0,0.0,33.324,1.867,0.657,23.427,69.981,105.533
2018-07-16 12:45:00,28.567,0.853,0.561,0.649,1.064,0.343,0.639,0.09,0.724,0.111,0.0,0.0,0.0,0.0,33.601,1.756,0.491,23.401,69.424,105.067
2018-07-16 13:00:00,29.365,0.817,0.543,0.62,0.979,0.497,0.573,0.227,0.65,0.273,0.0,0.0,0.0,0.0,34.544,1.703,0.621,23.439,70.987,105.4
2018-07-16 13:15:00,29.011,0.799,0.529,0.603,1.185,0.345,0.771,0.095,0.866,0.115,0.0,0.0,0.0,0.0,34.319,1.699,0.544,23.234,69.372,104.8
2018-07-16 13:30:00,29.019,0.968,0.687,0.785,0.36,0.447,0.0,0.182,0.0,0.221,0.0,0.0,0.0,0.0,32.669,1.735,0.589,23.467,71.64,102.6
2018-07-16 13:45:00,28.497,1.1,0.808,0.922,1.297,0.456,0.876,0.193,0.979,0.23,0.0,0.0,0.0,0.0,35.357,2.054,0.752,23.566,71.265,100.733
2018-07-16 14:00:00,28.405,1.185,0.897,1.022,1.177,0.323,0.77,0.075,0.859,0.091,0.0,0.0,0.056,0.0,34.86,2.394,0.808,23.442,70.425,99.267
2018-07-16 14:15:00,28.311,0.912,0.639,0.733,0.361,0.345,0.0,0.091,0.0,0.11,0.0,0.0,0.06,0.0,31.561,2.42,0.663,23.393,70.694,100.067
2018-07-16 14:30:00,29.002,1.189,0.89,1.01,1.185,0.438,0.767,0.176,0.861,0.211,0.0,0.0,0.059,0.0,35.79,2.425,0.709,23.405,71.326,106.067
2018-07-16 14:45:00,28.497,0.935,0.655,0.744,0.793,0.46,0.4,0.195,0.449,0.235,0.0,0.0,0.059,0.0,33.423,2.43,0.691,23.395,71.143,106.727
2018-07-16 15:00:00,28.755,1.2,0.902,1.025,1.105,0.337,0.696,0.088,0.779,0.105,0.0,0.0,0.059,0.0,35.05,2.428,0.795,23.347,70.644,106.0
2018-07-16 15:15:00,28.29,0.913,0.634,0.723,0.363,0.237,0.0,0.0,0.0,0.0,0.0,0.0,0.059,0.0,31.22,2.436,0.637,23.35,70.243,106.733
2018-07-16 15:30:00,28.26,0.94,0.656,0.751,0.369,0.24,0.0,0.0,0.0,0.0,0.0,0.0,0.06,0.0,31.276,2.448,0.707,23.133,69.729,106.538
2018-07-16 15:45:00,28.942,1.099,0.802,0.914,0.367,0.342,0.0,0.091,0.0,0.11,0.0,0.0,0.059,0.0,32.726,2.449,0.679,22.929,69.693,106.333
2018-07-16 16:00:00,28.415,1.077,0.783,0.893,1.197,0.441,0.766,0.178,0.865,0.215,0.0,0.0,0.059,0.0,34.89,2.459,0.661,23.217,71.13,107.8
2018-07-16 16:15:00,28.641,0.956,0.675,0.771,0.903,0.441,0.497,0.175,0.559,0.211,0.0,0.0,0.06,0.0,33.888,2.436,0.708,23.159,70.619,108.0
2018-07-16 16:30:00,27.909,0.921,0.625,0.725,0.678,0.469,0.277,0.195,0.319,0.238,0.0,0.0,0.059,0.0,32.414,2.51,0.715,23.265,72.188,108.846
2018-07-16 16:45:00,20.045,0.937,0.649,0.742,1.063,0.498,0.639,0.222,0.724,0.27,0.0,0.0,0.025,0.0,25.814,2.399,0.754,23.347,70.791,109.667
2018-07-16 17:00:00,0.396,1.185,0.879,1.006,1.334,0.611,0.903,0.327,1.015,0.393,0.0,0.0,0.0,0.0,8.05,1.65,0.488,24.544,68.917,90.8
2018-07-16 17:15:00,0.566,0.986,0.7,0.798,1.347,0.778,0.917,0.473,1.027,0.563,0.0,0.0,0.0,0.0,8.155,1.611,0.399,25.691,68.06,82.333
2018-07-16 17:30:00,0.457,1.177,0.883,1.005,1.336,0.67,0.917,0.383,1.023,0.454,0.0,0.0,0.0,0.0,8.305,1.462,0.375,26.36,66.669,82.0
2018-07-16 17:45:00,0.358,0.995,0.707,0.806,1.325,0.524,0.9,0.299,1.011,0.356,0.0,0.0,0.0,0.0,7.282,1.669,0.191,26.69,65.684,68.571
2018-07-16 18:00:00,0.001,0.903,0.617,0.705,1.343,0.01,0.908,0.0,1.022,0.0,0.0,0.0,0.0,0.0,5.509,0.989,0.091,26.961,65.984,3.0
2018-07-16 18:15:00,0.0,0.24,0.0,0.0,1.273,0.01,0.844,0.0,0.953,0.0,0.0,0.0,0.0,0.0,3.319,0.063,0.09,27.381,64.711,0.6
2018-07-16 18:30:00,0.001,0.353,0.103,0.118,1.267,0.01,0.84,0.0,0.94,0.0,0.0,0.0,0.0,0.0,3.632,0.0,0.051,27.135,63.911,0.0
2018-07-16 18:45:00,0.001,0.351,0.102,0.116,1.273,0.01,0.843,0.0,0.939,0.0,0.0,0.0,0.0,0.0,3.635,0.0,0.051,27.185,63.327,0.0
2018-07-16 19:00:00,0.0,0.339,0.09,0.102,1.283,0.01,0.851,0.0,0.947,0.0,0.0,0.0,0.0,0.0,3.623,0.0,0.075,27.26,63.007,0.0
2018-07-16 19:15:00,0.0,0.481,0.221,0.251,1.272,0.01,0.845,0.0,0.941,0.0,0.0,0.0,0.0,0.0,4.019,0.0,0.075,27.309,62.705,0.0
2018-07-16 19:30:00,0.0,0.241,0.0,0.0,1.264,0.01,0.839,0.0,0.931,0.0,0.0,0.0,0.0,0.0,3.285,0.0,0.051,27.364,62.457,0.0
2018-07-16 19:45:00,0.001,0.459,0.198,0.225,1.275,0.01,0.849,0.0,0.941,0.0,0.0,0.0,0.0,0.0,3.957,0.0,0.053,27.421,62.323,0.0
2018-07-16 20:00:00,0.001,0.243,0.0,0.0,1.27,0.01,0.851,0.0,0.939,0.0,0.0,0.0,0.0,0.0,3.313,0.0,0.09,27.469,62.235,0.0
2018-07-16 20:15:00,0.001,0.364,0.115,0.13,1.267,0.01,0.852,0.0,0.937,0.0,0.0,0.0,0.0,0.0,3.675,0.0,0.059,27.522,62.185,0.0
2018-07-16 20:30:00,0.0,0.359,0.111,0.124,1.255,0.01,0.839,0.0,0.925,0.0,0.0,0.0,0.0,0.0,3.623,0.0,0.05,27.563,62.387,0.0
2018-07-16 20:45:00,0.0,0.371,0.122,0.136,1.264,0.01,0.845,0.0,0.928,0.0,0.0,0.0,0.0,0.0,3.677,0.0,0.068,27.594,62.207,0.0
2018-07-16 21:00:00,0.001,0.24,0.0,0.0,1.269,0.01,0.841,0.0,0.927,0.0,0.0,0.0,0.0,0.0,3.289,0.0,0.084,27.663,62.061,0.0
2018-07-16 21:15:00,0.001,0.377,0.126,0.143,1.253,0.01,0.828,0.0,0.919,0.0,0.0,0.0,0.0,0.0,3.657,0.0,0.051,27.711,61.967,0.0
2018-07-16 21:30:00,0.0,0.35,0.101,0.114,1.269,0.01,0.839,0.0,0.93,0.0,0.0,0.0,0.0,0.0,3.614,0.0,0.051,27.76,61.95,0.0
2018-07-16 21:45:00,0.001,0.461,0.199,0.225,1.284,0.01,0.849,0.0,0.939,0.0,0.0,0.0,0.0,0.0,3.969,0.0,0.085,27.802,62.068,0.0
2018-07-16 22:00:00,0.0,0.257,0.012,0.014,1.249,0.01,0.821,0.0,0.906,0.0,0.0,0.0,0.0,0.0,3.27,0.0,0.065,27.819,62.166,0.0
2018-07-16 22:15:00,0.0,0.461,0.199,0.223,1.249,0.01,0.826,0.0,0.911,0.0,0.0,0.0,0.0,0.0,3.879,0.0,0.05,27.926,61.881,0.0
2018-07-16 22:30:00,0.0,0.347,0.099,0.111,1.253,0.01,0.833,0.0,0.92,0.0,0.0,0.0,0.0,0.0,3.572,0.0,0.065,28.453,61.717,0.0
2018-07-16 22:45:00,0.0,0.335,0.087,0.099,1.275,0.01,0.849,0.0,0.935,0.0,0.0,0.0,0.0,0.0,3.589,0.0,0.089,28.773,61.662,0.0
2018-07-16 23:00:00,0.0,0.341,0.093,0.105,1.262,0.01,0.834,0.0,0.92,0.0,0.0,0.0,0.0,0.0,3.565,0.0,0.05,28.127,61.619,0.0
2018-07-16 23:15:00,0.001,0.352,0.103,0.116,1.259,0.01,0.83,0.0,0.917,0.0,0.0,0.0,0.0,0.0,3.587,0.0,0.053,28.124,61.697,0.0
2018-07-16 23:30:00,0.0,0.363,0.111,0.126,1.255,0.021,0.825,0.0,0.913,0.0,0.0,0.0,0.0,0.0,3.613,0.0,0.08,28.667,61.905,0.0
2018-07-16 23:45:00,0.158,0.132,0.0,0.0,1.257,0.397,0.819,0.13,0.913,0.155,0.0,0.0,0.0,0.0,3.961,0.0,0.074,28.627,62.593,0.0
2018-07-17 00:00:00,0.3,0.0,0.0,0.0,1.237,0.533,0.803,0.251,0.894,0.299,0.0,0.0,0.0,0.0,4.317,0.0,0.05,28.747,62.201,0.0
2018-07-17 00:15:00,0.418,0.0,0.0,0.0,1.243,0.647,0.807,0.352,0.898,0.417,0.0,0.0,0.0,0.0,4.781,0.0,0.055,28.827,62.221,0.0
2018-07-17 00:30:00,0.313,0.0,0.0,0.0,1.253,0.543,0.82,0.263,0.913,0.311,0.0,0.0,0.0,0.0,4.417,0.0,0.09,28.223,62.297,0.0
2018-07-17 00:45:00,0.301,0.0,0.0,0.0,1.26,0.531,0.828,0.255,0.921,0.3,0.0,0.0,0.0,0.0,4.395,0.0,0.063,28.116,62.295,0.0
2018-07-17 01:00:00,0.27,0.0,0.0,0.0,1.232,0.495,0.805,0.227,0.9,0.268,0.0,0.0,0.0,0.0,4.197,0.0,0.05,28.139,62.211,0.0
2018-07-17 01:15:00,0.297,0.0,0.0,0.0,1.235,0.523,0.809,0.248,0.903,0.295,0.0,0.0,0.0,0.0,4.311,0.0,0.066,28.153,62.186,0.0
2018-07-17 01:30:00,0.307,0.0,0.0,0.0,1.221,0.532,0.794,0.259,0.888,0.306,0.0,0.0,0.0,0.0,4.307,0.0,0.09,28.153,62.187,0.0
2018-07-17 01:45:00,0.417,0.0,0.0,0.0,1.249,0.641,0.817,0.353,0.913,0.415,0.0,0.0,0.0,0.0,4.805,0.0,0.05,28.169,62.199,0.0
2018-07-17 02:00:00,0.305,0.0,0.0,0.0,1.228,0.531,0.801,0.258,0.894,0.303,0.0,0.0,0.0,0.0,4.32,0.0,0.055,28.195,62.163,0.0
2018-07-17 02:15:00,0.355,0.0,0.0,0.0,1.217,0.579,0.79,0.299,0.883,0.353,0.0,0.0,0.0,0.0,4.477,0.0,0.078,28.195,62.148,0.0
2018-07-17 02:30:00,0.257,0.0,0.0,0.0,1.229,0.487,0.796,0.215,0.891,0.255,0.0,0.0,0.0,0.0,4.131,0.0,0.079,28.195,62.155,0.0
2018-07-17 02:45:00,0.383,0.0,0.0,0.0,1.229,0.606,0.805,0.324,0.897,0.381,0.0,0.0,0.0,0.0,4.625,0.0,0.051,28.226,62.149,0.0
2018-07-17 03:00:00,0.292,0.0,0.0,0.0,1.219,0.517,0.793,0.244,0.885,0.289,0.0,0.0,0.0,0.0,4.238,0.0,0.05,28.264,62.299,0.0
2018-07-17 03:15:00,0.446,0.0,0.0,0.0,1.213,0.665,0.787,0.377,0.882,0.445,0.0,0.0,0.0,0.0,4.816,0.0,0.089,28.265,62.409,0.0
2018-07-17 03:30:00,0.271,0.0,0.0,0.0,1.223,0.501,0.792,0.228,0.888,0.269,0.0,0.0,0.0,0.0,4.171,0.0,0.07,28.276,62.372,0.0
2018-07-17 03:45:00,0.277,0.0,0.0,0.0,1.215,0.505,0.789,0.231,0.883,0.276,0.0,0.0,0.0,0.0,4.177,0.0,0.05,28.303,62.006,0.0
2018-07-17 04:00:00,0.495,0.0,0.0,0.0,1.237,0.714,0.809,0.42,0.904,0.493,0.0,0.0,0.0,0.0,5.072,0.0,0.061,28.32,61.99,0.0
2018-07-17 04:15:00,0.266,0.0,0.0,0.0,1.224,0.492,0.799,0.224,0.893,0.263,0.0,0.0,0.0,0.0,4.161,0.0,0.09,28.315,62.015,0.0
2018-07-17 04:30:00,0.271,0.0,0.0,0.0,1.237,0.5,0.807,0.227,0.899,0.27,0.0,0.0,0.0,0.0,4.211,0.0,0.059,28.327,62.268,0.0
2018-07-17 04:45:00,0.283,0.0,0.0,0.0,1.218,0.507,0.795,0.237,0.887,0.281,0.0,0.0,0.0,0.0,4.207,0.0,0.051,28.355,62.387,0.0
2018-07-17 05:00:00,0.508,0.0,0.0,0.0,1.227,0.725,0.804,0.431,0.897,0.506,0.0,0.0,0.0,0.0,5.099,0.0,0.069,28.371,62.291,0.0
2018-07-17 05:15:00,0.278,0.0,0.0,0.0,1.241,0.51,0.805,0.233,0.9,0.276,0.0,0.0,0.0,0.0,4.243,0.0,0.085,28.367,62.533,0.0
2018-07-17 05:30:00,0.227,0.089,0.02,0.023,1.215,0.461,0.789,0.19,0.879,0.227,0.0,0.0,0.0,0.0,4.119,0.0,0.05,28.371,62.22,0.0
2018-07-17 05:45:00,0.001,0.423,0.169,0.193,1.139,0.246,0.745,0.0,0.833,0.0,0.0,0.0,0.0,0.0,3.75,0.0,0.05,28.38,62.553,0.0
2018-07-17 06:00:00,0.0,1.091,0.791,0.895,0.0,0.237,0.0,0.0,0.0,0.0,0.0,0.0,0.0,0.0,3.013,0.0,0.086,28.387,62.327,0.0
2018-07-17 06:15:00,0.303,1.113,0.815,0.924,0.0,0.529,0.0,0.253,0.0,0.301,0.0,0.0,0.0,0.0,4.239,0.0,0.071,28.394,62.358,0.0
2018-07-17 06:30:00,0.0,1.106,0.811,0.927,0.0,0.237,0.0,0.0,0.0,0.0,0.0,0.0,0.0,0.0,3.081,0.001,0.117,28.404,62.345,3.929
2018-07-17 06:45:00,0.0,1.103,0.807,0.926,0.0,0.237,0.0,0.0,0.0,0.0,0.0,0.0,0.0,0.0,3.074,0.153,0.107,28.457,62.62,5.133
2018-07-17 07:00:00,0.0,1.105,0.81,0.928,0.0,0.237,0.0,0.0,0.0,0.0,0.0,0.0,0.0,0.0,3.08,0.36,0.157,28.508,63.301,3.0
2018-07-17 07:15:00,0.0,1.11,0.811,0.931,0.0,0.241,0.0,0.0,0.0,0.0,0.0,0.0,0.0,0.0,3.093,0.369,0.205,28.533,63.982,3.0
2018-07-17 07:30:00,7.691,1.101,0.8,0.921,0.0,0.245,0.0,0.0,0.0,0.0,0.0,0.0,0.0,0.0,10.757,1.101,0.275,28.416,65.678,37.867
2018-07-17 07:45:00,26.199,1.109,0.823,0.944,0.0,0.237,0.0,0.0,0.0,0.0,0.0,0.0,0.0,0.0,29.313,1.495,0.385,26.17,65.97,91.8
2018-07-17 08:00:00,26.319,1.107,0.823,0.948,0.0,0.237,0.0,0.0,0.0,0.0,0.0,0.0,0.0,0.0,29.435,1.691,0.51,24.844,68.378,100.0
2018-07-17 08:15:00,26.364,1.119,0.827,0.958,0.0,0.24,0.0,0.0,0.0,0.0,0.0,0.0,0.0,0.0,29.508,1.692,0.65,24.475,69.5,100.0
2018-07-17 08:30:00,26.631,1.117,0.83,0.961,0.0,0.237,0.0,0.0,0.0,0.0,0.0,0.0,0.0,0.0,29.777,1.693,0.487,24.261,70.179,100.067
2018-07-17 08:45:00,26.313,1.119,0.822,0.959,0.0,0.237,0.0,0.0,0.0,0.0,0.0,0.0,0.0,0.0,29.451,1.713,0.457,24.231,70.797,100.8
2018-07-17 09:00:00,26.467,1.122,0.827,0.961,0.0,0.237,0.0,0.0,0.0,0.0,0.0,0.0,0.0,0.0,29.613,1.703,0.448,23.902,71.257,100.133
2018-07-17 09:15:00,26.71,1.129,0.833,0.969,0.0,0.24,0.0,0.0,0.0,0.0,0.0,0.0,0.0,0.0,29.882,1.888,0.593,23.895,71.361,109.067
2018-07-17 09:30:00,26.917,1.134,0.84,0.975,0.0,0.237,0.0,0.0,0.0,0.0,0.0,0.0,0.145,0.0,30.248,2.33,0.579,24.343,69.851,121.0
2018-07-17 09:45:00,27.809,1.131,0.837,0.969,0.0,0.237,0.0,0.0,0.0,0.0,0.0,0.0,0.677,0.0,31.661,2.355,0.625,24.035,70.48,111.923
2018-07-17 10:00:00,27.579,1.138,0.837,0.969,0.0,0.237,0.0,0.0,0.0,0.0,0.0,0.0,0.627,0.0,31.387,2.397,0.689,23.672,71.385,113.2
2018-07-17 10:15:00,27.677,1.143,0.843,0.975,0.0,0.24,0.0,0.0,0.0,0.0,0.0,0.0,0.603,0.0,31.48,2.369,0.68,23.609,71.125,113.0
2018-07-17 10:30:00,27.051,1.14,0.839,0.974,0.0,0.237,0.0,0.0,0.0,0.0,0.0,0.0,0.099,0.0,30.341,2.149,0.629,23.341,69.659,112.533
2018-07-17 10:45:00,27.347,1.143,0.847,0.977,0.0,0.237,0.0,0.0,0.0,0.0,0.0,0.0,0.099,0.0,30.651,2.138,0.546,23.104,69.093,112.0
2018-07-17 11:00:00,27.321,1.145,0.851,0.981,0.0,0.237,0.0,0.0,0.0,0.0,0.0,0.0,0.099,0.0,30.634,2.383,0.506,22.959,69.61,117.667
2018-07-17 11:15:00,27.108,1.147,0.849,0.979,0.0,0.24,0.0,0.0,0.0,0.0,0.0,0.0,0.1,0.0,30.422,2.629,0.546,23.045,69.461,124.0
2018-07-17 11:30:00,27.134,1.151,0.848,0.984,0.0,0.237,0.0,0.0,0.0,0.0,0.0,0.0,0.099,0.0,30.453,2.649,0.571,22.832,69.307,124.467
2018-07-17 11:45:00,27.465,1.103,0.803,0.933,0.505,0.245,0.171,0.0,0.201,0.0,0.0,0.0,0.445,0.0,31.871,2.329,0.45,22.851,70.107,125.067
2018-07-17 12:00:00,27.49,1.0,0.709,0.822,0.694,0.499,0.288,0.221,0.339,0.271,0.0,0.0,0.099,0.0,32.432,2.348,0.503,22.892,71.049,126.0
2018-07-17 12:15:00,27.586,1.164,0.863,0.997,1.325,0.56,0.865,0.273,1.003,0.333,0.0,0.0,0.425,0.0,35.395,2.351,0.529,22.933,70.427,126.0
2018-07-17 12:30:00,27.24,0.963,0.673,0.781,0.376,0.459,0.001,0.184,0.001,0.225,0.0,0.0,0.099,0.0,31.003,2.353,0.499,22.912,70.827,125.867
2018-07-17 12:45:00,27.527,1.003,0.707,0.819,0.376,0.467,0.0,0.193,0.0,0.237,0.0,0.0,0.5,0.0,31.829,2.35,0.525,23.375,71.475,125.091
2018-07-17 13:00:00,27.452,0.949,0.669,0.771,0.367,0.444,0.0,0.181,0.0,0.22,0.0,0.0,0.003,0.0,31.055,1.847,0.519,22.921,70.557,121.733
2018-07-17 13:15:00,27.293,0.911,0.629,0.727,0.37,0.452,0.0,0.187,0.0,0.226,0.0,0.0,0.0,0.0,30.796,1.715,0.481,22.718,70.171,115.067
2018-07-17 13:30:00,27.464,0.952,0.662,0.766,0.527,0.55,0.146,0.272,0.17,0.332,0.0,0.0,0.0,0.0,31.841,1.715,0.446,22.6,70.441,115.067
2018-07-17 13:45:00,27.492,0.965,0.675,0.779,0.771,0.44,0.371,0.177,0.425,0.216,0.0,0.0,0.0,0.0,32.311,1.715,0.513,22.573,70.699,115.0
2018-07-17 14:00:00,27.357,0.813,0.536,0.621,0.375,0.431,0.0,0.168,0.0,0.206,0.0,0.0,0.0,0.0,30.505,1.72,0.585,22.479,70.432,115.867
2018-07-17 14:15:00,27.457,0.915,0.624,0.727,0.91,0.486,0.49,0.215,0.563,0.262,0.0,0.0,0.0,0.0,32.648,1.72,0.453,22.507,71.567,115.4
2018-07-17 14:30:00,27.501,1.161,0.857,0.987,0.485,0.51,0.105,0.237,0.121,0.288,0.0,0.0,0.0,0.0,32.251,1.72,0.503,22.719,72.863,115.0
2018-07-17 14:45:00,27.668,0.97,0.685,0.789,0.675,0.467,0.28,0.199,0.321,0.244,0.0,0.0,0.0,0.0,32.297,1.721,0.587,22.666,72.165,115.6
2018-07-17 15:00:00,27.531,1.162,0.867,0.995,0.731,0.471,0.329,0.202,0.375,0.243,0.0,0.0,0.0,0.0,32.904,1.948,0.843,23.109,72.405,116.0
2018-07-17 15:15:00,27.118,0.773,0.499,0.577,0.375,0.557,0.0,0.277,0.0,0.337,0.0,0.0,0.0,0.0,30.513,2.084,0.675,22.762,72.193,116.467
2018-07-17 15:30:00,26.748,0.862,0.579,0.667,0.947,0.441,0.529,0.178,0.603,0.215,0.0,0.0,0.0,0.0,31.768,2.082,0.515,22.536,71.258,116.533
2018-07-17 15:45:00,26.854,0.838,0.551,0.642,0.376,0.457,0.0,0.189,0.0,0.231,0.0,0.0,0.0,0.0,30.139,2.097,0.499,22.466,72.005,116.2
2018-07-17 16:00:00,27.011,0.962,0.667,0.774,0.933,0.543,0.509,0.263,0.585,0.321,0.0,0.0,0.0,0.0,32.567,2.106,0.675,22.613,72.76,117.231
2018-07-17 16:15:00,26.86,1.171,0.864,0.991,1.333,0.443,0.889,0.177,1.009,0.215,0.0,0.0,0.0,0.0,33.952,2.115,0.66,22.741,73.875,117.533
2018-07-17 16:30:00,26.658,1.146,0.847,0.98,0.761,0.426,0.367,0.165,0.42,0.201,0.0,0.0,0.0,0.0,31.971,2.077,0.612,22.723,73.42,116.2
2018-07-17 16:45:00,19.573,1.149,0.851,0.981,0.485,0.459,0.108,0.193,0.125,0.235,0.0,0.0,0.0,0.0,24.159,2.085,0.864,22.775,74.188,116.0
2018-07-17 17:00:00,3.25,1.183,0.879,1.009,1.337,0.806,0.895,0.493,1.015,0.595,0.0,0.0,0.0,0.0,11.463,2.109,0.91,23.988,72.599,114.4
2018-07-17 17:15:00,26.223,1.187,0.885,1.013,1.331,0.502,0.901,0.231,1.015,0.277,0.0,0.0,0.0,0.0,33.565,2.112,0.873,23.835,72.727,114.6
2018-07-17 17:30:00,26.548,1.18,0.879,1.007,1.333,0.473,0.904,0.201,1.017,0.243,0.0,0.0,0.0,0.0,33.785,2.127,0.983,23.107,73.295,117.333
2018-07-17 17:45:00,26.395,1.179,0.88,1.003,1.326,0.377,0.897,0.172,1.007,0.207,0.0,0.0,0.0,0.0,33.442,2.268,0.912,22.837,73.405,117.538
2018-07-17 18:00:00,25.959,0.767,0.503,0.573,0.864,0.01,0.471,0.0,0.528,0.0,0.0,0.0,0.0,0.0,29.676,2.101,0.865,22.813,74.475,115.8
2018-07-17 18:15:00,26.005,0.236,0.0,0.0,0.362,0.01,0.0,0.0,0.0,0.0,0.0,0.0,0.0,0.0,26.613,2.089,0.867,23.192,76.395,115.077
2018-07-17 18:30:00,26.021,0.237,0.0,0.0,0.366,0.01,0.0,0.0,0.0,0.0,0.0,0.0,0.0,0.0,26.635,1.328,0.907,23.173,76.652,115.0
2018-07-17 18:45:00,25.911,0.24,0.0,0.0,0.518,0.01,0.138,0.0,0.157,0.0,0.0,0.0,0.0,0.0,26.974,1.26,0.847,23.175,76.005,115.0
2018-07-17 19:00:00,25.783,0.24,0.0,0.0,0.369,0.01,0.0,0.0,0.0,0.0,0.0,0.0,0.0,0.0,26.402,1.266,0.731,22.733,73.884,115.667
2018-07-17 19:15:00,25.641,0.24,0.0,0.0,0.375,0.01,0.0,0.0,0.0,0.0,0.0,0.0,0.0,0.0,26.266,1.27,0.726,22.633,74.145,116.0
2018-07-17 19:30:00,25.686,0.24,0.0,0.0,0.376,0.01,0.0,0.0,0.0,0.0,0.0,0.0,0.0,0.0,26.312,1.207,0.803,22.515,73.689,108.867
2018-07-17 19:45:00,25.673,0.24,0.0,0.0,0.38,0.01,0.0,0.0,0.0,0.0,0.0,0.0,0.0,0.0,26.303,0.55,0.841,22.319,73.253,14.467
2018-07-17 20:00:00,25.753,0.24,0.0,0.0,0.376,0.01,0.0,0.0,0.0,0.0,0.0,0.0,0.0,0.0,26.379,0.551,0.839,22.201,73.585,3.533
2018-07-17 20:15:00,25.807,0.24,0.0,0.0,0.376,0.01,0.0,0.0,0.0,0.0,0.0,0.0,0.0,0.0,26.433,0.558,0.544,22.473,73.886,3.917
2018-07-17 20:30:00,25.994,0.24,0.0,0.0,0.376,0.01,0.0,0.0,0.0,0.0,0.0,0.0,0.0,0.0,26.62,0.28,0.193,22.379,74.979,3.333
2018-07-17 20:45:00,1.594,0.415,0.161,0.182,1.105,0.01,0.668,0.0,0.75,0.0,0.0,0.0,0.0,0.0,4.885,0.0,0.057,22.862,74.027,0.182
2018-07-17 21:00:00,0.0,0.242,0.0,0.0,1.243,0.01,0.81,0.0,0.906,0.0,0.0,0.0,0.0,0.0,3.211,0.0,0.056,24.154,69.114,0.0
2018-07-17 21:15:00,0.0,0.24,0.0,0.0,1.239,0.01,0.815,0.0,0.907,0.0,0.0,0.0,0.0,0.0,3.211,0.0,0.081,24.739,66.917,0.0
2018-07-17 21:30:00,0.001,0.24,0.0,0.0,1.246,0.01,0.812,0.0,0.907,0.0,0.0,0.0,0.0,0.0,3.216,0.0,0.062,25.225,66.331,0.0
2018-07-17 21:45:00,0.001,0.243,0.0,0.0,1.232,0.01,0.801,0.0,0.898,0.0,0.0,0.0,0.0,0.0,3.184,0.0,0.057,25.333,65.625,0.0
2018-07-17 22:00:00,0.0,0.243,0.0,0.0,1.238,0.01,0.805,0.0,0.901,0.0,0.0,0.0,0.0,0.0,3.198,0.0,0.071,25.519,65.345,0.0
2018-07-17 22:15:00,0.001,0.247,0.0,0.0,1.236,0.01,0.805,0.0,0.901,0.0,0.0,0.0,0.0,0.0,3.199,0.0,0.079,25.683,64.867,0.0
2018-07-17 22:30:00,0.001,0.243,0.0,0.0,1.242,0.01,0.813,0.0,0.912,0.0,0.0,0.0,0.0,0.0,3.221,0.0,0.057,25.827,64.478,0.0
2018-07-17 22:45:00,0.0,0.24,0.0,0.0,1.236,0.01,0.815,0.0,0.911,0.0,0.0,0.0,0.0,0.0,3.212,0.0,0.056,26.037,64.303,0.0
2018-07-17 23:00:00,0.001,0.24,0.0,0.0,1.239,0.01,0.818,0.0,0.909,0.0,0.0,0.0,0.0,0.0,3.217,0.0,0.089,26.464,64.33,0.0
2018-07-17 23:15:00,0.0,0.24,0.0,0.0,1.233,0.01,0.816,0.0,0.907,0.0,0.0,0.0,0.0,0.0,3.205,0.0,0.061,26.189,64.225,0.0
2018-07-17 23:30:00,0.001,0.319,0.073,0.083,1.249,0.031,0.829,0.0,0.919,0.0,0.0,0.0,0.0,0.0,3.503,0.0,0.055,26.293,64.264,0.0
2018-07-17 23:45:00,0.151,0.151,0.023,0.026,1.244,0.38,0.827,0.125,0.915,0.15,0.0,0.0,0.0,0.0,3.993,0.0,0.072,26.379,64.314,0.0
2018-07-18 00:00:00,0.274,0.0,0.0,0.0,1.234,0.499,0.813,0.231,0.903,0.273,0.0,0.0,0.0,0.0,4.227,0.0,0.077,26.456,64.348,0.0
2018-07-18 00:15:00,0.307,0.0,0.0,0.0,1.233,0.534,0.814,0.259,0.899,0.305,0.0,0.0,0.0,0.0,4.352,0.0,0.057,26.516,64.369,0.0
2018-07-18 00:30:00,0.147,0.0,0.0,0.0,1.253,0.379,0.825,0.121,0.916,0.145,0.0,0.0,0.0,0.0,3.785,0.0,0.057,26.58,64.409,0.0
2018-07-18 00:45:00,0.309,0.0,0.0,0.0,1.245,0.533,0.823,0.259,0.915,0.307,0.0,0.0,0.0,0.0,4.393,0.0,0.089,26.631,64.477,0.0
2018-07-18 01:00:00,0.395,0.0,0.0,0.0,1.245,0.615,0.824,0.333,0.915,0.393,0.0,0.0,0.0,0.0,4.72,0.0,0.061,26.69,64.457,0.0
2018-07-18 01:15:00,0.305,0.0,0.0,0.0,1.237,0.53,0.811,0.255,0.906,0.303,0.0,0.0,0.0,0.0,4.347,0.0,0.056,26.751,64.427,0.0
2018-07-18 01:30:00,0.401,0.0,0.0,0.0,1.254,0.625,0.826,0.338,0.919,0.399,0.0,0.0,0.0,0.0,4.761,0.0,0.074,26.785,64.492,0.0
2018-07-18 01:45:00,0.417,0.0,0.0,0.0,1.235,0.637,0.81,0.355,0.903,0.415,0.0,0.0,0.0,0.0,4.771,0.0,0.079,26.823,64.482,0.0
2018-07-18 02:00:00,0.135,0.0,0.0,0.0,1.235,0.367,0.809,0.113,0.901,0.134,0.0,0.0,0.0,0.0,3.695,0.0,0.055,26.858,64.565,0.0
2018-07-18 02:15:00,0.403,0.0,0.0,0.0,1.244,0.627,0.811,0.339,0.908,0.401,0.0,0.0,0.0,0.0,4.734,0.0,0.056,26.897,64.561,0.0
2018-07-18 02:30:00,0.272,0.0,0.0,0.0,1.229,0.496,0.81,0.229,0.905,0.271,0.0,0.0,0.0,0.0,4.211,0.0,0.088,26.942,64.586,0.0
2018-07-18 02:45:00,0.253,0.0,0.0,0.0,1.221,0.479,0.802,0.212,0.895,0.251,0.0,0.0,0.0,0.0,4.113,0.0,0.065,26.966,64.629,0.0
2018-07-18 03:00:00,0.355,0.0,0.0,0.0,1.215,0.575,0.796,0.297,0.889,0.352,0.0,0.0,0.0,0.0,4.478,0.0,0.055,27.025,64.697,0.0
2018-07-18 03:15:00,0.281,0.0,0.0,0.0,1.236,0.508,0.812,0.235,0.905,0.279,0.0,0.0,0.0,0.0,4.257,0.0,0.072,27.4,64.643,0.0
2018-07-18 03:30:00,0.354,0.0,0.0,0.0,1.219,0.574,0.799,0.299,0.891,0.351,0.0,0.0,0.0,0.0,4.488,0.0,0.085,27.627,64.697,0.0
2018-07-18 03:45:00,0.141,0.0,0.0,0.0,1.216,0.371,0.798,0.117,0.89,0.139,0.0,0.0,0.0,0.0,3.673,0.0,0.055,27.793,64.645,0.0
2018-07-18 04:00:00,0.445,0.0,0.0,0.0,1.216,0.663,0.799,0.376,0.893,0.442,0.0,0.0,0.0,0.0,4.835,0.0,0.055,27.118,64.65,0.0
2018-07-18 04:15:00,0.187,0.0,0.0,0.0,1.233,0.417,0.807,0.156,0.904,0.186,0.0,0.0,0.0,0.0,3.889,0.0,0.089,27.138,64.677,0.0
2018-07-18 04:30:00,0.364,0.0,0.0,0.0,1.219,0.581,0.803,0.303,0.894,0.361,0.0,0.0,0.0,0.0,4.525,0.0,0.07,27.163,64.673,0.0
2018-07-18 04:45:00,0.296,0.0,0.0,0.0,1.219,0.516,0.801,0.248,0.895,0.295,0.0,0.0,0.0,0.0,4.269,0.0,0.055,27.194,64.659,0.0
2018-07-18 05:00:00,0.157,0.0,0.0,0.0,1.219,0.386,0.803,0.131,0.9,0.155,0.0,0.0,0.0,0.0,3.751,0.0,0.063,27.215,64.649,0.0
2018-07-18 05:15:00,0.257,0.0,0.0,0.0,1.239,0.487,0.805,0.215,0.903,0.255,0.0,0.0,0.0,0.0,4.161,0.0,0.09,27.229,64.641,0.0
2018-07-18 05:30:00,0.127,0.063,0.0,0.0,1.231,0.366,0.795,0.105,0.891,0.127,0.0,0.0,0.0,0.0,3.705,0.0,0.059,27.243,64.606,0.0
2018-07-18 05:45:00,0.001,0.291,0.047,0.053,1.122,0.247,0.729,0.0,0.816,0.0,0.0,0.0,0.0,0.0,3.305,0.0,0.057,27.252,64.59,0.0
2018-07-18 06:00:00,0.001,1.107,0.809,0.914,0.0,0.238,0.0,0.0,0.0,0.0,0.0,0.0,0.0,0.0,3.068,0.0,0.081,27.279,64.578,0.0
2018-07-18 06:15:00,0.0,1.113,0.823,0.933,0.0,0.24,0.0,0.0,0.0,0.0,0.0,0.0,0.0,0.0,3.109,0.0,0.081,27.339,64.592,0.0
2018-07-18 06:30:00,0.0,1.116,0.83,0.939,0.0,0.237,0.0,0.0,0.0,0.0,0.0,0.0,0.0,0.0,3.123,0.087,0.162,27.354,64.677,0.231
2018-07-18 06:45:00,0.0,1.117,0.827,0.945,0.0,0.237,0.0,0.0,0.0,0.0,0.0,0.0,0.0,0.0,3.126,0.0,0.224,27.381,65.314,2.867
2018-07-18 07:00:00,0.137,1.117,0.827,0.945,0.0,0.368,0.0,0.112,0.0,0.137,0.0,0.0,0.0,0.0,3.642,0.261,0.204,27.423,65.66,3.0
2018-07-18 07:15:00,0.0,1.117,0.828,0.948,0.0,0.237,0.0,0.0,0.0,0.0,0.0,0.0,0.0,0.0,3.13,1.389,0.294,27.451,65.935,29.182
2018-07-18 07:30:00,7.871,1.117,0.829,0.951,0.0,0.237,0.0,0.0,0.0,0.0,0.0,0.0,0.0,0.0,11.005,1.612,0.255,27.413,66.65,113.0
2018-07-18 07:45:00,26.981,1.129,0.853,0.973,0.0,0.237,0.0,0.0,0.0,0.0,0.0,0.0,0.0,0.0,30.174,1.691,0.351,25.561,67.178,112.533
2018-07-18 08:00:00,27.331,1.131,0.843,0.968,0.0,0.24,0.0,0.0,0.0,0.0,0.0,0.0,0.0,0.0,30.513,1.717,0.391,24.378,69.03,114.933
2018-07-18 08:15:00,26.899,1.131,0.845,0.968,0.0,0.237,0.0,0.0,0.0,0.0,0.0,0.0,0.0,0.0,30.08,1.724,0.476,23.938,69.319,115.067
2018-07-18 08:30:00,26.859,1.128,0.844,0.965,0.0,0.237,0.0,0.0,0.0,0.0,0.0,0.0,0.0,0.0,30.033,2.038,0.548,23.454,68.339,114.733
2018-07-18 08:45:00,27.089,1.129,0.849,0.969,0.0,0.24,0.0,0.0,0.0,0.0,0.0,0.0,0.0,0.0,30.277,1.935,0.491,23.219,68.326,117.533
2018-07-18 09:00:00,27.345,1.129,0.853,0.972,0.0,0.237,0.0,0.0,0.0,0.0,0.0,0.0,0.0,0.0,30.535,1.676,0.417,23.329,68.331,113.533
2018-07-18 09:15:00,27.545,1.15,0.87,0.995,0.0,0.237,0.0,0.0,0.0,0.0,0.0,0.0,0.0,0.0,30.797,1.707,0.525,22.784,68.655,114.133
2018-07-18 09:30:00,27.834,1.162,0.882,1.007,0.0,0.237,0.0,0.0,0.0,0.0,0.0,0.0,0.0,0.0,31.122,1.693,0.453,22.695,68.833,114.0
2018-07-18 09:45:00,27.565,1.158,0.877,1.004,0.0,0.24,0.0,0.0,0.0,0.0,0.0,0.0,0.0,0.0,30.844,1.693,0.733,22.529,69.006,114.0
2018-07-18 10:00:00,27.347,1.153,0.87,0.992,0.0,0.237,0.0,0.0,0.0,0.0,0.0,0.0,0.0,0.0,30.599,1.715,0.566,22.387,69.09,114.4
2018-07-18 10:15:00,27.211,1.143,0.859,0.983,0.0,0.237,0.0,0.0,0.0,0.0,0.0,0.0,0.0,0.0,30.435,1.738,0.56,22.249,68.981,114.467
2018-07-18 10:30:00,27.094,1.135,0.849,0.977,0.0,0.237,0.0,0.0,0.0,0.0,0.0,0.0,0.0,0.0,30.292,2.065,0.56,22.189,69.567,115.533
2018-07-18 10:45:00,27.387,1.149,0.859,0.987,0.0,0.24,0.0,0.0,0.0,0.0,0.0,0.0,0.0,0.0,30.622,2.078,0.549,22.293,70.081,117.8
2018-07-18 11:00:00,27.491,1.155,0.867,0.993,0.0,0.237,0.0,0.0,0.0,0.0,0.0,0.0,0.0,0.0,30.744,1.919,0.471,22.606,71.137,117.8
2018-07-18 11:15:00,27.294,1.153,0.863,0.991,0.0,0.237,0.0,0.0,0.0,0.0,0.0,0.0,0.0,0.0,30.538,1.729,0.585,22.457,69.315,116.6
2018-07-18 11:30:00,26.974,1.153,0.857,0.989,0.0,0.237,0.0,0.0,0.0,0.0,0.0,0.0,0.0,0.0,30.209,1.739,0.583,22.264,68.829,117.4
2018-07-18 11:45:00,27.084,1.144,0.845,0.977,0.429,0.249,0.095,0.0,0.113,0.0,0.0,0.0,0.0,0.0,30.935,1.763,0.678,21.962,69.307,118.533
2018-07-18 12:00:00,27.309,0.97,0.679,0.788,0.376,0.437,0.0,0.169,0.0,0.207,0.0,0.0,0.0,0.0,30.935,1.766,0.581,22.019,70.069,119.0
2018-07-18 12:15:00,26.809,1.143,0.839,0.979,0.376,0.331,0.0,0.073,0.0,0.091,0.0,0.0,0.0,0.0,30.641,1.774,0.572,22.066,70.131,119.0
2018-07-18 12:30:00,26.898,1.135,0.832,0.967,0.381,0.433,0.0,0.158,0.0,0.196,0.0,0.0,0.0,0.0,30.999,1.779,0.583,22.267,70.625,119.0
2018-07-18 12:45:00,27.269,0.95,0.663,0.769,0.376,0.43,0.0,0.16,0.0,0.197,0.0,0.0,0.0,0.0,30.814,1.766,0.501,21.949,70.051,118.667
2018-07-18 13:00:00,28.071,0.778,0.504,0.583,0.374,0.338,0.0,0.087,0.0,0.106,0.0,0.0,0.0,0.0,30.841,1.953,0.588,22.309,69.487,112.769
2018-07-18 13:15:00,28.319,0.75,0.475,0.554,0.621,0.505,0.223,0.232,0.261,0.283,0.0,0.0,0.0,0.0,32.222,2.043,0.843,22.295,70.181,124.125
2018-07-18 13:30:00,28.25,0.556,0.294,0.34,0.649,0.452,0.249,0.185,0.289,0.225,0.0,0.0,0.0,0.0,31.488,2.082,0.869,22.368,71.64,114.0
2018-07-18 13:45:00,28.431,0.697,0.423,0.493,0.375,0.545,0.0,0.27,0.0,0.325,0.0,0.0,0.0,0.0,31.561,2.224,0.905,22.484,71.346,113.786
2018-07-18 14:00:00,28.382,1.016,0.722,0.831,0.93,0.424,0.511,0.164,0.589,0.199,0.0,0.0,0.0,0.0,33.767,2.4,1.044,22.47,71.72,113.071
2018-07-18 14:15:00,29.072,1.188,0.891,1.019,0.375,0.445,0.0,0.181,0.0,0.219,0.0,0.0,0.0,0.0,33.391,2.395,0.984,22.553,71.593,113.067
2018-07-18 14:30:00,29.117,1.001,0.721,0.82,0.812,0.436,0.403,0.171,0.456,0.206,0.0,0.0,0.0,0.0,34.143,2.393,1.057,22.599,71.349,113.4
2018-07-18 14:45:00,17.703,1.214,0.922,1.049,0.383,0.473,0.009,0.205,0.009,0.249,0.0,0.0,0.0,0.0,22.216,2.521,0.855,22.743,72.607,117.2
2018-07-18 15:00:00,16.742,1.229,0.937,1.07,1.222,0.481,0.786,0.213,0.89,0.256,0.0,0.0,0.0,0.0,23.825,2.357,0.739,23.304,73.936,120.111
2018-07-18 15:15:00,26.593,1.231,0.941,1.071,1.181,0.459,0.754,0.192,0.847,0.23,0.0,0.0,0.0,0.0,33.499,2.24,0.715,23.353,71.087,121.867
2018-07-18 15:30:00,29.439,1.009,0.727,0.829,0.373,0.433,0.0,0.169,0.0,0.206,0.0,0.0,0.0,0.0,33.185,2.243,0.702,23.023,69.137,121.267
2018-07-18 15:45:00,29.658,1.221,0.918,1.047,0.375,0.426,0.0,0.165,0.0,0.199,0.0,0.0,0.0,0.0,34.009,2.301,0.739,22.91,69.387,115.8
2018-07-18 16:00:00,28.945,0.943,0.657,0.753,0.376,0.455,0.0,0.188,0.0,0.228,0.0,0.0,0.0,0.0,32.546,2.614,1.123,22.881,69.331,118.6
2018-07-18 16:15:00,28.863,0.667,0.393,0.459,0.38,0.578,0.0,0.293,0.0,0.355,0.0,0.0,0.0,0.0,31.989,2.619,0.999,22.736,69.531,119.333
2018-07-18 16:30:00,27.827,0.987,0.699,0.8,1.153,0.514,0.726,0.245,0.825,0.293,0.0,0.0,0.0,0.0,34.068,2.458,0.531,22.864,71.548,118.333
2018-07-18 16:45:00,21.917,1.193,0.897,1.022,1.146,0.528,0.726,0.255,0.814,0.307,0.0,0.0,0.0,0.0,28.805,2.421,0.411,22.919,71.421,115.818
2018-07-18 17:00:00,26.307,1.191,0.895,1.022,0.926,0.525,0.516,0.248,0.581,0.296,0.0,0.0,0.0,0.0,32.507,2.129,0.333,23.121,71.449,116.0
2018-07-18 17:15:00,27.302,0.982,0.695,0.798,0.38,0.467,0.0,0.194,0.0,0.235,0.0,0.0,0.0,0.0,31.054,1.814,0.325,22.665,72.174,114.933
2018-07-18 17:30:00,27.198,1.173,0.88,1.007,0.37,0.472,0.0,0.207,0.0,0.249,0.0,0.0,0.0,0.0,31.557,1.739,0.301,22.852,73.259,113.533
2018-07-18 17:45:00,27.005,0.979,0.702,0.8,0.372,0.397,0.0,0.195,0.0,0.235,0.0,0.0,0.0,0.0,30.686,1.688,0.201,22.613,72.227,57.533
2018-07-18 18:00:00,26.68,0.797,0.53,0.603,0.375,0.01,0.0,0.0,0.0,0.0,0.0,0.0,0.0,0.0,28.995,1.585,0.185,22.501,72.178,29.462
2018-07-18 18:15:00,26.719,0.24,0.0,0.0,0.38,0.01,0.0,0.0,0.0,0.0,0.0,0.0,0.0,0.0,27.349,1.19,0.165,22.287,73.018,3.0
2018-07-18 18:30:00,26.831,0.24,0.0,0.0,0.376,0.01,0.0,0.0,0.0,0.0,0.0,0.0,0.0,0.0,27.457,1.192,0.136,21.895,72.254,3.0
2018-07-18 18:45:00,26.705,0.24,0.0,0.0,0.376,0.01,0.0,0.0,0.0,0.0,0.0,0.0,0.0,0.0,27.331,1.199,0.134,21.634,71.498,3.0
2018-07-18 19:00:00,26.523,0.24,0.0,0.0,0.38,0.01,0.0,0.0,0.0,0.0,0.0,0.0,0.0,0.0,27.153,1.2,0.151,21.499,71.457,3.0
2018-07-18 19:15:00,26.623,0.24,0.0,0.0,0.376,0.01,0.0,0.0,0.0,0.0,0.0,0.0,0.0,0.0,27.249,1.2,0.13,21.479,72.245,3.0
2018-07-18 19:30:00,26.642,0.24,0.0,0.0,0.376,0.01,0.0,0.0,0.0,0.0,0.0,0.0,0.0,0.0,27.268,1.206,0.133,21.71,73.663,3.0
2018-07-18 19:45:00,26.547,0.237,0.0,0.0,0.376,0.01,0.0,0.0,0.0,0.0,0.0,0.0,0.0,0.0,27.17,1.195,0.132,21.792,73.915,3.0
2018-07-18 20:00:00,0.0,0.415,0.163,0.185,1.161,0.01,0.725,0.0,0.821,0.0,0.0,0.0,0.0,0.0,3.481,1.198,0.073,22.487,71.799,3.0
2018-07-18 20:15:00,0.0,0.24,0.0,0.0,1.256,0.01,0.828,0.0,0.928,0.0,0.0,0.0,0.0,0.0,3.262,0.722,0.043,23.643,68.159,2.0
2018-07-18 20:30:00,0.001,0.24,0.0,0.0,1.249,0.01,0.821,0.0,0.923,0.0,0.0,0.0,0.0,0.0,3.243,0.0,0.065,24.343,66.455,0.0
2018-07-18 20:45:00,0.001,0.24,0.0,0.0,1.261,0.01,0.831,0.0,0.934,0.0,0.0,0.0,0.0,0.0,3.277,0.0,0.052,24.655,65.606,0.0
2018-07-18 21:00:00,0.001,0.24,0.0,0.0,1.251,0.01,0.824,0.0,0.927,0.0,0.0,0.0,0.0,0.0,3.253,0.0,0.04,24.907,65.001,0.0
2018-07-18 21:15:00,0.0,0.241,0.0,0.0,1.247,0.01,0.822,0.0,0.922,0.0,0.0,0.0,0.0,0.0,3.243,0.0,0.049,25.297,64.466,0.0
2018-07-18 21:30:00,0.001,0.249,0.0,0.0,1.244,0.01,0.817,0.0,0.911,0.0,0.0,0.0,0.0,0.0,3.232,0.0,0.073,25.264,64.273,0.0
2018-07-18 21:45:00,0.0,0.247,0.0,0.0,1.256,0.01,0.831,0.0,0.923,0.0,0.0,0.0,0.0,0.0,3.267,0.0,0.04,25.383,63.872,0.0
2018-07-18 22:00:00,0.0,0.24,0.0,0.0,1.252,0.01,0.829,0.0,0.92,0.0,0.0,0.0,0.0,0.0,3.251,0.0,0.04,25.515,63.732,0.0
2018-07-18 22:15:00,0.001,0.24,0.0,0.0,1.239,0.01,0.823,0.0,0.914,0.0,0.0,0.0,0.0,0.0,3.226,0.0,0.067,25.641,63.611,0.0
2018-07-18 22:30:00,0.001,0.24,0.0,0.0,1.241,0.01,0.822,0.0,0.916,0.0,0.0,0.0,0.0,0.0,3.229,0.0,0.054,25.726,63.484,0.0
2018-07-18 22:45:00,0.0,0.24,0.0,0.0,1.245,0.01,0.829,0.0,0.924,0.0,0.0,0.0,0.0,0.0,3.248,0.0,0.04,25.831,63.503,0.0
2018-07-18 23:00:00,0.001,0.24,0.0,0.0,1.239,0.01,0.828,0.0,0.919,0.0,0.0,0.0,0.0,0.0,3.237,0.0,0.047,25.906,63.495,0.0
2018-07-18 23:15:00,0.001,0.24,0.0,0.0,1.23,0.01,0.821,0.0,0.912,0.0,0.0,0.0,0.0,0.0,3.213,0.0,0.073,26.529,63.447,0.0
2018-07-18 23:30:00,0.001,0.24,0.0,0.0,1.239,0.02,0.825,0.0,0.915,0.0,0.0,0.0,0.0,0.0,3.239,0.0,0.04,26.727,63.479,0.0
2018-07-18 23:45:00,0.112,0.127,0.0,0.0,1.241,0.346,0.821,0.093,0.914,0.111,0.0,0.0,0.0,0.0,3.765,0.0,0.04,26.179,63.554,0.0
2018-07-19 00:00:00,0.339,0.0,0.0,0.0,1.257,0.562,0.83,0.285,0.923,0.336,0.0,0.0,0.0,0.0,4.532,0.0,0.067,26.185,63.587,0.0
2018-07-19 00:15:00,0.285,0.0,0.0,0.0,1.244,0.511,0.825,0.241,0.913,0.283,0.0,0.0,0.0,0.0,4.302,0.0,0.055,26.234,63.541,0.0
2018-07-19 00:30:00,0.267,0.0,0.0,0.0,1.239,0.498,0.811,0.224,0.903,0.265,0.0,0.0,0.0,0.0,4.207,0.0,0.04,26.277,63.554,0.0
2018-07-19 00:45:00,0.15,0.0,0.0,0.0,1.264,0.392,0.827,0.126,0.922,0.149,0.0,0.0,0.0,0.0,3.829,0.0,0.047,26.321,63.519,0.0
2018-07-19 01:00:00,0.289,0.0,0.0,0.0,1.254,0.522,0.821,0.241,0.915,0.288,0.0,0.0,0.0,0.0,4.331,0.0,0.078,26.373,63.461,0.0
2018-07-19 01:15:00,0.247,0.0,0.0,0.0,1.25,0.481,0.823,0.207,0.915,0.245,0.0,0.0,0.0,0.0,4.168,0.0,0.043,26.427,63.376,0.0
2018-07-19 01:30:00,0.196,0.0,0.0,0.0,1.255,0.431,0.823,0.165,0.917,0.193,0.0,0.0,0.0,0.0,3.979,0.0,0.041,26.469,63.35,0.0
2018-07-19 01:45:00,0.283,0.0,0.0,0.0,1.27,0.519,0.833,0.238,0.927,0.283,0.0,0.0,0.0,0.0,4.353,0.0,0.059,26.495,63.336,0.0
2018-07-19 02:00:00,0.134,0.0,0.0,0.0,1.249,0.373,0.817,0.112,0.911,0.131,0.0,0.0,0.0,0.0,3.727,0.0,0.066,26.527,63.304,0.0
2018-07-19 02:15:00,0.523,0.0,0.0,0.0,1.258,0.745,0.827,0.443,0.92,0.521,0.0,0.0,0.0,0.0,5.237,0.0,0.04,26.557,63.331,0.0
2018-07-19 02:30:00,0.219,0.0,0.0,0.0,1.257,0.456,0.825,0.184,0.915,0.217,0.0,0.0,0.0,0.0,4.073,0.0,0.04,26.583,63.279,0.0
2018-07-19 02:45:00,0.268,0.0,0.0,0.0,1.266,0.505,0.827,0.224,0.917,0.265,0.0,0.0,0.0,0.0,4.272,0.0,0.075,26.605,63.299,0.0
2018-07-19 03:00:00,0.201,0.0,0.0,0.0,1.254,0.439,0.822,0.169,0.913,0.2,0.0,0.0,0.0,0.0,3.999,0.0,0.047,26.632,63.258,0.0
2018-07-19 03:15:00,0.279,0.0,0.0,0.0,1.252,0.513,0.819,0.233,0.91,0.278,0.0,0.0,0.0,0.0,4.285,0.0,0.04,26.668,63.215,0.0
2018-07-19 03:30:00,0.215,0.0,0.0,0.0,1.265,0.454,0.827,0.181,0.923,0.215,0.0,0.0,0.0,0.0,4.079,0.0,0.061,26.695,63.241,0.0
2018-07-19 03:45:00,0.157,0.0,0.0,0.0,1.247,0.395,0.813,0.131,0.907,0.155,0.0,0.0,0.0,0.0,3.805,0.0,0.071,26.721,63.193,0.0
2018-07-19 04:00:00,0.4,0.0,0.0,0.0,1.257,0.63,0.826,0.339,0.917,0.397,0.0,0.0,0.0,0.0,4.767,0.0,0.04,26.763,63.138,0.0
2018-07-19 04:15:00,0.288,0.0,0.0,0.0,1.277,0.523,0.838,0.243,0.934,0.287,0.0,0.0,0.0,0.0,4.39,0.0,0.04,26.789,63.127,0.0
2018-07-19 04:30:00,0.224,0.0,0.0,0.0,1.252,0.459,0.819,0.187,0.911,0.222,0.0,0.0,0.0,0.0,4.075,0.0,0.07,26.838,63.409,0.0
2018-07-19 04:45:00,0.207,0.0,0.0,0.0,1.256,0.443,0.821,0.173,0.915,0.205,0.0,0.0,0.0,0.0,4.021,0.0,0.058,26.863,63.509,0.0
2018-07-19 05:00:00,0.289,0.0,0.0,0.0,1.249,0.521,0.821,0.245,0.913,0.287,0.0,0.0,0.0,0.0,4.324,0.0,0.04,26.868,63.229,0.0
2018-07-19 05:15:00,0.292,0.0,0.0,0.0,1.264,0.525,0.827,0.244,0.923,0.29,0.0,0.0,0.0,0.0,4.365,0.0,0.048,26.89,63.168,0.0
2018-07-19 05:30:00,0.281,0.057,0.0,0.0,1.251,0.511,0.825,0.237,0.915,0.279,0.0,0.0,0.0,0.0,4.356,0.0,0.087,26.929,63.253,0.0
2018-07-19 05:45:00,0.001,0.24,0.0,0.0,1.204,0.247,0.793,0.0,0.883,0.0,0.0,0.0,0.0,0.0,3.368,0.0,0.04,26.961,63.217,0.0
2018-07-19 06:00:00,0.001,1.106,0.812,0.917,0.0,0.237,0.0,0.0,0.0,0.0,0.0,0.0,0.0,0.0,3.073,0.0,0.04,27.008,63.328,0.0
2018-07-19 06:15:00,0.0,1.107,0.819,0.924,0.0,0.247,0.0,0.0,0.0,0.0,0.0,0.0,0.0,0.0,3.097,0.107,0.095,27.173,63.623,0.467
2018-07-19 06:30:00,0.0,1.107,0.815,0.929,0.0,0.241,0.0,0.0,0.0,0.0,0.0,0.0,0.0,0.0,3.092,0.37,0.211,27.367,64.229,2.933
2018-07-19 06:45:00,0.0,1.097,0.807,0.925,0.0,0.237,0.0,0.0,0.0,0.0,0.0,0.0,0.0,0.0,3.067,0.37,0.145,27.734,65.32,3.0
2018-07-19 07:00:00,0.0,1.102,0.811,0.931,0.0,0.24,0.0,0.0,0.0,0.0,0.0,0.0,0.0,0.0,3.083,0.367,0.129,27.13,65.502,3.0
2018-07-19 07:15:00,0.001,1.099,0.811,0.929,0.0,0.237,0.0,0.0,0.0,0.0,0.0,0.0,0.0,0.0,3.078,0.636,0.203,27.165,66.369,17.867
2018-07-19 07:30:00,7.653,1.099,0.812,0.929,0.0,0.237,0.0,0.0,0.0,0.0,0.0,0.0,0.0,0.0,10.73,1.512,0.335,27.049,66.889,107.0
2018-07-19 07:45:00,26.007,1.104,0.833,0.945,0.0,0.237,0.0,0.0,0.0,0.0,0.0,0.0,0.0,0.0,29.127,1.504,0.356,25.051,68.479,111.0
2018-07-19 08:00:00,26.085,1.107,0.829,0.945,0.0,0.24,0.0,0.0,0.0,0.0,0.0,0.0,0.0,0.0,29.207,1.631,0.381,23.935,68.667,113.533
2018-07-19 08:15:00,26.215,1.12,0.834,0.954,0.0,0.237,0.0,0.0,0.0,0.0,0.0,0.0,0.0,0.0,29.36,1.891,0.37,23.433,69.215,120.0
2018-07-19 08:30:00,26.428,1.116,0.829,0.951,0.0,0.237,0.0,0.0,0.0,0.0,0.0,0.0,0.0,0.0,29.561,2.201,0.558,23.403,68.761,122.533
2018-07-19 08:45:00,25.918,1.114,0.825,0.949,0.0,0.237,0.0,0.0,0.0,0.0,0.0,0.0,0.0,0.0,29.044,2.508,0.641,23.663,68.665,123.818
2018-07-19 09:00:00,27.265,1.119,0.832,0.953,0.0,0.24,0.0,0.0,0.0,0.0,0.0,0.0,0.989,0.0,31.398,2.555,0.792,23.314,69.511,130.4
2018-07-19 09:15:00,26.555,1.12,0.837,0.96,0.0,0.237,0.0,0.0,0.0,0.0,0.0,0.0,0.509,0.0,30.218,2.535,0.841,23.05,70.115,135.0
2018-07-19 09:30:00,26.571,1.115,0.835,0.959,0.0,0.237,0.0,0.0,0.0,0.0,0.0,0.0,0.395,0.0,30.113,2.529,0.855,22.835,69.658,135.0
2018-07-19 09:45:00,26.619,1.121,0.835,0.959,0.0,0.237,0.0,0.0,0.0,0.0,0.0,0.0,0.551,0.0,30.321,2.569,0.899,22.731,69.765,136.133
2018-07-19 10:00:00,27.143,1.132,0.844,0.971,0.0,0.24,0.0,0.0,0.0,0.0,0.0,0.0,0.735,0.0,31.065,2.57,0.807,22.716,70.789,136.467
2018-07-19 10:15:00,27.323,1.122,0.836,0.959,0.0,0.237,0.0,0.0,0.0,0.0,0.0,0.0,0.71,0.0,31.188,2.507,0.951,22.717,70.679,135.067
2018-07-19 10:30:00,27.671,1.147,0.855,0.977,0.0,0.237,0.0,0.0,0.0,0.0,0.0,0.0,0.753,0.0,31.641,2.41,0.747,22.837,72.855,129.533
2018-07-19 10:45:00,27.619,1.147,0.857,0.981,0.0,0.24,0.0,0.0,0.0,0.0,0.0,0.0,0.64,0.0,31.483,2.409,0.862,23.116,72.366,129.231
2018-07-19 11:00:00,27.342,1.16,0.869,0.994,0.0,0.237,0.0,0.0,0.0,0.0,0.0,0.0,0.0,0.0,30.602,2.406,0.417,23.23,72.663,119.8
2018-07-19 11:15:00,27.388,1.163,0.873,0.995,0.0,0.237,0.0,0.0,0.0,0.0,0.0,0.0,0.0,0.0,30.656,2.356,0.413,22.925,72.181,115.6
2018-07-19 11:30:00,27.405,1.171,0.876,1.003,0.0,0.24,0.0,0.0,0.0,0.0,0.0,0.0,0.0,0.0,30.695,2.108,0.489,22.712,71.166,114.467
2018-07-19 11:45:00,27.319,0.98,0.691,0.793,0.383,0.246,0.064,0.0,0.075,0.0,0.0,0.0,0.0,0.0,30.551,2.223,0.421,22.565,71.289,116.333
2018-07-19 12:00:00,26.805,1.157,0.851,0.985,0.38,0.244,0.0,0.0,0.0,0.0,0.0,0.0,0.0,0.0,30.422,2.224,0.665,22.514,71.359,111.733
2018-07-19 12:15:00,27.236,1.171,0.876,1.005,0.371,0.237,0.0,0.0,0.0,0.0,0.0,0.0,0.0,0.0,30.897,2.163,0.543,22.471,71.218,116.0
2018-07-19 12:30:00,27.591,0.469,0.215,0.247,0.691,0.463,0.288,0.195,0.335,0.239,0.0,0.0,0.0,0.0,30.733,2.192,0.519,22.457,71.878,118.067
2018-07-19 12:45:00,27.741,0.24,0.0,0.0,0.624,0.502,0.225,0.228,0.261,0.277,0.0,0.0,0.0,0.0,30.098,2.193,0.492,22.669,73.26,118.4
2018-07-19 13:00:00,28.533,0.617,0.356,0.412,0.926,0.569,0.519,0.294,0.592,0.353,0.0,0.0,0.0,0.0,33.17,2.149,0.551,22.822,74.005,115.769
2018-07-19 13:15:00,28.609,0.411,0.159,0.184,0.565,0.499,0.179,0.229,0.205,0.277,0.0,0.0,0.0,0.0,31.316,2.183,0.489,22.724,72.591,117.733
2018-07-19 13:30:00,27.84,0.505,0.245,0.281,1.055,0.379,0.621,0.121,0.714,0.146,0.0,0.0,0.0,0.0,31.908,2.19,0.676,22.787,72.104,116.8
2018-07-19 13:45:00,28.45,0.519,0.258,0.297,0.742,0.456,0.346,0.191,0.395,0.229,0.0,0.0,0.0,0.0,31.883,2.189,0.597,22.726,71.872,117.933
2018-07-19 14:00:00,28.71,0.24,0.0,0.0,0.572,0.574,0.183,0.293,0.214,0.355,0.0,0.0,0.0,0.0,31.141,2.489,0.953,22.7,72.79,112.733
2018-07-19 14:15:00,23.93,0.603,0.336,0.387,1.127,0.628,0.694,0.34,0.796,0.41,0.0,0.0,0.0,0.0,29.252,2.573,0.991,22.661,72.919,110.0
2018-07-19 14:30:00,16.919,0.445,0.191,0.219,1.146,0.537,0.715,0.259,0.815,0.312,0.0,0.0,0.0,0.0,21.557,2.672,1.021,23.181,75.993,112.867
2018-07-19 14:45:00,21.531,0.717,0.443,0.507,1.254,0.488,0.823,0.219,0.933,0.263,0.0,0.0,0.0,0.0,27.179,2.762,1.112,23.572,74.621,117.6
2018-07-19 15:00:00,29.707,0.24,0.0,0.0,0.58,0.491,0.196,0.223,0.226,0.267,0.0,0.0,0.569,0.0,32.498,2.761,0.999,23.309,71.041,118.0
2018-07-19 15:15:00,28.991,0.329,0.082,0.097,0.69,0.485,0.295,0.215,0.343,0.26,0.0,0.0,0.663,0.0,32.449,2.772,1.013,22.825,70.309,118.0
2018-07-19 15:30:00,28.347,0.24,0.0,0.0,0.455,0.548,0.076,0.267,0.089,0.321,0.0,0.0,0.502,0.0,30.845,2.783,0.979,22.705,70.575,118.467
2018-07-19 15:45:00,28.605,0.334,0.087,0.101,0.727,0.591,0.327,0.31,0.379,0.373,0.0,0.0,0.611,0.0,32.445,2.762,1.041,22.668,71.175,118.133
2018-07-19 16:00:00,28.553,0.643,0.377,0.431,1.063,0.515,0.643,0.245,0.73,0.292,0.0,0.0,0.741,0.0,34.235,2.737,1.038,22.754,71.785,117.0
2018-07-19 16:15:00,28.743,0.391,0.14,0.163,1.307,0.497,0.877,0.229,0.997,0.276,0.0,0.0,0.681,0.0,34.301,2.391,1.02,23.216,71.355,118.4
2018-07-19 16:30:00,27.651,0.665,0.39,0.453,0.397,0.544,0.025,0.266,0.029,0.319,0.0,0.0,0.08,0.0,30.819,2.412,1.005,22.72,71.783,118.667
2018-07-19 16:45:00,21.645,0.851,0.565,0.651,0.479,0.463,0.1,0.196,0.115,0.235,0.0,0.0,0.64,0.0,25.941,2.294,0.979,22.825,72.431,112.667
2018-07-19 17:00:00,25.797,1.187,0.882,1.018,1.347,0.56,0.904,0.281,1.028,0.337,0.0,0.0,0.0,0.0,33.341,2.239,0.85,23.543,71.525,106.429
2018-07-19 17:15:00,27.369,1.203,0.907,1.034,1.225,0.447,0.795,0.181,0.901,0.22,0.0,0.0,0.0,0.0,34.281,2.231,0.751,23.287,72.281,109.429
2018-07-19 17:30:00,24.123,1.172,0.876,1.004,0.371,0.247,0.0,0.005,0.0,0.006,0.0,0.0,0.0,0.0,27.804,2.036,0.559,22.753,72.399,43.769
2018-07-19 17:45:00,15.721,1.19,0.9,1.023,0.47,0.427,0.092,0.218,0.105,0.262,0.0,0.0,0.0,0.0,20.409,1.952,0.557,23.068,77.848,8.0
2018-07-19 18:00:00,15.288,0.875,0.607,0.688,0.974,0.01,0.565,0.0,0.643,0.0,0.0,0.0,0.0,0.0,19.649,2.175,0.361,23.269,77.538,60.533
2018-07-19 18:15:00,25.144,0.239,0.0,0.0,0.375,0.01,0.0,0.0,0.0,0.0,0.0,0.0,0.0,0.0,25.767,1.335,0.171,23.277,76.112,6.2
2018-07-19 18:30:00,26.601,0.24,0.0,0.0,0.376,0.01,0.0,0.0,0.0,0.0,0.0,0.0,0.0,0.0,27.227,1.3,0.105,22.449,72.853,3.0
2018-07-19 18:45:00,26.429,0.24,0.0,0.0,0.376,0.01,0.0,0.0,0.0,0.0,0.0,0.0,0.0,0.0,27.055,1.267,0.103,22.284,72.453,3.0
2018-07-19 19:00:00,23.019,0.24,0.0,0.0,0.376,0.01,0.0,0.0,0.0,0.0,0.0,0.0,0.0,0.0,23.645,0.263,0.078,22.363,73.903,1.6
2018-07-19 19:15:00,1.814,0.385,0.135,0.153,1.05,0.01,0.617,0.0,0.701,0.0,0.0,0.0,0.0,0.0,4.865,0.0,0.049,22.791,75.399,0.0
2018-07-19 19:30:00,0.001,0.241,0.0,0.0,1.26,0.01,0.825,0.0,0.934,0.0,0.0,0.0,0.0,0.0,3.271,0.0,0.043,24.021,71.002,0.0
2018-07-19 19:45:00,0.001,0.24,0.0,0.0,1.253,0.01,0.826,0.0,0.932,0.0,0.0,0.0,0.0,0.0,3.261,0.0,0.072,24.569,68.816,0.0
2018-07-19 20:00:00,0.0,0.24,0.0,0.0,1.28,0.01,0.845,0.0,0.951,0.0,0.0,0.0,0.0,0.0,3.327,0.0,0.04,24.932,67.701,0.0
2018-07-19 20:15:00,0.0,0.24,0.0,0.0,1.258,0.01,0.835,0.0,0.935,0.0,0.0,0.0,0.0,0.0,3.279,0.0,0.04,25.291,67.142,0.0
2018-07-19 20:30:00,0.0,0.24,0.0,0.0,1.26,0.01,0.842,0.0,0.941,0.0,0.0,0.0,0.0,0.0,3.293,0.0,0.061,25.315,66.508,0.0
2018-07-19 20:45:00,0.0,0.24,0.0,0.0,1.263,0.01,0.845,0.0,0.944,0.0,0.0,0.0,0.0,0.0,3.303,0.0,0.057,25.463,66.213,0.0
2018-07-19 21:00:00,0.001,0.24,0.0,0.0,1.272,0.01,0.847,0.0,0.947,0.0,0.0,0.0,0.0,0.0,3.318,0.0,0.04,25.581,66.162,0.0
2018-07-19 21:15:00,0.001,0.24,0.0,0.0,1.26,0.01,0.841,0.0,0.939,0.0,0.0,0.0,0.0,0.0,3.291,0.0,0.04,25.695,65.853,0.0
2018-07-19 21:30:00,0.0,0.24,0.0,0.0,1.263,0.01,0.843,0.0,0.935,0.0,0.0,0.0,0.0,0.0,3.291,0.0,0.075,25.8,65.715,0.0
2018-07-19 21:45:00,0.0,0.24,0.0,0.0,1.275,0.01,0.852,0.0,0.944,0.0,0.0,0.0,0.0,0.0,3.321,0.0,0.043,25.885,65.671,0.0
2018-07-19 22:00:00,0.001,0.24,0.0,0.0,1.261,0.01,0.842,0.0,0.933,0.0,0.0,0.0,0.0,0.0,3.287,0.0,0.04,25.965,65.666,0.0
2018-07-19 22:15:00,0.001,0.243,0.0,0.0,1.257,0.01,0.833,0.0,0.928,0.0,0.0,0.0,0.0,0.0,3.272,0.0,0.057,26.34,65.704,0.0
2018-07-19 22:30:00,0.0,0.241,0.0,0.0,1.255,0.01,0.841,0.0,0.937,0.0,0.0,0.0,0.0,0.0,3.284,0.0,0.061,26.242,65.724,0.0
2018-07-19 22:45:00,0.001,0.237,0.0,0.0,1.277,0.01,0.857,0.0,0.953,0.0,0.0,0.0,0.0,0.0,3.335,0.0,0.037,26.159,65.815,0.0
2018-07-19 23:00:00,0.0,0.24,0.0,0.0,1.247,0.01,0.835,0.0,0.93,0.0,0.0,0.0,0.0,0.0,3.262,0.0,0.039,26.209,65.747,0.0
2018-07-19 23:15:00,0.001,0.24,0.0,0.0,1.243,0.01,0.828,0.0,0.925,0.0,0.0,0.0,0.0,0.0,3.247,0.0,0.071,26.262,65.631,0.0
2018-07-19 23:30:00,0.001,0.24,0.0,0.0,1.252,0.016,0.833,0.0,0.929,0.0,0.0,0.0,0.0,0.0,3.271,0.0,0.048,26.315,65.649,0.0
2018-07-19 23:45:00,0.155,0.146,0.0,0.0,1.265,0.386,0.848,0.129,0.943,0.153,0.0,0.0,0.0,0.0,4.024,0.0,0.04,26.379,65.686,0.0
2018-07-20 00:00:00,0.329,0.0,0.0,0.0,1.26,0.547,0.849,0.277,0.943,0.327,0.0,0.0,0.0,0.0,4.531,0.0,0.053,26.427,65.747,0.0
2018-07-20 00:15:00,0.334,0.0,0.0,0.0,1.251,0.555,0.839,0.285,0.934,0.333,0.0,0.0,0.0,0.0,4.531,0.0,0.069,26.49,65.727,0.0
2018-07-20 00:30:00,0.326,0.0,0.0,0.0,1.255,0.546,0.843,0.277,0.938,0.325,0.0,0.0,0.0,0.0,4.509,0.0,0.04,26.565,65.795,0.0
2018-07-20 00:45:00,0.244,0.0,0.0,0.0,1.263,0.471,0.849,0.206,0.943,0.242,0.0,0.0,0.0,0.0,4.218,0.0,0.04,26.612,65.79,0.0
2018-07-20 01:00:00,0.323,0.0,0.0,0.0,1.258,0.543,0.843,0.274,0.937,0.321,0.0,0.0,0.0,0.0,4.499,0.0,0.063,26.671,65.859,0.0
2018-07-20 01:15:00,0.319,0.0,0.0,0.0,1.253,0.54,0.838,0.27,0.935,0.318,0.0,0.0,0.0,0.0,4.473,0.0,0.056,26.721,65.769,0.0
2018-07-20 01:30:00,0.241,0.0,0.0,0.0,1.269,0.468,0.847,0.203,0.945,0.239,0.0,0.0,0.0,0.0,4.213,0.0,0.04,26.733,65.879,0.0
2018-07-20 01:45:00,0.309,0.0,0.0,0.0,1.255,0.531,0.837,0.263,0.933,0.307,0.0,0.0,0.0,0.0,4.433,0.0,0.043,26.778,65.829,0.0
2018-07-20 02:00:00,0.197,0.0,0.0,0.0,1.256,0.424,0.836,0.165,0.933,0.195,0.0,0.0,0.0,0.0,4.007,0.0,0.073,26.823,65.784,0.0
2018-07-20 02:15:00,0.313,0.0,0.0,0.0,1.261,0.535,0.841,0.265,0.937,0.31,0.0,0.0,0.0,0.0,4.461,0.0,0.043,26.832,65.791,0.0
2018-07-20 02:30:00,0.335,0.0,0.0,0.0,1.271,0.557,0.847,0.282,0.943,0.333,0.0,0.0,0.0,0.0,4.569,0.0,0.04,26.865,65.845,0.0
2018-07-20 02:45:00,0.275,0.0,0.0,0.0,1.256,0.498,0.836,0.232,0.933,0.272,0.0,0.0,0.0,0.0,4.301,0.0,0.059,26.882,65.853,0.0
2018-07-20 03:00:00,0.165,0.0,0.0,0.0,1.255,0.393,0.833,0.138,0.93,0.163,0.0,0.0,0.0,0.0,3.876,0.0,0.067,26.923,65.856,0.0
2018-07-20 03:15:00,0.294,0.0,0.0,0.0,1.263,0.517,0.841,0.249,0.936,0.292,0.0,0.0,0.0,0.0,4.392,0.0,0.04,26.903,65.987,0.0
2018-07-20 03:30:00,0.301,0.0,0.0,0.0,1.271,0.525,0.846,0.254,0.945,0.3,0.0,0.0,0.0,0.0,4.443,0.0,0.042,26.884,66.197,0.0
2018-07-20 03:45:00,0.276,0.0,0.0,0.0,1.257,0.499,0.835,0.231,0.931,0.273,0.0,0.0,0.0,0.0,4.303,0.0,0.065,26.91,66.195,0.0
2018-07-20 04:00:00,0.289,0.0,0.0,0.0,1.256,0.511,0.833,0.243,0.93,0.287,0.0,0.0,0.0,0.0,4.349,0.0,0.059,26.931,66.243,0.0
2018-07-20 04:15:00,0.297,0.0,0.0,0.0,1.271,0.523,0.847,0.253,0.943,0.296,0.0,0.0,0.0,0.0,4.429,0.0,0.04,26.946,66.259,0.0
2018-07-20 04:30:00,0.283,0.0,0.0,0.0,1.257,0.507,0.836,0.238,0.932,0.281,0.0,0.0,0.0,0.0,4.333,0.0,0.043,26.968,66.256,0.0
2018-07-20 04:45:00,0.305,0.0,0.0,0.0,1.247,0.529,0.83,0.258,0.923,0.303,0.0,0.0,0.0,0.0,4.395,0.0,0.074,26.995,66.252,0.0
2018-07-20 05:00:00,0.293,0.0,0.0,0.0,1.249,0.517,0.831,0.249,0.928,0.291,0.0,0.0,0.0,0.0,4.359,0.0,0.046,27.173,66.293,0.0
2018-07-20 05:15:00,0.297,0.0,0.0,0.0,1.268,0.521,0.847,0.25,0.942,0.295,0.0,0.0,0.0,0.0,4.42,0.0,0.04,27.533,66.296,0.0
2018-07-20 05:30:00,0.152,0.042,0.0,0.0,1.252,0.382,0.833,0.129,0.929,0.151,0.0,0.0,0.0,0.0,3.87,0.0,0.055,27.773,66.321,0.0
2018-07-20 05:45:00,0.0,0.24,0.0,0.0,1.212,0.241,0.801,0.0,0.896,0.0,0.0,0.0,0.0,0.0,3.391,0.0,0.069,27.358,66.345,0.0
2018-07-20 06:00:00,0.0,1.125,0.833,0.941,0.0,0.24,0.0,0.0,0.0,0.0,0.0,0.0,0.0,0.0,3.139,0.0,0.04,27.121,66.519,0.0
2018-07-20 06:15:00,0.0,1.137,0.849,0.955,0.0,0.24,0.0,0.0,0.0,0.0,0.0,0.0,0.0,0.0,3.181,0.0,0.04,27.144,66.6,0.0
2018-07-20 06:30:00,0.0,1.146,0.858,0.969,0.0,0.237,0.0,0.0,0.0,0.0,0.0,0.0,0.0,0.0,3.211,0.0,0.122,27.181,66.833,0.333
2018-07-20 06:45:00,0.0,1.143,0.857,0.973,0.0,0.237,0.0,0.0,0.0,0.0,0.0,0.0,0.0,0.0,3.21,0.0,0.085,27.201,67.951,2.867
2018-07-20 07:00:00,0.0,1.147,0.854,0.981,0.0,0.24,0.0,0.0,0.0,0.0,0.0,0.0,0.0,0.0,3.222,0.0,0.04,27.24,68.429,3.0
2018-07-20 07:15:00,0.0,1.154,0.857,0.983,0.0,0.237,0.0,0.0,0.0,0.0,0.0,0.0,0.0,0.0,3.232,0.273,0.082,27.284,68.254,76.933
2018-07-20 07:30:00,8.017,1.161,0.868,0.991,0.0,0.237,0.0,0.0,0.0,0.0,0.0,0.0,0.0,0.0,11.275,0.27,0.093,27.216,68.311,102.667
2018-07-20 07:45:00,27.283,1.159,0.879,0.997,0.0,0.24,0.0,0.0,0.0,0.0,0.0,0.0,0.0,0.0,30.558,1.477,0.143,25.312,68.363,104.8
2018-07-20 08:00:00,27.829,1.159,0.877,1.001,0.0,0.237,0.0,0.0,0.0,0.0,0.0,0.0,0.0,0.0,31.105,1.771,0.227,24.27,70.414,109.0
2018-07-20 08:15:00,27.387,1.155,0.871,0.997,0.0,0.237,0.0,0.0,0.0,0.0,0.0,0.0,0.0,0.0,30.648,1.781,0.428,23.687,69.755,110.0
2018-07-20 08:30:00,18.751,1.166,0.879,1.009,0.0,0.237,0.0,0.0,0.0,0.0,0.0,0.0,0.0,0.0,22.043,1.784,0.34,23.469,71.397,110.0
2018-07-20 08:45:00,16.069,1.172,0.883,1.015,0.0,0.24,0.0,0.0,0.0,0.0,0.0,0.0,0.0,0.0,19.379,1.791,0.315,24.103,74.466,109.867
2018-07-20 09:00:00,19.955,1.174,0.887,1.017,0.0,0.237,0.0,0.0,0.0,0.0,0.0,0.0,0.0,0.0,23.27,1.788,0.325,24.156,74.139,109.143
2018-07-20 09:15:00,28.055,1.184,0.888,1.021,0.0,0.237,0.0,0.0,0.0,0.0,0.0,0.0,0.0,0.0,31.385,1.835,0.411,23.682,71.2,110.786
2018-07-20 09:30:00,27.872,1.181,0.889,1.019,0.0,0.237,0.0,0.0,0.0,0.0,0.0,0.0,0.0,0.0,31.199,2.029,0.305,23.398,70.999,110.923
2018-07-20 09:45:00,16.731,1.178,0.887,1.015,0.0,0.24,0.0,0.0,0.0,0.0,0.0,0.0,0.0,0.0,20.051,2.183,0.329,23.422,73.409,111.4
2018-07-20 10:00:00,16.163,1.192,0.905,1.033,0.0,0.237,0.0,0.0,0.0,0.0,0.0,0.0,0.0,0.0,19.531,2.163,0.525,24.103,76.741,110.333
2018-07-20 10:15:00,24.143,1.195,0.91,1.036,0.0,0.237,0.0,0.0,0.0,0.0,0.0,0.0,0.0,0.0,27.521,2.151,0.538,24.28,73.905,110.0
2018-07-20 10:30:00,28.751,1.203,0.918,1.043,0.0,0.237,0.0,0.0,0.0,0.0,0.0,0.0,0.0,0.0,32.153,2.15,0.507,23.789,73.003,109.154
2018-07-20 10:45:00,28.385,1.201,0.918,1.043,0.0,0.24,0.0,0.0,0.0,0.0,0.0,0.0,0.0,0.0,31.787,2.149,0.517,23.487,71.835,109.4
2018-07-20 11:00:00,28.37,1.198,0.91,1.038,0.0,0.237,0.0,0.0,0.0,0.0,0.0,0.0,0.0,0.0,31.753,2.155,0.428,23.281,71.218,110.333
2018-07-20 11:15:00,28.267,1.201,0.909,1.035,0.0,0.237,0.0,0.0,0.0,0.0,0.0,0.0,0.0,0.0,31.649,2.178,0.528,22.895,70.8,111.0
2018-07-20 11:30:00,16.266,1.22,0.917,1.051,0.0,0.237,0.0,0.0,0.0,0.0,0.0,0.0,0.0,0.0,19.691,2.198,0.483,23.154,73.953,112.667
2018-07-20 11:45:00,16.175,0.568,0.309,0.354,0.889,0.249,0.519,0.0,0.604,0.0,0.0,0.0,0.0,0.0,19.665,2.21,0.543,23.778,75.946,113.467
2018-07-20 12:00:00,24.339,1.083,0.791,0.901,1.385,0.616,0.935,0.328,1.067,0.392,0.0,0.0,0.0,0.0,31.836,1.918,0.386,23.866,73.509,117.933
2018-07-20 12:15:00,29.046,1.233,0.931,1.059,0.823,0.543,0.416,0.261,0.473,0.314,0.0,0.0,0.0,0.0,35.099,2.059,0.425,23.387,70.082,124.667
2018-07-20 12:30:00,28.991,1.008,0.72,0.825,0.379,0.581,0.0,0.294,0.0,0.351,0.0,0.0,0.0,0.0,33.149,2.037,0.464,23.275,71.337,124.667
2018-07-20 12:45:00,19.489,1.216,0.915,1.046,0.492,0.623,0.107,0.333,0.123,0.399,0.0,0.0,0.0,0.0,24.741,2.049,0.487,23.404,74.456,123.933
2018-07-20 13:00:00,17.069,1.25,0.968,1.087,1.401,0.728,0.974,0.441,1.09,0.521,0.0,0.0,0.0,0.0,25.527,1.981,0.394,23.962,75.855,121.538
2018-07-20 13:15:00,23.019,1.239,0.955,1.075,1.379,0.543,0.957,0.273,1.073,0.321,0.0,0.0,0.0,0.0,30.835,1.981,0.501,24.219,73.797,120.733
2018-07-20 13:30:00,29.077,1.116,0.839,0.949,1.332,0.482,0.911,0.215,1.021,0.256,0.0,0.0,0.0,0.0,36.198,2.358,0.47,23.461,69.986,121.6
2018-07-20 13:45:00,29.539,1.017,0.735,0.844,0.359,0.471,0.0,0.208,0.0,0.247,0.0,0.0,0.0,0.0,33.419,2.361,0.559,23.463,70.918,123.0
2018-07-20 14:00:00,29.086,1.004,0.724,0.832,0.366,0.555,0.0,0.281,0.0,0.335,0.0,0.0,0.0,0.0,33.183,2.359,0.683,23.6,71.22,121.8
2018-07-20 14:15:00,17.233,1.211,0.916,1.051,0.366,0.639,0.0,0.357,0.0,0.425,0.0,0.0,0.0,0.0,22.199,2.368,0.505,23.42,74.293,122.133
2018-07-20 14:30:00,16.552,1.219,0.923,1.059,1.193,0.617,0.764,0.334,0.863,0.395,0.0,0.0,0.0,0.0,23.917,2.729,0.583,23.893,76.211,123.6
2018-07-20 14:45:00,24.899,1.212,0.915,1.055,0.539,0.572,0.162,0.297,0.181,0.351,0.0,0.0,0.0,0.0,30.182,2.735,0.701,24.001,74.271,123.067
2018-07-20 15:00:00,23.477,1.15,0.855,0.997,0.37,0.471,0.0,0.206,0.0,0.249,0.0,0.0,0.0,0.0,27.774,2.749,0.703,23.367,71.923,123.8
2018-07-20 15:15:00,16.433,1.189,0.885,1.023,1.091,0.713,0.661,0.421,0.759,0.501,0.0,0.0,0.0,0.0,23.676,2.765,0.672,23.742,77.174,124.533
2018-07-20 15:30:00,16.322,1.217,0.914,1.053,1.368,0.804,0.925,0.496,1.05,0.593,0.0,0.0,0.0,0.0,24.742,2.768,0.965,24.433,78.411,123.222
2018-07-20 15:45:00,16.345,1.211,0.909,1.046,1.35,0.747,0.917,0.449,1.039,0.537,0.0,0.0,0.0,0.0,24.549,2.778,1.088,24.348,76.476,123.0
2018-07-20 16:00:00,16.373,1.214,0.921,1.057,1.359,0.712,0.933,0.425,1.052,0.505,0.0,0.0,0.0,0.0,24.551,2.683,1.023,24.285,75.805,123.067
2018-07-20 16:15:00,16.179,1.214,0.918,1.056,1.373,0.567,0.944,0.293,1.065,0.349,0.0,0.0,0.0,0.0,23.958,2.562,0.876,24.269,75.018,123.0
2018-07-20 16:30:00,16.17,1.2,0.903,1.041,1.347,0.582,0.918,0.306,1.038,0.367,0.0,0.0,0.0,0.0,23.872,2.46,0.469,24.401,75.84,119.067
2018-07-20 16:45:00,16.157,1.225,0.929,1.065,1.357,0.759,0.932,0.466,1.05,0.553,0.0,0.0,0.0,0.0,24.492,2.387,0.508,24.523,76.539,115.2
2018-07-20 17:00:00,17.307,1.223,0.93,1.063,1.363,0.742,0.943,0.455,1.055,0.534,0.0,0.0,1.062,0.0,26.677,2.387,0.714,24.676,77.175,115.231
2018-07-20 17:15:00,17.911,1.225,0.933,1.065,1.386,0.764,0.96,0.473,1.073,0.554,0.0,0.0,1.795,0.0,28.139,2.396,0.364,25.081,76.703,115.0
2018-07-20 17:30:00,17.364,1.217,0.923,1.053,1.363,0.817,0.935,0.517,1.047,0.61,0.0,0.0,1.025,0.0,26.87,2.428,0.329,24.669,77.708,115.133
2018-07-20 17:45:00,17.877,1.226,0.931,1.063,1.368,0.747,0.939,0.501,1.051,0.589,0.0,0.0,1.751,0.0,28.045,2.447,0.322,24.734,78.573,115.267
2018-07-20 18:00:00,16.654,1.191,0.907,1.033,1.217,0.01,0.811,0.0,0.903,0.0,0.0,0.0,0.948,0.0,23.674,2.028,0.321,24.687,78.376,113.333
2018-07-20 18:15:00,16.567,1.191,0.907,1.031,0.367,0.01,0.0,0.0,0.0,0.0,0.0,0.0,1.014,0.0,21.087,2.017,0.415,24.796,79.184,112.636
2018-07-20 18:30:00,16.727,0.657,0.404,0.458,0.692,0.01,0.305,0.0,0.346,0.0,0.0,0.0,1.036,0.0,20.636,2.021,0.291,24.773,78.555,113.0
2018-07-20 18:45:00,16.954,0.235,0.0,0.0,1.291,0.01,0.875,0.0,0.979,0.0,0.0,0.0,1.441,0.0,21.785,2.021,0.371,24.752,78.853,113.0
2018-07-20 19:00:00,15.675,0.24,0.0,0.0,1.283,0.01,0.867,0.0,0.969,0.0,0.0,0.0,0.012,0.0,19.056,1.81,0.327,24.623,77.157,113.308
2018-07-20 19:15:00,15.508,0.24,0.0,0.0,1.305,0.01,0.883,0.0,0.988,0.0,0.0,0.0,0.0,0.0,18.933,1.713,0.267,24.62,75.173,114.4
2018-07-20 19:30:00,15.735,0.24,0.0,0.0,1.294,0.01,0.875,0.0,0.975,0.0,0.0,0.0,0.0,0.0,19.13,1.659,0.179,24.597,74.404,115.0
2018-07-20 19:45:00,15.587,0.24,0.0,0.0,1.293,0.01,0.87,0.0,0.969,0.0,0.0,0.0,0.0,0.0,18.969,0.892,0.074,24.807,75.425,113.467
2018-07-20 20:00:00,1.714,0.485,0.23,0.259,1.297,0.01,0.874,0.0,0.974,0.0,0.0,0.0,0.0,0.0,5.843,0.123,0.042,25.317,75.116,47.667
2018-07-20 20:15:00,0.0,0.346,0.099,0.112,1.3,0.01,0.873,0.0,0.973,0.0,0.0,0.0,0.0,0.0,3.713,0.0,0.04,25.778,70.937,0.0
2018-07-20 20:30:00,0.001,0.251,0.007,0.008,1.287,0.01,0.861,0.0,0.958,0.0,0.0,0.0,0.0,0.0,3.383,0.0,0.063,26.381,68.573,0.0
2018-07-20 20:45:00,0.0,0.349,0.1,0.112,1.285,0.01,0.868,0.0,0.963,0.0,0.0,0.0,0.0,0.0,3.687,0.0,0.058,26.149,67.251,0.0
2018-07-20 21:00:00,0.0,0.347,0.1,0.113,1.301,0.01,0.882,0.0,0.977,0.0,0.0,0.0,0.0,0.0,3.729,0.0,0.04,26.267,66.685,0.0
2018-07-20 21:15:00,0.0,0.327,0.082,0.093,1.288,0.01,0.874,0.0,0.967,0.0,0.0,0.0,0.0,0.0,3.641,0.0,0.041,26.359,66.401,0.0
2018-07-20 21:30:00,0.0,0.24,0.0,0.0,1.28,0.01,0.864,0.0,0.956,0.0,0.0,0.0,0.0,0.0,3.35,0.0,0.073,26.418,66.24,0.0
2018-07-20 21:45:00,0.0,0.429,0.177,0.198,1.29,0.01,0.876,0.0,0.963,0.0,0.0,0.0,0.0,0.0,3.944,0.0,0.046,26.491,66.222,0.0
2018-07-20 22:00:00,0.001,0.24,0.0,0.0,1.293,0.01,0.878,0.0,0.964,0.0,0.0,0.0,0.0,0.0,3.386,0.0,0.042,26.557,66.226,0.0
2018-07-20 22:15:00,0.0,0.345,0.099,0.111,1.291,0.01,0.875,0.0,0.962,0.0,0.0,0.0,0.0,0.0,3.693,0.0,0.057,26.615,66.202,0.0
2018-07-20 22:30:00,0.0,0.24,0.0,0.0,1.271,0.01,0.854,0.0,0.942,0.0,0.0,0.0,0.0,0.0,3.317,0.0,0.065,26.664,66.257,0.0
2018-07-20 22:45:00,0.0,0.299,0.055,0.063,1.253,0.01,0.833,0.0,0.926,0.0,0.0,0.0,0.0,0.0,3.441,0.0,0.039,26.694,66.227,0.0
2018-07-20 23:00:00,0.0,0.295,0.051,0.059,1.268,0.01,0.84,0.0,0.937,0.0,0.0,0.0,0.0,0.0,3.46,0.0,0.04,26.727,66.323,0.0
2018-07-20 23:15:00,0.0,0.24,0.0,0.0,1.255,0.01,0.833,0.0,0.927,0.0,0.0,0.0,0.0,0.0,3.265,0.0,0.067,26.763,66.241,0.0
2018-07-20 23:30:00,0.0,0.333,0.086,0.098,1.253,0.013,0.832,0.0,0.924,0.0,0.0,0.0,0.0,0.0,3.539,0.0,0.058,26.805,66.24,0.0
2018-07-20 23:45:00,0.001,0.139,0.0,0.0,1.26,0.238,0.839,0.0,0.931,0.0,0.0,0.0,0.0,0.0,3.408,0.0,0.04,26.847,66.389,0.0
2018-07-21 00:00:00,0.302,0.0,0.0,0.0,1.277,0.53,0.85,0.255,0.939,0.3,0.0,0.0,0.0,0.0,4.453,0.0,0.04,26.89,66.164,0.0
2018-07-21 00:15:00,0.303,0.0,0.0,0.0,1.288,0.53,0.867,0.257,0.953,0.302,0.0,0.0,0.0,0.0,4.501,0.0,0.071,26.916,66.247,0.0
2018-07-21 00:30:00,0.282,0.0,0.0,0.0,1.273,0.509,0.851,0.241,0.939,0.281,0.0,0.0,0.0,0.0,4.376,0.0,0.053,26.939,66.307,0.0
2018-07-21 00:45:00,0.34,0.0,0.0,0.0,1.297,0.568,0.868,0.29,0.958,0.338,0.0,0.0,0.0,0.0,4.659,0.0,0.038,26.965,66.312,0.0
2018-07-21 01:00:00,0.345,0.0,0.0,0.0,1.27,0.571,0.845,0.293,0.934,0.343,0.0,0.0,0.0,0.0,4.601,0.0,0.04,26.998,66.267,0.0
2018-07-21 01:15:00,0.287,0.0,0.0,0.0,1.273,0.515,0.846,0.243,0.937,0.287,0.0,0.0,0.0,0.0,4.386,0.0,0.071,27.253,66.247,0.0
2018-07-21 01:30:00,0.269,0.0,0.0,0.0,1.265,0.501,0.837,0.227,0.928,0.267,0.0,0.0,0.0,0.0,4.294,0.0,0.048,27.507,66.312,0.0
2018-07-21 01:45:00,0.328,0.0,0.0,0.0,1.28,0.558,0.849,0.278,0.941,0.326,0.0,0.0,0.0,0.0,4.56,0.0,0.04,27.753,66.146,0.0
2018-07-21 02:00:00,0.239,0.0,0.0,0.0,1.276,0.467,0.849,0.202,0.94,0.237,0.0,0.0,0.0,0.0,4.21,0.0,0.053,27.109,66.367,0.0
2018-07-21 02:15:00,0.242,0.0,0.0,0.0,1.273,0.472,0.847,0.205,0.936,0.24,0.0,0.0,0.0,0.0,4.215,0.0,0.071,27.13,66.156,0.0
2018-07-21 02:30:00,0.259,0.0,0.0,0.0,1.279,0.49,0.85,0.22,0.941,0.257,0.0,0.0,0.0,0.0,4.295,0.0,0.041,27.153,66.269,0.0
2018-07-21 02:45:00,0.292,0.0,0.0,0.0,1.289,0.525,0.856,0.249,0.947,0.29,0.0,0.0,0.0,0.0,4.449,0.0,0.04,27.173,66.621,0.0
2018-07-21 03:00:00,0.283,0.0,0.0,0.0,1.276,0.513,0.849,0.24,0.939,0.281,0.0,0.0,0.0,0.0,4.381,0.0,0.061,27.177,66.318,0.0
2018-07-21 03:15:00,0.273,0.0,0.0,0.0,1.271,0.503,0.839,0.231,0.931,0.27,0.0,0.0,0.0,0.0,4.319,0.0,0.065,27.209,65.939,0.0
2018-07-21 03:30:00,0.256,0.0,0.0,0.0,1.266,0.489,0.835,0.217,0.929,0.254,0.0,0.0,0.0,0.0,4.247,0.0,0.04,27.233,65.873,0.0
2018-07-21 03:45:00,0.279,0.0,0.0,0.0,1.278,0.509,0.844,0.235,0.936,0.276,0.0,0.0,0.0,0.0,4.357,0.0,0.04,27.259,65.882,0.0
2018-07-21 04:00:00,0.324,0.0,0.0,0.0,1.276,0.551,0.845,0.275,0.939,0.323,0.0,0.0,0.0,0.0,4.532,0.0,0.067,27.283,65.865,0.0
2018-07-21 04:15:00,0.375,0.0,0.0,0.0,1.271,0.601,0.839,0.319,0.934,0.373,0.0,0.0,0.0,0.0,4.713,0.0,0.06,27.295,65.835,0.0
2018-07-21 04:30:00,0.293,0.0,0.0,0.0,1.275,0.526,0.839,0.249,0.935,0.291,0.0,0.0,0.0,0.0,4.409,0.0,0.039,27.305,65.752,0.0
2018-07-21 04:45:00,0.411,0.0,0.0,0.0,1.273,0.638,0.838,0.35,0.931,0.406,0.0,0.0,0.0,0.0,4.847,0.0,0.04,27.322,65.789,0.0
2018-07-21 05:00:00,0.278,0.0,0.0,0.0,1.267,0.508,0.837,0.237,0.93,0.276,0.0,0.0,0.0,0.0,4.332,0.0,0.071,27.362,65.725,0.0
2018-07-21 05:15:00,0.313,0.0,0.0,0.0,1.282,0.543,0.849,0.266,0.944,0.31,0.0,0.0,0.0,0.0,4.507,0.0,0.054,27.386,65.661,0.0
2018-07-21 05:30:00,0.269,0.056,0.0,0.0,1.269,0.497,0.839,0.228,0.932,0.267,0.0,0.0,0.0,0.0,4.357,0.0,0.039,27.417,65.629,0.0
2018-07-21 05:45:00,0.0,0.252,0.011,0.013,1.196,0.243,0.795,0.0,0.881,0.0,0.0,0.0,0.0,0.0,3.39,0.0,0.043,27.414,65.605,0.0
2018-07-21 06:00:00,0.0,1.135,0.841,0.942,0.0,0.237,0.0,0.0,0.0,0.0,0.0,0.0,0.0,0.0,3.155,0.0,0.074,27.427,65.705,0.0
2018-07-21 06:15:00,0.001,1.149,0.859,0.959,0.0,0.24,0.0,0.0,0.0,0.0,0.0,0.0,0.0,0.0,3.209,0.0,0.048,27.443,65.743,0.0
2018-07-21 06:30:00,0.0,1.149,0.86,0.967,0.0,0.237,0.0,0.0,0.0,0.0,0.0,0.0,0.0,0.0,3.213,0.0,0.04,27.456,65.737,0.0
2018-07-21 06:45:00,0.0,1.156,0.87,0.976,0.0,0.237,0.0,0.0,0.0,0.0,0.0,0.0,0.0,0.0,3.239,0.0,0.052,27.479,65.767,0.0
2018-07-21 07:00:00,0.0,1.156,0.863,0.973,0.0,0.24,0.0,0.0,0.0,0.0,0.0,0.0,0.0,0.0,3.232,0.0,0.108,27.491,65.877,0.0
2018-07-21 07:15:00,0.001,1.156,0.861,0.975,0.0,0.249,0.0,0.0,0.0,0.0,0.0,0.0,0.0,0.0,3.241,0.0,0.177,27.501,65.933,2.867
2018-07-21 07:30:00,5.56,1.161,0.865,0.983,0.0,0.245,0.0,0.0,0.0,0.0,0.0,0.0,0.0,0.0,8.814,0.0,0.121,27.377,66.442,4.0
2018-07-21 07:45:00,15.635,1.166,0.878,0.996,0.0,0.238,0.0,0.0,0.0,0.0,0.0,0.0,0.0,0.0,18.913,0.0,0.217,26.292,69.512,4.0
2018-07-21 08:00:00,15.919,1.157,0.874,0.995,0.0,0.238,0.0,0.0,0.0,0.0,0.0,0.0,0.0,0.0,19.183,0.0,0.216,25.504,69.665,4.0
2018-07-21 08:15:00,15.918,1.165,0.876,1.002,0.0,0.243,0.0,0.0,0.0,0.0,0.0,0.0,0.0,0.0,19.203,0.0,0.19,25.195,69.399,4.0
2018-07-21 08:30:00,15.797,1.177,0.884,1.011,0.0,0.238,0.0,0.0,0.0,0.0,0.0,0.0,0.0,0.0,19.107,0.0,0.19,25.767,70.451,4.0
2018-07-21 08:45:00,15.972,1.175,0.883,1.013,0.0,0.237,0.0,0.0,0.0,0.0,0.0,0.0,0.0,0.0,19.281,0.0,0.218,25.222,70.194,4.0
2018-07-21 09:00:00,16.025,1.185,0.893,1.023,0.0,0.24,0.0,0.0,0.0,0.0,0.0,0.0,0.0,0.0,19.367,0.572,0.209,25.199,71.403,4.0
2018-07-21 09:15:00,16.087,1.191,0.895,1.027,0.0,0.238,0.0,0.0,0.0,0.0,0.0,0.0,0.0,0.0,19.438,1.065,0.227,25.172,73.331,91.833
2018-07-21 09:30:00,16.239,1.202,0.907,1.038,0.0,0.237,0.0,0.0,0.0,0.0,0.0,0.0,0.0,0.0,19.623,1.193,0.248,25.188,73.037,107.385
2018-07-21 09:45:00,16.187,1.2,0.906,1.037,0.0,0.237,0.0,0.0,0.0,0.0,0.0,0.0,0.0,0.0,19.568,1.186,0.282,25.314,71.038,113.0
2018-07-21 10:00:00,16.193,1.207,0.911,1.047,0.0,0.24,0.0,0.0,0.0,0.0,0.0,0.0,0.0,0.0,19.598,1.183,0.262,24.926,70.533,112.2
2018-07-21 10:15:00,16.51,1.208,0.913,1.051,0.0,0.547,0.0,0.275,0.0,0.331,0.0,0.0,0.0,0.0,20.835,1.18,0.312,24.963,71.653,112.4
2018-07-21 10:30:00,16.513,1.209,0.917,1.055,0.0,0.389,0.0,0.134,0.0,0.162,0.0,0.0,0.0,0.0,20.379,1.18,0.337,25.481,71.843,115.667
2018-07-21 10:45:00,16.307,1.213,0.92,1.055,0.0,0.237,0.0,0.0,0.0,0.0,0.0,0.0,0.0,0.0,19.733,1.18,0.279,25.41,70.815,112.067
2018-07-21 11:00:00,16.367,1.211,0.915,1.054,0.0,0.24,0.0,0.0,0.0,0.0,0.0,0.0,0.0,0.0,19.787,1.177,0.253,25.038,70.129,111.533
2018-07-21 11:15:00,16.397,1.215,0.921,1.055,0.0,0.237,0.0,0.0,0.0,0.0,0.0,0.0,0.0,0.0,19.825,1.177,0.249,25.003,69.939,109.933
2018-07-21 11:30:00,16.338,1.213,0.915,1.05,0.0,0.237,0.0,0.0,0.0,0.0,0.0,0.0,0.0,0.0,19.753,1.18,0.309,25.46,70.193,108.533
2018-07-21 11:45:00,16.32,0.56,0.305,0.349,0.839,0.24,0.49,0.0,0.571,0.0,0.0,0.0,0.0,0.0,19.674,1.183,0.311,25.331,71.725,108.8
2018-07-21 12:00:00,16.665,1.109,0.817,0.931,1.368,0.725,0.934,0.433,1.058,0.517,0.0,0.0,0.0,0.0,24.557,1.189,0.217,25.265,71.565,107.533
2018-07-21 12:15:00,16.695,1.247,0.951,1.082,1.394,0.733,0.967,0.44,1.084,0.523,0.0,0.0,0.0,0.0,25.116,1.19,0.259,25.143,70.134,103.933
2018-07-21 12:30:00,16.567,1.231,0.939,1.069,1.374,0.568,0.951,0.294,1.067,0.349,0.0,0.0,0.0,0.0,24.409,1.188,0.263,24.874,70.136,102.867
2018-07-21 12:45:00,16.555,1.247,0.951,1.077,1.406,0.669,0.977,0.383,1.087,0.453,0.0,0.0,0.0,0.0,24.806,1.194,0.249,24.802,70.123,102.867
2018-07-21 13:00:00,16.548,1.246,0.953,1.076,1.395,0.643,0.969,0.361,1.079,0.425,0.0,0.0,0.0,0.0,24.695,1.193,0.26,24.794,70.343,103.533
2018-07-21 13:15:00,16.599,1.235,0.945,1.073,1.399,0.584,0.976,0.309,1.087,0.367,0.0,0.0,0.0,0.0,24.573,1.191,0.284,24.795,70.273,107.133
2018-07-21 13:30:00,16.566,1.241,0.953,1.078,1.39,0.675,0.969,0.389,1.078,0.46,0.0,0.0,0.0,0.0,24.8,1.19,0.288,24.759,69.983,107.067
2018-07-21 13:45:00,16.649,1.254,0.963,1.089,1.41,0.68,0.983,0.393,1.095,0.462,0.0,0.0,0.0,0.0,24.977,1.19,0.257,24.907,71.627,108.267
2018-07-21 14:00:00,16.886,1.251,0.964,1.087,1.403,0.779,0.982,0.484,1.089,0.567,0.0,0.0,0.0,0.0,25.491,1.19,0.252,25.267,71.456,112.4
2018-07-21 14:15:00,16.71,1.255,0.969,1.093,1.409,0.605,0.992,0.329,1.097,0.387,0.0,0.0,0.0,0.0,24.846,1.19,0.283,24.842,70.107,112.067
2018-07-21 14:30:00,16.879,1.257,0.969,1.093,1.429,0.657,1.003,0.372,1.109,0.437,0.0,0.0,0.0,0.0,25.205,1.19,0.295,24.819,69.801,111.267
2018-07-21 14:45:00,16.747,1.256,0.968,1.095,1.413,0.66,0.993,0.378,1.101,0.443,0.0,0.0,0.0,0.0,25.053,1.19,0.247,24.829,70.157,108.067
2018-07-21 15:00:00,16.756,1.259,0.971,1.101,1.42,0.643,0.997,0.361,1.105,0.427,0.0,0.0,0.0,0.0,25.04,1.192,0.26,24.799,70.27,108.455
2018-07-21 15:15:00,16.841,1.257,0.969,1.097,1.417,0.699,0.997,0.412,1.1,0.485,0.0,0.0,0.0,0.0,25.273,1.195,0.274,24.853,70.241,105.4
2018-07-21 15:30:00,16.583,1.265,0.974,1.105,1.421,0.607,0.992,0.328,1.102,0.384,0.0,0.0,0.0,0.0,24.76,1.2,0.277,24.963,70.423,107.8
2018-07-21 15:45:00,16.893,1.251,0.963,1.094,1.42,0.727,0.995,0.435,1.103,0.513,0.0,0.0,0.0,0.0,25.393,0.891,0.177,24.937,71.077,33.933
2018-07-21 16:00:00,16.935,1.251,0.969,1.093,1.411,0.853,0.986,0.555,1.094,0.647,0.0,0.0,0.0,0.0,25.794,0.821,0.064,25.091,73.418,3.0
2018-07-21 16:15:00,16.633,1.265,0.974,1.104,1.391,0.631,0.967,0.352,1.075,0.412,0.0,0.0,0.0,0.0,24.805,0.839,0.051,24.778,72.383,3.0
2018-07-21 16:30:00,16.569,1.21,0.928,1.051,0.578,0.795,0.197,0.495,0.219,0.582,0.0,0.0,0.0,0.0,22.625,0.821,0.036,24.545,72.29,3.0
2018-07-21 16:45:00,12.361,1.229,0.941,1.069,1.141,0.809,0.727,0.514,0.807,0.601,0.0,0.0,0.0,0.0,20.201,0.83,0.045,24.654,73.25,3.0
2018-07-21 17:00:00,0.339,1.225,0.935,1.064,1.4,0.559,0.975,0.285,1.078,0.338,0.0,0.0,0.0,0.0,8.198,0.831,0.069,25.382,69.309,3.0
2018-07-21 17:15:00,0.437,1.023,0.741,0.839,1.383,0.653,0.959,0.369,1.061,0.433,0.0,0.0,0.0,0.0,7.899,0.835,0.039,25.981,66.142,3.0
2018-07-21 17:30:00,0.486,1.023,0.735,0.827,1.386,0.703,0.955,0.411,1.057,0.481,0.0,0.0,0.0,0.0,8.065,0.84,0.038,26.252,64.303,3.0
2018-07-21 17:45:00,0.299,1.021,0.736,0.825,1.373,0.473,0.952,0.253,1.051,0.298,0.0,0.0,0.0,0.0,7.281,0.834,0.061,26.479,63.377,3.0
2018-07-21 18:00:00,0.0,0.913,0.637,0.717,1.369,0.01,0.953,0.0,1.053,0.0,0.0,0.0,0.0,0.0,5.652,0.822,0.056,26.64,63.392,3.0
2018-07-21 18:15:00,0.0,0.337,0.091,0.103,1.315,0.01,0.899,0.0,0.997,0.0,0.0,0.0,0.0,0.0,3.751,0.737,0.037,26.783,63.725,2.667
2018-07-21 18:30:00,0.0,0.341,0.093,0.106,1.328,0.01,0.907,0.0,1.003,0.0,0.0,0.0,0.0,0.0,3.787,0.0,0.035,26.889,63.557,0.133
2018-07-21 18:45:00,0.0,0.415,0.164,0.184,1.3,0.01,0.882,0.0,0.973,0.0,0.0,0.0,0.0,0.0,3.928,0.0,0.07,26.941,63.322,0.0
2018-07-21 19:00:00,0.001,0.378,0.129,0.145,1.313,0.01,0.895,0.0,0.981,0.0,0.0,0.0,0.0,0.0,3.851,0.0,0.046,26.995,63.252,0.0
2018-07-21 19:15:00,0.0,0.24,0.0,0.0,1.305,0.01,0.881,0.0,0.97,0.0,0.0,0.0,0.0,0.0,3.405,0.0,0.034,27.5,63.267,0.0
2018-07-21 19:30:00,0.001,0.352,0.105,0.117,1.315,0.01,0.899,0.0,0.984,0.0,0.0,0.0,0.0,0.0,3.783,0.0,0.047,27.271,63.394,0.0
2018-07-21 19:45:00,0.0,0.335,0.089,0.101,1.311,0.01,0.895,0.0,0.983,0.0,0.0,0.0,0.0,0.0,3.723,0.0,0.07,27.188,63.492,0.0
2018-07-21 20:00:00,0.0,0.349,0.103,0.115,1.293,0.01,0.875,0.0,0.963,0.0,0.0,0.0,0.0,0.0,3.708,0.0,0.036,27.239,63.613,0.0
2018-07-21 20:15:00,0.001,0.359,0.111,0.125,1.308,0.01,0.887,0.0,0.973,0.0,0.0,0.0,0.0,0.0,3.774,0.0,0.035,27.288,63.778,0.0
2018-07-21 20:30:00,0.0,0.351,0.105,0.117,1.295,0.01,0.879,0.0,0.964,0.0,0.0,0.0,0.0,0.0,3.721,0.0,0.055,27.331,64.046,0.0
2018-07-21 20:45:00,0.0,0.362,0.113,0.127,1.299,0.01,0.881,0.0,0.967,0.0,0.0,0.0,0.0,0.0,3.759,0.0,0.062,27.368,64.217,0.0
2018-07-21 21:00:00,0.001,0.245,0.0,0.0,1.289,0.01,0.87,0.0,0.952,0.0,0.0,0.0,0.0,0.0,3.367,0.0,0.035,27.401,64.277,0.0
2018-07-21 21:15:00,0.0,0.352,0.105,0.118,1.307,0.01,0.894,0.0,0.976,0.0,0.0,0.0,0.0,0.0,3.762,0.0,0.032,27.448,64.195,0.0
2018-07-21 21:30:00,0.0,0.356,0.11,0.123,1.296,0.01,0.888,0.0,0.97,0.0,0.0,0.0,0.0,0.0,3.753,0.0,0.066,27.467,64.252,0.0
2018-07-21 21:45:00,0.001,0.251,0.011,0.013,1.285,0.01,0.874,0.0,0.955,0.0,0.0,0.0,0.0,0.0,3.399,0.0,0.051,27.516,64.249,0.0
2018-07-21 22:00:00,0.0,0.339,0.093,0.104,1.291,0.01,0.877,0.0,0.96,0.0,0.0,0.0,0.0,0.0,3.675,0.0,0.035,27.553,64.285,0.0
2018-07-21 22:15:00,0.001,0.368,0.119,0.135,1.301,0.01,0.879,0.0,0.966,0.0,0.0,0.0,0.0,0.0,3.779,0.0,0.041,27.587,64.36,0.0
2018-07-21 22:30:00,0.0,0.451,0.196,0.222,1.295,0.01,0.881,0.0,0.965,0.0,0.0,0.0,0.0,0.0,4.021,0.0,0.071,27.609,64.396,0.0
2018-07-21 22:45:00,0.001,0.24,0.0,0.0,1.285,0.01,0.876,0.0,0.956,0.0,0.0,0.0,0.0,0.0,3.367,0.0,0.043,27.64,64.396,0.0
2018-07-21 23:00:00,0.001,0.338,0.091,0.102,1.287,0.01,0.875,0.0,0.957,0.0,0.0,0.0,0.0,0.0,3.661,0.0,0.034,27.675,64.454,0.0
2018-07-21 23:15:00,0.0,0.445,0.193,0.216,1.312,0.01,0.893,0.0,0.974,0.0,0.0,0.0,0.0,0.0,4.043,0.0,0.049,27.692,64.521,0.0
2018-07-21 23:30:00,0.001,0.353,0.105,0.118,1.285,0.021,0.871,0.0,0.955,0.0,0.0,0.0,0.0,0.0,3.709,0.0,0.07,27.712,64.514,0.0
2018-07-21 23:45:00,0.04,0.134,0.0,0.0,1.276,0.275,0.863,0.033,0.945,0.04,0.0,0.0,0.0,0.0,3.607,0.0,0.037,27.725,64.53,0.0
2018-07-22 00:00:00,0.435,0.0,0.0,0.0,1.267,0.653,0.851,0.371,0.935,0.434,0.0,0.0,0.0,0.0,4.945,0.0,0.033,27.743,64.574,0.0
2018-07-22 00:15:00,0.399,0.0,0.0,0.0,1.287,0.623,0.869,0.342,0.951,0.397,0.0,0.0,0.0,0.0,4.87,0.0,0.055,27.777,64.5,0.0
2018-07-22 00:30:00,0.329,0.0,0.0,0.0,1.269,0.553,0.858,0.279,0.939,0.327,0.0,0.0,0.0,0.0,4.553,0.0,0.064,27.784,64.545,0.0
2018-07-22 00:45:00,0.334,0.0,0.0,0.0,1.265,0.559,0.847,0.283,0.931,0.332,0.0,0.0,0.0,0.0,4.551,0.0,0.034,27.805,64.549,0.0
2018-07-22 01:00:00,0.311,0.0,0.0,0.0,1.265,0.536,0.847,0.263,0.933,0.309,0.0,0.0,0.0,0.0,4.465,0.0,0.035,27.821,64.47,0.0
2018-07-22 01:15:00,0.321,0.0,0.0,0.0,1.275,0.551,0.851,0.272,0.939,0.32,0.0,0.0,0.0,0.0,4.528,0.0,0.065,27.841,64.459,0.0
2018-07-22 01:30:00,0.347,0.0,0.0,0.0,1.259,0.571,0.843,0.297,0.924,0.345,0.0,0.0,0.0,0.0,4.585,0.0,0.059,27.854,64.439,0.0
2018-07-22 01:45:00,0.365,0.0,0.0,0.0,1.267,0.59,0.848,0.313,0.931,0.362,0.0,0.0,0.0,0.0,4.676,0.0,0.034,27.869,64.398,0.0
2018-07-22 02:00:00,0.303,0.0,0.0,0.0,1.262,0.531,0.842,0.257,0.925,0.3,0.0,0.0,0.0,0.0,4.421,0.0,0.034,27.889,64.314,0.0
2018-07-22 02:15:00,0.321,0.0,0.0,0.0,1.276,0.554,0.854,0.274,0.936,0.319,0.0,0.0,0.0,0.0,4.534,0.0,0.069,27.915,64.265,0.0
2018-07-22 02:30:00,0.327,0.0,0.0,0.0,1.262,0.558,0.838,0.279,0.923,0.325,0.0,0.0,0.0,0.0,4.512,0.0,0.055,27.928,64.244,0.0
2018-07-22 02:45:00,0.293,0.0,0.0,0.0,1.261,0.523,0.836,0.248,0.917,0.291,0.0,0.0,0.0,0.0,4.368,0.0,0.036,27.941,64.202,0.0
2018-07-22 03:00:00,0.259,0.0,0.0,0.0,1.282,0.493,0.851,0.22,0.939,0.258,0.0,0.0,0.0,0.0,4.302,0.0,0.036,27.963,64.203,0.0
2018-07-22 03:15:00,0.217,0.0,0.0,0.0,1.262,0.451,0.836,0.183,0.922,0.215,0.0,0.0,0.0,0.0,4.086,0.0,0.071,27.973,64.213,0.0
2018-07-22 03:30:00,0.353,0.0,0.0,0.0,1.256,0.577,0.841,0.301,0.923,0.352,0.0,0.0,0.0,0.0,4.604,0.0,0.051,27.995,64.216,0.0
2018-07-22 03:45:00,0.291,0.0,0.0,0.0,1.253,0.515,0.837,0.247,0.924,0.29,0.0,0.0,0.0,0.0,4.357,0.0,0.034,28.0,64.229,0.0
2018-07-22 04:00:00,0.343,0.0,0.0,0.0,1.265,0.569,0.843,0.291,0.931,0.341,0.0,0.0,0.0,0.0,4.582,0.0,0.038,28.187,64.197,0.0
2018-07-22 04:15:00,0.291,0.0,0.0,0.0,1.251,0.517,0.835,0.247,0.921,0.29,0.0,0.0,0.0,0.0,4.353,0.0,0.071,28.3,64.16,0.0
2018-07-22 04:30:00,0.402,0.0,0.0,0.0,1.25,0.624,0.831,0.343,0.917,0.4,0.0,0.0,0.0,0.0,4.768,0.0,0.048,28.42,64.161,0.0
2018-07-22 04:45:00,0.291,0.0,0.0,0.0,1.255,0.519,0.838,0.248,0.922,0.29,0.0,0.0,0.0,0.0,4.363,0.0,0.033,28.533,64.278,0.0
2018-07-22 05:00:00,0.313,0.0,0.0,0.0,1.268,0.543,0.846,0.269,0.933,0.313,0.0,0.0,0.0,0.0,4.485,0.0,0.045,28.667,64.222,0.0
2018-07-22 05:15:00,0.199,0.0,0.0,0.0,1.25,0.43,0.834,0.169,0.918,0.199,0.0,0.0,0.0,0.0,3.999,0.0,0.07,28.8,63.954,0.0
2018-07-22 05:30:00,0.298,0.054,0.0,0.0,1.243,0.525,0.829,0.254,0.913,0.297,0.0,0.0,0.0,0.0,4.412,0.0,0.037,28.457,63.867,0.0
2018-07-22 05:45:00,0.0,0.242,0.002,0.003,1.203,0.237,0.813,0.0,0.89,0.0,0.0,0.0,0.0,0.0,3.391,0.0,0.033,28.126,63.839,0.0
2018-07-22 06:00:00,0.001,1.122,0.846,0.937,0.0,0.24,0.0,0.0,0.0,0.0,0.0,0.0,0.0,0.0,3.145,0.0,0.057,28.134,63.84,0.0
2018-07-22 06:15:00,0.0,1.149,0.869,0.959,0.0,0.237,0.0,0.0,0.0,0.0,0.0,0.0,0.0,0.0,3.215,0.0,0.065,28.138,63.893,0.0
2018-07-22 06:30:00,0.0,1.141,0.865,0.96,0.0,0.237,0.0,0.0,0.0,0.0,0.0,0.0,0.0,0.0,3.203,0.0,0.039,28.157,63.883,0.0
2018-07-22 06:45:00,0.0,1.142,0.861,0.96,0.0,0.237,0.0,0.0,0.0,0.0,0.0,0.0,0.0,0.0,3.2,0.0,0.037,28.176,63.847,0.0
2018-07-22 07:00:00,0.0,1.143,0.86,0.959,0.0,0.24,0.0,0.0,0.0,0.0,0.0,0.0,0.0,0.0,3.202,0.0,0.065,28.193,63.831,0.0
2018-07-22 07:15:00,0.0,1.143,0.863,0.962,0.0,0.238,0.0,0.0,0.0,0.0,0.0,0.0,0.0,0.0,3.207,0.0,0.058,28.228,63.779,0.0
2018-07-22 07:30:00,0.001,1.15,0.863,0.964,0.0,0.244,0.0,0.0,0.0,0.0,0.0,0.0,0.0,0.0,3.221,0.0,0.038,28.265,63.708,0.0
2018-07-22 07:45:00,0.001,1.147,0.861,0.967,0.0,0.247,0.0,0.0,0.0,0.0,0.0,0.0,0.0,0.0,3.223,0.0,0.04,28.249,63.826,0.0
2018-07-22 08:00:00,0.0,1.146,0.863,0.972,0.0,0.246,0.0,0.0,0.0,0.0,0.0,0.0,0.0,0.0,3.227,0.243,0.073,28.258,64.725,55.267
2018-07-22 08:15:00,0.0,1.154,0.873,0.981,0.0,0.239,0.0,0.0,0.0,0.0,0.0,0.0,0.0,0.0,3.248,0.46,0.052,28.307,64.475,122.067
2018-07-22 08:30:00,0.001,1.159,0.878,0.988,0.0,0.237,0.0,0.0,0.0,0.0,0.0,0.0,0.0,0.0,3.263,0.46,0.038,28.368,63.895,117.667
2018-07-22 08:45:00,0.001,1.168,0.892,1.003,0.0,0.24,0.0,0.0,0.0,0.0,0.0,0.0,0.0,0.0,3.303,0.46,0.049,28.428,63.527,115.733
2018-07-22 09:00:00,0.0,1.169,0.891,1.004,0.0,0.237,0.0,0.0,0.0,0.0,0.0,0.0,0.0,0.0,3.301,0.457,0.072,28.498,63.272,115.0
2018-07-22 09:15:00,0.0,1.156,0.882,0.995,0.0,0.237,0.0,0.0,0.0,0.0,0.0,0.0,0.0,0.0,3.271,0.449,0.045,28.569,63.281,115.0
2018-07-22 09:30:00,0.0,1.177,0.893,1.011,0.0,0.237,0.0,0.0,0.0,0.0,0.0,0.0,0.0,0.0,3.319,0.46,0.037,28.644,63.353,115.2
2018-07-22 09:45:00,0.0,1.179,0.897,1.015,0.0,0.24,0.0,0.0,0.0,0.0,0.0,0.0,0.0,0.0,3.331,0.46,0.052,28.7,63.503,115.0
2018-07-22 10:00:00,0.0,1.183,0.901,1.021,0.0,0.237,0.0,0.0,0.0,0.0,0.0,0.0,0.0,0.0,3.343,0.46,0.071,28.735,63.827,115.0
2018-07-22 10:15:00,0.0,1.195,0.91,1.03,0.0,0.237,0.0,0.0,0.0,0.0,0.0,0.0,0.0,0.0,3.373,0.46,0.044,28.763,63.831,115.0
2018-07-22 10:30:00,0.0,1.192,0.911,1.031,0.0,0.24,0.0,0.0,0.0,0.0,0.0,0.0,0.0,0.0,3.373,0.456,0.037,28.815,64.109,115.0
2018-07-22 10:45:00,0.0,1.202,0.925,1.041,0.0,0.237,0.0,0.0,0.0,0.0,0.0,0.0,0.0,0.0,3.405,0.455,0.053,28.843,63.95,115.0
2018-07-22 11:00:00,0.0,1.195,0.915,1.032,0.0,0.237,0.0,0.0,0.0,0.0,0.0,0.0,0.0,0.0,3.379,0.452,0.07,28.859,64.085,114.333
2018-07-22 11:15:00,0.001,1.198,0.917,1.033,0.0,0.24,0.0,0.0,0.0,0.0,0.0,0.0,0.0,0.0,3.389,0.759,0.041,28.916,64.374,115.0
2018-07-22 11:30:00,0.166,1.207,0.925,1.041,0.0,0.393,0.0,0.14,0.0,0.165,0.0,0.0,0.0,0.0,4.037,1.259,0.038,28.975,64.224,115.0
2018-07-22 11:45:00,0.0,0.853,0.586,0.66,0.835,0.237,0.507,0.0,0.57,0.0,0.0,0.0,0.0,0.0,4.248,1.262,0.244,29.44,64.821,114.333
2018-07-22 12:00:00,0.667,1.038,0.753,0.857,1.352,0.873,0.935,0.573,1.037,0.665,0.0,0.0,0.0,0.0,8.751,1.27,0.441,29.48,66.235,114.2
2018-07-22 12:15:00,0.445,1.216,0.925,1.054,1.396,0.663,0.978,0.379,1.081,0.444,0.0,0.0,0.0,0.0,8.581,1.27,0.37,29.747,66.259,114.733
2018-07-22 12:30:00,0.605,1.022,0.747,0.845,1.378,0.813,0.965,0.515,1.064,0.602,0.0,0.0,0.0,0.0,8.557,1.27,0.037,29.12,65.867,115.0
2018-07-22 12:45:00,0.57,1.228,0.938,1.056,1.389,0.779,0.979,0.486,1.074,0.567,0.0,0.0,0.0,0.0,9.066,1.27,0.048,29.125,65.459,115.0
2018-07-22 13:00:00,0.486,1.239,0.944,1.063,1.384,0.702,0.974,0.417,1.069,0.483,0.0,0.0,0.0,0.0,8.761,1.264,0.071,29.143,65.629,114.067
2018-07-22 13:15:00,0.575,1.184,0.892,1.006,1.397,0.789,0.981,0.493,1.079,0.571,0.0,0.0,0.0,0.0,8.966,1.26,0.05,29.159,65.651,114.0
2018-07-22 13:30:00,0.557,1.081,0.796,0.896,1.364,0.768,0.953,0.476,1.051,0.555,0.0,0.0,0.0,0.0,8.495,1.261,0.036,29.166,65.361,114.0
2018-07-22 13:45:00,0.565,1.025,0.746,0.837,1.369,0.775,0.957,0.483,1.055,0.563,0.0,0.0,0.0,0.0,8.375,1.26,0.046,29.201,65.309,114.0
2018-07-22 14:00:00,0.634,1.226,0.941,1.052,1.368,0.842,0.957,0.543,1.053,0.631,0.0,0.0,0.0,0.0,9.248,1.265,0.071,29.248,65.375,114.083
2018-07-22 14:15:00,0.435,1.218,0.934,1.045,1.377,0.656,0.965,0.373,1.061,0.433,0.0,0.0,0.0,0.0,8.498,1.267,0.053,29.269,65.091,114.0
2018-07-22 14:30:00,0.639,1.037,0.759,0.847,1.366,0.849,0.955,0.548,1.051,0.637,0.0,0.0,0.0,0.0,8.689,1.268,0.037,29.299,65.13,114.0
2018-07-22 14:45:00,0.569,1.225,0.935,1.053,1.375,0.781,0.963,0.489,1.059,0.567,0.0,0.0,0.0,0.0,9.017,1.268,0.043,29.301,64.636,114.0
2018-07-22 15:00:00,0.497,1.231,0.938,1.053,1.386,0.715,0.969,0.425,1.064,0.497,0.0,0.0,0.0,0.0,8.775,1.27,0.072,29.313,64.784,114.0
2018-07-22 15:15:00,0.537,1.23,0.937,1.054,1.379,0.751,0.967,0.458,1.061,0.535,0.0,0.0,0.0,0.0,8.908,1.27,0.057,29.359,65.153,114.0
2018-07-22 15:30:00,0.507,1.226,0.936,1.051,1.366,0.723,0.957,0.435,1.049,0.505,0.0,0.0,0.0,0.0,8.755,1.27,0.038,29.347,64.862,114.0
2018-07-22 15:45:00,0.503,1.219,0.933,1.046,1.369,0.716,0.961,0.431,1.053,0.5,0.0,0.0,0.0,0.0,8.731,0.674,0.037,29.36,64.889,72.733
2018-07-22 16:00:00,0.545,1.016,0.738,0.823,1.359,0.761,0.945,0.467,1.038,0.543,0.0,0.0,0.0,0.0,8.235,0.0,0.073,29.312,64.729,0.0
2018-07-22 16:15:00,0.57,0.996,0.716,0.804,1.335,0.783,0.923,0.49,1.017,0.569,0.0,0.0,0.0,0.0,8.202,0.0,0.063,29.282,64.711,0.0
2018-07-22 16:30:00,0.439,0.965,0.685,0.772,1.287,0.657,0.869,0.372,0.967,0.436,0.0,0.0,0.0,0.0,7.448,0.0,0.035,29.236,64.894,0.0
2018-07-22 16:45:00,0.518,0.972,0.689,0.774,1.311,0.732,0.895,0.436,0.989,0.516,0.0,0.0,0.0,0.0,7.832,0.0,0.035,29.196,65.228,0.0
2018-07-22 17:00:00,0.436,0.974,0.695,0.781,1.315,0.655,0.891,0.366,0.989,0.434,0.0,0.0,0.0,0.0,7.536,0.0,0.067,29.202,65.229,0.0
2018-07-22 17:15:00,0.465,0.933,0.65,0.73,1.314,0.683,0.897,0.39,0.989,0.462,0.0,0.0,0.0,0.0,7.514,0.0,0.07,29.164,65.299,0.0
2018-07-22 17:30:00,0.469,1.049,0.757,0.849,1.309,0.687,0.893,0.395,0.981,0.467,0.0,0.0,0.0,0.0,7.856,0.0,0.039,29.138,65.437,0.0
2018-07-22 17:45:00,0.326,0.981,0.7,0.781,1.307,0.491,0.891,0.274,0.982,0.325,0.0,0.0,0.0,0.0,7.058,0.0,0.037,29.136,65.432,0.0
2018-07-22 18:00:00,0.001,0.872,0.597,0.665,1.313,0.01,0.891,0.0,0.983,0.0,0.0,0.0,0.0,0.0,5.332,0.0,0.055,29.119,65.557,0.0
2018-07-22 18:15:00,0.0,0.282,0.04,0.045,1.264,0.01,0.847,0.0,0.939,0.0,0.0,0.0,0.0,0.0,3.427,0.0,0.07,29.111,65.659,0.0
2018-07-22 18:30:00,0.001,0.461,0.207,0.233,1.25,0.01,0.832,0.0,0.923,0.0,0.0,0.0,0.0,0.0,3.917,0.0,0.042,29.11,65.703,0.0
2018-07-22 18:45:00,0.0,0.355,0.107,0.121,1.257,0.01,0.835,0.0,0.921,0.0,0.0,0.0,0.0,0.0,3.606,0.0,0.033,29.474,65.75,0.0
2018-07-22 19:00:00,0.0,0.462,0.206,0.231,1.247,0.01,0.829,0.0,0.911,0.0,0.0,0.0,0.0,0.0,3.896,0.0,0.052,29.8,65.717,0.0
2018-07-22 19:15:00,0.0,0.348,0.1,0.112,1.239,0.01,0.817,0.0,0.901,0.0,0.0,0.0,0.0,0.0,3.526,0.0,0.07,29.8,65.754,0.0
2018-07-22 19:30:00,0.001,0.492,0.235,0.261,1.273,0.01,0.853,0.0,0.931,0.0,0.0,0.0,0.0,0.0,4.055,0.0,0.051,29.873,65.741,0.0
2018-07-22 19:45:00,0.001,0.391,0.137,0.155,1.281,0.01,0.855,0.0,0.937,0.0,0.0,0.0,0.0,0.0,3.766,0.0,0.034,29.101,65.749,0.0
2018-07-22 20:00:00,0.0,0.437,0.181,0.201,1.265,0.01,0.849,0.0,0.929,0.0,0.0,0.0,0.0,0.0,3.873,0.0,0.047,29.633,65.793,0.0
2018-07-22 20:15:00,0.0,0.345,0.098,0.109,1.24,0.01,0.833,0.0,0.909,0.0,0.0,0.0,0.0,0.0,3.543,0.0,0.071,29.473,65.776,0.0
2018-07-22 20:30:00,0.001,0.456,0.202,0.225,1.253,0.01,0.842,0.0,0.919,0.0,0.0,0.0,0.0,0.0,3.907,0.0,0.051,29.727,65.822,0.0
2018-07-22 20:45:00,0.001,0.451,0.199,0.221,1.277,0.01,0.865,0.0,0.941,0.0,0.0,0.0,0.0,0.0,3.965,0.0,0.035,29.421,65.826,0.0
2018-07-22 21:00:00,0.0,0.352,0.105,0.115,1.279,0.01,0.865,0.0,0.94,0.0,0.0,0.0,0.0,0.0,3.666,0.0,0.045,29.117,65.777,0.0
2018-07-22 21:15:00,0.001,0.472,0.217,0.241,1.283,0.01,0.869,0.0,0.943,0.0,0.0,0.0,0.0,0.0,4.036,0.0,0.071,29.113,65.781,0.0
2018-07-22 21:30:00,0.001,0.357,0.109,0.121,1.275,0.01,0.861,0.0,0.939,0.0,0.0,0.0,0.0,0.0,3.673,0.0,0.051,29.104,65.788,0.0
2018-07-22 21:45:00,0.0,0.476,0.217,0.242,1.296,0.01,0.876,0.0,0.953,0.0,0.0,0.0,0.0,0.0,4.071,0.0,0.037,29.11,65.747,0.0
2018-07-22 22:00:00,0.0,0.363,0.11,0.122,1.275,0.01,0.859,0.0,0.936,0.0,0.0,0.0,0.0,0.0,3.676,0.0,0.042,29.113,65.676,0.0
2018-07-22 22:15:00,0.0,0.375,0.127,0.141,1.276,0.01,0.867,0.0,0.946,0.0,0.0,0.0,0.0,0.0,3.742,0.0,0.071,29.153,65.641,0.0
2018-07-22 22:30:00,0.0,0.495,0.24,0.267,1.275,0.01,0.866,0.0,0.943,0.0,0.0,0.0,0.0,0.0,4.096,0.0,0.054,29.102,65.573,0.0
2018-07-22 22:45:00,0.001,0.459,0.206,0.229,1.291,0.01,0.88,0.0,0.957,0.0,0.0,0.0,0.0,0.0,4.034,0.0,0.036,29.104,65.493,0.0
2018-07-22 23:00:00,0.0,0.356,0.109,0.12,1.269,0.01,0.859,0.0,0.938,0.0,0.0,0.0,0.0,0.0,3.661,0.0,0.036,29.11,65.381,0.0
2018-07-22 23:15:00,0.0,0.457,0.205,0.229,1.265,0.01,0.858,0.0,0.941,0.0,0.0,0.0,0.0,0.0,3.964,0.0,0.071,29.117,65.252,0.0
2018-07-22 23:30:00,0.0,0.363,0.116,0.129,1.261,0.017,0.854,0.0,0.937,0.0,0.0,0.0,0.0,0.0,3.676,0.0,0.057,29.114,65.349,0.0
2018-07-22 23:45:00,0.195,0.133,0.0,0.0,1.275,0.426,0.859,0.165,0.945,0.194,0.0,0.0,0.0,0.0,4.193,0.0,0.033,29.113,64.903,0.0
2018-07-23 00:00:00,0.461,0.0,0.0,0.0,1.253,0.681,0.839,0.393,0.924,0.459,0.0,0.0,0.0,0.0,5.009,0.0,0.033,29.112,64.751,0.0
2018-07-23 00:15:00,0.429,0.0,0.0,0.0,1.247,0.651,0.831,0.366,0.916,0.427,0.0,0.0,0.0,0.0,4.865,0.0,0.072,29.138,64.656,0.0
2018-07-23 00:30:00,0.365,0.0,0.0,0.0,1.245,0.589,0.827,0.311,0.915,0.361,0.0,0.0,0.0,0.0,4.612,0.0,0.056,29.169,64.534,0.0
2018-07-23 00:45:00,0.367,0.0,0.0,0.0,1.261,0.593,0.839,0.313,0.927,0.364,0.0,0.0,0.0,0.0,4.663,0.0,0.033,29.178,64.488,0.0
2018-07-23 01:00:00,0.371,0.0,0.0,0.0,1.238,0.594,0.823,0.316,0.911,0.369,0.0,0.0,0.0,0.0,4.622,0.0,0.036,29.173,64.484,0.0
2018-07-23 01:15:00,0.354,0.0,0.0,0.0,1.243,0.579,0.824,0.303,0.913,0.351,0.0,0.0,0.0,0.0,4.565,0.0,0.072,29.159,64.487,0.0
2018-07-23 01:30:00,0.366,0.0,0.0,0.0,1.255,0.595,0.833,0.314,0.919,0.363,0.0,0.0,0.0,0.0,4.645,0.0,0.058,29.155,64.445,0.0
2018-07-23 01:45:00,0.357,0.0,0.0,0.0,1.246,0.58,0.825,0.301,0.913,0.355,0.0,0.0,0.0,0.0,4.577,0.0,0.033,29.168,64.427,0.0
2018-07-23 02:00:00,0.357,0.0,0.0,0.0,1.238,0.581,0.818,0.301,0.905,0.353,0.0,0.0,0.0,0.0,4.554,0.0,0.035,29.179,64.412,0.0
2018-07-23 02:15:00,0.385,0.0,0.0,0.0,1.247,0.611,0.826,0.329,0.915,0.385,0.0,0.0,0.0,0.0,4.699,0.0,0.07,29.194,64.349,0.0
2018-07-23 02:30:00,0.341,0.0,0.0,0.0,1.252,0.566,0.826,0.287,0.915,0.338,0.0,0.0,0.0,0.0,4.525,0.0,0.061,29.19,64.361,0.0
2018-07-23 02:45:00,0.331,0.0,0.0,0.0,1.237,0.555,0.813,0.28,0.904,0.329,0.0,0.0,0.0,0.0,4.45,0.0,0.034,29.192,64.359,0.0
2018-07-23 03:00:00,0.357,0.0,0.0,0.0,1.235,0.581,0.815,0.304,0.903,0.353,0.0,0.0,0.0,0.0,4.549,0.0,0.033,29.189,64.351,0.0
2018-07-23 03:15:00,0.303,0.0,0.0,0.0,1.241,0.531,0.816,0.258,0.906,0.303,0.0,0.0,0.0,0.0,4.358,0.0,0.07,29.181,64.333,0.0
2018-07-23 03:30:00,0.375,0.0,0.0,0.0,1.249,0.603,0.819,0.319,0.91,0.373,0.0,0.0,0.0,0.0,4.647,0.0,0.061,29.193,64.287,0.0
2018-07-23 03:45:00,0.316,0.0,0.0,0.0,1.229,0.541,0.809,0.268,0.898,0.314,0.0,0.0,0.0,0.0,4.375,0.0,0.034,29.196,64.247,0.0
2018-07-23 04:00:00,0.306,0.0,0.0,0.0,1.242,0.532,0.818,0.26,0.908,0.305,0.0,0.0,0.0,0.0,4.371,0.0,0.035,29.2,64.257,0.0
2018-07-23 04:15:00,0.334,0.0,0.0,0.0,1.255,0.562,0.829,0.284,0.919,0.332,0.0,0.0,0.0,0.0,4.515,0.0,0.068,29.2,64.222,0.0
2018-07-23 04:30:00,0.347,0.0,0.0,0.0,1.237,0.571,0.814,0.294,0.905,0.344,0.0,0.0,0.0,0.0,4.512,0.0,0.063,29.201,64.153,0.0
2018-07-23 04:45:00,0.393,0.0,0.0,0.0,1.242,0.613,0.823,0.331,0.912,0.39,0.0,0.0,0.0,0.0,4.705,0.0,0.034,29.203,64.421,0.0
2018-07-23 05:00:00,0.393,0.0,0.0,0.0,1.237,0.617,0.82,0.337,0.911,0.393,0.0,0.0,0.0,0.0,4.708,0.0,0.034,29.173,64.08,0.0
2018-07-23 05:15:00,0.317,0.0,0.0,0.0,1.253,0.543,0.834,0.271,0.921,0.315,0.0,0.0,0.0,0.0,4.455,0.0,0.065,29.195,63.905,0.0
2018-07-23 05:30:00,0.302,0.047,0.0,0.0,1.242,0.527,0.829,0.259,0.917,0.3,0.0,0.0,0.0,0.0,4.421,0.0,0.063,29.215,63.841,0.0
2018-07-23 05:45:00,0.0,0.24,0.0,0.0,1.209,0.238,0.809,0.0,0.892,0.0,0.0,0.0,0.0,0.0,3.387,0.0,0.033,29.215,63.775,0.0
2018-07-23 06:00:00,0.0,1.099,0.816,0.92,0.0,0.237,0.0,0.0,0.0,0.0,0.0,0.0,0.0,0.0,3.073,0.0,0.04,29.233,63.755,0.0
2018-07-23 06:15:00,0.0,1.124,0.841,0.95,0.0,0.247,0.0,0.0,0.0,0.0,0.0,0.0,0.0,0.0,3.162,0.0,0.068,29.261,63.664,0.0
2018-07-23 06:30:00,0.0,1.127,0.849,0.961,0.0,0.239,0.0,0.0,0.0,0.0,0.0,0.0,0.0,0.0,3.175,0.128,0.145,29.288,63.722,3.4
2018-07-23 06:45:00,0.0,1.129,0.853,0.97,0.0,0.237,0.0,0.0,0.0,0.0,0.0,0.0,0.0,0.0,3.189,0.988,0.057,29.284,64.205,30.133
2018-07-23 07:00:00,0.0,1.134,0.857,0.973,0.0,0.237,0.0,0.0,0.0,0.0,0.0,0.0,0.0,0.0,3.201,0.812,0.14,29.309,64.024,3.0
2018-07-23 07:15:00,0.0,1.135,0.856,0.974,0.0,0.24,0.0,0.0,0.0,0.0,0.0,0.0,0.0,0.0,3.205,0.816,0.125,29.322,64.267,3.0
2018-07-23 07:30:00,4.393,1.142,0.865,0.981,0.0,0.412,0.0,0.155,0.0,0.185,0.0,0.0,0.0,0.0,8.134,1.32,0.263,29.229,63.993,15.0
2018-07-23 07:45:00,17.573,1.163,0.889,1.005,0.0,1.26,0.0,0.923,0.0,1.076,0.0,0.0,0.0,0.0,23.89,1.799,0.322,27.723,65.584,104.0
2018-07-23 08:00:00,17.659,1.169,0.899,1.021,0.0,1.279,0.0,0.961,0.0,1.109,0.0,0.0,0.0,0.0,24.095,1.787,0.291,27.065,67.276,108.6
2018-07-23 08:15:00,17.623,1.179,0.905,1.029,0.0,1.281,0.0,0.963,0.0,1.115,0.0,0.0,0.0,0.0,24.095,1.835,0.406,26.875,67.421,111.4
2018-07-23 08:30:00,17.657,1.16,0.889,1.015,0.0,1.221,0.0,0.911,0.0,1.061,0.0,0.0,0.0,0.0,23.914,2.122,0.488,26.555,68.827,110.333
2018-07-23 08:45:00,17.806,1.175,0.904,1.03,0.0,1.273,0.0,0.959,0.0,1.111,0.0,0.0,0.0,0.0,24.258,2.115,0.365,26.337,68.444,111.333
2018-07-23 09:00:00,17.492,1.176,0.899,1.029,0.0,1.115,0.0,0.811,0.0,0.942,0.0,0.0,0.0,0.0,23.465,2.121,0.463,26.181,68.268,112.267
2018-07-23 09:15:00,17.142,1.188,0.908,1.037,0.0,0.742,0.0,0.459,0.0,0.537,0.0,0.0,0.0,0.0,22.013,2.511,0.68,26.149,68.397,113.0
2018-07-23 09:30:00,17.535,1.197,0.919,1.047,0.0,0.947,0.0,0.647,0.0,0.755,0.0,0.0,0.0,0.0,23.046,2.509,0.817,26.582,68.423,113.0
2018-07-23 09:45:00,17.203,1.195,0.917,1.047,0.0,0.645,0.0,0.373,0.0,0.439,0.0,0.0,0.0,0.0,21.818,2.494,0.772,26.693,68.33,112.733
2018-07-23 10:00:00,16.966,1.205,0.928,1.055,0.0,0.597,0.0,0.327,0.0,0.381,0.0,0.0,0.0,0.0,21.459,2.495,0.775,26.82,68.325,112.2
2018-07-23 10:15:00,16.72,1.197,0.917,1.043,0.0,0.237,0.0,0.0,0.0,0.0,0.0,0.0,0.0,0.0,20.113,2.386,0.723,26.66,67.943,112.0
2018-07-23 10:30:00,16.493,1.2,0.921,1.046,0.0,0.237,0.0,0.0,0.0,0.0,0.0,0.0,0.0,0.0,19.897,2.148,0.413,26.028,67.888,113.067
2018-07-23 10:45:00,17.11,1.208,0.921,1.052,0.0,0.237,0.0,0.0,0.0,0.0,0.0,0.0,0.0,0.0,20.529,2.183,0.679,25.899,67.389,114.0
2018-07-23 11:00:00,16.983,1.213,0.925,1.053,0.0,0.24,0.0,0.0,0.0,0.0,0.0,0.0,0.0,0.0,20.413,2.183,0.475,25.799,66.904,113.933
2018-07-23 11:15:00,16.775,1.221,0.932,1.06,0.0,0.237,0.0,0.0,0.0,0.0,0.0,0.0,0.0,0.0,20.225,1.874,0.529,25.843,66.5,113.0
2018-07-23 11:30:00,16.659,1.215,0.921,1.056,0.0,0.237,0.0,0.0,0.0,0.0,0.0,0.0,0.0,0.0,20.089,1.84,0.383,25.705,66.543,113.8
2018-07-23 11:45:00,16.299,0.527,0.273,0.313,0.851,0.243,0.496,0.0,0.576,0.0,0.0,0.0,0.0,0.0,19.578,1.853,0.433,25.809,67.834,113.667
2018-07-23 12:00:00,17.397,1.109,0.82,0.927,1.419,0.902,0.982,0.598,1.107,0.699,0.0,0.0,0.0,0.0,25.96,1.799,0.395,25.919,68.521,112.0
2018-07-23 12:15:00,17.027,1.271,0.972,1.103,1.411,0.839,0.991,0.545,1.111,0.634,0.0,0.0,0.0,0.0,25.903,1.806,0.426,25.913,67.883,112.0
2018-07-23 12:30:00,17.164,1.27,0.978,1.107,1.409,0.958,0.991,0.657,1.109,0.764,0.0,0.0,0.0,0.0,26.407,1.802,0.414,25.711,67.786,111.533
2018-07-23 12:45:00,17.152,1.274,0.978,1.104,1.429,0.966,1.001,0.66,1.122,0.768,0.0,0.0,0.0,0.0,26.455,1.8,0.423,25.761,69.253,111.133
2018-07-23 13:00:00,18.025,1.272,0.984,1.106,1.407,1.069,0.995,0.758,1.107,0.879,0.0,0.0,0.0,0.0,27.602,1.797,0.533,25.884,70.363,111.733
2018-07-23 13:15:00,17.082,1.272,0.981,1.101,1.407,0.75,0.987,0.467,1.103,0.545,0.0,0.0,0.0,0.0,25.695,1.849,0.522,25.723,69.157,112.467
2018-07-23 13:30:00,17.451,1.276,0.983,1.105,1.405,0.847,0.98,0.553,1.098,0.646,0.0,0.0,0.0,0.0,26.345,2.174,0.458,25.625,69.179,113.917
2018-07-23 13:45:00,17.54,0.729,0.468,0.528,1.381,1.223,0.948,0.886,1.072,1.033,0.0,0.0,0.0,0.0,25.809,2.172,0.642,25.536,68.888,114.0
2018-07-23 14:00:00,18.029,0.601,0.341,0.389,1.356,1.275,0.929,0.932,1.05,1.089,0.0,0.0,0.0,0.0,25.993,2.175,0.523,25.567,69.557,114.0
2018-07-23 14:15:00,17.535,0.786,0.515,0.583,1.375,1.057,0.953,0.745,1.069,0.866,0.0,0.0,0.0,0.0,25.484,2.171,0.525,25.626,69.653,114.267
2018-07-23 14:30:00,17.931,0.914,0.641,0.721,1.377,1.301,0.953,0.97,1.067,1.119,0.0,0.0,0.0,0.0,26.994,2.178,0.553,25.587,69.587,114.333
2018-07-23 14:45:00,17.393,1.096,0.813,0.916,1.413,0.862,0.977,0.566,1.095,0.654,0.0,0.0,0.0,0.0,25.786,2.164,0.613,25.569,69.56,113.933
2018-07-23 15:00:00,17.279,1.207,0.919,1.04,1.404,1.007,0.975,0.695,1.091,0.805,0.0,0.0,0.0,0.0,26.423,2.214,0.621,25.592,69.982,115.1
2018-07-23 15:15:00,17.599,1.253,0.964,1.092,1.416,0.857,0.988,0.557,1.103,0.65,0.0,0.0,0.0,0.0,26.478,2.379,0.623,25.686,70.172,124.308
2018-07-23 15:30:00,17.14,1.259,0.961,1.091,1.433,0.683,0.997,0.394,1.111,0.463,0.0,0.0,0.0,0.0,25.534,2.387,0.61,25.611,69.573,127.0
2018-07-23 15:45:00,17.16,1.184,0.903,1.032,1.307,0.66,0.899,0.389,1.015,0.461,0.0,0.0,0.0,0.0,24.803,2.258,0.657,25.557,68.918,125.467
2018-07-23 16:00:00,16.659,1.179,0.899,1.031,1.289,0.431,0.873,0.179,0.997,0.215,0.0,0.0,0.0,0.0,23.752,2.306,0.563,25.477,68.787,123.133
2018-07-23 16:15:00,16.087,1.147,0.861,0.991,1.311,0.549,0.884,0.274,1.005,0.331,0.0,0.0,0.0,0.0,23.439,2.322,0.459,25.182,69.81,124.0
2018-07-23 16:30:00,15.988,1.155,0.862,0.994,1.303,0.775,0.874,0.473,0.999,0.575,0.0,0.0,0.0,0.0,23.997,2.214,0.421,25.32,72.029,119.067
2018-07-23 16:45:00,11.589,1.168,0.875,1.007,1.312,0.747,0.881,0.449,1.004,0.544,0.0,0.0,0.0,0.0,19.577,2.183,0.443,25.395,73.095,117.455
2018-07-23 17:00:00,0.578,0.809,0.53,0.61,1.293,0.78,0.854,0.471,0.983,0.574,0.0,0.0,0.0,0.0,7.481,1.985,0.173,26.277,70.06,94.6
2018-07-23 17:15:00,0.442,1.177,0.867,0.995,1.342,0.656,0.902,0.361,1.023,0.437,0.0,0.0,0.0,0.0,8.203,1.735,0.17,27.221,67.445,78.667
2018-07-23 17:30:00,0.479,0.983,0.692,0.795,1.309,0.689,0.879,0.395,1.0,0.477,0.0,0.0,0.0,0.0,7.699,1.285,0.164,27.519,67.015,14.067
2018-07-23 17:45:00,0.385,1.171,0.873,0.999,1.33,0.546,0.897,0.317,1.018,0.383,0.0,0.0,0.0,0.0,7.919,1.293,0.148,27.721,66.375,3.0
2018-07-23 18:00:00,0.0,0.865,0.585,0.669,1.329,0.01,0.886,0.0,1.011,0.0,0.0,0.0,0.0,0.0,5.355,1.303,0.168,27.842,65.968,3.0
2018-07-23 18:15:00,0.0,0.412,0.159,0.184,1.263,0.01,0.828,0.0,0.951,0.0,0.0,0.0,0.0,0.0,3.807,1.31,0.143,27.946,66.035,3.0
2018-07-23 18:30:00,0.001,0.39,0.137,0.157,1.264,0.01,0.831,0.0,0.949,0.0,0.0,0.0,0.0,0.0,3.74,1.31,0.207,28.381,65.923,3.0
2018-07-23 18:45:00,0.0,0.586,0.318,0.366,1.268,0.01,0.838,0.0,0.951,0.0,0.0,0.0,0.0,0.0,4.337,1.309,0.152,28.156,66.033,3.0
2018-07-23 19:00:00,0.0,0.423,0.168,0.193,1.276,0.01,0.847,0.0,0.958,0.0,0.0,0.0,0.0,0.0,3.874,1.054,0.117,28.232,66.055,2.545
2018-07-23 19:15:00,0.001,0.451,0.196,0.223,1.259,0.01,0.837,0.0,0.947,0.0,0.0,0.0,0.0,0.0,3.924,0.0,0.051,28.393,65.201,0.0
2018-07-23 19:30:00,0.0,0.342,0.094,0.107,1.247,0.01,0.825,0.0,0.931,0.0,0.0,0.0,0.0,0.0,3.555,0.0,0.07,28.337,65.202,0.0
2018-07-23 19:45:00,0.0,0.434,0.181,0.205,1.249,0.01,0.837,0.0,0.939,0.0,0.0,0.0,0.0,0.0,3.857,0.0,0.04,28.331,65.202,0.0
2018-07-23 20:00:00,0.0,0.378,0.129,0.146,1.286,0.01,0.865,0.0,0.967,0.0,0.0,0.0,0.0,0.0,3.782,0.0,0.035,28.33,65.149,0.0
2018-07-23 20:15:00,0.0,0.346,0.103,0.116,1.273,0.01,0.857,0.0,0.955,0.0,0.0,0.0,0.0,0.0,3.659,0.0,0.06,28.351,64.859,0.0
2018-07-23 20:30:00,0.001,0.439,0.187,0.211,1.277,0.01,0.862,0.0,0.959,0.0,0.0,0.0,0.0,0.0,3.945,0.0,0.071,28.368,64.78,0.0
2018-07-23 20:45:00,0.0,0.355,0.109,0.122,1.283,0.01,0.869,0.0,0.961,0.0,0.0,0.0,0.0,0.0,3.709,0.0,0.039,28.467,64.3,0.0
2018-07-23 21:00:00,0.0,0.352,0.104,0.117,1.297,0.01,0.873,0.0,0.967,0.0,0.0,0.0,0.0,0.0,3.719,0.0,0.034,28.471,64.266,0.0
2018-07-23 21:15:00,0.0,0.352,0.103,0.115,1.274,0.01,0.853,0.0,0.949,0.0,0.0,0.0,0.0,0.0,3.657,0.0,0.059,28.474,64.188,0.0
2018-07-23 21:30:00,0.0,0.407,0.152,0.172,1.28,0.01,0.858,0.0,0.955,0.0,0.0,0.0,0.0,0.0,3.835,0.0,0.07,28.494,64.289,0.0
2018-07-23 21:45:00,0.0,0.409,0.158,0.177,1.282,0.01,0.865,0.0,0.961,0.0,0.0,0.0,0.0,0.0,3.861,0.0,0.051,28.512,64.168,0.0
2018-07-23 22:00:00,0.0,0.341,0.096,0.107,1.285,0.01,0.867,0.0,0.965,0.0,0.0,0.0,0.0,0.0,3.671,0.0,0.034,28.533,63.922,0.0
2018-07-23 22:15:00,0.0,0.361,0.115,0.129,1.284,0.01,0.875,0.0,0.972,0.0,0.0,0.0,0.0,0.0,3.746,0.0,0.035,28.557,63.83,0.0
2018-07-23 22:30:00,0.0,0.388,0.14,0.157,1.28,0.01,0.869,0.0,0.967,0.0,0.0,0.0,0.0,0.0,3.811,0.0,0.073,28.581,63.667,0.0
2018-07-23 22:45:00,0.0,0.418,0.169,0.189,1.272,0.01,0.865,0.0,0.96,0.0,0.0,0.0,0.0,0.0,3.883,0.0,0.059,28.602,63.598,0.0
2018-07-23 23:00:00,0.0,0.368,0.121,0.136,1.285,0.01,0.871,0.0,0.966,0.0,0.0,0.0,0.0,0.0,3.757,0.0,0.034,28.621,63.477,0.0
2018-07-23 23:15:00,0.001,0.359,0.113,0.127,1.276,0.01,0.864,0.0,0.956,0.0,0.0,0.0,0.0,0.0,3.706,0.0,0.034,28.627,63.42,0.0
2018-07-23 23:30:00,0.0,0.392,0.143,0.159,1.278,0.013,0.862,0.0,0.953,0.0,0.0,0.0,0.0,0.0,3.801,0.0,0.065,28.637,63.344,0.0
2018-07-23 23:45:00,0.097,0.195,0.05,0.055,1.271,0.332,0.853,0.082,0.945,0.097,0.0,0.0,0.0,0.0,3.977,0.0,0.061,28.659,63.277,0.0
2018-07-24 00:00:00,0.309,0.0,0.0,0.0,1.291,0.537,0.863,0.261,0.959,0.305,0.0,0.0,0.0,0.0,4.525,0.0,0.035,28.661,63.199,0.0
2018-07-24 00:15:00,0.379,0.0,0.0,0.0,1.251,0.603,0.823,0.321,0.922,0.377,0.0,0.0,0.0,0.0,4.675,0.0,0.034,28.678,63.505,0.0
2018-07-24 00:30:00,0.287,0.0,0.0,0.0,1.264,0.521,0.835,0.243,0.931,0.284,0.0,0.0,0.0,0.0,4.365,0.0,0.065,28.69,62.993,0.0
2018-07-24 00:45:00,0.281,0.0,0.0,0.0,1.252,0.514,0.82,0.238,0.919,0.279,0.0,0.0,0.0,0.0,4.303,0.0,0.06,28.705,62.937,0.0
2018-07-24 01:00:00,0.385,0.0,0.0,0.0,1.273,0.615,0.839,0.325,0.941,0.382,0.0,0.0,0.0,0.0,4.76,0.0,0.035,28.718,62.839,0.0
2018-07-24 01:15:00,0.269,0.0,0.0,0.0,1.251,0.498,0.821,0.228,0.92,0.267,0.0,0.0,0.0,0.0,4.254,0.0,0.035,28.729,62.816,0.0
2018-07-24 01:30:00,0.358,0.0,0.0,0.0,1.24,0.583,0.81,0.303,0.909,0.355,0.0,0.0,0.0,0.0,4.559,0.0,0.069,28.745,62.764,0.0
2018-07-24 01:45:00,0.297,0.0,0.0,0.0,1.243,0.525,0.811,0.25,0.913,0.297,0.0,0.0,0.0,0.0,4.335,0.0,0.059,28.754,62.736,0.0
2018-07-24 02:00:00,0.253,0.0,0.0,0.0,1.255,0.488,0.817,0.214,0.919,0.252,0.0,0.0,0.0,0.0,4.198,0.0,0.035,28.777,62.739,0.0
2018-07-24 02:15:00,0.263,0.0,0.0,0.0,1.243,0.497,0.809,0.221,0.911,0.263,0.0,0.0,0.0,0.0,4.207,0.0,0.035,28.784,62.679,0.0
2018-07-24 02:30:00,0.278,0.0,0.0,0.0,1.251,0.51,0.815,0.233,0.919,0.276,0.0,0.0,0.0,0.0,4.283,0.0,0.07,28.786,62.691,0.0
2018-07-24 02:45:00,0.321,0.0,0.0,0.0,1.256,0.552,0.821,0.27,0.921,0.319,0.0,0.0,0.0,0.0,4.459,0.0,0.065,28.797,62.691,0.0
2018-07-24 03:00:00,0.321,0.0,0.0,0.0,1.275,0.558,0.836,0.271,0.937,0.32,0.0,0.0,0.0,0.0,4.517,0.0,0.035,28.801,62.697,0.0
2018-07-24 03:15:00,0.295,0.0,0.0,0.0,1.258,0.529,0.819,0.248,0.921,0.293,0.0,0.0,0.0,0.0,4.364,0.0,0.035,28.811,62.662,0.0
2018-07-24 03:30:00,0.256,0.0,0.0,0.0,1.26,0.492,0.819,0.215,0.925,0.254,0.0,0.0,0.0,0.0,4.221,0.0,0.061,28.815,62.668,0.0
2018-07-24 03:45:00,0.333,0.0,0.0,0.0,1.277,0.561,0.845,0.281,0.947,0.331,0.0,0.0,0.0,0.0,4.574,0.0,0.067,28.831,62.592,0.0
2018-07-24 04:00:00,0.265,0.0,0.0,0.0,1.262,0.492,0.835,0.224,0.935,0.263,0.0,0.0,0.0,0.0,4.277,0.0,0.038,28.827,62.511,0.0
2018-07-24 04:15:00,0.304,0.0,0.0,0.0,1.263,0.53,0.837,0.257,0.937,0.302,0.0,0.0,0.0,0.0,4.429,0.0,0.033,28.835,62.493,0.0
2018-07-24 04:30:00,0.299,0.0,0.0,0.0,1.25,0.525,0.826,0.253,0.925,0.297,0.0,0.0,0.0,0.0,4.375,0.0,0.058,28.841,62.455,0.0
2018-07-24 04:45:00,0.326,0.0,0.0,0.0,1.25,0.552,0.823,0.274,0.924,0.323,0.0,0.0,0.0,0.0,4.472,0.0,0.067,28.851,62.393,0.0
2018-07-24 05:00:00,0.304,0.0,0.0,0.0,1.25,0.529,0.827,0.258,0.926,0.303,0.0,0.0,0.0,0.0,4.398,0.0,0.036,28.877,62.392,0.0
2018-07-24 05:15:00,0.339,0.0,0.0,0.0,1.243,0.562,0.821,0.287,0.919,0.337,0.0,0.0,0.0,0.0,4.507,0.0,0.032,28.871,62.381,0.0
2018-07-24 05:30:00,0.206,0.043,0.0,0.0,1.249,0.437,0.829,0.174,0.929,0.205,0.0,0.0,0.0,0.0,4.073,0.0,0.059,28.891,62.386,0.0
2018-07-24 05:45:00,0.0,0.24,0.0,0.0,1.223,0.242,0.809,0.0,0.904,0.0,0.0,0.0,0.0,0.0,3.419,0.0,0.065,28.897,62.423,0.0
2018-07-24 06:00:00,0.001,1.094,0.803,0.909,0.0,0.237,0.0,0.0,0.0,0.0,0.0,0.0,0.0,0.0,3.045,0.0,0.037,28.904,62.411,0.0
2018-07-24 06:15:00,0.0,1.126,0.84,0.953,0.0,0.239,0.0,0.0,0.0,0.0,0.0,0.0,0.0,0.0,3.157,0.261,0.054,28.907,62.448,0.0
2018-07-24 06:30:00,0.0,1.127,0.843,0.959,0.0,0.245,0.0,0.0,0.0,0.0,0.0,0.0,0.0,0.0,3.175,0.675,0.227,28.931,62.649,24.4
2018-07-24 06:45:00,0.0,1.135,0.848,0.967,0.0,0.237,0.0,0.0,0.0,0.0,0.0,0.0,0.0,0.0,3.188,1.275,0.158,28.958,62.687,3.8
2018-07-24 07:00:00,0.0,1.135,0.848,0.971,0.0,0.237,0.0,0.0,0.0,0.0,0.0,0.0,0.0,0.0,3.191,1.262,0.138,28.985,62.703,3.0
2018-07-24 07:15:00,0.0,1.135,0.843,0.968,0.0,0.243,0.0,0.0,0.0,0.0,0.0,0.0,0.0,0.0,3.19,1.283,0.19,28.988,62.859,3.0
2018-07-24 07:30:00,4.499,1.147,0.855,0.978,0.0,0.362,0.0,0.101,0.0,0.122,0.0,0.0,0.0,0.0,8.063,1.481,0.329,28.881,63.325,53.733
2018-07-24 07:45:00,17.422,1.159,0.879,1.003,0.0,1.229,0.0,0.888,0.0,1.042,0.0,0.0,0.0,0.0,23.622,1.788,0.383,27.351,65.655,115.867
2018-07-24 08:00:00,17.544,1.163,0.882,1.01,0.0,1.269,0.0,0.933,0.0,1.084,0.0,0.0,0.0,0.0,23.885,1.785,0.521,26.53,68.315,115.0
2018-07-24 08:15:00,17.367,1.168,0.887,1.017,0.0,1.289,0.0,0.96,0.0,1.111,0.0,0.0,0.0,0.0,23.799,1.844,0.469,26.36,67.593,114.667
2018-07-24 08:30:00,17.366,1.187,0.899,1.029,0.0,1.293,0.0,0.953,0.0,1.109,0.0,0.0,0.0,0.0,23.835,1.793,0.407,26.174,66.79,113.733
2018-07-24 08:45:00,17.373,1.175,0.884,1.015,0.0,1.285,0.0,0.942,0.0,1.098,0.0,0.0,0.0,0.0,23.772,1.811,0.42,25.853,66.995,114.8
2018-07-24 09:00:00,17.573,1.185,0.892,1.025,0.0,1.275,0.0,0.933,0.0,1.091,0.0,0.0,0.0,0.0,23.974,1.796,0.469,25.785,67.379,110.667
2018-07-24 09:15:00,17.168,1.189,0.898,1.032,0.0,1.044,0.0,0.727,0.0,0.85,0.0,0.0,0.0,0.0,22.908,1.849,0.525,25.711,66.819,109.867
2018-07-24 09:30:00,17.201,1.186,0.895,1.029,0.0,0.988,0.0,0.675,0.0,0.791,0.0,0.0,0.0,0.0,22.766,2.121,0.413,25.756,66.871,115.333
2018-07-24 09:45:00,17.63,1.187,0.898,1.031,0.0,1.252,0.0,0.919,0.0,1.069,0.0,0.0,0.0,0.0,23.987,2.123,0.579,25.729,67.213,118.6
2018-07-24 10:00:00,17.071,1.201,0.909,1.045,0.0,0.963,0.0,0.657,0.0,0.766,0.0,0.0,0.0,0.0,22.612,2.147,0.659,25.71,66.948,118.0
2018-07-24 10:15:00,17.709,1.193,0.902,1.036,0.0,1.263,0.0,0.923,0.0,1.081,0.0,0.0,0.0,0.0,24.107,2.145,0.675,25.765,67.628,119.4
2018-07-24 10:30:00,17.431,1.185,0.897,1.031,0.0,1.081,0.0,0.755,0.0,0.885,0.0,0.0,0.0,0.0,23.265,2.12,0.595,25.847,68.07,119.4
2018-07-24 10:45:00,17.609,1.205,0.916,1.046,0.0,1.227,0.0,0.895,0.0,1.041,0.0,0.0,0.0,0.0,23.94,2.139,0.475,25.741,67.251,117.8
2018-07-24 11:00:00,17.202,1.201,0.912,1.045,0.0,0.869,0.0,0.572,0.0,0.669,0.0,0.0,0.0,0.0,22.471,2.137,0.48,25.668,67.221,114.0
2018-07-24 11:15:00,17.292,1.211,0.92,1.052,0.0,1.01,0.0,0.7,0.0,0.815,0.0,0.0,0.0,0.0,23.0,2.139,0.546,25.665,67.735,115.154
2018-07-24 11:30:00,17.473,1.211,0.917,1.048,0.0,1.289,0.0,0.948,0.0,1.101,0.0,0.0,0.0,0.0,23.987,2.108,0.65,25.845,69.136,111.364
2018-07-24 11:45:00,16.927,1.226,0.929,1.065,0.863,1.052,0.515,0.734,0.589,0.851,0.0,0.0,0.0,0.0,24.75,1.838,0.657,26.044,70.363,105.8
2018-07-24 12:00:00,16.499,1.235,0.942,1.074,1.389,0.677,0.949,0.395,1.071,0.463,0.0,0.0,0.0,0.0,24.693,1.942,0.556,25.846,69.417,105.733
2018-07-24 12:15:00,16.839,1.241,0.947,1.083,1.403,0.743,0.967,0.449,1.091,0.534,0.0,0.0,0.0,0.0,25.296,2.093,0.451,25.519,68.115,105.8
2018-07-24 12:30:00,16.591,1.24,0.947,1.085,1.392,0.609,0.959,0.329,1.078,0.393,0.0,0.0,0.0,0.0,24.622,2.091,0.413,25.316,67.064,106.0
2018-07-24 12:45:00,16.806,1.228,0.938,1.075,1.385,0.642,0.953,0.359,1.078,0.428,0.0,0.0,0.0,0.0,24.893,2.09,0.489,25.371,67.912,106.333
2018-07-24 13:00:00,17.525,1.242,0.955,1.089,1.391,0.795,0.966,0.497,1.083,0.59,0.0,0.0,0.0,0.0,26.133,2.09,0.589,25.515,68.559,109.6
2018-07-24 13:15:00,17.779,1.239,0.948,1.079,1.406,0.841,0.969,0.534,1.094,0.629,0.0,0.0,0.0,0.0,26.519,2.107,0.576,25.491,68.465,110.667
2018-07-24 13:30:00,17.373,1.251,0.955,1.09,1.408,0.653,0.971,0.369,1.093,0.436,0.0,0.0,0.0,0.0,25.599,2.114,0.498,25.484,68.48,110.933
2018-07-24 13:45:00,21.083,1.25,0.957,1.091,1.416,0.573,0.979,0.297,1.103,0.353,0.0,0.0,0.0,0.0,29.102,2.109,0.46,25.385,67.649,111.0
2018-07-24 14:00:00,28.947,0.469,0.221,0.253,1.207,0.361,0.783,0.109,0.884,0.129,0.0,0.0,0.0,0.0,33.364,2.112,0.572,24.769,66.373,110.667
2018-07-24 14:15:00,25.229,1.093,0.799,0.905,0.37,0.349,0.0,0.095,0.0,0.113,0.0,0.0,0.0,0.0,28.953,2.531,0.678,24.372,68.477,112.067
2018-07-24 14:30:00,17.179,1.251,0.955,1.082,0.981,0.52,0.569,0.246,0.644,0.295,0.0,0.0,0.0,0.0,23.724,2.654,0.991,24.976,71.442,112.8
2018-07-24 14:45:00,16.961,1.252,0.96,1.087,1.417,0.528,0.978,0.255,1.098,0.303,0.0,0.0,0.0,0.0,24.841,2.656,1.185,25.192,70.965,113.077
2018-07-24 15:00:00,28.692,1.245,0.955,1.085,1.414,0.368,0.978,0.113,1.097,0.134,0.0,0.0,0.0,0.0,36.08,2.664,1.061,24.927,67.365,114.6
2018-07-24 15:15:00,27.849,0.633,0.373,0.425,0.816,0.357,0.421,0.103,0.475,0.125,0.0,0.0,0.0,0.0,31.577,2.667,0.945,24.15,66.373,115.067
2018-07-24 15:30:00,16.791,1.041,0.743,0.852,0.943,0.478,0.531,0.209,0.605,0.251,0.0,0.0,0.0,0.0,22.443,2.68,0.997,24.372,70.139,115.667
2018-07-24 15:45:00,17.151,1.02,0.719,0.827,1.378,0.508,0.942,0.235,1.055,0.282,0.0,0.0,0.0,0.0,24.116,2.641,0.622,24.657,68.153,111.6
2018-07-24 16:00:00,16.89,0.697,0.43,0.492,1.383,0.601,0.955,0.317,1.067,0.379,0.0,0.0,0.0,0.0,23.211,1.965,0.577,24.863,66.928,106.2
2018-07-24 16:15:00,17.019,1.235,0.93,1.063,1.357,0.569,0.937,0.291,1.047,0.349,0.0,0.0,0.0,0.0,24.796,2.01,0.551,24.9,65.905,110.6
2018-07-24 16:30:00,16.64,1.227,0.926,1.064,1.367,0.555,0.941,0.278,1.054,0.333,0.0,0.0,0.0,0.0,24.386,2.094,0.572,24.96,65.689,112.933
2018-07-24 16:45:00,16.637,1.231,0.933,1.071,1.381,0.701,0.961,0.409,1.073,0.488,0.0,0.0,0.0,0.0,24.884,2.069,0.6,25.26,66.962,117.385
2018-07-24 17:00:00,16.585,1.216,0.917,1.056,1.397,0.613,0.969,0.329,1.087,0.394,0.0,0.0,0.0,0.0,24.564,1.929,0.577,25.337,67.288,112.6
2018-07-24 17:15:00,16.604,1.214,0.917,1.052,1.371,0.623,0.944,0.338,1.057,0.406,0.0,0.0,0.0,0.0,24.527,1.746,0.468,25.279,66.197,113.4
2018-07-24 17:30:00,16.619,1.211,0.918,1.047,1.378,0.673,0.951,0.383,1.062,0.457,0.0,0.0,0.0,0.0,24.699,1.437,0.4,25.387,66.629,117.867
2018-07-24 17:45:00,16.468,1.205,0.913,1.04,1.391,0.534,0.963,0.302,1.074,0.364,0.0,0.0,0.0,0.0,24.255,1.564,0.441,25.299,67.494,115.667
2018-07-24 18:00:00,16.003,0.927,0.651,0.738,1.037,0.01,0.631,0.0,0.705,0.0,0.0,0.0,0.0,0.0,20.703,1.483,0.397,25.215,66.382,118.333
2018-07-24 18:15:00,16.029,0.24,0.0,0.0,0.658,0.01,0.269,0.0,0.308,0.0,0.0,0.0,0.0,0.0,17.513,1.328,0.397,25.185,68.253,118.333
2018-07-24 18:30:00,15.981,0.24,0.0,0.0,0.946,0.01,0.537,0.0,0.608,0.0,0.0,0.0,0.0,0.0,18.322,1.2,0.419,25.299,68.158,110.667
2018-07-24 18:45:00,16.061,0.24,0.0,0.0,1.074,0.01,0.65,0.0,0.733,0.0,0.0,0.0,0.0,0.0,18.768,0.355,0.325,25.026,68.115,45.467
2018-07-24 19:00:00,15.799,0.24,0.0,0.0,0.371,0.01,0.003,0.0,0.004,0.0,0.0,0.0,0.0,0.0,16.428,0.0,0.231,24.833,68.266,3.0
2018-07-24 19:15:00,15.929,0.24,0.0,0.0,0.875,0.01,0.471,0.0,0.531,0.0,0.0,0.0,0.0,0.0,18.057,0.0,0.271,24.756,68.091,3.0
2018-07-24 19:30:00,15.627,0.24,0.0,0.0,0.687,0.01,0.29,0.0,0.329,0.0,0.0,0.0,0.0,0.0,17.182,0.0,0.263,24.679,68.683,3.0
2018-07-24 19:45:00,13.34,0.24,0.0,0.0,0.888,0.01,0.478,0.0,0.541,0.0,0.0,0.0,0.0,0.0,15.497,0.0,0.238,24.67,69.136,3.0
2018-07-24 20:00:00,0.001,0.495,0.241,0.272,1.287,0.01,0.865,0.0,0.964,0.0,0.0,0.0,0.0,0.0,4.136,0.0,0.111,25.723,67.722,0.8
2018-07-24 20:15:00,0.0,0.24,0.0,0.0,1.27,0.01,0.853,0.0,0.944,0.0,0.0,0.0,0.0,0.0,3.317,0.0,0.08,26.468,64.059,0.0
2018-07-24 20:30:00,0.001,0.24,0.0,0.0,1.279,0.01,0.861,0.0,0.951,0.0,0.0,0.0,0.0,0.0,3.343,0.002,0.103,26.823,62.005,0.0
2018-07-24 20:45:00,0.001,0.24,0.0,0.0,1.268,0.01,0.851,0.0,0.941,0.0,0.0,0.0,0.0,0.0,3.311,0.0,0.11,27.281,60.623,0.0
2018-07-24 21:00:00,0.001,0.24,0.0,0.0,1.269,0.01,0.853,0.0,0.939,0.0,0.0,0.0,0.0,0.0,3.311,0.0,0.08,27.236,59.512,0.0
2018-07-24 21:15:00,0.001,0.341,0.095,0.106,1.274,0.01,0.859,0.0,0.944,0.0,0.0,0.0,0.0,0.0,3.629,0.0,0.08,27.367,59.011,0.0
2018-07-24 21:30:00,0.001,0.237,0.0,0.0,1.281,0.01,0.859,0.0,0.947,0.0,0.0,0.0,0.0,0.0,3.336,0.0,0.108,27.387,58.727,0.0
2018-07-24 21:45:00,0.0,0.241,0.0,0.0,1.268,0.01,0.851,0.0,0.935,0.0,0.0,0.0,0.0,0.0,3.304,0.0,0.109,27.404,58.793,0.0
2018-07-24 22:00:00,0.0,0.243,0.0,0.0,1.256,0.01,0.84,0.0,0.926,0.0,0.0,0.0,0.0,0.0,3.275,0.0,0.081,27.487,58.819,0.0
2018-07-24 22:15:00,0.001,0.357,0.11,0.123,1.272,0.01,0.86,0.0,0.946,0.0,0.0,0.0,0.0,0.0,3.679,0.0,0.082,27.545,58.729,0.0
2018-07-24 22:30:00,0.001,0.24,0.0,0.0,1.282,0.01,0.862,0.0,0.953,0.0,0.0,0.0,0.0,0.0,3.347,0.0,0.111,27.605,58.727,0.0
2018-07-24 22:45:00,0.0,0.349,0.102,0.115,1.271,0.01,0.853,0.0,0.943,0.0,0.0,0.0,0.0,0.0,3.643,0.0,0.107,27.676,58.941,0.0
2018-07-24 23:00:00,0.0,0.24,0.0,0.0,1.257,0.01,0.841,0.0,0.93,0.0,0.0,0.0,0.0,0.0,3.278,0.0,0.08,27.747,59.239,0.0
2018-07-24 23:15:00,0.001,0.347,0.1,0.113,1.266,0.01,0.849,0.0,0.938,0.0,0.0,0.0,0.0,0.0,3.624,0.0,0.08,27.789,59.325,0.0
2018-07-24 23:30:00,0.0,0.24,0.0,0.0,1.284,0.014,0.866,0.0,0.957,0.0,0.0,0.0,0.0,0.0,3.361,0.0,0.113,27.821,59.446,0.0
2018-07-24 23:45:00,0.165,0.147,0.0,0.0,1.259,0.394,0.85,0.14,0.937,0.164,0.0,0.0,0.0,0.0,4.057,0.0,0.105,27.87,59.473,0.0
2018-07-25 00:00:00,0.322,0.0,0.0,0.0,1.267,0.545,0.852,0.273,0.941,0.319,0.0,0.0,0.0,0.0,4.519,0.0,0.08,27.91,59.5,0.0
2018-07-25 00:15:00,0.416,0.0,0.0,0.0,1.273,0.639,0.853,0.356,0.944,0.413,0.0,0.0,0.0,0.0,4.894,0.0,0.08,27.961,59.582,0.0
2018-07-25 00:30:00,0.328,0.0,0.0,0.0,1.257,0.551,0.84,0.278,0.93,0.326,0.0,0.0,0.0,0.0,4.51,0.0,0.114,27.976,59.627,0.0
2018-07-25 00:45:00,0.291,0.0,0.0,0.0,1.271,0.515,0.851,0.246,0.943,0.287,0.0,0.0,0.0,0.0,4.403,0.0,0.103,27.994,59.607,0.0
2018-07-25 01:00:00,0.282,0.0,0.0,0.0,1.255,0.508,0.836,0.239,0.929,0.28,0.0,0.0,0.0,0.0,4.329,0.0,0.08,28.2,59.666,0.0
2018-07-25 01:15:00,0.338,0.0,0.0,0.0,1.274,0.565,0.849,0.288,0.94,0.337,0.0,0.0,0.0,0.0,4.591,0.0,0.08,28.32,59.683,0.0
2018-07-25 01:30:00,0.281,0.0,0.0,0.0,1.261,0.507,0.842,0.241,0.93,0.278,0.0,0.0,0.0,0.0,4.339,0.0,0.117,28.577,59.739,0.0
2018-07-25 01:45:00,0.323,0.0,0.0,0.0,1.257,0.549,0.834,0.273,0.926,0.319,0.0,0.0,0.0,0.0,4.481,0.0,0.104,28.457,59.771,0.0
2018-07-25 02:00:00,0.252,0.0,0.0,0.0,1.265,0.481,0.841,0.214,0.933,0.25,0.0,0.0,0.0,0.0,4.237,0.0,0.081,28.132,59.799,0.0
2018-07-25 02:15:00,0.288,0.0,0.0,0.0,1.279,0.517,0.853,0.243,0.945,0.285,0.0,0.0,0.0,0.0,4.411,0.0,0.08,28.155,59.813,0.0
2018-07-25 02:30:00,0.294,0.0,0.0,0.0,1.261,0.521,0.837,0.249,0.928,0.292,0.0,0.0,0.0,0.0,4.382,0.0,0.116,28.186,59.907,0.0
2018-07-25 02:45:00,0.311,0.0,0.0,0.0,1.259,0.535,0.837,0.263,0.929,0.309,0.0,0.0,0.0,0.0,4.443,0.0,0.115,28.223,60.164,0.0
2018-07-25 03:00:00,0.309,0.0,0.0,0.0,1.267,0.535,0.843,0.263,0.935,0.308,0.0,0.0,0.0,0.0,4.459,0.0,0.081,28.233,60.61,0.0
2018-07-25 03:15:00,0.307,0.0,0.0,0.0,1.281,0.535,0.852,0.259,0.944,0.305,0.0,0.0,0.0,0.0,4.483,0.0,0.081,28.263,60.143,0.0
2018-07-25 03:30:00,0.249,0.0,0.0,0.0,1.259,0.477,0.831,0.211,0.927,0.248,0.0,0.0,0.0,0.0,4.202,0.0,0.101,28.277,60.209,0.0
2018-07-25 03:45:00,0.273,0.0,0.0,0.0,1.261,0.501,0.835,0.229,0.929,0.271,0.0,0.0,0.0,0.0,4.299,0.0,0.12,28.313,60.361,0.0
2018-07-25 04:00:00,0.317,0.0,0.0,0.0,1.259,0.543,0.835,0.269,0.927,0.314,0.0,0.0,0.0,0.0,4.463,0.0,0.081,28.323,60.329,0.0
2018-07-25 04:15:00,0.333,0.0,0.0,0.0,1.281,0.563,0.85,0.284,0.945,0.332,0.0,0.0,0.0,0.0,4.587,0.0,0.083,28.339,60.419,0.0
2018-07-25 04:30:00,0.271,0.0,0.0,0.0,1.271,0.497,0.846,0.229,0.938,0.269,0.0,0.0,0.0,0.0,4.321,0.0,0.098,28.354,60.441,0.0
2018-07-25 04:45:00,0.275,0.0,0.0,0.0,1.262,0.501,0.838,0.23,0.931,0.271,0.0,0.0,0.0,0.0,4.308,0.0,0.12,28.388,60.528,0.0
2018-07-25 05:00:00,0.383,0.0,0.0,0.0,1.249,0.603,0.827,0.323,0.922,0.379,0.0,0.0,0.0,0.0,4.685,0.0,0.087,28.396,60.579,0.0
2018-07-25 05:15:00,0.262,0.0,0.0,0.0,1.257,0.491,0.831,0.221,0.923,0.26,0.0,0.0,0.0,0.0,4.245,0.0,0.08,28.409,60.682,0.0
2018-07-25 05:30:00,0.267,0.05,0.0,0.0,1.252,0.493,0.833,0.227,0.923,0.265,0.0,0.0,0.0,0.0,4.311,0.0,0.091,28.419,60.751,0.0
2018-07-25 05:45:00,0.001,0.385,0.137,0.157,1.193,0.237,0.801,0.0,0.886,0.0,0.0,0.0,0.0,0.0,3.796,0.0,0.12,28.44,60.844,0.0
2018-07-25 06:00:00,0.0,1.124,0.835,0.935,0.0,0.24,0.0,0.0,0.0,0.0,0.0,0.0,0.0,0.0,3.133,0.0,0.089,28.451,60.909,0.0
2018-07-25 06:15:00,0.0,1.145,0.854,0.961,0.0,0.237,0.0,0.0,0.0,0.0,0.0,0.0,0.0,0.0,3.197,0.011,0.08,28.536,61.176,7.714
2018-07-25 06:30:00,0.0,1.149,0.857,0.967,0.0,0.241,0.0,0.0,0.0,0.0,0.0,0.0,0.0,0.0,3.214,0.35,0.161,28.586,61.271,24.267
2018-07-25 06:45:00,0.0,1.151,0.853,0.967,0.0,0.24,0.0,0.0,0.0,0.0,0.0,0.0,0.0,0.0,3.211,0.37,0.229,28.553,61.436,3.0
2018-07-25 07:00:00,0.0,1.15,0.855,0.974,0.0,0.237,0.0,0.0,0.0,0.0,0.0,0.0,0.0,0.0,3.216,0.366,0.201,28.563,61.639,3.0
2018-07-25 07:15:00,0.0,1.157,0.86,0.979,0.0,0.237,0.0,0.0,0.0,0.0,0.0,0.0,0.0,0.0,3.233,0.493,0.186,28.577,62.204,3.4
2018-07-25 07:30:00,4.289,1.161,0.867,0.991,0.0,0.326,0.0,0.078,0.0,0.095,0.0,0.0,0.0,0.0,7.807,1.003,0.211,28.54,63.193,6.933
2018-07-25 07:45:00,17.652,1.171,0.891,1.013,0.0,1.232,0.0,0.9,0.0,1.055,0.0,0.0,0.0,0.0,23.914,0.959,0.392,27.145,66.853,42.455
2018-07-25 08:00:00,17.601,1.191,0.907,1.031,0.0,1.243,0.0,0.915,0.0,1.068,0.0,0.0,0.0,0.0,23.957,1.555,0.447,26.423,69.853,110.2
2018-07-25 08:15:00,17.584,1.175,0.894,1.02,0.0,1.235,0.0,0.909,0.0,1.061,0.0,0.0,0.0,0.0,23.879,1.701,0.567,26.297,69.95,108.733
2018-07-25 08:30:00,17.383,1.185,0.905,1.032,0.0,1.257,0.0,0.935,0.0,1.089,0.0,0.0,0.0,0.0,23.787,1.847,0.54,26.28,68.579,110.4
2018-07-25 08:45:00,16.989,1.191,0.909,1.035,0.0,0.991,0.0,0.693,0.0,0.802,0.0,0.0,0.0,0.0,22.611,1.883,0.677,26.147,68.617,112.067
2018-07-25 09:00:00,17.537,1.213,0.932,1.058,0.0,1.283,0.0,0.961,0.0,1.11,0.0,0.0,0.0,0.0,24.093,1.866,0.561,26.037,68.597,114.0
2018-07-25 09:15:00,16.937,1.216,0.931,1.057,0.0,0.611,0.0,0.347,0.0,0.402,0.0,0.0,0.0,0.0,21.501,1.703,0.507,26.271,68.523,102.8
2018-07-25 09:30:00,16.989,1.201,0.911,1.043,0.0,0.781,0.0,0.491,0.0,0.578,0.0,0.0,0.0,0.0,21.995,1.712,0.479,26.198,69.723,102.733
2018-07-25 09:45:00,16.967,1.198,0.909,1.04,0.0,0.664,0.0,0.387,0.0,0.455,0.0,0.0,0.0,0.0,21.619,1.717,0.511,26.201,70.515,107.8
2018-07-25 10:00:00,16.579,1.205,0.917,1.047,0.0,0.492,0.0,0.231,0.0,0.276,0.0,0.0,0.0,0.0,20.747,1.711,0.547,26.105,69.405,113.2
2018-07-25 10:15:00,16.861,1.204,0.915,1.046,0.0,0.726,0.0,0.437,0.0,0.52,0.0,0.0,0.0,0.0,21.709,1.706,0.881,25.953,69.581,110.067
2018-07-25 10:30:00,16.847,1.207,0.919,1.051,0.0,0.524,0.0,0.258,0.0,0.305,0.0,0.0,0.0,0.0,21.111,1.704,0.861,26.026,69.331,107.067
2018-07-25 10:45:00,17.361,1.217,0.926,1.059,0.0,0.833,0.0,0.533,0.0,0.631,0.0,0.0,0.0,0.0,22.56,1.695,0.747,26.247,69.886,109.067
2018-07-25 11:00:00,16.991,1.225,0.939,1.063,0.0,0.567,0.0,0.299,0.0,0.351,0.0,0.0,0.0,0.0,21.435,1.696,0.632,26.277,69.017,109.0
2018-07-25 11:15:00,16.844,1.218,0.93,1.057,0.0,0.699,0.0,0.413,0.0,0.487,0.0,0.0,0.0,0.0,21.647,1.754,0.529,25.92,68.479,111.2
2018-07-25 11:30:00,16.767,1.225,0.933,1.066,0.0,0.631,0.0,0.351,0.0,0.414,0.0,0.0,0.0,0.0,21.386,1.893,0.575,26.083,69.082,117.333
2018-07-25 11:45:00,16.318,1.057,0.776,0.89,0.633,0.384,0.3,0.129,0.344,0.152,0.0,0.0,0.0,0.0,20.983,1.879,0.627,26.222,68.654,117.067
2018-07-25 12:00:00,16.491,1.059,0.771,0.88,1.229,0.526,0.799,0.257,0.897,0.303,0.0,0.0,0.0,0.0,23.211,1.931,0.657,26.323,68.155,118.692
2018-07-25 12:15:00,16.592,1.214,0.922,1.057,1.396,0.649,0.965,0.365,1.077,0.433,0.0,0.0,0.0,0.0,24.67,1.897,0.568,26.059,68.776,117.067
2018-07-25 12:30:00,16.28,1.235,0.936,1.074,1.387,0.596,0.957,0.313,1.07,0.373,0.0,0.0,0.0,0.0,24.222,1.921,0.673,25.761,69.035,117.0
2018-07-25 12:45:00,16.307,1.237,0.942,1.075,1.404,0.575,0.971,0.294,1.083,0.348,0.0,0.0,0.0,0.0,24.235,1.921,0.561,25.671,69.101,116.385
2018-07-25 13:00:00,16.892,1.229,0.946,1.076,1.369,0.524,0.96,0.257,1.063,0.302,0.0,0.0,0.0,0.0,24.619,1.884,0.566,25.631,69.143,115.2
2018-07-25 13:15:00,16.801,1.231,0.949,1.077,1.388,0.406,0.975,0.151,1.078,0.178,0.0,0.0,0.0,0.0,24.234,1.877,0.629,25.492,68.436,117.385
2018-07-25 13:30:00,16.715,1.232,0.947,1.077,1.421,0.509,1.001,0.24,1.104,0.284,0.0,0.0,0.0,0.0,24.529,1.879,0.735,25.431,68.201,118.133
2018-07-25 13:45:00,16.847,1.232,0.949,1.076,1.389,0.518,0.976,0.249,1.076,0.295,0.0,0.0,0.0,0.0,24.607,1.88,0.584,25.404,68.038,117.467
2018-07-25 14:00:00,16.527,1.225,0.943,1.073,1.385,0.509,0.972,0.243,1.077,0.287,0.0,0.0,0.0,0.0,24.241,1.883,0.553,25.47,68.654,117.267
2018-07-25 14:15:00,16.588,1.227,0.944,1.074,1.372,0.477,0.958,0.213,1.063,0.253,0.0,0.0,0.0,0.0,24.169,1.883,0.614,25.522,68.811,117.462
2018-07-25 14:30:00,16.701,1.231,0.948,1.079,1.397,0.517,0.978,0.247,1.083,0.292,0.0,0.0,0.0,0.0,24.472,1.882,0.622,25.537,68.989,119.933
2018-07-25 14:45:00,16.528,1.221,0.939,1.067,1.385,0.516,0.972,0.249,1.074,0.293,0.0,0.0,0.0,0.0,24.245,1.881,0.561,25.569,69.313,115.0
2018-07-25 15:00:00,16.553,1.219,0.937,1.067,1.371,0.502,0.959,0.237,1.062,0.277,0.0,0.0,0.0,0.0,24.184,1.883,0.545,25.629,69.625,115.0
2018-07-25 15:15:00,16.414,1.215,0.929,1.059,1.365,0.507,0.95,0.239,1.054,0.284,0.0,0.0,0.0,0.0,24.017,1.889,0.586,25.575,69.208,112.533
2018-07-25 15:30:00,16.481,1.217,0.933,1.063,1.378,0.547,0.957,0.274,1.063,0.324,0.0,0.0,0.0,0.0,24.236,1.895,0.581,25.663,69.396,112.933
2018-07-25 15:45:00,16.521,1.215,0.93,1.059,1.364,0.559,0.95,0.288,1.051,0.339,0.0,0.0,0.0,0.0,24.277,1.725,0.557,25.789,71.169,105.267
2018-07-25 16:00:00,16.546,1.209,0.926,1.056,1.359,0.559,0.942,0.286,1.047,0.338,0.0,0.0,0.0,0.0,24.268,1.633,0.638,25.621,70.111,105.933
2018-07-25 16:15:00,16.622,1.221,0.937,1.068,1.37,0.565,0.955,0.291,1.059,0.344,0.0,0.0,0.0,0.0,24.433,1.605,0.579,25.385,70.615,114.308
2018-07-25 16:30:00,16.564,1.234,0.943,1.077,1.396,0.783,0.965,0.479,1.074,0.57,0.0,0.0,0.0,0.0,25.085,1.74,0.539,25.348,70.387,115.0
2018-07-25 16:45:00,12.269,1.233,0.942,1.073,1.381,0.673,0.955,0.383,1.062,0.455,0.0,0.0,0.0,0.0,20.427,1.649,0.479,25.317,70.01,112.867
2018-07-25 17:00:00,0.6,1.023,0.743,0.845,1.361,0.807,0.942,0.509,1.047,0.597,0.0,0.0,0.0,0.0,8.475,1.575,0.349,26.226,66.744,106.6
2018-07-25 17:15:00,0.355,1.202,0.913,1.038,1.366,0.574,0.948,0.299,1.053,0.353,0.0,0.0,0.0,0.0,8.101,1.559,0.291,26.659,64.338,107.733
2018-07-25 17:30:00,8.876,1.019,0.735,0.834,1.383,0.822,0.957,0.516,1.064,0.609,0.0,0.0,0.0,0.0,16.815,1.568,0.297,26.251,66.527,106.867
2018-07-25 17:45:00,16.509,1.232,0.939,1.063,1.397,0.807,0.975,0.556,1.08,0.646,0.0,0.0,0.0,0.0,25.205,1.55,0.232,25.223,69.112,81.467
2018-07-25 18:00:00,15.957,1.223,0.927,1.052,1.387,0.01,0.963,0.0,1.064,0.0,0.0,0.0,0.0,0.0,22.583,1.212,0.2,25.205,72.941,3.667
2018-07-25 18:15:00,15.946,0.687,0.421,0.476,1.136,0.01,0.717,0.0,0.799,0.0,0.0,0.0,0.0,0.0,20.193,1.217,0.211,25.317,74.511,3.0
2018-07-25 18:30:00,15.767,0.451,0.199,0.225,0.956,0.01,0.539,0.0,0.602,0.0,0.0,0.0,0.0,0.0,18.751,1.22,0.123,25.247,73.519,3.0
2018-07-25 18:45:00,16.094,0.24,0.0,0.0,1.293,0.01,0.87,0.0,0.966,0.0,0.0,0.0,0.0,0.0,19.473,0.62,0.11,24.916,72.729,3.0
2018-07-25 19:00:00,16.139,0.24,0.0,0.0,0.732,0.01,0.341,0.0,0.379,0.0,0.0,0.0,0.0,0.0,17.84,0.301,0.137,24.783,72.419,2.583
2018-07-25 19:15:00,2.608,0.398,0.149,0.167,1.315,0.01,0.888,0.0,0.987,0.0,0.0,0.0,0.0,0.0,6.522,0.0,0.117,25.234,69.129,0.0
2018-07-25 19:30:00,0.001,0.473,0.219,0.247,1.302,0.01,0.892,0.0,0.982,0.0,0.0,0.0,0.0,0.0,4.125,0.0,0.09,26.004,65.775,0.0
2018-07-25 19:45:00,0.0,0.335,0.089,0.101,1.296,0.01,0.886,0.0,0.974,0.0,0.0,0.0,0.0,0.0,3.691,0.0,0.09,26.459,63.434,0.0
2018-07-25 20:00:00,0.0,0.441,0.189,0.212,1.284,0.01,0.869,0.0,0.959,0.0,0.0,0.0,0.0,0.0,3.964,0.0,0.121,26.796,62.151,0.0
2018-07-25 20:15:00,0.0,0.357,0.108,0.122,1.299,0.01,0.877,0.0,0.963,0.0,0.0,0.0,0.0,0.0,3.736,0.0,0.102,27.063,61.49,0.0
2018-07-25 20:30:00,0.0,0.335,0.09,0.101,1.267,0.01,0.849,0.0,0.933,0.0,0.0,0.0,0.0,0.0,3.585,0.0,0.09,27.167,60.79,0.0
2018-07-25 20:45:00,0.0,0.367,0.113,0.129,1.263,0.01,0.843,0.0,0.927,0.0,0.0,0.0,0.0,0.0,3.652,0.0,0.092,27.223,60.799,0.0
2018-07-25 21:00:00,0.001,0.417,0.164,0.183,1.267,0.01,0.854,0.0,0.936,0.0,0.0,0.0,0.0,0.0,3.832,0.0,0.123,27.307,60.773,0.0
2018-07-25 21:15:00,0.0,0.341,0.095,0.107,1.273,0.01,0.858,0.0,0.947,0.0,0.0,0.0,0.0,0.0,3.632,0.0,0.099,27.393,61.03,0.0
2018-07-25 21:30:00,0.0,0.43,0.178,0.201,1.259,0.01,0.849,0.0,0.935,0.0,0.0,0.0,0.0,0.0,3.863,0.0,0.09,27.461,61.338,0.0
2018-07-25 21:45:00,0.0,0.327,0.081,0.091,1.259,0.01,0.845,0.0,0.927,0.0,0.0,0.0,0.0,0.0,3.539,0.0,0.091,27.533,61.238,0.0
2018-07-25 22:00:00,0.0,0.343,0.096,0.109,1.255,0.01,0.834,0.0,0.921,0.0,0.0,0.0,0.0,0.0,3.567,0.0,0.123,27.593,61.397,0.0
2018-07-25 22:15:00,0.0,0.336,0.089,0.101,1.265,0.01,0.839,0.0,0.931,0.0,0.0,0.0,0.0,0.0,3.57,0.0,0.099,27.639,61.574,0.0
2018-07-25 22:30:00,0.0,0.347,0.098,0.112,1.249,0.01,0.825,0.0,0.918,0.0,0.0,0.0,0.0,0.0,3.559,0.0,0.09,27.671,61.613,0.0
2018-07-25 22:45:00,0.001,0.351,0.103,0.118,1.252,0.01,0.835,0.0,0.925,0.0,0.0,0.0,0.0,0.0,3.596,0.0,0.097,27.711,61.688,0.0
2018-07-25 23:00:00,0.001,0.344,0.097,0.111,1.251,0.01,0.837,0.0,0.928,0.0,0.0,0.0,0.0,0.0,3.58,0.0,0.123,27.753,61.665,0.0
2018-07-25 23:15:00,0.001,0.431,0.178,0.201,1.267,0.01,0.845,0.0,0.935,0.0,0.0,0.0,0.0,0.0,3.868,0.0,0.097,27.775,61.781,0.0
2018-07-25 23:30:00,0.0,0.374,0.124,0.141,1.256,0.014,0.834,0.0,0.922,0.0,0.0,0.0,0.0,0.0,3.665,0.0,0.086,27.803,61.733,0.0
2018-07-25 23:45:00,0.0,0.133,0.0,0.0,1.253,0.24,0.831,0.0,0.919,0.0,0.0,0.0,0.0,0.0,3.377,0.0,0.1,27.84,61.724,0.0
2018-07-26 00:00:00,0.421,0.0,0.0,0.0,1.237,0.643,0.815,0.352,0.905,0.42,0.0,0.0,0.0,0.0,4.793,0.0,0.123,27.884,61.714,0.0
2018-07-26 00:15:00,0.353,0.0,0.0,0.0,1.247,0.577,0.823,0.297,0.916,0.351,0.0,0.0,0.0,0.0,4.564,0.0,0.096,27.911,61.745,0.0
2018-07-26 00:30:00,0.399,0.0,0.0,0.0,1.24,0.621,0.819,0.338,0.912,0.397,0.0,0.0,0.0,0.0,4.727,0.0,0.09,27.939,61.711,0.0
2018-07-26 00:45:00,0.488,0.0,0.0,0.0,1.239,0.705,0.819,0.413,0.91,0.485,0.0,0.0,0.0,0.0,5.059,0.0,0.103,27.949,61.673,0.0
2018-07-26 01:00:00,0.303,0.0,0.0,0.0,1.231,0.527,0.81,0.255,0.903,0.301,0.0,0.0,0.0,0.0,4.329,0.0,0.122,27.963,61.652,0.0
2018-07-26 01:15:00,0.339,0.0,0.0,0.0,1.254,0.563,0.828,0.284,0.921,0.336,0.0,0.0,0.0,0.0,4.525,0.001,0.098,28.074,61.575,0.0
2018-07-26 01:30:00,0.311,0.0,0.0,0.0,1.245,0.537,0.823,0.262,0.915,0.311,0.0,0.0,0.0,0.0,4.405,0.0,0.087,28.367,61.513,0.0
2018-07-26 01:45:00,0.387,0.0,0.0,0.0,1.252,0.609,0.827,0.326,0.92,0.385,0.0,0.0,0.0,0.0,4.707,0.0,0.093,28.44,61.505,0.0
2018-07-26 02:00:00,0.391,0.0,0.0,0.0,1.247,0.613,0.822,0.328,0.913,0.387,0.0,0.0,0.0,0.0,4.701,0.0,0.125,28.72,61.489,0.0
2018-07-26 02:15:00,0.345,0.0,0.0,0.0,1.27,0.574,0.839,0.293,0.931,0.343,0.0,0.0,0.0,0.0,4.595,0.0,0.101,28.609,61.455,0.0
2018-07-26 02:30:00,0.443,0.0,0.0,0.0,1.257,0.665,0.831,0.376,0.922,0.439,0.0,0.0,0.0,0.0,4.933,0.0,0.09,28.112,61.403,0.0
2018-07-26 02:45:00,0.334,0.0,0.0,0.0,1.253,0.561,0.826,0.283,0.919,0.333,0.0,0.0,0.0,0.0,4.509,0.0,0.095,28.13,61.381,0.0
2018-07-26 03:00:00,0.436,0.0,0.0,0.0,1.259,0.658,0.83,0.367,0.922,0.435,0.0,0.0,0.0,0.0,4.907,0.0,0.123,28.124,61.428,0.0
2018-07-26 03:15:00,0.417,0.0,0.0,0.0,1.275,0.643,0.843,0.353,0.935,0.415,0.0,0.0,0.0,0.0,4.883,0.0,0.105,28.141,61.406,0.0
2018-07-26 03:30:00,0.366,0.0,0.0,0.0,1.256,0.592,0.828,0.309,0.92,0.365,0.0,0.0,0.0,0.0,4.637,0.0,0.09,28.15,61.371,0.0
2018-07-26 03:45:00,0.505,0.0,0.0,0.0,1.255,0.73,0.827,0.429,0.918,0.503,0.0,0.0,0.0,0.0,5.167,0.0,0.09,28.172,61.368,0.0
2018-07-26 04:00:00,0.377,0.0,0.0,0.0,1.285,0.606,0.854,0.321,0.943,0.377,0.0,0.0,0.0,0.0,4.761,0.0,0.125,28.187,61.397,0.0
2018-07-26 04:15:00,0.516,0.0,0.0,0.0,1.267,0.739,0.841,0.441,0.929,0.512,0.0,0.0,0.0,0.0,5.245,0.0,0.112,28.202,61.385,0.0
2018-07-26 04:30:00,0.327,0.0,0.0,0.0,1.253,0.554,0.827,0.277,0.915,0.326,0.0,0.0,0.0,0.0,4.479,0.0,0.09,28.218,61.375,0.0
2018-07-26 04:45:00,0.438,0.0,0.0,0.0,1.253,0.66,0.829,0.373,0.919,0.435,0.0,0.0,0.0,0.0,4.907,0.0,0.09,28.227,61.383,0.0
2018-07-26 05:00:00,0.426,0.0,0.0,0.0,1.263,0.65,0.839,0.361,0.93,0.423,0.0,0.0,0.0,0.0,4.892,0.0,0.115,28.238,61.417,0.0
2018-07-26 05:15:00,0.312,0.0,0.0,0.0,1.241,0.537,0.821,0.263,0.907,0.31,0.0,0.0,0.0,0.0,4.391,0.0,0.119,28.265,61.376,0.0
2018-07-26 05:30:00,0.439,0.051,0.0,0.0,1.245,0.657,0.829,0.371,0.917,0.437,0.0,0.0,0.0,0.0,4.945,0.0,0.09,28.287,61.398,0.0
2018-07-26 05:45:00,0.001,0.24,0.0,0.0,1.225,0.237,0.809,0.0,0.899,0.0,0.0,0.0,0.0,0.0,3.411,0.0,0.09,28.291,61.455,0.0
2018-07-26 06:00:00,0.0,1.076,0.791,0.89,0.0,0.24,0.0,0.0,0.0,0.0,0.0,0.0,0.0,0.0,2.997,0.0,0.109,28.311,61.485,0.0
2018-07-26 06:15:00,0.0,1.137,0.851,0.951,0.0,0.24,0.0,0.0,0.0,0.0,0.0,0.0,0.0,0.0,3.179,0.103,0.135,28.337,61.561,0.0
2018-07-26 06:30:00,0.0,1.144,0.851,0.957,0.0,0.247,0.0,0.0,0.0,0.0,0.0,0.0,0.0,0.0,3.199,0.076,0.155,28.414,61.636,21.6
2018-07-26 06:45:00,0.0,1.151,0.851,0.963,0.0,0.241,0.0,0.0,0.0,0.0,0.0,0.0,0.0,0.0,3.205,0.0,0.387,28.507,61.855,3.0
2018-07-26 07:00:00,0.0,1.147,0.849,0.962,0.0,0.24,0.0,0.0,0.0,0.0,0.0,0.0,0.0,0.0,3.198,0.311,0.309,28.553,61.838,3.0
2018-07-26 07:15:00,0.0,1.157,0.857,0.975,0.0,0.239,0.0,0.0,0.0,0.0,0.0,0.0,0.0,0.0,3.229,1.085,0.339,28.581,62.241,3.0
2018-07-26 07:30:00,4.339,1.161,0.86,0.981,0.0,0.318,0.0,0.069,0.0,0.083,0.0,0.0,0.0,0.0,7.811,1.368,0.336,28.523,62.533,3.0
2018-07-26 07:45:00,17.437,1.176,0.893,1.003,0.0,1.287,0.0,0.949,0.0,1.095,0.0,0.0,0.0,0.0,23.839,1.5,0.407,27.094,66.965,51.333
2018-07-26 08:00:00,17.614,1.17,0.891,1.007,0.0,1.263,0.0,0.941,0.0,1.083,0.0,0.0,0.0,0.0,23.97,1.701,0.506,26.436,69.565,112.333
2018-07-26 08:15:00,17.349,1.176,0.889,1.008,0.0,1.245,0.0,0.92,0.0,1.067,0.0,0.0,0.0,0.0,23.655,1.692,0.529,26.298,69.583,112.0
2018-07-26 08:30:00,16.931,1.184,0.885,1.007,0.0,0.951,0.0,0.647,0.0,0.754,0.0,0.0,0.0,0.0,22.359,1.728,0.287,25.909,68.291,113.4
2018-07-26 08:45:00,17.343,1.204,0.909,1.03,0.0,1.281,0.0,0.943,0.0,1.095,0.0,0.0,0.0,0.0,23.805,1.718,0.417,25.779,68.827,110.067
2018-07-26 09:00:00,18.331,1.179,0.885,1.009,0.0,1.248,0.0,0.911,0.0,1.064,0.0,0.0,0.93,0.0,25.557,1.498,0.384,25.883,69.301,109.0
2018-07-26 09:15:00,19.037,1.173,0.885,1.011,0.0,1.228,0.0,0.897,0.0,1.049,0.0,0.0,1.767,0.0,27.047,1.28,0.553,26.21,69.452,108.467
2018-07-26 09:30:00,18.377,1.185,0.895,1.023,0.0,0.656,0.0,0.385,0.0,0.451,0.0,0.0,1.755,0.0,24.727,1.278,0.411,25.685,68.605,108.231
2018-07-26 09:45:00,18.481,1.195,0.913,1.043,0.0,0.827,0.0,0.539,0.0,0.629,0.0,0.0,1.78,0.0,25.407,1.272,0.405,25.511,68.733,110.6
2018-07-26 10:00:00,18.861,1.196,0.913,1.039,0.0,0.999,0.0,0.701,0.0,0.811,0.0,0.0,1.775,0.0,26.296,1.287,0.491,25.423,68.505,112.0
2018-07-26 10:15:00,18.827,1.205,0.918,1.043,0.0,0.945,0.0,0.647,0.0,0.751,0.0,0.0,1.589,0.0,25.924,1.638,0.433,25.378,68.193,112.133
2018-07-26 10:30:00,17.936,1.213,0.925,1.049,0.0,0.815,0.0,0.528,0.0,0.614,0.0,0.0,1.153,0.0,24.232,1.637,0.351,25.413,68.993,109.667
2018-07-26 10:45:00,18.245,1.225,0.934,1.061,0.0,0.818,0.0,0.53,0.0,0.617,0.0,0.0,1.421,0.0,24.852,1.683,0.322,25.455,68.621,110.0
2018-07-26 11:00:00,17.888,1.232,0.94,1.067,0.0,1.299,0.0,0.967,0.0,1.118,0.0,0.0,0.0,0.0,24.511,2.115,0.394,25.743,70.436,108.733
2018-07-26 11:15:00,17.617,1.239,0.953,1.077,0.0,1.311,0.0,0.989,0.0,1.135,0.0,0.0,0.0,0.0,24.322,2.055,0.462,25.795,70.307,115.0
2018-07-26 11:30:00,17.409,1.225,0.931,1.059,0.0,0.999,0.0,0.694,0.0,0.805,0.0,0.0,0.0,0.0,23.123,2.067,0.463,25.716,69.803,117.733
2018-07-26 11:45:00,16.913,1.245,0.948,1.076,0.803,0.758,0.474,0.471,0.538,0.545,0.0,0.0,0.0,0.0,23.77,2.091,0.394,25.752,69.738,115.667
2018-07-26 12:00:00,16.644,1.049,0.763,0.869,1.172,0.598,0.744,0.325,0.837,0.379,0.0,0.0,0.0,0.0,23.379,2.075,0.459,25.494,68.726,116.0
2018-07-26 12:15:00,16.607,1.246,0.948,1.079,1.405,0.555,0.972,0.283,1.084,0.335,0.0,0.0,0.0,0.0,24.513,1.733,0.552,25.398,68.299,111.667
2018-07-26 12:30:00,16.482,1.251,0.957,1.092,1.409,0.557,0.982,0.283,1.093,0.334,0.0,0.0,0.0,0.0,24.44,1.738,0.499,25.301,68.487,111.2
2018-07-26 12:45:00,16.587,1.249,0.956,1.089,1.423,0.591,0.993,0.309,1.104,0.369,0.0,0.0,0.0,0.0,24.67,1.734,0.654,25.295,68.833,111.0
2018-07-26 13:00:00,16.962,1.256,0.975,1.096,1.399,0.717,0.986,0.433,1.088,0.505,0.0,0.0,0.009,0.0,25.426,1.961,0.644,25.439,68.959,110.867
2018-07-26 13:15:00,18.761,1.217,0.937,1.057,1.383,0.597,0.97,0.32,1.072,0.377,0.0,0.0,1.576,0.0,28.267,2.113,0.471,25.515,68.965,115.733
2018-07-26 13:30:00,18.816,1.245,0.963,1.08,1.393,0.841,0.977,0.541,1.077,0.629,0.0,0.0,1.812,0.0,29.373,2.095,0.503,25.521,71.842,123.667
2018-07-26 13:45:00,19.112,1.252,0.975,1.092,1.425,0.72,1.009,0.433,1.11,0.504,0.0,0.0,1.861,0.0,29.493,2.249,0.509,25.752,71.242,121.8
2018-07-26 14:00:00,18.768,1.223,0.943,1.06,1.385,0.771,0.965,0.475,1.067,0.559,0.0,0.0,1.807,0.0,29.023,2.473,0.54,25.629,72.481,124.267
2018-07-26 14:15:00,18.733,1.231,0.949,1.065,1.397,0.789,0.975,0.491,1.078,0.575,0.0,0.0,1.809,0.0,29.093,2.149,0.407,25.637,73.02,123.2
2018-07-26 14:30:00,18.537,1.22,0.933,1.051,1.369,0.692,0.947,0.403,1.052,0.474,0.0,0.0,1.785,0.0,28.463,2.123,0.579,25.555,72.963,123.667
2018-07-26 14:45:00,18.908,1.246,0.961,1.078,1.401,0.871,0.978,0.564,1.083,0.655,0.0,0.0,1.831,0.0,29.575,2.257,0.57,25.568,73.536,123.4
2018-07-26 15:00:00,18.396,1.252,0.966,1.083,1.407,0.645,0.986,0.364,1.093,0.426,0.0,0.0,1.423,0.0,28.041,2.389,0.446,25.539,72.494,120.0
2018-07-26 15:15:00,16.977,1.259,0.969,1.091,1.421,0.792,0.997,0.494,1.105,0.581,0.0,0.0,0.0,0.0,25.687,1.741,0.446,25.461,72.866,115.071
2018-07-26 15:30:00,16.876,1.249,0.961,1.082,1.417,0.628,0.987,0.345,1.1,0.407,0.0,0.0,0.0,0.0,25.051,1.741,0.529,25.396,71.356,116.143
2018-07-26 15:45:00,17.199,1.258,0.973,1.093,1.411,0.611,0.992,0.331,1.099,0.393,0.0,0.0,0.0,0.0,25.361,1.733,0.591,25.285,69.592,116.231
2018-07-26 16:00:00,16.993,1.268,0.983,1.103,1.407,0.56,0.987,0.284,1.094,0.337,0.0,0.0,0.0,0.0,25.015,1.729,0.665,25.23,69.337,114.6
2018-07-26 16:15:00,17.243,1.267,0.979,1.095,1.419,0.647,0.997,0.362,1.101,0.427,0.0,0.0,0.0,0.0,25.537,1.732,0.574,25.381,69.877,113.267
2018-07-26 16:30:00,16.622,1.247,0.952,1.071,1.42,0.675,0.981,0.381,1.087,0.449,0.0,0.0,0.0,0.0,24.885,1.801,0.655,25.356,69.746,117.867
2018-07-26 16:45:00,12.421,1.253,0.961,1.081,1.412,0.612,0.982,0.331,1.09,0.389,0.0,0.0,0.0,0.0,20.532,1.766,0.677,25.487,71.007,120.4
2018-07-26 17:00:00,8.289,1.241,0.949,1.069,1.397,0.665,0.971,0.377,1.079,0.446,0.0,0.0,0.0,0.0,16.483,1.755,0.395,26.211,68.899,105.4
2018-07-26 17:15:00,16.764,1.249,0.961,1.081,1.415,0.795,0.99,0.493,1.094,0.581,0.0,0.0,0.0,0.0,25.422,0.783,0.292,25.847,70.159,18.133
2018-07-26 17:30:00,16.753,1.237,0.949,1.066,1.424,0.676,0.995,0.382,1.099,0.454,0.0,0.0,0.0,0.0,25.034,0.74,0.281,25.925,69.521,4.467
2018-07-26 17:45:00,16.533,1.224,0.937,1.053,1.387,0.487,0.966,0.27,1.065,0.321,0.0,0.0,0.0,0.0,24.243,0.907,0.277,25.559,68.688,15.667
2018-07-26 18:00:00,15.928,0.909,0.637,0.715,0.971,0.01,0.566,0.0,0.626,0.0,0.0,0.0,0.0,0.0,20.361,0.99,0.24,25.201,70.251,46.0
2018-07-26 18:15:00,15.957,0.24,0.0,0.0,0.655,0.01,0.266,0.0,0.301,0.0,0.0,0.0,0.0,0.0,17.429,1.371,0.207,25.285,71.954,5.0
2018-07-26 18:30:00,16.045,0.24,0.0,0.0,1.315,0.01,0.881,0.0,0.993,0.0,0.0,0.0,0.0,0.0,19.483,1.554,0.223,25.544,72.577,5.0
2018-07-26 18:45:00,16.058,0.24,0.0,0.0,1.305,0.01,0.882,0.0,0.989,0.0,0.0,0.0,0.0,0.0,19.484,1.542,0.159,25.715,72.503,5.0
2018-07-26 19:00:00,16.102,0.523,0.267,0.299,1.322,0.01,0.903,0.0,1.001,0.0,0.0,0.0,0.0,0.0,20.427,1.386,0.085,25.525,72.693,2.267
2018-07-26 19:15:00,16.015,0.24,0.0,0.0,1.317,0.01,0.891,0.0,0.991,0.0,0.0,0.0,0.0,0.0,19.464,1.191,0.081,25.075,72.516,3.364
2018-07-26 19:30:00,16.03,0.24,0.0,0.0,1.307,0.01,0.887,0.0,0.986,0.0,0.0,0.0,0.0,0.0,19.46,1.193,0.108,24.704,71.457,3.385
2018-07-26 19:45:00,15.981,0.24,0.0,0.0,1.307,0.01,0.883,0.0,0.981,0.0,0.0,0.0,0.0,0.0,19.402,1.19,0.105,24.634,71.435,3.067
2018-07-26 20:00:00,15.873,0.24,0.0,0.0,1.314,0.01,0.893,0.0,0.988,0.0,0.0,0.0,0.0,0.0,19.318,1.191,0.08,24.615,71.405,3.0
2018-07-26 20:15:00,5.502,0.421,0.171,0.189,1.334,0.01,0.908,0.0,1.0,0.0,0.0,0.0,0.0,0.0,9.535,0.884,0.081,24.86,70.699,3.0
2018-07-26 20:30:00,0.0,0.527,0.267,0.301,1.325,0.01,0.903,0.0,0.995,0.0,0.0,0.0,0.0,0.0,4.328,0.57,0.116,25.76,66.643,2.0
2018-07-26 20:45:00,0.0,0.464,0.21,0.234,1.318,0.01,0.896,0.0,0.983,0.0,0.0,0.0,0.0,0.0,4.115,0.0,0.097,26.388,63.715,0.0
2018-07-26 21:00:00,0.0,0.446,0.191,0.215,1.305,0.01,0.883,0.0,0.974,0.0,0.0,0.0,0.0,0.0,4.024,0.0,0.08,26.585,62.273,0.0
2018-07-26 21:15:00,0.001,0.345,0.097,0.109,1.317,0.01,0.883,0.0,0.979,0.0,0.0,0.0,0.0,0.0,3.739,0.0,0.08,26.784,61.338,0.0
2018-07-26 21:30:00,0.0,0.357,0.107,0.119,1.304,0.01,0.874,0.0,0.964,0.0,0.0,0.0,0.0,0.0,3.735,0.0,0.121,26.932,60.849,0.0
2018-07-26 21:45:00,0.0,0.368,0.114,0.127,1.295,0.01,0.863,0.0,0.953,0.0,0.0,0.0,0.0,0.0,3.731,0.0,0.091,27.44,60.693,0.0
2018-07-26 22:00:00,0.001,0.357,0.107,0.119,1.293,0.01,0.868,0.0,0.959,0.0,0.0,0.0,0.0,0.0,3.715,0.0,0.081,27.127,60.743,0.0
2018-07-26 22:15:00,0.001,0.362,0.114,0.127,1.305,0.01,0.875,0.0,0.969,0.0,0.0,0.0,0.0,0.0,3.763,0.0,0.089,27.193,60.779,0.0
2018-07-26 22:30:00,0.0,0.361,0.114,0.127,1.287,0.01,0.871,0.0,0.961,0.0,0.0,0.0,0.0,0.0,3.732,0.0,0.121,27.25,60.909,0.0
2018-07-26 22:45:00,0.0,0.402,0.151,0.171,1.271,0.01,0.853,0.0,0.949,0.0,0.0,0.0,0.0,0.0,3.807,0.0,0.087,27.309,61.055,0.0
2018-07-26 23:00:00,0.0,0.24,0.0,0.0,1.288,0.01,0.867,0.0,0.962,0.0,0.0,0.0,0.0,0.0,3.367,0.0,0.08,27.359,61.567,0.0
2018-07-26 23:15:00,0.001,0.477,0.221,0.247,1.315,0.01,0.889,0.0,0.983,0.0,0.0,0.0,0.0,0.0,4.143,0.0,0.095,27.412,61.305,0.0
2018-07-26 23:30:00,0.001,0.341,0.094,0.105,1.294,0.016,0.87,0.0,0.964,0.0,0.0,0.0,0.0,0.0,3.685,0.0,0.121,27.486,61.21,0.0
2018-07-26 23:45:00,0.127,0.141,0.0,0.0,1.277,0.359,0.853,0.107,0.947,0.127,0.0,0.0,0.0,0.0,3.937,0.0,0.086,27.518,61.277,0.0
2018-07-27 00:00:00,0.391,0.0,0.0,0.0,1.279,0.613,0.854,0.333,0.946,0.387,0.0,0.0,0.0,0.0,4.803,0.0,0.081,27.548,61.369,0.0
2018-07-27 00:15:00,0.447,0.0,0.0,0.0,1.288,0.673,0.857,0.383,0.953,0.445,0.0,0.0,0.0,0.0,5.045,0.0,0.099,27.58,61.407,0.0
2018-07-27 00:30:00,0.493,0.0,0.0,0.0,1.281,0.717,0.851,0.421,0.946,0.491,0.0,0.0,0.0,0.0,5.201,0.0,0.12,27.612,61.462,0.0
2018-07-27 00:45:00,0.435,0.0,0.0,0.0,1.285,0.661,0.855,0.373,0.95,0.433,0.0,0.0,0.0,0.0,4.993,0.0,0.083,27.641,61.516,0.0
2018-07-27 01:00:00,0.443,0.0,0.0,0.0,1.282,0.668,0.85,0.379,0.947,0.44,0.0,0.0,0.0,0.0,5.009,0.0,0.083,27.675,61.561,0.0
2018-07-27 01:15:00,0.399,0.0,0.0,0.0,1.297,0.627,0.859,0.339,0.955,0.396,0.0,0.0,0.0,0.0,4.872,0.0,0.103,27.705,61.593,0.0
2018-07-27 01:30:00,0.472,0.0,0.0,0.0,1.28,0.699,0.847,0.403,0.943,0.469,0.0,0.0,0.0,0.0,5.114,0.0,0.119,27.733,61.579,0.0
2018-07-27 01:45:00,0.411,0.0,0.0,0.0,1.269,0.637,0.835,0.35,0.933,0.408,0.0,0.0,0.0,0.0,4.843,0.0,0.081,27.765,61.629,0.0
2018-07-27 02:00:00,0.469,0.0,0.0,0.0,1.295,0.695,0.857,0.399,0.957,0.464,0.0,0.0,0.0,0.0,5.136,0.0,0.08,27.801,61.622,0.0
2018-07-27 02:15:00,0.458,0.0,0.0,0.0,1.281,0.683,0.851,0.392,0.947,0.457,0.0,0.0,0.0,0.0,5.068,0.0,0.103,27.839,61.609,0.0
2018-07-27 02:30:00,0.621,0.0,0.0,0.0,1.276,0.843,0.842,0.532,0.939,0.618,0.0,0.0,0.0,0.0,5.672,0.0,0.115,27.868,61.618,0.0
2018-07-27 02:45:00,0.431,0.0,0.0,0.0,1.275,0.659,0.84,0.368,0.938,0.429,0.0,0.0,0.0,0.0,4.939,0.0,0.081,27.886,61.658,0.0
2018-07-27 03:00:00,0.311,0.0,0.0,0.0,1.283,0.544,0.847,0.265,0.948,0.309,0.0,0.0,0.0,0.0,4.507,0.0,0.083,27.9,61.682,0.0
2018-07-27 03:15:00,0.571,0.0,0.0,0.0,1.275,0.789,0.851,0.49,0.946,0.57,0.0,0.0,0.0,0.0,5.492,0.0,0.105,27.916,61.703,0.0
2018-07-27 03:30:00,0.503,0.0,0.0,0.0,1.273,0.723,0.848,0.428,0.943,0.501,0.0,0.0,0.0,0.0,5.219,0.0,0.121,27.933,61.717,0.0
2018-07-27 03:45:00,0.291,0.0,0.0,0.0,1.269,0.518,0.845,0.249,0.938,0.29,0.0,0.0,0.0,0.0,4.399,0.0,0.078,27.963,61.753,0.0
2018-07-27 04:00:00,0.463,0.0,0.0,0.0,1.293,0.687,0.865,0.397,0.96,0.459,0.0,0.0,0.0,0.0,5.123,0.0,0.082,27.984,61.817,0.0
2018-07-27 04:15:00,0.486,0.0,0.0,0.0,1.283,0.707,0.858,0.416,0.951,0.485,0.0,0.0,0.0,0.0,5.186,0.0,0.101,28.067,61.848,0.0
2018-07-27 04:30:00,0.363,0.0,0.0,0.0,1.27,0.587,0.847,0.31,0.941,0.361,0.0,0.0,0.0,0.0,4.679,0.0,0.113,28.107,61.845,0.0
2018-07-27 04:45:00,0.529,0.0,0.0,0.0,1.273,0.751,0.849,0.456,0.943,0.528,0.0,0.0,0.0,0.0,5.329,0.0,0.081,28.26,61.91,0.0
2018-07-27 05:00:00,0.458,0.0,0.0,0.0,1.286,0.684,0.863,0.396,0.955,0.456,0.0,0.0,0.0,0.0,5.097,0.0,0.081,28.487,61.952,0.0
2018-07-27 05:15:00,0.448,0.0,0.0,0.0,1.274,0.669,0.853,0.385,0.943,0.444,0.0,0.0,0.0,0.0,5.017,0.0,0.105,28.687,61.971,0.0
2018-07-27 05:30:00,0.475,0.039,0.0,0.0,1.277,0.699,0.855,0.411,0.946,0.473,0.0,0.0,0.0,0.0,5.175,0.0,0.119,28.807,62.145,0.0
2018-07-27 05:45:00,0.0,0.24,0.0,0.0,1.248,0.24,0.83,0.0,0.919,0.0,0.0,0.0,0.0,0.0,3.477,0.0,0.082,28.26,62.193,0.0
2018-07-27 06:00:00,0.0,1.107,0.82,0.907,0.0,0.237,0.0,0.0,0.0,0.0,0.0,0.0,0.0,0.0,3.072,0.0,0.085,28.101,62.375,0.0
2018-07-27 06:15:00,0.001,1.146,0.859,0.955,0.0,0.237,0.0,0.0,0.0,0.0,0.0,0.0,0.0,0.0,3.199,0.0,0.105,28.109,62.169,0.0
2018-07-27 06:30:00,0.001,1.153,0.866,0.965,0.0,0.237,0.0,0.0,0.0,0.0,0.0,0.0,0.0,0.0,3.222,0.0,0.12,28.125,62.245,0.0
2018-07-27 06:45:00,0.0,1.155,0.865,0.969,0.0,0.24,0.0,0.0,0.0,0.0,0.0,0.0,0.0,0.0,3.229,0.0,0.087,28.156,62.267,0.0
2018-07-27 07:00:00,0.001,1.146,0.854,0.961,0.0,0.241,0.0,0.0,0.0,0.0,0.0,0.0,0.0,0.0,3.202,0.0,0.086,28.173,62.266,0.0
2018-07-27 07:15:00,0.0,1.149,0.856,0.961,0.0,0.247,0.0,0.0,0.0,0.0,0.0,0.0,0.0,0.0,3.213,0.0,0.103,28.191,62.281,0.0
2018-07-27 07:30:00,4.323,1.155,0.862,0.968,0.0,0.242,0.0,0.0,0.0,0.0,0.0,0.0,0.0,0.0,7.55,0.0,0.121,28.103,62.757,0.0
2018-07-27 07:45:00,16.05,1.159,0.883,0.985,0.0,0.24,0.0,0.0,0.0,0.0,0.0,0.0,0.0,0.0,19.316,0.0,0.087,26.751,67.167,0.0
2018-07-27 08:00:00,16.222,1.158,0.885,0.988,0.0,0.237,0.0,0.0,0.0,0.0,0.0,0.0,0.0,0.0,19.49,0.0,0.084,25.737,68.323,0.0
2018-07-27 08:15:00,2.689,1.158,0.876,0.985,0.0,0.238,0.0,0.0,0.0,0.0,0.0,0.0,0.0,0.0,5.946,0.0,0.099,25.914,67.109,0.0
2018-07-27 08:30:00,0.001,1.165,0.876,0.985,0.0,0.237,0.0,0.0,0.0,0.0,0.0,0.0,0.0,0.0,3.265,0.0,0.12,26.942,63.494,2.533
2018-07-27 08:45:00,0.0,1.174,0.883,0.991,0.0,0.24,0.0,0.0,0.0,0.0,0.0,0.0,0.0,0.0,3.288,0.0,0.087,27.337,61.911,3.0
2018-07-27 09:00:00,0.001,1.177,0.885,0.994,0.0,0.237,0.0,0.0,0.0,0.0,0.0,0.0,0.0,0.0,3.293,0.0,0.085,27.609,61.545,3.0
2018-07-27 09:15:00,0.001,1.173,0.887,0.993,0.0,0.238,0.0,0.0,0.0,0.0,0.0,0.0,0.0,0.0,3.292,0.0,0.106,27.797,61.347,3.0
2018-07-27 09:30:00,0.001,1.175,0.884,0.996,0.0,0.24,0.0,0.0,0.0,0.0,0.0,0.0,0.0,0.0,3.295,0.0,0.117,27.905,61.264,3.0
2018-07-27 09:45:00,0.0,1.189,0.899,1.011,0.0,0.237,0.0,0.0,0.0,0.0,0.0,0.0,0.0,0.0,3.335,0.0,0.087,28.095,61.264,3.0
2018-07-27 10:00:00,0.0,1.203,0.909,1.021,0.0,0.237,0.0,0.0,0.0,0.0,0.0,0.0,0.0,0.0,3.371,0.0,0.088,28.593,61.393,3.0
2018-07-27 10:15:00,0.0,1.209,0.912,1.024,0.0,0.237,0.0,0.0,0.0,0.0,0.0,0.0,0.0,0.0,3.382,0.0,0.113,28.135,61.485,3.0
2018-07-27 10:30:00,0.001,1.204,0.911,1.023,0.0,0.24,0.0,0.0,0.0,0.0,0.0,0.0,0.0,0.0,3.379,0.0,0.116,28.178,61.623,3.0
2018-07-27 10:45:00,0.001,1.203,0.909,1.02,0.0,0.237,0.0,0.0,0.0,0.0,0.0,0.0,0.0,0.0,3.371,0.0,0.087,28.213,61.761,3.0
2018-07-27 11:00:00,0.0,1.207,0.915,1.027,0.0,0.237,0.0,0.0,0.0,0.0,0.0,0.0,0.0,0.0,3.386,0.0,0.089,28.258,61.902,3.0
2018-07-27 11:15:00,0.0,1.216,0.92,1.033,0.0,0.237,0.0,0.0,0.0,0.0,0.0,0.0,0.0,0.0,3.407,0.0,0.111,28.278,62.123,3.0
2018-07-27 11:30:00,0.0,1.213,0.916,1.027,0.0,0.24,0.0,0.0,0.0,0.0,0.0,0.0,0.0,0.0,3.395,0.0,0.116,28.28,62.278,3.0
2018-07-27 11:45:00,0.0,0.746,0.475,0.534,0.841,0.241,0.496,0.0,0.561,0.0,0.0,0.0,0.0,0.0,3.893,0.0,0.085,28.295,62.463,3.0
2018-07-27 12:00:00,0.472,1.015,0.724,0.809,1.386,0.695,0.947,0.403,1.051,0.471,0.0,0.0,0.0,0.0,7.971,0.0,0.084,28.326,62.558,3.0
2018-07-27 12:15:00,0.5,1.242,0.94,1.046,1.417,0.723,0.978,0.424,1.079,0.495,0.0,0.0,0.0,0.0,8.844,0.0,0.113,28.351,62.666,3.0
2018-07-27 12:30:00,0.448,1.039,0.751,0.837,1.401,0.672,0.968,0.381,1.068,0.448,0.0,0.0,0.0,0.0,8.014,0.0,0.118,28.383,62.74,3.0
2018-07-27 12:45:00,0.52,1.046,0.757,0.847,1.386,0.742,0.953,0.442,1.053,0.519,0.0,0.0,0.0,0.0,8.265,0.0,0.086,28.418,63.158,3.0
2018-07-27 13:00:00,0.491,1.25,0.949,1.061,1.409,0.713,0.977,0.417,1.076,0.488,0.0,0.0,0.0,0.0,8.831,0.0,0.087,28.469,63.129,3.0
2018-07-27 13:15:00,0.417,1.043,0.755,0.843,1.416,0.644,0.979,0.356,1.08,0.416,0.0,0.0,0.0,0.0,7.949,0.0,0.105,28.498,63.198,3.0
2018-07-27 13:30:00,0.574,1.045,0.757,0.842,1.405,0.795,0.975,0.492,1.073,0.572,0.0,0.0,0.0,0.0,8.531,0.0,0.12,28.519,63.211,3.0
2018-07-27 13:45:00,0.449,1.045,0.752,0.84,1.42,0.673,0.989,0.384,1.086,0.447,0.0,0.0,0.0,0.0,8.085,0.0,0.097,28.545,63.277,3.0
2018-07-27 14:00:00,0.555,1.042,0.748,0.838,1.411,0.775,0.981,0.473,1.081,0.553,0.0,0.0,0.0,0.0,8.456,0.0,0.085,28.562,63.236,3.0
2018-07-27 14:15:00,0.476,1.042,0.752,0.844,1.426,0.699,0.99,0.405,1.092,0.473,0.0,0.0,0.0,0.0,8.2,0.0,0.091,28.578,63.28,3.0
2018-07-27 14:30:00,0.432,1.139,0.839,0.946,1.425,0.656,0.996,0.368,1.096,0.429,0.0,0.0,0.0,0.0,8.326,0.0,0.124,28.621,63.363,3.0
2018-07-27 14:45:00,0.607,1.144,0.853,0.951,1.403,0.824,0.977,0.519,1.073,0.603,0.0,0.0,0.0,0.0,8.953,0.0,0.105,28.64,63.343,3.0
2018-07-27 15:00:00,0.451,1.043,0.758,0.842,1.404,0.674,0.976,0.385,1.075,0.447,0.0,0.0,0.0,0.0,8.054,0.0,0.086,28.647,63.345,3.0
2018-07-27 15:15:00,0.605,1.045,0.755,0.843,1.425,0.826,0.994,0.517,1.091,0.603,0.0,0.0,0.0,0.0,8.703,0.0,0.086,28.665,63.412,3.0
2018-07-27 15:30:00,0.402,1.044,0.752,0.843,1.392,0.627,0.961,0.34,1.059,0.399,0.0,0.0,0.0,0.0,7.819,0.0,0.12,28.688,63.416,3.0
2018-07-27 15:45:00,0.632,1.037,0.74,0.831,1.389,0.85,0.958,0.542,1.055,0.629,0.0,0.0,0.0,0.0,8.663,0.0,0.111,28.699,63.456,3.0
2018-07-27 16:00:00,0.519,1.032,0.743,0.831,1.399,0.738,0.972,0.445,1.069,0.515,0.0,0.0,0.0,0.0,8.264,0.0,0.086,28.703,63.514,3.0
2018-07-27 16:15:00,0.548,1.041,0.747,0.834,1.397,0.773,0.963,0.471,1.062,0.545,0.0,0.0,0.0,0.0,8.381,0.0,0.086,28.723,63.535,3.0
2018-07-27 16:30:00,0.534,1.024,0.728,0.821,1.381,0.757,0.948,0.459,1.047,0.532,0.0,0.0,0.0,0.0,8.231,0.0,0.115,28.724,63.599,3.0
2018-07-27 16:45:00,0.499,1.021,0.725,0.817,1.375,0.722,0.942,0.425,1.041,0.497,0.0,0.0,0.0,0.0,8.065,0.0,0.12,28.73,63.668,3.0
2018-07-27 17:00:00,0.549,0.986,0.694,0.777,1.372,0.775,0.939,0.471,1.035,0.546,0.0,0.0,0.0,0.0,8.145,0.0,0.09,28.749,63.701,3.0
2018-07-27 17:15:00,0.489,1.042,0.744,0.837,1.389,0.716,0.951,0.416,1.05,0.487,0.0,0.0,0.0,0.0,8.121,0.0,0.085,28.767,63.783,0.8
2018-07-27 17:30:00,0.561,1.019,0.726,0.814,1.361,0.781,0.932,0.478,1.03,0.558,0.0,0.0,0.0,0.0,8.259,0.0,0.105,28.787,63.806,0.0
2018-07-27 17:45:00,0.423,1.012,0.723,0.808,1.349,0.597,0.926,0.361,1.023,0.418,0.0,0.0,0.0,0.0,7.639,0.0,0.121,28.782,63.801,0.0
2018-07-27 18:00:00,0.0,0.943,0.659,0.737,1.357,0.01,0.929,0.0,1.026,0.0,0.0,0.0,0.0,0.0,5.661,0.0,0.093,28.789,63.794,0.0
2018-07-27 18:15:00,0.0,0.425,0.175,0.195,1.31,0.01,0.887,0.0,0.987,0.0,0.0,0.0,0.0,0.0,3.987,0.0,0.08,28.795,63.735,0.0
2018-07-27 18:30:00,0.0,0.446,0.192,0.217,1.301,0.01,0.873,0.0,0.973,0.0,0.0,0.0,0.0,0.0,4.011,0.0,0.093,28.799,63.796,0.0
2018-07-27 18:45:00,0.0,0.559,0.296,0.33,1.313,0.01,0.883,0.0,0.975,0.0,0.0,0.0,0.0,0.0,4.366,0.0,0.122,28.813,63.764,0.0
2018-07-27 19:00:00,0.001,0.406,0.153,0.171,1.325,0.01,0.879,0.0,0.969,0.0,0.0,0.0,0.0,0.0,3.912,0.0,0.099,28.827,63.825,0.0
2018-07-27 19:15:00,0.001,0.442,0.183,0.203,1.305,0.01,0.866,0.0,0.955,0.0,0.0,0.0,0.0,0.0,3.965,0.0,0.085,28.829,63.809,0.0
2018-07-27 19:30:00,0.001,0.494,0.231,0.257,1.313,0.01,0.875,0.0,0.963,0.0,0.0,0.0,0.0,0.0,4.143,0.0,0.09,28.822,63.832,0.0
2018-07-27 19:45:00,0.0,0.531,0.263,0.292,1.318,0.01,0.88,0.0,0.968,0.0,0.0,0.0,0.0,0.0,4.261,0.0,0.123,28.821,63.87,0.0
2018-07-27 20:00:00,0.001,0.349,0.097,0.107,1.312,0.01,0.877,0.0,0.964,0.0,0.0,0.0,0.0,0.0,3.717,0.0,0.107,28.823,63.785,0.0
2018-07-27 20:15:00,0.0,0.606,0.341,0.379,1.316,0.01,0.893,0.0,0.978,0.0,0.0,0.0,0.0,0.0,4.523,0.0,0.084,28.837,63.811,0.0
2018-07-27 20:30:00,0.0,0.483,0.229,0.253,1.305,0.01,0.888,0.0,0.968,0.0,0.0,0.0,0.0,0.0,4.136,0.0,0.083,28.85,63.786,0.0
2018-07-27 20:45:00,0.001,0.41,0.161,0.178,1.3,0.01,0.881,0.0,0.963,0.0,0.0,0.0,0.0,0.0,3.903,0.0,0.114,28.853,63.827,0.0
2018-07-27 21:00:00,0.001,0.529,0.269,0.297,1.315,0.01,0.887,0.0,0.97,0.0,0.0,0.0,0.0,0.0,4.277,0.0,0.121,28.851,63.781,0.0
2018-07-27 21:15:00,0.0,0.445,0.194,0.216,1.295,0.01,0.869,0.0,0.953,0.0,0.0,0.0,0.0,0.0,3.981,0.0,0.084,28.857,63.772,0.0
2018-07-27 21:30:00,0.001,0.419,0.166,0.185,1.301,0.01,0.874,0.0,0.956,0.0,0.0,0.0,0.0,0.0,3.911,0.0,0.083,28.873,63.734,0.0
2018-07-27 21:45:00,0.0,0.385,0.134,0.149,1.302,0.01,0.87,0.0,0.954,0.0,0.0,0.0,0.0,0.0,3.803,0.0,0.105,28.89,63.731,0.0
2018-07-27 22:00:00,0.001,0.442,0.181,0.202,1.318,0.01,0.879,0.0,0.963,0.0,0.0,0.0,0.0,0.0,3.997,0.0,0.121,28.902,63.729,0.0
2018-07-27 22:15:00,0.0,0.385,0.133,0.148,1.284,0.01,0.86,0.0,0.942,0.0,0.0,0.0,0.0,0.0,3.762,0.0,0.087,28.902,63.718,0.0
2018-07-27 22:30:00,0.0,0.463,0.21,0.231,1.295,0.01,0.879,0.0,0.958,0.0,0.0,0.0,0.0,0.0,4.047,0.0,0.078,28.903,63.685,0.0
2018-07-27 22:45:00,0.001,0.461,0.21,0.231,1.292,0.01,0.876,0.0,0.955,0.0,0.0,0.0,0.0,0.0,4.036,0.0,0.099,28.897,63.608,0.0
2018-07-27 23:00:00,0.0,0.43,0.178,0.197,1.302,0.01,0.879,0.0,0.958,0.0,0.0,0.0,0.0,0.0,3.955,0.0,0.121,28.925,63.581,0.0
2018-07-27 23:15:00,0.0,0.402,0.151,0.169,1.286,0.01,0.865,0.0,0.945,0.0,0.0,0.0,0.0,0.0,3.829,0.0,0.1,28.928,63.55,0.0
2018-07-27 23:30:00,0.0,0.455,0.201,0.224,1.285,0.01,0.863,0.0,0.944,0.0,0.0,0.0,0.0,0.0,3.982,0.0,0.085,28.924,63.537,0.0
2018-07-27 23:45:00,0.172,0.154,0.0,0.0,1.281,0.396,0.855,0.145,0.938,0.17,0.0,0.0,0.0,0.0,4.111,0.0,0.085,28.953,63.499,0.0
2018-07-28 00:00:00,0.581,0.0,0.0,0.0,1.285,0.809,0.852,0.501,0.936,0.579,0.0,0.0,0.0,0.0,5.544,0.0,0.121,28.951,63.461,0.0
2018-07-28 00:15:00,0.459,0.0,0.0,0.0,1.261,0.687,0.829,0.397,0.915,0.457,0.0,0.0,0.0,0.0,5.004,0.0,0.115,28.949,63.477,0.0
2018-07-28 00:30:00,0.685,0.0,0.0,0.0,1.261,0.907,0.833,0.595,0.918,0.681,0.0,0.0,0.0,0.0,5.88,0.0,0.081,28.956,63.475,0.0
2018-07-28 00:45:00,0.469,0.0,0.0,0.0,1.261,0.693,0.833,0.405,0.917,0.467,0.0,0.0,0.0,0.0,5.045,0.0,0.083,28.95,63.499,0.0
2018-07-28 01:00:00,0.468,0.0,0.0,0.0,1.266,0.697,0.834,0.405,0.923,0.466,0.0,0.0,0.0,0.0,5.059,0.0,0.109,28.953,63.503,0.0
2018-07-28 01:15:00,0.509,0.0,0.0,0.0,1.248,0.733,0.818,0.438,0.905,0.507,0.0,0.0,0.0,0.0,5.157,0.0,0.121,28.966,63.522,0.0
2018-07-28 01:30:00,0.531,0.0,0.0,0.0,1.259,0.755,0.83,0.457,0.916,0.528,0.0,0.0,0.0,0.0,5.275,0.0,0.102,28.973,63.557,0.0
2018-07-28 01:45:00,0.548,0.0,0.0,0.0,1.267,0.773,0.839,0.472,0.927,0.547,0.0,0.0,0.0,0.0,5.374,0.0,0.083,28.986,63.531,0.0
2018-07-28 02:00:00,0.431,0.0,0.0,0.0,1.254,0.657,0.827,0.371,0.915,0.428,0.0,0.0,0.0,0.0,4.882,0.0,0.084,28.993,63.466,0.0
2018-07-28 02:15:00,0.455,0.0,0.0,0.0,1.254,0.681,0.826,0.393,0.915,0.452,0.0,0.0,0.0,0.0,4.975,0.0,0.121,29.0,63.437,0.0
2018-07-28 02:30:00,0.421,0.0,0.0,0.0,1.25,0.647,0.818,0.361,0.908,0.419,0.0,0.0,0.0,0.0,4.825,0.0,0.113,29.007,63.428,0.0
2018-07-28 02:45:00,0.511,0.0,0.0,0.0,1.277,0.738,0.843,0.439,0.933,0.509,0.0,0.0,0.0,0.0,5.249,0.0,0.082,29.107,63.404,0.0
2018-07-28 03:00:00,0.501,0.0,0.0,0.0,1.254,0.725,0.825,0.431,0.913,0.498,0.0,0.0,0.0,0.0,5.147,0.0,0.084,29.093,63.387,0.0
2018-07-28 03:15:00,0.735,0.0,0.0,0.0,1.27,0.953,0.837,0.633,0.925,0.732,0.0,0.0,0.0,0.0,6.085,0.0,0.113,29.18,63.355,0.0
2018-07-28 03:30:00,0.418,0.0,0.0,0.0,1.269,0.644,0.836,0.357,0.925,0.414,0.0,0.0,0.0,0.0,4.863,0.0,0.12,29.3,63.372,0.0
2018-07-28 03:45:00,0.685,0.0,0.0,0.0,1.267,0.909,0.828,0.589,0.918,0.681,0.0,0.0,0.0,0.0,5.876,0.0,0.085,29.32,63.382,0.0
2018-07-28 04:00:00,0.481,0.0,0.0,0.0,1.264,0.708,0.833,0.421,0.918,0.479,0.0,0.0,0.0,0.0,5.104,0.0,0.083,29.327,63.374,0.0
2018-07-28 04:15:00,0.517,0.0,0.0,0.0,1.258,0.744,0.827,0.448,0.913,0.514,0.0,0.0,0.0,0.0,5.221,0.0,0.101,29.447,63.373,0.0
2018-07-28 04:30:00,0.481,0.0,0.0,0.0,1.27,0.712,0.831,0.416,0.92,0.478,0.0,0.0,0.0,0.0,5.109,0.0,0.123,29.38,63.353,0.0
2018-07-28 04:45:00,0.491,0.0,0.0,0.0,1.258,0.719,0.824,0.425,0.911,0.489,0.0,0.0,0.0,0.0,5.117,0.0,0.115,29.427,63.33,0.0
2018-07-28 05:00:00,0.473,0.0,0.0,0.0,1.259,0.699,0.825,0.406,0.912,0.469,0.0,0.0,0.0,0.0,5.043,0.0,0.083,29.527,63.301,0.0
2018-07-28 05:15:00,0.591,0.0,0.0,0.0,1.253,0.818,0.822,0.513,0.907,0.589,0.0,0.0,0.0,0.0,5.492,0.0,0.084,29.553,63.277,0.0
2018-07-28 05:30:00,0.479,0.035,0.0,0.0,1.279,0.712,0.845,0.419,0.93,0.478,0.0,0.0,0.0,0.0,5.177,0.0,0.105,29.427,63.219,0.0
2018-07-28 05:45:00,0.09,0.302,0.059,0.065,1.274,0.326,0.849,0.078,0.931,0.089,0.0,0.0,0.0,0.0,4.062,0.0,0.12,29.592,63.178,0.0
2018-07-28 06:00:00,0.0,1.073,0.782,0.865,0.033,0.237,0.021,0.0,0.024,0.0,0.0,0.0,0.0,0.0,3.035,0.0,0.111,29.782,63.727,0.0
2018-07-28 06:15:00,0.0,1.148,0.86,0.952,0.0,0.237,0.0,0.0,0.0,0.0,0.0,0.0,0.0,0.0,3.197,0.0,0.087,29.747,63.707,0.0
2018-07-28 06:30:00,0.001,1.147,0.864,0.961,0.0,0.24,0.0,0.0,0.0,0.0,0.0,0.0,0.0,0.0,3.213,0.0,0.089,29.853,63.413,0.0
2018-07-28 06:45:00,0.001,1.147,0.863,0.965,0.0,0.239,0.0,0.0,0.0,0.0,0.0,0.0,0.0,0.0,3.215,0.0,0.112,29.687,63.227,0.0
2018-07-28 07:00:00,0.0,1.152,0.861,0.965,0.0,0.247,0.0,0.0,0.0,0.0,0.0,0.0,0.0,0.0,3.226,0.0,0.121,29.104,63.127,0.0
2018-07-28 07:15:00,0.0,1.151,0.859,0.966,0.0,0.245,0.0,0.0,0.0,0.0,0.0,0.0,0.0,0.0,3.221,0.0,0.109,29.113,63.006,0.0
2018-07-28 07:30:00,0.0,1.148,0.861,0.971,0.0,0.243,0.0,0.0,0.0,0.0,0.0,0.0,0.0,0.0,3.223,0.0,0.087,29.128,62.98,0.0
2018-07-28 07:45:00,0.001,1.156,0.869,0.98,0.0,0.237,0.0,0.0,0.0,0.0,0.0,0.0,0.0,0.0,3.243,0.0,0.087,29.142,63.052,0.0
2018-07-28 08:00:00,0.0,1.159,0.873,0.986,0.0,0.237,0.0,0.0,0.0,0.0,0.0,0.0,0.0,0.0,3.255,0.0,0.117,29.134,63.54,0.0
2018-07-28 08:15:00,0.0,1.161,0.875,0.989,0.0,0.24,0.0,0.0,0.0,0.0,0.0,0.0,0.0,0.0,3.264,0.0,0.12,29.155,63.347,0.0
2018-07-28 08:30:00,0.0,1.169,0.877,0.995,0.0,0.244,0.0,0.0,0.0,0.0,0.0,0.0,0.0,0.0,3.284,0.0,0.105,29.169,63.166,0.0
2018-07-28 08:45:00,0.001,1.174,0.879,0.999,0.0,0.245,0.0,0.0,0.0,0.0,0.0,0.0,0.0,0.0,3.297,0.0,0.087,29.175,63.246,0.0
2018-07-28 09:00:00,0.0,1.173,0.879,1.0,0.0,0.238,0.0,0.0,0.0,0.0,0.0,0.0,0.0,0.0,3.291,0.0,0.088,29.187,63.306,0.0
2018-07-28 09:15:00,0.0,1.173,0.88,1.004,0.0,0.24,0.0,0.0,0.0,0.0,0.0,0.0,0.0,0.0,3.297,0.0,0.119,29.209,63.318,0.0
2018-07-28 09:30:00,0.251,1.183,0.894,1.016,0.0,0.475,0.0,0.209,0.0,0.247,0.0,0.0,0.0,0.0,4.275,0.0,0.119,29.22,63.381,0.0
2018-07-28 09:45:00,0.591,1.194,0.901,1.027,0.0,0.804,0.0,0.497,0.0,0.586,0.0,0.0,0.0,0.0,5.6,0.0,0.087,29.237,63.41,0.0
2018-07-28 10:00:00,0.466,1.195,0.904,1.028,0.0,0.688,0.0,0.397,0.0,0.465,0.0,0.0,0.0,0.0,5.143,0.0,0.087,29.248,63.494,0.0
2018-07-28 10:15:00,0.601,1.211,0.917,1.039,0.0,0.821,0.0,0.512,0.0,0.599,0.0,0.0,0.0,0.0,5.7,0.0,0.106,29.253,63.537,0.0
2018-07-28 10:30:00,0.594,1.213,0.922,1.044,0.0,0.811,0.0,0.505,0.0,0.59,0.0,0.0,0.0,0.0,5.679,0.0,0.121,29.269,63.619,0.0
2018-07-28 10:45:00,0.255,1.204,0.914,1.036,0.0,0.481,0.0,0.215,0.0,0.254,0.0,0.0,0.0,0.0,4.359,0.0,0.095,29.275,63.664,0.0
2018-07-28 11:00:00,0.525,1.209,0.919,1.041,0.0,0.745,0.0,0.446,0.0,0.523,0.0,0.0,0.0,0.0,5.407,0.0,0.088,29.269,63.723,0.0
2018-07-28 11:15:00,0.318,1.213,0.925,1.046,0.0,0.542,0.0,0.27,0.0,0.317,0.0,0.0,0.0,0.0,4.631,0.0,0.093,29.285,63.822,0.0
2018-07-28 11:30:00,0.619,1.219,0.928,1.047,0.0,0.834,0.0,0.529,0.0,0.617,0.0,0.0,0.0,0.0,5.794,0.0,0.125,29.304,63.824,0.0
2018-07-28 11:45:00,0.045,0.862,0.59,0.666,0.779,0.287,0.46,0.038,0.517,0.045,0.0,0.0,0.0,0.0,4.289,0.0,0.108,29.31,63.851,0.0
2018-07-28 12:00:00,0.499,1.037,0.754,0.842,1.39,0.723,0.951,0.426,1.056,0.497,0.0,0.0,0.0,0.0,8.175,0.0,0.085,29.312,63.897,0.0
2018-07-28 12:15:00,0.547,1.22,0.933,1.046,1.394,0.765,0.963,0.466,1.063,0.543,0.0,0.0,0.0,0.0,8.94,0.0,0.085,29.324,63.921,0.0
2018-07-28 12:30:00,0.479,1.041,0.759,0.843,1.391,0.699,0.961,0.409,1.058,0.476,0.0,0.0,0.0,0.0,8.115,0.0,0.117,29.335,63.943,0.0
2018-07-28 12:45:00,0.524,1.236,0.945,1.051,1.399,0.743,0.97,0.446,1.068,0.52,0.0,0.0,0.0,0.0,8.903,0.0,0.119,29.349,64.003,0.0
2018-07-28 13:00:00,0.458,1.221,0.932,1.037,1.4,0.681,0.968,0.391,1.066,0.455,0.0,0.0,0.0,0.0,8.609,0.0,0.087,29.362,64.034,0.0
2018-07-28 13:15:00,0.439,1.023,0.743,0.827,1.38,0.658,0.952,0.373,1.051,0.437,0.0,0.0,0.0,0.0,7.881,0.0,0.085,29.369,64.02,0.0
2018-07-28 13:30:00,0.594,1.029,0.75,0.831,1.391,0.809,0.961,0.509,1.062,0.591,0.0,0.0,0.0,0.0,8.528,0.0,0.106,29.38,63.985,0.0
2018-07-28 13:45:00,0.459,1.235,0.943,1.047,1.391,0.679,0.962,0.395,1.063,0.455,0.0,0.0,0.0,0.0,8.627,0.0,0.121,29.396,63.959,0.0
2018-07-28 14:00:00,0.597,1.024,0.741,0.829,1.395,0.816,0.962,0.512,1.061,0.595,0.0,0.0,0.0,0.0,8.532,0.0,0.099,29.403,63.973,0.0
2018-07-28 14:15:00,0.406,1.245,0.949,1.06,1.415,0.627,0.983,0.345,1.079,0.403,0.0,0.0,0.0,0.0,8.513,0.0,0.085,29.41,64.225,0.0
2018-07-28 14:30:00,0.595,1.037,0.751,0.839,1.395,0.812,0.967,0.511,1.063,0.591,0.0,0.0,0.0,0.0,8.561,0.0,0.089,29.417,64.433,0.0
2018-07-28 14:45:00,0.461,1.029,0.747,0.831,1.393,0.682,0.968,0.395,1.063,0.459,0.0,0.0,0.0,0.0,8.03,0.0,0.124,29.414,64.333,0.0
2018-07-28 15:00:00,0.59,1.233,0.946,1.045,1.404,0.81,0.975,0.508,1.07,0.589,0.0,0.0,0.0,0.0,9.169,0.0,0.111,29.431,64.52,0.0
2018-07-28 15:15:00,0.453,1.02,0.741,0.821,1.363,0.675,0.934,0.388,1.031,0.451,0.0,0.0,0.0,0.0,7.877,0.0,0.084,29.452,64.353,0.0
2018-07-28 15:30:00,0.568,1.209,0.923,1.019,1.389,0.787,0.958,0.489,1.055,0.567,0.0,0.0,0.0,0.0,8.963,0.0,0.084,29.459,64.293,0.0
2018-07-28 15:45:00,0.487,1.063,0.779,0.868,1.399,0.705,0.971,0.421,1.067,0.485,0.0,0.0,0.0,0.0,8.245,0.0,0.116,29.442,64.68,0.0
2018-07-28 16:00:00,0.535,1.242,0.951,1.056,1.413,0.754,0.983,0.459,1.079,0.532,0.0,0.0,0.0,0.0,9.004,0.0,0.12,29.463,64.501,0.0
2018-07-28 16:15:00,0.512,1.025,0.747,0.831,1.377,0.731,0.952,0.441,1.044,0.509,0.0,0.0,0.0,0.0,8.171,0.0,0.092,29.477,64.525,0.0
2018-07-28 16:30:00,0.474,1.243,0.958,1.055,1.409,0.697,0.981,0.409,1.07,0.472,0.0,0.0,0.0,0.0,8.769,0.0,0.084,29.483,64.127,0.0
2018-07-28 16:45:00,0.577,1.025,0.751,0.829,1.394,0.799,0.961,0.497,1.052,0.576,0.0,0.0,0.0,0.0,8.463,0.0,0.097,29.496,64.15,0.0
2018-07-28 17:00:00,0.435,1.235,0.935,1.041,1.394,0.661,0.964,0.377,1.054,0.433,0.0,0.0,0.0,0.0,8.529,0.0,0.123,29.511,64.315,0.0
2018-07-28 17:15:00,0.506,1.209,0.917,1.018,1.395,0.729,0.961,0.435,1.052,0.505,0.0,0.0,0.0,0.0,8.727,0.0,0.107,29.511,64.175,0.0
2018-07-28 17:30:00,0.503,1.045,0.768,0.842,1.371,0.726,0.937,0.435,1.029,0.502,0.0,0.0,0.0,0.0,8.159,0.0,0.085,29.524,64.253,0.0
2018-07-28 17:45:00,0.449,1.219,0.93,1.026,1.393,0.633,0.955,0.387,1.047,0.444,0.0,0.0,0.0,0.0,8.481,0.0,0.085,29.534,64.236,0.0
2018-07-28 18:00:00,0.001,0.961,0.685,0.753,1.362,0.01,0.93,0.0,1.019,0.0,0.0,0.0,0.0,0.0,5.72,0.0,0.115,29.517,64.275,0.0
2018-07-28 18:15:00,0.0,0.452,0.201,0.222,1.322,0.01,0.891,0.0,0.979,0.0,0.0,0.0,0.0,0.0,4.077,0.0,0.12,29.53,64.337,0.0
2018-07-28 18:30:00,0.0,0.508,0.253,0.279,1.322,0.01,0.894,0.0,0.976,0.0,0.0,0.0,0.0,0.0,4.242,0.0,0.12,29.544,64.393,0.0
2018-07-28 18:45:00,0.0,0.46,0.207,0.227,1.33,0.01,0.897,0.0,0.977,0.0,0.0,0.0,0.0,0.0,4.108,0.0,0.119,29.565,64.397,0.0
2018-07-28 19:00:00,0.0,0.581,0.32,0.351,1.329,0.01,0.901,0.0,0.977,0.0,0.0,0.0,0.0,0.0,4.469,0.0,0.083,29.572,64.396,0.0
2018-07-28 19:15:00,0.001,0.499,0.241,0.265,1.324,0.01,0.896,0.0,0.972,0.0,0.0,0.0,0.0,0.0,4.208,0.0,0.084,29.59,64.433,0.0
2018-07-28 19:30:00,0.0,0.617,0.355,0.388,1.324,0.01,0.898,0.0,0.974,0.0,0.0,0.0,0.0,0.0,4.567,0.0,0.097,29.591,64.497,0.0
2018-07-28 19:45:00,0.0,0.499,0.243,0.265,1.33,0.01,0.899,0.0,0.972,0.0,0.0,0.0,0.0,0.0,4.218,0.0,0.123,29.59,64.513,0.0
2018-07-28 20:00:00,0.0,0.497,0.243,0.263,1.321,0.01,0.897,0.0,0.968,0.0,0.0,0.0,0.0,0.0,4.199,0.0,0.12,29.597,64.565,0.0
2018-07-28 20:15:00,0.0,0.525,0.269,0.292,1.321,0.01,0.897,0.0,0.968,0.0,0.0,0.0,0.0,0.0,4.282,0.0,0.112,29.593,64.539,0.0
2018-07-28 20:30:00,0.0,0.485,0.229,0.251,1.327,0.01,0.899,0.0,0.97,0.0,0.0,0.0,0.0,0.0,4.171,0.0,0.085,29.595,64.531,0.0
2018-07-28 20:45:00,0.0,0.529,0.27,0.297,1.322,0.01,0.891,0.0,0.963,0.0,0.0,0.0,0.0,0.0,4.282,0.0,0.083,29.606,64.54,0.0
2018-07-28 21:00:00,0.0,0.565,0.305,0.333,1.323,0.01,0.902,0.0,0.973,0.0,0.0,0.0,0.0,0.0,4.411,0.0,0.109,29.621,64.513,0.0
2018-07-28 21:15:00,0.001,0.582,0.324,0.351,1.315,0.01,0.895,0.0,0.965,0.0,0.0,0.0,0.0,0.0,4.444,0.0,0.121,29.63,64.493,0.0
2018-07-28 21:30:00,0.0,0.421,0.171,0.186,1.317,0.01,0.897,0.0,0.965,0.0,0.0,0.0,0.0,0.0,3.969,0.0,0.096,29.632,64.443,0.0
2018-07-28 21:45:00,0.0,0.509,0.251,0.275,1.327,0.01,0.899,0.0,0.971,0.0,0.0,0.0,0.0,0.0,4.242,0.0,0.084,29.643,64.467,0.0
2018-07-28 22:00:00,0.001,0.58,0.32,0.349,1.319,0.01,0.891,0.0,0.965,0.0,0.0,0.0,0.0,0.0,4.434,0.0,0.086,29.651,64.432,0.0
2018-07-28 22:15:00,0.0,0.511,0.25,0.275,1.317,0.01,0.885,0.0,0.957,0.0,0.0,0.0,0.0,0.0,4.205,0.0,0.124,29.632,64.401,0.0
2018-07-28 22:30:00,0.001,0.497,0.239,0.262,1.326,0.01,0.895,0.0,0.968,0.0,0.0,0.0,0.0,0.0,4.199,0.0,0.113,29.64,64.395,0.0
2018-07-28 22:45:00,0.0,0.485,0.231,0.255,1.305,0.01,0.885,0.0,0.957,0.0,0.0,0.0,0.0,0.0,4.128,0.0,0.086,29.65,64.342,0.0
2018-07-28 23:00:00,0.0,0.481,0.226,0.247,1.305,0.01,0.879,0.0,0.951,0.0,0.0,0.0,0.0,0.0,4.099,0.0,0.085,29.654,64.286,0.0
2018-07-28 23:15:00,0.0,0.398,0.149,0.163,1.317,0.01,0.885,0.0,0.961,0.0,0.0,0.0,0.0,0.0,3.882,0.0,0.113,29.701,64.293,0.0
2018-07-28 23:30:00,0.0,0.485,0.228,0.25,1.319,0.01,0.891,0.0,0.963,0.0,0.0,0.0,0.0,0.0,4.145,0.0,0.12,29.721,63.968,0.0
2018-07-28 23:45:00,0.197,0.231,0.066,0.073,1.29,0.432,0.86,0.169,0.936,0.197,0.0,0.0,0.0,0.0,4.451,0.0,0.095,29.672,63.93,0.0
2018-07-29 00:00:00,0.497,0.0,0.0,0.0,1.286,0.727,0.855,0.432,0.931,0.494,0.0,0.0,0.0,0.0,5.222,0.0,0.085,29.676,63.894,0.0
2018-07-29 00:15:00,0.531,0.0,0.0,0.0,1.291,0.758,0.862,0.462,0.938,0.529,0.0,0.0,0.0,0.0,5.371,0.0,0.088,29.682,63.9,0.0
2018-07-29 00:30:00,0.611,0.0,0.0,0.0,1.277,0.837,0.851,0.534,0.929,0.609,0.0,0.0,0.0,0.0,5.647,0.0,0.123,29.705,63.868,0.0
2018-07-29 00:45:00,0.747,0.0,0.0,0.0,1.295,0.97,0.865,0.658,0.944,0.743,0.0,0.0,0.0,0.0,6.221,0.0,0.12,29.701,63.888,0.0
2018-07-29 01:00:00,0.527,0.0,0.0,0.0,1.273,0.75,0.853,0.464,0.931,0.526,0.0,0.0,0.0,0.0,5.324,0.0,0.093,29.699,63.861,0.0
2018-07-29 01:15:00,0.516,0.0,0.0,0.0,1.286,0.745,0.86,0.453,0.938,0.513,0.0,0.0,0.0,0.0,5.311,0.0,0.084,29.693,63.802,0.0
2018-07-29 01:30:00,0.504,0.0,0.0,0.0,1.276,0.731,0.854,0.441,0.931,0.501,0.0,0.0,0.0,0.0,5.237,0.0,0.087,29.7,63.785,0.0
2018-07-29 01:45:00,0.766,0.0,0.0,0.0,1.283,0.984,0.862,0.679,0.937,0.762,0.0,0.0,0.0,0.0,6.273,0.0,0.123,29.7,63.75,0.0
2018-07-29 02:00:00,0.53,0.0,0.0,0.0,1.291,0.761,0.865,0.467,0.943,0.529,0.0,0.0,0.0,0.0,5.385,0.0,0.116,29.726,63.659,0.0
2018-07-29 02:15:00,0.403,0.0,0.0,0.0,1.27,0.632,0.843,0.351,0.922,0.401,0.0,0.0,0.0,0.0,4.822,0.0,0.084,29.707,63.629,0.0
2018-07-29 02:30:00,0.486,0.0,0.0,0.0,1.273,0.715,0.847,0.425,0.925,0.483,0.0,0.0,0.0,0.0,5.155,0.0,0.083,29.714,63.553,0.0
2018-07-29 02:45:00,0.577,0.0,0.0,0.0,1.267,0.801,0.841,0.501,0.921,0.573,0.0,0.0,0.0,0.0,5.481,0.0,0.109,29.727,63.387,0.0
2018-07-29 03:00:00,0.484,0.0,0.0,0.0,1.277,0.71,0.846,0.419,0.931,0.483,0.0,0.0,0.0,0.0,5.151,0.0,0.121,29.719,63.232,0.0
2018-07-29 03:15:00,0.587,0.0,0.0,0.0,1.279,0.817,0.844,0.51,0.928,0.585,0.0,0.0,0.0,0.0,5.55,0.0,0.12,29.713,63.147,0.0
2018-07-29 03:30:00,0.644,0.0,0.0,0.0,1.277,0.867,0.846,0.567,0.927,0.641,0.0,0.0,0.0,0.0,5.77,0.0,0.103,29.735,63.47,0.0
2018-07-29 03:45:00,0.549,0.0,0.0,0.0,1.265,0.773,0.831,0.477,0.915,0.545,0.0,0.0,0.0,0.0,5.355,0.0,0.083,29.752,63.26,0.0
2018-07-29 04:00:00,0.502,0.0,0.0,0.0,1.259,0.728,0.829,0.436,0.913,0.5,0.0,0.0,0.0,0.0,5.167,0.0,0.084,29.749,63.227,0.0
2018-07-29 04:15:00,0.486,0.0,0.0,0.0,1.275,0.718,0.841,0.423,0.923,0.486,0.0,0.0,0.0,0.0,5.153,0.0,0.115,29.745,63.32,0.0
2018-07-29 04:30:00,0.612,0.0,0.0,0.0,1.275,0.84,0.845,0.537,0.925,0.609,0.0,0.0,0.0,0.0,5.643,0.0,0.12,29.76,63.075,0.0
2018-07-29 04:45:00,0.54,0.0,0.0,0.0,1.272,0.766,0.842,0.471,0.923,0.537,0.0,0.0,0.0,0.0,5.352,0.0,0.099,29.761,62.966,0.0
2018-07-29 05:00:00,0.459,0.0,0.0,0.0,1.273,0.689,0.844,0.401,0.925,0.457,0.0,0.0,0.0,0.0,5.048,0.0,0.082,29.748,62.868,0.0
2018-07-29 05:15:00,0.578,0.0,0.0,0.0,1.303,0.809,0.87,0.506,0.948,0.575,0.0,0.0,0.0,0.0,5.589,0.0,0.083,29.77,62.703,0.0
2018-07-29 05:30:00,0.426,0.039,0.0,0.0,1.277,0.657,0.848,0.374,0.927,0.425,0.0,0.0,0.0,0.0,4.975,0.0,0.121,29.763,62.614,0.0
2018-07-29 05:45:00,0.0,0.24,0.0,0.0,1.261,0.237,0.837,0.0,0.917,0.0,0.0,0.0,0.0,0.0,3.491,0.0,0.12,29.768,62.536,0.0
2018-07-29 06:00:00,0.0,1.101,0.813,0.898,0.0,0.237,0.0,0.0,0.0,0.0,0.0,0.0,0.0,0.0,3.05,0.0,0.091,29.774,62.487,0.0
2018-07-29 06:15:00,0.001,1.126,0.845,0.933,0.0,0.24,0.0,0.0,0.0,0.0,0.0,0.0,0.0,0.0,3.144,0.0,0.084,29.764,62.377,0.0
2018-07-29 06:30:00,0.001,1.155,0.873,0.968,0.0,0.237,0.0,0.0,0.0,0.0,0.0,0.0,0.0,0.0,3.235,0.0,0.094,29.758,62.258,0.0
2018-07-29 06:45:00,0.0,1.127,0.855,0.953,0.0,0.237,0.0,0.0,0.0,0.0,0.0,0.0,0.0,0.0,3.171,0.0,0.122,29.785,62.33,0.0
2018-07-29 07:00:00,0.0,1.151,0.877,0.972,0.0,0.24,0.0,0.0,0.0,0.0,0.0,0.0,0.0,0.0,3.24,0.0,0.11,29.782,61.972,0.0
2018-07-29 07:15:00,0.0,1.159,0.879,0.978,0.0,0.237,0.0,0.0,0.0,0.0,0.0,0.0,0.0,0.0,3.253,0.0,0.087,29.774,61.856,0.0
2018-07-29 07:30:00,0.001,1.161,0.878,0.983,0.0,0.237,0.0,0.0,0.0,0.0,0.0,0.0,0.0,0.0,3.259,0.0,0.087,29.783,61.754,0.0
2018-07-29 07:45:00,0.0,1.163,0.879,0.986,0.0,0.242,0.0,0.0,0.0,0.0,0.0,0.0,0.0,0.0,3.27,0.0,0.118,29.81,61.771,0.0
2018-07-29 08:00:00,0.568,1.176,0.895,1.003,0.0,0.785,0.0,0.486,0.0,0.567,0.0,0.0,0.0,0.0,5.48,0.0,0.121,29.859,61.803,0.0
2018-07-29 08:15:00,0.62,1.195,0.916,1.027,0.0,0.831,0.0,0.529,0.0,0.615,0.0,0.0,0.0,0.0,5.733,0.0,0.12,29.857,62.111,0.0
2018-07-29 08:30:00,1.086,1.234,0.951,1.061,0.0,1.275,0.0,0.939,0.0,1.081,0.0,0.0,0.0,0.0,7.628,0.0,0.12,29.873,62.217,0.0
2018-07-29 08:45:00,1.089,1.187,0.903,1.016,0.0,1.267,0.0,0.939,0.0,1.085,0.0,0.0,0.0,0.0,7.486,0.0,0.089,29.877,62.313,0.0
2018-07-29 09:00:00,1.073,1.191,0.911,1.025,0.0,1.247,0.0,0.923,0.0,1.069,0.0,0.0,0.0,0.0,7.438,0.0,0.089,29.873,62.43,0.0
2018-07-29 09:15:00,1.003,1.203,0.924,1.037,0.0,1.171,0.0,0.86,0.0,0.998,0.0,0.0,0.0,0.0,7.195,0.0,0.099,29.901,62.617,0.0
2018-07-29 09:30:00,0.0,1.19,0.912,1.027,0.0,0.235,0.0,0.0,0.0,0.0,0.0,0.0,0.0,0.0,3.364,0.0,0.123,29.929,62.698,0.0
2018-07-29 09:45:00,0.001,1.187,0.903,1.021,0.0,0.237,0.0,0.0,0.0,0.0,0.0,0.0,0.0,0.0,3.349,0.0,0.107,29.931,62.861,0.0
2018-07-29 10:00:00,0.068,1.19,0.909,1.025,0.0,0.305,0.0,0.058,0.0,0.068,0.0,0.0,0.0,0.0,3.622,0.0,0.087,29.927,62.977,0.0
2018-07-29 10:15:00,0.564,1.218,0.937,1.051,0.0,0.778,0.0,0.484,0.0,0.562,0.0,0.0,0.0,0.0,5.594,0.0,0.087,29.946,63.463,0.0
2018-07-29 10:30:00,0.561,1.211,0.931,1.047,0.0,0.774,0.0,0.478,0.0,0.558,0.0,0.0,0.0,0.0,5.559,0.0,0.12,29.945,63.191,0.0
2018-07-29 10:45:00,0.357,1.218,0.94,1.054,0.0,0.577,0.0,0.305,0.0,0.356,0.0,0.0,0.0,0.0,4.806,0.0,0.12,29.957,63.245,0.0
2018-07-29 11:00:00,0.334,1.215,0.937,1.053,0.0,0.558,0.0,0.286,0.0,0.333,0.0,0.0,0.0,0.0,4.716,0.0,0.095,29.965,63.362,0.0
2018-07-29 11:15:00,0.553,1.23,0.95,1.063,0.0,0.769,0.0,0.477,0.0,0.551,0.0,0.0,0.0,0.0,5.593,0.0,0.088,29.976,63.41,0.0
2018-07-29 11:30:00,0.362,1.229,0.95,1.067,0.0,0.583,0.0,0.307,0.0,0.361,0.0,0.0,0.0,0.0,4.859,0.0,0.097,29.993,63.51,0.0
2018-07-29 11:45:00,0.187,0.919,0.651,0.729,0.814,0.419,0.485,0.161,0.549,0.185,0.0,0.0,0.0,0.0,5.097,0.0,0.123,30.013,63.535,0.0
2018-07-29 12:00:00,0.565,1.002,0.72,0.811,1.38,0.778,0.949,0.485,1.063,0.562,0.0,0.0,0.0,0.0,8.314,0.0,0.12,30.24,63.572,0.0
2018-07-29 12:15:00,0.465,1.253,0.963,1.078,1.417,0.684,0.989,0.398,1.1,0.463,0.0,0.0,0.0,0.0,8.811,0.0,0.117,30.393,63.554,0.0
2018-07-29 12:30:00,0.552,1.237,0.947,1.061,1.401,0.769,0.973,0.471,1.083,0.55,0.0,0.0,0.0,0.0,9.042,0.0,0.086,30.62,63.601,0.0
2018-07-29 12:45:00,0.513,1.236,0.944,1.061,1.406,0.733,0.975,0.438,1.087,0.51,0.0,0.0,0.0,0.0,8.902,0.0,0.085,30.787,63.654,0.0
2018-07-29 13:00:00,0.439,1.229,0.939,1.054,1.38,0.657,0.957,0.375,1.066,0.436,0.0,0.0,0.0,0.0,8.531,0.0,0.102,30.8,63.647,0.0
2018-07-29 13:15:00,0.54,1.234,0.943,1.059,1.394,0.752,0.973,0.456,1.08,0.537,0.0,0.0,0.0,0.0,8.969,0.0,0.122,30.78,63.65,0.0
2018-07-29 13:30:00,0.466,1.221,0.931,1.046,1.393,0.685,0.965,0.396,1.074,0.463,0.0,0.0,0.0,0.0,8.639,0.0,0.113,30.74,63.658,0.0
2018-07-29 13:45:00,0.415,1.225,0.932,1.048,1.378,0.635,0.952,0.354,1.061,0.413,0.0,0.0,0.0,0.0,8.412,0.0,0.085,30.74,63.593,0.0
2018-07-29 14:00:00,0.637,1.02,0.739,0.832,1.351,0.847,0.926,0.546,1.037,0.635,0.0,0.0,0.0,0.0,8.571,0.0,0.085,30.673,63.463,0.0
2018-07-29 14:15:00,0.418,1.232,0.937,1.055,1.38,0.637,0.958,0.356,1.067,0.416,0.0,0.0,0.0,0.0,8.455,0.0,0.112,30.72,63.387,0.0
2018-07-29 14:30:00,0.623,1.01,0.729,0.819,1.371,0.836,0.944,0.535,1.056,0.621,0.0,0.0,0.0,0.0,8.544,0.0,0.12,30.754,63.347,0.0
2018-07-29 14:45:00,0.43,1.223,0.935,1.045,1.379,0.65,0.96,0.368,1.065,0.427,0.0,0.0,0.0,0.0,8.483,0.0,0.108,30.708,63.267,0.0
2018-07-29 15:00:00,0.514,1.225,0.939,1.047,1.372,0.728,0.953,0.441,1.057,0.511,0.0,0.0,0.0,0.0,8.788,0.0,0.085,30.365,63.228,0.0
2018-07-29 15:15:00,0.463,0.949,0.676,0.768,1.246,0.676,0.831,0.387,0.939,0.461,0.0,0.0,0.0,0.0,7.395,0.0,0.085,30.117,63.248,0.0
2018-07-29 15:30:00,0.38,0.919,0.645,0.731,1.249,0.598,0.829,0.316,0.935,0.378,0.0,0.0,0.0,0.0,6.98,0.0,0.113,30.11,63.215,0.0
2018-07-29 15:45:00,0.507,0.949,0.678,0.761,1.259,0.72,0.845,0.429,0.95,0.506,0.0,0.0,0.0,0.0,7.605,0.0,0.12,30.101,63.155,0.0
2018-07-29 16:00:00,0.437,0.947,0.669,0.758,1.269,0.65,0.853,0.364,0.957,0.434,0.0,0.0,0.0,0.0,7.338,0.0,0.097,30.313,63.177,0.0
2018-07-29 16:15:00,0.461,0.963,0.685,0.773,1.304,0.677,0.883,0.385,0.986,0.458,0.0,0.0,0.0,0.0,7.575,0.0,0.085,30.6,63.613,0.0
2018-07-29 16:30:00,0.501,0.961,0.685,0.767,1.279,0.716,0.863,0.424,0.965,0.501,0.0,0.0,0.0,0.0,7.663,0.0,0.085,30.787,63.201,0.0
2018-07-29 16:45:00,0.417,0.969,0.689,0.771,1.294,0.635,0.875,0.351,0.976,0.415,0.0,0.0,0.0,0.0,7.393,0.0,0.125,30.478,62.866,0.0
2018-07-29 17:00:00,0.539,0.975,0.691,0.779,1.295,0.751,0.877,0.457,0.978,0.536,0.0,0.0,0.0,0.0,7.88,0.0,0.12,30.577,62.777,0.0
2018-07-29 17:15:00,0.437,0.978,0.695,0.777,1.295,0.657,0.879,0.373,0.974,0.435,0.0,0.0,0.0,0.0,7.499,0.0,0.114,30.78,62.779,0.0
2018-07-29 17:30:00,0.535,0.985,0.712,0.787,1.328,0.751,0.911,0.457,1.003,0.532,0.0,0.0,0.0,0.0,8.002,0.0,0.085,30.707,62.761,0.0
2018-07-29 17:45:00,0.351,1.147,0.857,0.956,1.301,0.536,0.887,0.301,0.98,0.349,0.0,0.0,0.0,0.0,7.666,0.0,0.087,30.207,62.783,0.0
2018-07-29 18:00:00,0.001,0.946,0.665,0.749,1.297,0.01,0.878,0.0,0.973,0.0,0.0,0.0,0.0,0.0,5.519,0.0,0.109,30.4,62.722,0.0
2018-07-29 18:15:00,0.0,0.417,0.167,0.187,1.269,0.01,0.846,0.0,0.943,0.0,0.0,0.0,0.0,0.0,3.839,0.0,0.12,30.181,62.681,0.0
2018-07-29 18:30:00,0.0,0.405,0.154,0.174,1.244,0.01,0.826,0.0,0.919,0.0,0.0,0.0,0.0,0.0,3.732,0.0,0.103,30.125,62.693,0.0
2018-07-29 18:45:00,0.0,0.511,0.25,0.28,1.251,0.01,0.827,0.0,0.917,0.0,0.0,0.0,0.0,0.0,4.045,0.0,0.086,30.121,62.687,0.0
2018-07-29 19:00:00,0.0,0.527,0.265,0.297,1.269,0.01,0.848,0.0,0.933,0.0,0.0,0.0,0.0,0.0,4.15,0.0,0.086,30.119,62.621,0.0
2018-07-29 19:15:00,0.0,0.532,0.265,0.296,1.291,0.01,0.86,0.0,0.944,0.0,0.0,0.0,0.0,0.0,4.197,0.0,0.123,30.125,62.559,0.0
2018-07-29 19:30:00,0.0,0.536,0.27,0.302,1.256,0.01,0.831,0.0,0.915,0.0,0.0,0.0,0.0,0.0,4.121,0.0,0.12,30.13,62.499,0.0
2018-07-29 19:45:00,0.001,0.467,0.213,0.238,1.259,0.01,0.847,0.0,0.928,0.0,0.0,0.0,0.0,0.0,3.963,0.0,0.095,30.129,62.455,0.0
2018-07-29 20:00:00,0.001,0.493,0.237,0.265,1.241,0.01,0.833,0.0,0.911,0.0,0.0,0.0,0.0,0.0,3.991,0.0,0.087,30.119,62.389,0.0
2018-07-29 20:15:00,0.001,0.511,0.253,0.283,1.275,0.01,0.858,0.0,0.936,0.0,0.0,0.0,0.0,0.0,4.126,0.0,0.089,30.119,62.298,0.0
2018-07-29 20:30:00,0.0,0.467,0.213,0.237,1.253,0.01,0.84,0.0,0.917,0.0,0.0,0.0,0.0,0.0,3.937,0.0,0.125,30.171,62.22,0.0
2018-07-29 20:45:00,0.001,0.406,0.155,0.173,1.24,0.01,0.827,0.0,0.905,0.0,0.0,0.0,0.0,0.0,3.717,0.0,0.12,30.106,62.165,0.0
2018-07-29 21:00:00,0.0,0.438,0.185,0.205,1.241,0.01,0.828,0.0,0.902,0.0,0.0,0.0,0.0,0.0,3.809,0.0,0.085,30.125,62.143,0.0
2018-07-29 21:15:00,0.0,0.499,0.241,0.267,1.271,0.01,0.855,0.0,0.927,0.0,0.0,0.0,0.0,0.0,4.071,0.0,0.085,30.125,61.865,0.0
2018-07-29 21:30:00,0.0,0.487,0.229,0.255,1.266,0.01,0.85,0.0,0.924,0.0,0.0,0.0,0.0,0.0,4.021,0.0,0.103,30.117,61.734,0.0
2018-07-29 21:45:00,0.0,0.518,0.253,0.281,1.251,0.01,0.829,0.0,0.907,0.0,0.0,0.0,0.0,0.0,4.049,0.0,0.121,30.121,61.611,0.0
2018-07-29 22:00:00,0.0,0.411,0.161,0.179,1.241,0.01,0.832,0.0,0.909,0.0,0.0,0.0,0.0,0.0,3.743,0.0,0.109,30.116,61.498,0.0
2018-07-29 22:15:00,0.001,0.411,0.159,0.176,1.243,0.01,0.832,0.0,0.91,0.0,0.0,0.0,0.0,0.0,3.741,0.0,0.085,30.116,61.439,0.0
2018-07-29 22:30:00,0.0,0.474,0.22,0.245,1.235,0.01,0.827,0.0,0.903,0.0,0.0,0.0,0.0,0.0,3.914,0.0,0.084,30.13,61.335,0.0
2018-07-29 22:45:00,0.001,0.414,0.165,0.185,1.233,0.01,0.824,0.0,0.903,0.0,0.0,0.0,0.0,0.0,3.735,0.0,0.113,30.13,61.262,0.0
2018-07-29 23:00:00,0.0,0.431,0.179,0.2,1.259,0.01,0.84,0.0,0.92,0.0,0.0,0.0,0.0,0.0,3.839,0.0,0.12,30.13,61.183,0.0
2018-07-29 23:15:00,0.0,0.481,0.225,0.251,1.257,0.01,0.843,0.0,0.925,0.0,0.0,0.0,0.0,0.0,3.993,0.0,0.099,30.13,61.501,0.0
2018-07-29 23:30:00,0.0,0.452,0.197,0.22,1.253,0.01,0.839,0.0,0.921,0.0,0.0,0.0,0.0,0.0,3.893,0.0,0.084,30.117,61.473,0.0
2018-07-29 23:45:00,0.174,0.22,0.068,0.077,1.241,0.399,0.829,0.145,0.91,0.172,0.0,0.0,0.0,0.0,4.236,0.0,0.085,30.117,61.036,0.0
2018-07-30 00:00:00,0.809,0.0,0.0,0.0,1.284,1.023,0.867,0.701,0.948,0.807,0.0,0.0,0.0,0.0,6.439,0.0,0.123,30.128,60.891,0.0
2018-07-30 00:15:00,0.515,0.0,0.0,0.0,1.26,0.736,0.843,0.444,0.925,0.513,0.0,0.0,0.0,0.0,5.237,0.0,0.115,30.135,60.934,0.0
2018-07-30 00:30:00,0.535,0.0,0.0,0.0,1.259,0.755,0.843,0.464,0.924,0.533,0.0,0.0,0.0,0.0,5.313,0.0,0.083,30.14,61.027,0.0
2018-07-30 00:45:00,0.458,0.0,0.0,0.0,1.253,0.683,0.835,0.394,0.918,0.457,0.0,0.0,0.0,0.0,4.997,0.0,0.084,30.141,61.396,0.0
2018-07-30 01:00:00,0.681,0.0,0.0,0.0,1.277,0.903,0.857,0.587,0.937,0.679,0.0,0.0,0.0,0.0,5.922,0.0,0.11,30.15,61.175,0.0
2018-07-30 01:15:00,0.612,0.0,0.0,0.0,1.27,0.832,0.851,0.534,0.933,0.609,0.0,0.0,0.0,0.0,5.641,0.0,0.12,30.159,61.29,0.0
2018-07-30 01:30:00,0.563,0.0,0.0,0.0,1.27,0.789,0.851,0.491,0.93,0.563,0.0,0.0,0.0,0.0,5.456,0.0,0.096,30.15,61.423,0.0
2018-07-30 01:45:00,0.662,0.0,0.0,0.0,1.283,0.888,0.856,0.571,0.937,0.659,0.0,0.0,0.0,0.0,5.856,0.0,0.084,30.148,61.477,0.0
2018-07-30 02:00:00,0.561,0.0,0.0,0.0,1.26,0.788,0.835,0.48,0.917,0.557,0.0,0.0,0.0,0.0,5.397,0.0,0.087,30.142,61.543,0.0
2018-07-30 02:15:00,0.537,0.0,0.0,0.0,1.261,0.765,0.836,0.465,0.917,0.534,0.0,0.0,0.0,0.0,5.315,0.0,0.123,30.162,61.573,0.0
2018-07-30 02:30:00,0.547,0.0,0.0,0.0,1.272,0.773,0.843,0.472,0.927,0.544,0.0,0.0,0.0,0.0,5.379,0.0,0.12,30.151,61.603,0.0
2018-07-30 02:45:00,0.573,0.0,0.0,0.0,1.269,0.802,0.84,0.494,0.923,0.57,0.0,0.0,0.0,0.0,5.47,0.0,0.089,30.15,61.616,0.0
2018-07-30 03:00:00,0.523,0.0,0.0,0.0,1.285,0.757,0.849,0.45,0.931,0.521,0.0,0.0,0.0,0.0,5.317,0.0,0.084,30.168,61.595,0.0
2018-07-30 03:15:00,0.536,0.0,0.0,0.0,1.27,0.769,0.837,0.463,0.92,0.534,0.0,0.0,0.0,0.0,5.329,0.0,0.095,30.163,61.591,0.0
2018-07-30 03:30:00,0.533,0.0,0.0,0.0,1.261,0.761,0.837,0.459,0.919,0.529,0.0,0.0,0.0,0.0,5.298,0.0,0.122,30.147,61.588,0.0
2018-07-30 03:45:00,0.571,0.0,0.0,0.0,1.29,0.801,0.861,0.495,0.946,0.569,0.0,0.0,0.0,0.0,5.534,0.0,0.117,30.177,61.582,0.0
2018-07-30 04:00:00,0.797,0.0,0.0,0.0,1.279,1.019,0.859,0.698,0.94,0.793,0.0,0.0,0.0,0.0,6.385,0.0,0.083,30.175,61.571,0.0
2018-07-30 04:15:00,0.54,0.0,0.0,0.0,1.279,0.768,0.859,0.471,0.938,0.538,0.0,0.0,0.0,0.0,5.393,0.0,0.084,30.182,61.539,0.0
2018-07-30 04:30:00,0.509,0.0,0.0,0.0,1.274,0.739,0.851,0.442,0.932,0.505,0.0,0.0,0.0,0.0,5.251,0.0,0.106,30.178,61.52,0.0
2018-07-30 04:45:00,0.537,0.0,0.0,0.0,1.277,0.767,0.853,0.467,0.934,0.534,0.0,0.0,0.0,0.0,5.368,0.0,0.117,30.169,61.474,0.0
2018-07-30 05:00:00,0.583,0.0,0.0,0.0,1.261,0.808,0.842,0.507,0.923,0.58,0.0,0.0,0.0,0.0,5.504,0.0,0.105,30.171,61.457,0.0
2018-07-30 05:15:00,0.681,0.0,0.0,0.0,1.28,0.903,0.857,0.593,0.939,0.677,0.0,0.0,0.0,0.0,5.931,0.0,0.083,30.17,61.443,0.0
2018-07-30 05:30:00,0.475,0.042,0.0,0.0,1.277,0.711,0.846,0.413,0.929,0.473,0.0,0.0,0.0,0.0,5.166,0.0,0.083,30.169,61.372,0.0
2018-07-30 05:45:00,0.0,0.243,0.0,0.0,1.227,0.247,0.793,0.0,0.88,0.0,0.0,0.0,0.0,0.0,3.389,0.0,0.122,30.17,61.301,0.0
2018-07-30 06:00:00,0.0,1.069,0.767,0.857,0.018,0.247,0.012,0.0,0.013,0.0,0.0,0.0,0.0,0.0,2.983,0.0,0.12,30.188,61.265,0.0
2018-07-30 06:15:00,0.0,1.128,0.83,0.926,0.0,0.247,0.0,0.0,0.0,0.0,0.0,0.0,0.0,0.0,3.131,0.0,0.085,30.193,61.309,0.0
2018-07-30 06:30:00,0.001,1.129,0.835,0.933,0.0,0.25,0.0,0.0,0.0,0.0,0.0,0.0,0.0,0.0,3.149,0.0,0.087,30.214,61.309,0.0
2018-07-30 06:45:00,0.001,1.129,0.839,0.939,0.0,0.244,0.0,0.0,0.0,0.0,0.0,0.0,0.0,0.0,3.151,0.0,0.104,30.203,61.323,0.0
2018-07-30 07:00:00,0.001,1.133,0.843,0.945,0.0,0.239,0.0,0.0,0.0,0.0,0.0,0.0,0.0,0.0,3.161,0.0,0.123,30.201,61.323,0.0
2018-07-30 07:15:00,0.001,1.141,0.854,0.958,0.0,0.237,0.0,0.0,0.0,0.0,0.0,0.0,0.0,0.0,3.191,0.0,0.12,30.2,61.291,0.0
2018-07-30 07:30:00,0.0,1.149,0.857,0.961,0.0,0.244,0.0,0.0,0.0,0.0,0.0,0.0,0.0,0.0,3.21,0.0,0.12,30.209,61.262,0.0
2018-07-30 07:45:00,0.0,1.153,0.861,0.97,0.0,0.237,0.0,0.0,0.0,0.0,0.0,0.0,0.0,0.0,3.221,0.0,0.119,30.207,61.262,0.0
2018-07-30 08:00:00,0.271,1.164,0.865,0.979,0.0,0.497,0.0,0.225,0.0,0.269,0.0,0.0,0.0,0.0,4.271,0.505,0.089,30.215,61.305,1.733
2018-07-30 08:15:00,0.736,1.177,0.878,0.994,0.0,0.943,0.0,0.622,0.0,0.734,0.0,0.0,0.0,0.0,6.084,0.829,0.087,30.225,61.747,3.0
2018-07-30 08:30:00,0.841,1.174,0.879,0.997,0.0,1.047,0.0,0.719,0.0,0.838,0.0,0.0,0.0,0.0,6.494,0.821,0.098,30.264,62.222,3.0
2018-07-30 08:45:00,1.068,1.201,0.903,1.024,0.0,1.257,0.0,0.914,0.0,1.063,0.0,0.0,0.0,0.0,7.431,0.82,0.125,30.299,62.33,3.0
2018-07-30 09:00:00,1.08,1.197,0.904,1.024,0.0,1.265,0.0,0.927,0.0,1.076,0.0,0.0,0.0,0.0,7.473,0.815,0.12,30.304,62.435,3.0
2018-07-30 09:15:00,0.854,1.197,0.903,1.022,0.0,1.043,0.0,0.728,0.0,0.852,0.0,0.0,0.0,0.0,6.598,0.811,0.121,30.308,62.585,3.0
2018-07-30 09:30:00,0.772,1.186,0.888,1.013,0.0,0.971,0.0,0.659,0.0,0.77,0.0,0.0,0.0,0.0,6.259,0.821,0.098,30.308,62.729,3.0
2018-07-30 09:45:00,0.315,1.175,0.881,1.006,0.0,0.539,0.0,0.267,0.0,0.315,0.0,0.0,0.0,0.0,4.497,0.82,0.089,30.349,62.972,3.0
2018-07-30 10:00:00,0.343,1.194,0.899,1.023,0.0,0.566,0.0,0.29,0.0,0.342,0.0,0.0,0.0,0.0,4.657,0.819,0.089,30.337,63.247,3.0
2018-07-30 10:15:00,0.851,1.203,0.909,1.033,0.0,1.054,0.0,0.729,0.0,0.848,0.0,0.0,0.0,0.0,6.627,0.819,0.126,30.336,63.429,3.0
2018-07-30 10:30:00,1.093,1.205,0.913,1.035,0.0,1.277,0.0,0.941,0.0,1.09,0.0,0.0,0.0,0.0,7.555,0.812,0.121,30.338,63.353,3.0
2018-07-30 10:45:00,1.08,1.223,0.929,1.051,0.0,1.255,0.0,0.929,0.0,1.077,0.0,0.0,0.0,0.0,7.544,0.81,0.089,30.361,63.163,3.0
2018-07-30 11:00:00,0.073,1.209,0.914,1.041,0.0,0.299,0.0,0.063,0.0,0.073,0.0,0.0,0.0,0.0,3.671,0.81,0.089,30.371,62.979,3.0
2018-07-30 11:15:00,0.207,1.21,0.913,1.039,0.0,0.438,0.0,0.177,0.0,0.207,0.0,0.0,0.0,0.0,4.191,0.81,0.101,30.385,62.839,3.0
2018-07-30 11:30:00,0.087,1.212,0.914,1.037,0.0,0.321,0.0,0.074,0.0,0.087,0.0,0.0,0.0,0.0,3.733,0.81,0.124,30.398,62.844,3.0
2018-07-30 11:45:00,0.234,0.961,0.678,0.771,0.731,0.463,0.424,0.199,0.485,0.233,0.0,0.0,0.0,0.0,5.178,0.819,0.113,30.409,62.886,3.0
2018-07-30 12:00:00,0.592,1.01,0.723,0.815,1.369,0.81,0.926,0.507,1.045,0.591,0.0,0.0,0.0,0.0,8.389,0.821,0.087,30.415,62.858,3.0
2018-07-30 12:15:00,0.643,1.22,0.925,1.043,1.397,0.86,0.954,0.547,1.069,0.641,0.0,0.0,0.0,0.0,9.298,0.824,0.088,30.427,62.829,3.0
2018-07-30 12:30:00,0.581,1.217,0.921,1.041,1.372,0.796,0.936,0.491,1.052,0.576,0.0,0.0,0.0,0.0,8.981,0.825,0.112,30.439,62.784,3.0
2018-07-30 12:45:00,0.407,1.117,0.826,0.949,1.285,0.623,0.849,0.335,0.971,0.405,0.0,0.0,0.0,0.0,7.766,0.822,0.122,30.405,62.512,3.0
2018-07-30 13:00:00,0.497,1.117,0.827,0.949,1.27,0.707,0.835,0.405,0.957,0.494,0.0,0.0,0.0,0.0,8.056,0.821,0.12,30.383,62.294,3.0
2018-07-30 13:15:00,0.434,1.158,0.863,0.988,1.339,0.651,0.899,0.355,1.02,0.432,0.0,0.0,0.0,0.0,8.139,0.82,0.12,30.403,62.223,3.0
2018-07-30 13:30:00,0.512,1.172,0.877,1.001,1.323,0.723,0.888,0.423,1.007,0.51,0.0,0.0,0.0,0.0,8.435,0.817,0.12,30.418,62.207,3.0
2018-07-30 13:45:00,0.467,1.171,0.871,0.996,1.314,0.682,0.883,0.388,1.001,0.465,0.0,0.0,0.0,0.0,8.239,0.813,0.095,30.411,62.168,3.0
2018-07-30 14:00:00,0.57,0.933,0.649,0.749,1.279,0.78,0.845,0.473,0.971,0.567,0.0,0.0,0.0,0.0,7.816,0.815,0.087,30.363,62.031,3.0
2018-07-30 14:15:00,0.457,1.084,0.791,0.919,1.224,0.669,0.791,0.372,0.919,0.455,0.0,0.0,0.0,0.0,7.68,0.819,0.088,30.344,61.707,3.0
2018-07-30 14:30:00,0.451,1.067,0.773,0.901,1.223,0.663,0.789,0.367,0.915,0.449,0.0,0.0,0.0,0.0,7.598,0.82,0.125,30.37,61.517,3.0
2018-07-30 14:45:00,0.449,0.903,0.619,0.721,1.227,0.662,0.791,0.366,0.917,0.445,0.0,0.0,0.0,0.0,7.101,0.82,0.12,30.389,61.236,3.0
2018-07-30 15:00:00,0.489,1.083,0.786,0.915,1.252,0.703,0.812,0.399,0.938,0.487,0.0,0.0,0.0,0.0,7.863,0.822,0.12,30.375,60.907,3.0
2018-07-30 15:15:00,0.455,0.917,0.632,0.734,1.243,0.669,0.807,0.374,0.928,0.453,0.0,0.0,0.0,0.0,7.211,0.824,0.097,30.329,60.839,3.0
2018-07-30 15:30:00,0.478,0.916,0.633,0.733,1.255,0.693,0.819,0.397,0.939,0.476,0.0,0.0,0.0,0.0,7.339,0.816,0.085,30.313,60.679,3.0
2018-07-30 15:45:00,0.578,1.136,0.841,0.958,1.266,0.79,0.834,0.483,0.953,0.577,0.0,0.0,0.0,0.0,8.415,0.835,0.087,30.327,60.579,3.0
2018-07-30 16:00:00,0.385,1.101,0.812,0.929,1.284,0.605,0.845,0.317,0.965,0.383,0.0,0.0,0.0,0.0,7.625,0.332,0.115,30.34,60.43,0.929
2018-07-30 16:15:00,0.369,0.948,0.665,0.76,1.259,0.587,0.821,0.303,0.941,0.366,0.0,0.0,0.0,0.0,7.019,0.0,0.12,30.346,60.371,0.0
2018-07-30 16:30:00,0.489,1.117,0.823,0.941,1.285,0.706,0.847,0.405,0.965,0.488,0.0,0.0,0.0,0.0,8.065,0.0,0.095,30.332,60.247,0.0
2018-07-30 16:45:00,0.477,0.962,0.678,0.774,1.283,0.697,0.847,0.399,0.965,0.475,0.0,0.0,0.0,0.0,7.557,0.0,0.081,30.326,60.289,0.0
2018-07-30 17:00:00,0.399,0.976,0.695,0.794,1.293,0.619,0.856,0.331,0.977,0.397,0.0,0.0,0.0,0.0,7.338,0.0,0.087,30.324,59.884,0.0
2018-07-30 17:15:00,0.503,1.125,0.833,0.947,1.294,0.715,0.864,0.42,0.98,0.498,0.0,0.0,0.0,0.0,8.179,0.0,0.124,30.31,59.728,0.0
2018-07-30 17:30:00,0.421,1.133,0.841,0.957,1.289,0.638,0.859,0.35,0.974,0.419,0.0,0.0,0.0,0.0,7.881,0.0,0.118,30.299,59.563,0.0
2018-07-30 17:45:00,0.289,0.965,0.685,0.779,1.285,0.469,0.854,0.241,0.971,0.287,0.0,0.0,0.0,0.0,6.823,0.0,0.085,30.295,59.407,0.0
2018-07-30 18:00:00,0.0,0.938,0.655,0.745,1.299,0.01,0.866,0.0,0.983,0.0,0.0,0.0,0.0,0.0,5.495,0.0,0.086,30.293,59.251,0.0
2018-07-30 18:15:00,0.0,0.306,0.062,0.071,1.222,0.01,0.797,0.0,0.912,0.0,0.0,0.0,0.0,0.0,3.38,0.0,0.1,30.309,59.191,0.0
2018-07-30 18:30:00,0.0,0.461,0.204,0.234,1.227,0.01,0.804,0.0,0.914,0.0,0.0,0.0,0.0,0.0,3.854,0.0,0.12,30.331,59.183,0.0
2018-07-30 18:45:00,0.001,0.467,0.211,0.241,1.251,0.01,0.82,0.0,0.932,0.0,0.0,0.0,0.0,0.0,3.932,0.0,0.104,30.324,59.164,0.0
2018-07-30 19:00:00,0.001,0.459,0.203,0.232,1.243,0.01,0.819,0.0,0.925,0.0,0.0,0.0,0.0,0.0,3.892,0.0,0.085,30.299,59.161,0.0
2018-07-30 19:15:00,0.0,0.47,0.214,0.244,1.243,0.01,0.817,0.0,0.926,0.0,0.0,0.0,0.0,0.0,3.925,0.0,0.085,30.283,59.447,0.0
2018-07-30 19:30:00,0.0,0.363,0.114,0.13,1.236,0.01,0.809,0.0,0.916,0.0,0.0,0.0,0.0,0.0,3.578,0.0,0.119,30.278,58.902,0.0
2018-07-30 19:45:00,0.0,0.46,0.203,0.231,1.261,0.01,0.829,0.0,0.937,0.0,0.0,0.0,0.0,0.0,3.931,0.0,0.12,30.282,58.805,0.0
2018-07-30 20:00:00,0.0,0.455,0.2,0.229,1.243,0.01,0.815,0.0,0.923,0.0,0.0,0.0,0.0,0.0,3.875,0.0,0.095,30.291,58.713,0.0
2018-07-30 20:15:00,0.0,0.387,0.135,0.155,1.245,0.01,0.817,0.0,0.924,0.0,0.0,0.0,0.0,0.0,3.673,0.0,0.084,30.282,58.61,0.0
2018-07-30 20:30:00,0.0,0.452,0.197,0.223,1.233,0.01,0.807,0.0,0.909,0.0,0.0,0.0,0.0,0.0,3.831,0.0,0.088,30.28,58.517,0.0
2018-07-30 20:45:00,0.001,0.367,0.117,0.133,1.261,0.01,0.828,0.0,0.933,0.0,0.0,0.0,0.0,0.0,3.649,0.0,0.125,30.259,58.333,0.0
2018-07-30 21:00:00,0.0,0.501,0.24,0.272,1.26,0.01,0.829,0.0,0.932,0.0,0.0,0.0,0.0,0.0,4.043,0.0,0.113,30.264,58.23,0.0
2018-07-30 21:15:00,0.0,0.375,0.124,0.14,1.248,0.01,0.819,0.0,0.92,0.0,0.0,0.0,0.0,0.0,3.635,0.0,0.083,30.285,58.16,0.0
2018-07-30 21:30:00,0.0,0.36,0.107,0.121,1.245,0.01,0.813,0.0,0.914,0.0,0.0,0.0,0.0,0.0,3.569,0.0,0.085,30.299,57.888,0.0
2018-07-30 21:45:00,0.0,0.466,0.202,0.23,1.261,0.01,0.821,0.0,0.924,0.0,0.0,0.0,0.0,0.0,3.914,0.0,0.112,30.311,57.754,0.0
2018-07-30 22:00:00,0.0,0.422,0.168,0.191,1.239,0.01,0.814,0.0,0.915,0.0,0.0,0.0,0.0,0.0,3.759,0.0,0.12,30.285,57.585,0.0
2018-07-30 22:15:00,0.0,0.445,0.191,0.218,1.249,0.01,0.828,0.0,0.933,0.0,0.0,0.0,0.0,0.0,3.875,0.0,0.097,30.264,57.42,0.0
2018-07-30 22:30:00,0.0,0.402,0.151,0.172,1.239,0.01,0.816,0.0,0.923,0.0,0.0,0.0,0.0,0.0,3.713,0.0,0.083,30.264,57.274,0.0
2018-07-30 22:45:00,0.0,0.413,0.162,0.184,1.259,0.01,0.83,0.0,0.938,0.0,0.0,0.0,0.0,0.0,3.796,0.0,0.086,30.281,57.187,0.0
2018-07-30 23:00:00,0.0,0.402,0.149,0.171,1.235,0.01,0.808,0.0,0.916,0.0,0.0,0.0,0.0,0.0,3.691,0.0,0.124,30.273,57.359,0.0
2018-07-30 23:15:00,0.0,0.349,0.101,0.115,1.237,0.01,0.81,0.0,0.915,0.0,0.0,0.0,0.0,0.0,3.537,0.0,0.119,30.283,56.946,0.0
2018-07-30 23:30:00,0.0,0.449,0.191,0.219,1.237,0.01,0.804,0.0,0.912,0.0,0.0,0.0,0.0,0.0,3.822,0.0,0.085,30.306,56.853,0.0
2018-07-30 23:45:00,0.163,0.151,0.0,0.0,1.221,0.393,0.785,0.133,0.896,0.163,0.0,0.0,0.0,0.0,3.905,0.0,0.079,30.301,56.821,0.0
2018-07-31 00:00:00,0.485,0.0,0.0,0.0,1.247,0.703,0.811,0.403,0.921,0.481,0.0,0.0,0.0,0.0,5.051,0.0,0.106,30.323,56.807,0.0
2018-07-31 00:15:00,0.431,0.0,0.0,0.0,1.242,0.652,0.815,0.361,0.922,0.429,0.0,0.0,0.0,0.0,4.852,0.0,0.12,30.326,56.79,0.0
2018-07-31 00:30:00,0.411,0.0,0.0,0.0,1.228,0.631,0.801,0.346,0.91,0.411,0.0,0.0,0.0,0.0,4.738,0.0,0.102,30.307,56.775,0.0
2018-07-31 00:45:00,0.529,0.0,0.0,0.0,1.249,0.747,0.815,0.445,0.925,0.526,0.0,0.0,0.0,0.0,5.235,0.0,0.081,30.313,56.858,0.0
2018-07-31 01:00:00,0.524,0.0,0.0,0.0,1.238,0.74,0.807,0.44,0.915,0.521,0.0,0.0,0.0,0.0,5.185,0.0,0.079,30.308,56.874,0.0
2018-07-31 01:15:00,0.397,0.0,0.0,0.0,1.236,0.618,0.807,0.334,0.915,0.394,0.0,0.0,0.0,0.0,4.701,0.0,0.121,30.272,57.067,0.0
2018-07-31 01:30:00,0.473,0.0,0.0,0.0,1.227,0.69,0.797,0.397,0.907,0.469,0.0,0.0,0.0,0.0,4.961,0.0,0.117,30.248,57.437,0.0
2018-07-31 01:45:00,0.501,0.0,0.0,0.0,1.239,0.721,0.803,0.421,0.913,0.499,0.0,0.0,0.0,0.0,5.097,0.0,0.078,30.239,57.159,0.0
2018-07-31 02:00:00,0.41,0.0,0.0,0.0,1.225,0.631,0.791,0.344,0.901,0.406,0.0,0.0,0.0,0.0,4.708,0.0,0.083,30.237,57.229,0.0
2018-07-31 02:15:00,0.475,0.0,0.0,0.0,1.223,0.693,0.79,0.395,0.901,0.472,0.0,0.0,0.0,0.0,4.95,0.0,0.105,30.241,57.312,0.0
2018-07-31 02:30:00,0.541,0.0,0.0,0.0,1.242,0.759,0.807,0.453,0.917,0.538,0.0,0.0,0.0,0.0,5.257,0.0,0.121,30.247,57.387,0.0
2018-07-31 02:45:00,0.571,0.0,0.0,0.0,1.26,0.791,0.818,0.479,0.93,0.567,0.0,0.0,0.0,0.0,5.416,0.0,0.105,30.245,57.464,0.0
2018-07-31 03:00:00,0.326,0.0,0.0,0.0,1.235,0.551,0.799,0.272,0.909,0.324,0.0,0.0,0.0,0.0,4.417,0.0,0.084,30.244,57.479,0.0
2018-07-31 03:15:00,0.459,0.0,0.0,0.0,1.247,0.681,0.811,0.385,0.92,0.457,0.0,0.0,0.0,0.0,4.959,0.0,0.081,30.227,57.497,0.0
2018-07-31 03:30:00,0.297,0.0,0.0,0.0,1.243,0.525,0.805,0.249,0.916,0.296,0.0,0.0,0.0,0.0,4.331,0.0,0.113,30.206,57.456,0.0
2018-07-31 03:45:00,0.393,0.0,0.0,0.0,1.258,0.621,0.815,0.331,0.928,0.391,0.0,0.0,0.0,0.0,4.737,0.0,0.12,30.198,57.447,0.0
2018-07-31 04:00:00,0.547,0.0,0.0,0.0,1.251,0.763,0.815,0.457,0.926,0.543,0.0,0.0,0.0,0.0,5.301,0.0,0.094,30.227,57.443,0.0
2018-07-31 04:15:00,0.46,0.0,0.0,0.0,1.243,0.679,0.806,0.385,0.916,0.457,0.0,0.0,0.0,0.0,4.945,0.0,0.083,30.232,57.393,0.0
2018-07-31 04:30:00,0.42,0.0,0.0,0.0,1.244,0.645,0.805,0.352,0.917,0.419,0.0,0.0,0.0,0.0,4.803,0.0,0.083,30.24,57.457,0.0
2018-07-31 04:45:00,0.406,0.0,0.0,0.0,1.219,0.627,0.785,0.336,0.897,0.404,0.0,0.0,0.0,0.0,4.673,0.0,0.12,30.246,57.561,0.0
2018-07-31 05:00:00,0.414,0.0,0.0,0.0,1.224,0.633,0.794,0.345,0.902,0.411,0.0,0.0,0.0,0.0,4.723,0.0,0.12,30.269,57.647,0.0
2018-07-31 05:15:00,0.491,0.0,0.0,0.0,1.227,0.707,0.798,0.411,0.906,0.488,0.0,0.0,0.0,0.0,5.027,0.0,0.119,30.259,57.757,0.0
2018-07-31 05:30:00,0.443,0.03,0.0,0.0,1.245,0.665,0.816,0.373,0.925,0.441,0.0,0.0,0.0,0.0,4.937,0.0,0.085,30.239,57.791,0.0
2018-07-31 05:45:00,0.0,0.24,0.0,0.0,1.207,0.241,0.778,0.0,0.887,0.0,0.0,0.0,0.0,0.0,3.353,0.0,0.08,30.227,57.84,0.0
2018-07-31 06:00:00,0.0,1.015,0.724,0.829,0.056,0.24,0.035,0.0,0.041,0.0,0.0,0.0,0.0,0.0,2.939,0.0,0.097,30.235,57.917,8.733
2018-07-31 06:15:00,0.0,1.096,0.809,0.921,0.0,0.239,0.0,0.0,0.0,0.0,0.0,0.0,0.0,0.0,3.065,0.293,0.123,30.289,58.535,55.467
2018-07-31 06:30:00,0.0,1.101,0.817,0.933,0.0,0.24,0.0,0.0,0.0,0.0,0.0,0.0,0.0,0.0,3.091,0.349,0.182,30.349,58.313,3.0
2018-07-31 06:45:00,0.0,1.108,0.823,0.943,0.0,0.237,0.0,0.0,0.0,0.0,0.0,0.0,0.0,0.0,3.112,0.869,0.191,30.373,58.515,3.0
2018-07-31 07:00:00,0.0,1.11,0.821,0.948,0.0,0.237,0.0,0.0,0.0,0.0,0.0,0.0,0.0,0.0,3.117,1.176,0.225,30.37,59.037,3.0
2018-07-31 07:15:00,0.0,1.122,0.83,0.954,0.0,0.237,0.0,0.0,0.0,0.0,0.0,0.0,0.0,0.0,3.143,1.181,0.263,30.372,59.431,3.0
2018-07-31 07:30:00,4.407,1.133,0.844,0.97,0.0,0.364,0.0,0.109,0.0,0.132,0.0,0.0,0.0,0.0,7.959,1.299,0.285,30.325,59.707,37.6
2018-07-31 07:45:00,17.571,1.197,0.922,1.036,0.0,1.254,0.0,0.919,0.0,1.065,0.0,0.0,0.0,0.0,23.964,1.627,0.373,28.663,61.17,110.909
2018-07-31 08:00:00,17.382,1.186,0.909,1.028,0.0,1.287,0.0,0.955,0.0,1.099,0.0,0.0,0.0,0.0,23.845,1.674,0.399,27.359,63.9,110.2
2018-07-31 08:15:00,17.053,1.195,0.912,1.034,0.0,1.25,0.0,0.914,0.0,1.067,0.0,0.0,0.0,0.0,23.424,1.699,0.618,27.039,63.387,106.467
2018-07-31 08:30:00,17.262,1.187,0.907,1.033,0.0,1.27,0.0,0.938,0.0,1.088,0.0,0.0,0.0,0.0,23.686,1.701,0.711,26.771,63.195,110.538
2018-07-31 08:45:00,17.009,1.178,0.901,1.027,0.0,0.999,0.0,0.7,0.0,0.81,0.0,0.0,0.0,0.0,22.624,1.869,0.647,26.65,63.095,114.0
2018-07-31 09:00:00,16.809,1.162,0.881,1.009,0.0,0.918,0.0,0.627,0.0,0.728,0.0,0.0,0.0,0.0,22.133,1.868,0.549,26.546,62.897,114.267
2018-07-31 09:15:00,17.177,1.181,0.893,1.02,0.0,1.155,0.0,0.829,0.0,0.964,0.0,0.0,0.0,0.0,23.219,1.9,0.544,26.365,62.424,115.267
2018-07-31 09:30:00,17.217,1.173,0.89,1.02,0.0,0.955,0.0,0.651,0.0,0.763,0.0,0.0,0.0,0.0,22.67,1.892,0.583,26.306,62.588,115.0
2018-07-31 09:45:00,16.754,1.193,0.913,1.038,0.0,0.903,0.0,0.606,0.0,0.704,0.0,0.0,0.0,0.0,22.11,1.887,0.657,26.233,63.031,115.0
2018-07-31 10:00:00,16.992,1.175,0.898,1.023,0.0,0.949,0.0,0.654,0.0,0.757,0.0,0.0,0.0,0.0,22.447,1.872,0.622,26.162,63.306,115.0
2018-07-31 10:15:00,16.7,1.185,0.906,1.027,0.0,0.831,0.0,0.543,0.0,0.631,0.0,0.0,0.0,0.0,21.822,1.87,0.535,26.154,63.907,115.0
2018-07-31 10:30:00,16.776,1.179,0.905,1.028,0.0,0.844,0.0,0.56,0.0,0.645,0.0,0.0,0.0,0.0,21.938,1.914,0.481,26.116,64.062,114.545
2018-07-31 10:45:00,17.071,1.172,0.898,1.023,0.0,1.027,0.0,0.715,0.0,0.835,0.0,0.0,0.0,0.0,22.741,1.863,0.505,26.416,64.389,114.6
2018-07-31 11:00:00,16.834,1.188,0.912,1.039,0.0,1.016,0.0,0.708,0.0,0.826,0.0,0.0,0.0,0.0,22.523,1.887,0.654,26.593,64.545,115.0
2018-07-31 11:15:00,17.133,1.181,0.901,1.028,0.0,1.048,0.0,0.736,0.0,0.855,0.0,0.0,0.0,0.0,22.881,1.881,0.516,26.238,66.179,115.133
2018-07-31 11:30:00,17.509,1.184,0.902,1.03,0.0,1.243,0.0,0.913,0.0,1.063,0.0,0.0,0.0,0.0,23.845,2.165,0.507,26.465,65.673,116.6
2018-07-31 11:45:00,16.649,1.209,0.925,1.055,0.783,0.672,0.465,0.398,0.53,0.461,0.0,0.0,0.0,0.0,23.148,2.206,0.51,26.283,64.694,116.533
2018-07-31 12:00:00,16.827,1.22,0.935,1.061,1.381,0.855,0.947,0.557,1.065,0.648,0.0,0.0,0.0,0.0,25.497,2.479,0.532,26.372,63.578,115.933
2018-07-31 12:15:00,16.617,1.22,0.931,1.063,1.401,0.701,0.965,0.409,1.083,0.485,0.0,0.0,0.0,0.0,24.873,2.571,0.625,26.153,63.083,115.333
2018-07-31 12:30:00,16.641,1.219,0.931,1.058,1.381,0.609,0.954,0.331,1.063,0.389,0.0,0.0,0.0,0.0,24.577,2.571,0.544,25.886,63.247,115.4
2018-07-31 12:45:00,16.651,1.225,0.936,1.064,1.396,0.805,0.969,0.501,1.079,0.592,0.0,0.0,0.0,0.0,25.218,2.571,0.572,26.365,63.651,114.2
2018-07-31 13:00:00,17.377,1.224,0.942,1.071,1.379,0.588,0.963,0.316,1.071,0.37,0.0,0.0,0.0,0.0,25.299,2.549,0.984,26.493,64.155,115.6
2018-07-31 13:15:00,17.3,1.217,0.935,1.063,1.38,0.739,0.955,0.442,1.067,0.523,0.0,0.0,0.0,0.0,25.621,2.571,1.105,26.197,64.037,116.4
2018-07-31 13:30:00,17.391,1.223,0.937,1.066,1.382,0.615,0.959,0.333,1.071,0.396,0.0,0.0,0.0,0.0,25.375,2.675,1.091,25.985,63.467,116.733
2018-07-31 13:45:00,17.423,1.233,0.943,1.073,1.389,0.739,0.963,0.443,1.076,0.526,0.0,0.0,0.0,0.0,25.807,2.761,0.773,26.198,63.858,119.0
2018-07-31 14:00:00,17.235,1.235,0.948,1.077,1.397,0.665,0.967,0.375,1.082,0.444,0.0,0.0,0.0,0.0,25.425,2.769,0.678,26.182,64.417,120.0
2018-07-31 14:15:00,17.565,1.241,0.955,1.083,1.385,0.656,0.961,0.369,1.075,0.438,0.0,0.0,0.0,0.0,25.729,2.767,0.789,26.347,63.332,120.067
2018-07-31 14:30:00,17.314,1.24,0.957,1.081,1.406,0.641,0.983,0.359,1.093,0.424,0.0,0.0,0.0,0.0,25.499,2.766,0.675,26.314,62.907,121.067
2018-07-31 14:45:00,17.361,1.249,0.961,1.089,1.405,0.601,0.985,0.323,1.089,0.378,0.0,0.0,0.0,0.0,25.441,2.669,0.853,26.294,63.143,120.0
2018-07-31 15:00:00,17.327,1.24,0.953,1.079,1.427,0.633,0.999,0.347,1.106,0.409,0.0,0.0,0.0,0.0,25.522,2.453,0.738,26.198,62.047,121.333
2018-07-31 15:15:00,16.941,1.231,0.943,1.073,1.389,0.513,0.963,0.242,1.069,0.286,0.0,0.0,0.0,0.0,24.652,2.463,0.791,26.253,61.453,124.133
2018-07-31 15:30:00,17.137,1.225,0.939,1.069,1.389,0.503,0.963,0.233,1.07,0.277,0.0,0.0,0.0,0.0,24.805,2.459,0.591,26.14,61.36,125.733
2018-07-31 15:45:00,17.053,1.231,0.941,1.07,1.391,0.573,0.967,0.295,1.071,0.35,0.0,0.0,0.0,0.0,24.942,2.466,0.578,26.275,61.959,130.333
2018-07-31 16:00:00,17.035,1.223,0.937,1.072,1.399,0.641,0.973,0.355,1.081,0.421,0.0,0.0,0.0,0.0,25.135,2.459,0.516,26.631,61.711,127.385
2018-07-31 16:15:00,17.219,1.235,0.954,1.084,1.393,0.603,0.981,0.325,1.085,0.385,0.0,0.0,0.0,0.0,25.265,2.422,0.587,26.251,62.744,120.667
2018-07-31 16:30:00,16.988,1.239,0.956,1.089,1.391,0.737,0.977,0.445,1.083,0.529,0.0,0.0,0.0,0.0,25.433,2.421,0.611,26.225,62.516,127.6
2018-07-31 16:45:00,12.593,1.234,0.949,1.079,1.395,0.633,0.977,0.349,1.084,0.415,0.0,0.0,0.0,0.0,20.707,2.435,0.549,26.223,62.789,124.0
2018-07-31 17:00:00,0.507,1.223,0.932,1.069,1.411,0.721,0.985,0.423,1.096,0.505,0.0,0.0,0.0,0.0,8.873,2.387,0.41,27.011,59.724,118.4
2018-07-31 17:15:00,0.51,1.022,0.735,0.841,1.366,0.72,0.945,0.424,1.055,0.507,0.0,0.0,0.0,0.0,8.123,2.184,0.279,27.096,58.067,113.933
2018-07-31 17:30:00,0.508,1.211,0.913,1.041,1.366,0.72,0.94,0.423,1.051,0.506,0.0,0.0,0.0,0.0,8.681,2.12,0.303,27.373,59.666,111.267
2018-07-31 17:45:00,0.814,1.203,0.909,1.032,1.385,0.532,0.953,0.294,1.064,0.349,0.0,0.0,0.0,0.463,8.998,2.309,0.216,27.382,60.564,118.733
2018-07-31 18:00:00,1.348,1.014,0.733,0.832,1.344,0.01,0.92,0.0,1.029,0.0,0.0,0.0,0.0,1.344,8.574,2.099,0.175,27.257,62.061,117.067
2018-07-31 18:15:00,0.833,0.416,0.165,0.189,1.307,0.01,0.886,0.0,0.996,0.0,0.0,0.0,0.0,0.83,5.632,1.835,0.157,27.439,63.658,121.333
2018-07-31 18:30:00,0.001,0.488,0.229,0.263,1.3,0.01,0.88,0.0,0.985,0.0,0.0,0.0,0.0,0.0,4.156,1.551,0.159,27.761,64.279,121.091
2018-07-31 18:45:00,0.0,0.487,0.228,0.262,1.321,0.01,0.898,0.0,0.999,0.0,0.0,0.0,0.0,0.0,4.205,1.525,0.159,27.971,63.605,114.867
2018-07-31 19:00:00,0.0,0.614,0.345,0.394,1.31,0.01,0.886,0.0,0.983,0.0,0.0,0.0,0.0,0.0,4.541,0.877,0.045,28.305,61.785,22.923
2018-07-31 19:15:00,0.0,0.519,0.257,0.293,1.311,0.01,0.891,0.0,0.983,0.0,0.0,0.0,0.0,0.0,4.264,0.83,0.031,28.244,61.263,3.0
2018-07-31 19:30:00,0.0,0.553,0.287,0.328,1.324,0.01,0.899,0.0,0.994,0.0,0.0,0.0,0.0,0.0,4.394,0.445,0.047,28.335,60.521,1.4
2018-07-31 19:45:00,0.001,0.439,0.183,0.207,1.33,0.01,0.897,0.0,0.99,0.0,0.0,0.0,0.0,0.0,4.055,0.0,0.071,28.395,60.032,0.0
2018-07-31 20:00:00,0.0,0.48,0.217,0.245,1.315,0.01,0.883,0.0,0.974,0.0,0.0,0.0,0.0,0.0,4.123,0.0,0.059,28.443,59.634,0.0
2018-07-31 20:15:00,0.0,0.364,0.115,0.13,1.287,0.01,0.867,0.0,0.951,0.0,0.0,0.0,0.0,0.0,3.723,0.0,0.031,28.494,59.452,0.0
2018-07-31 20:30:00,0.0,0.444,0.189,0.212,1.292,0.01,0.874,0.0,0.956,0.0,0.0,0.0,0.0,0.0,3.977,0.0,0.031,28.556,59.278,0.0
2018-07-31 20:45:00,0.0,0.436,0.183,0.205,1.3,0.01,0.877,0.0,0.961,0.0,0.0,0.0,0.0,0.0,3.973,0.0,0.058,28.619,59.24,0.0
2018-07-31 21:00:00,0.0,0.375,0.125,0.141,1.273,0.01,0.854,0.0,0.937,0.0,0.0,0.0,0.0,0.0,3.715,0.0,0.07,28.689,58.875,0.0
2018-07-31 21:15:00,0.0,0.379,0.129,0.146,1.266,0.01,0.847,0.0,0.933,0.0,0.0,0.0,0.0,0.0,3.711,0.0,0.037,28.732,58.785,0.0
2018-07-31 21:30:00,0.0,0.488,0.229,0.259,1.298,0.01,0.873,0.0,0.959,0.0,0.0,0.0,0.0,0.0,4.117,0.0,0.031,28.788,58.738,0.0
2018-07-31 21:45:00,0.0,0.377,0.125,0.141,1.281,0.01,0.859,0.0,0.943,0.0,0.0,0.0,0.0,0.0,3.737,0.0,0.043,28.821,58.685,0.0
2018-07-31 22:00:00,0.0,0.385,0.133,0.149,1.277,0.01,0.859,0.0,0.942,0.0,0.0,0.0,0.0,0.0,3.755,0.0,0.07,28.851,58.659,0.0
2018-07-31 22:15:00,0.0,0.464,0.208,0.233,1.279,0.01,0.859,0.0,0.946,0.0,0.0,0.0,0.0,0.0,3.999,0.0,0.049,28.873,58.688,0.0
2018-07-31 22:30:00,0.001,0.361,0.111,0.126,1.275,0.01,0.857,0.0,0.945,0.0,0.0,0.0,0.0,0.0,3.685,0.0,0.031,28.907,58.65,0.0
2018-07-31 22:45:00,0.001,0.463,0.208,0.234,1.288,0.01,0.866,0.0,0.954,0.0,0.0,0.0,0.0,0.0,4.024,0.0,0.032,28.942,58.643,0.0
2018-07-31 23:00:00,0.001,0.347,0.099,0.112,1.271,0.01,0.85,0.0,0.939,0.0,0.0,0.0,0.0,0.0,3.629,0.0,0.07,28.976,58.618,0.0
2018-07-31 23:15:00,0.0,0.463,0.207,0.234,1.279,0.01,0.857,0.0,0.946,0.0,0.0,0.0,0.0,0.0,3.996,0.0,0.064,29.113,58.566,0.0
2018-07-31 23:30:00,0.0,0.411,0.157,0.178,1.277,0.01,0.853,0.0,0.943,0.0,0.0,0.0,0.0,0.0,3.828,0.0,0.036,29.3,58.553,0.0
2018-07-31 23:45:00,0.0,0.205,0.036,0.041,1.277,0.229,0.851,0.0,0.943,0.0,0.0,0.0,0.0,0.0,3.581,0.0,0.04,29.453,58.551,0.0
2018-08-01 00:00:00,0.349,0.0,0.0,0.0,1.27,0.573,0.844,0.293,0.936,0.346,0.0,0.0,0.0,0.0,4.611,0.0,0.059,29.693,58.54,0.0
2018-08-01 00:15:00,0.499,0.0,0.0,0.0,1.285,0.725,0.857,0.425,0.948,0.497,0.0,0.0,0.0,0.0,5.236,0.0,0.07,29.356,58.516,0.0
2018-08-01 00:30:00,0.508,0.0,0.0,0.0,1.288,0.735,0.854,0.431,0.947,0.505,0.0,0.0,0.0,0.0,5.268,0.0,0.036,29.42,58.477,0.0
2018-08-01 00:45:00,0.395,0.0,0.0,0.0,1.268,0.625,0.837,0.334,0.931,0.393,0.0,0.0,0.0,0.0,4.783,0.0,0.032,29.157,58.429,0.0
2018-08-01 01:00:00,0.317,0.0,0.0,0.0,1.266,0.547,0.835,0.266,0.929,0.313,0.0,0.0,0.0,0.0,4.472,0.0,0.044,29.122,58.329,0.0
2018-08-01 01:15:00,0.461,0.0,0.0,0.0,1.284,0.689,0.849,0.393,0.945,0.459,0.0,0.0,0.0,0.0,5.081,0.0,0.07,29.13,58.227,0.0
2018-08-01 01:30:00,0.459,0.0,0.0,0.0,1.282,0.691,0.843,0.39,0.941,0.457,0.0,0.0,0.0,0.0,5.065,0.0,0.063,29.147,58.487,0.0
2018-08-01 01:45:00,0.465,0.0,0.0,0.0,1.279,0.693,0.847,0.395,0.941,0.463,0.0,0.0,0.0,0.0,5.083,0.0,0.031,29.16,58.159,0.0
2018-08-01 02:00:00,0.567,0.0,0.0,0.0,1.265,0.785,0.845,0.486,0.939,0.565,0.0,0.0,0.0,0.0,5.453,0.0,0.031,29.179,57.969,0.0
2018-08-01 02:15:00,0.462,0.0,0.0,0.0,1.261,0.681,0.844,0.393,0.937,0.459,0.0,0.0,0.0,0.0,5.037,0.0,0.052,29.212,57.975,0.0
2018-08-01 02:30:00,0.319,0.0,0.0,0.0,1.254,0.545,0.833,0.27,0.927,0.317,0.0,0.0,0.0,0.0,4.465,0.0,0.07,29.229,58.313,0.0
2018-08-01 02:45:00,0.393,0.0,0.0,0.0,1.245,0.615,0.821,0.33,0.915,0.391,0.0,0.0,0.0,0.0,4.71,0.0,0.044,29.254,58.653,0.0
2018-08-01 03:00:00,0.34,0.0,0.0,0.0,1.24,0.566,0.812,0.286,0.905,0.339,0.0,0.0,0.0,0.0,4.488,0.0,0.035,29.279,58.64,0.0
2018-08-01 03:15:00,0.463,0.0,0.0,0.0,1.255,0.685,0.829,0.392,0.919,0.461,0.0,0.0,0.0,0.0,5.005,0.0,0.033,29.285,58.299,0.0
2018-08-01 03:30:00,0.293,0.0,0.0,0.0,1.262,0.521,0.829,0.247,0.925,0.291,0.0,0.0,0.0,0.0,4.369,0.0,0.071,29.305,58.256,0.0
2018-08-01 03:45:00,0.454,0.0,0.0,0.0,1.26,0.675,0.832,0.384,0.925,0.451,0.0,0.0,0.0,0.0,4.981,0.0,0.057,29.309,58.249,0.0
2018-08-01 04:00:00,0.441,0.0,0.0,0.0,1.259,0.664,0.831,0.375,0.924,0.438,0.0,0.0,0.0,0.0,4.933,0.0,0.031,29.332,58.273,0.0
2018-08-01 04:15:00,0.299,0.0,0.0,0.0,1.253,0.527,0.827,0.253,0.919,0.298,0.0,0.0,0.0,0.0,4.375,0.0,0.031,29.338,58.27,0.0
2018-08-01 04:30:00,0.389,0.0,0.0,0.0,1.259,0.616,0.828,0.328,0.922,0.387,0.0,0.0,0.0,0.0,4.729,0.0,0.062,29.324,58.326,0.0
2018-08-01 04:45:00,0.524,0.0,0.0,0.0,1.254,0.744,0.829,0.447,0.92,0.521,0.0,0.0,0.0,0.0,5.239,0.0,0.067,29.362,58.351,0.0
2018-08-01 05:00:00,0.438,0.0,0.0,0.0,1.255,0.66,0.831,0.37,0.923,0.434,0.0,0.0,0.0,0.0,4.911,0.0,0.03,29.356,58.376,0.0
2018-08-01 05:15:00,0.357,0.0,0.0,0.0,1.27,0.588,0.833,0.301,0.928,0.353,0.0,0.0,0.0,0.0,4.631,0.0,0.031,29.336,58.361,0.0
2018-08-01 05:30:00,0.263,0.025,0.0,0.0,1.257,0.494,0.826,0.223,0.919,0.262,0.0,0.0,0.0,0.0,4.269,0.0,0.051,29.343,58.417,0.0
2018-08-01 05:45:00,0.0,0.304,0.059,0.067,1.254,0.243,0.827,0.0,0.92,0.0,0.0,0.0,0.0,0.0,3.673,0.0,0.07,29.346,58.459,0.0
2018-08-01 06:00:00,0.001,1.043,0.752,0.849,0.049,0.237,0.033,0.0,0.036,0.0,0.0,0.0,0.0,0.0,3.0,0.227,0.123,29.361,58.395,40.867
2018-08-01 06:15:00,0.0,1.126,0.835,0.944,0.0,0.24,0.0,0.0,0.0,0.0,0.0,0.0,0.0,0.0,3.145,0.081,0.04,29.411,58.466,29.2
2018-08-01 06:30:00,0.0,1.137,0.846,0.959,0.0,0.237,0.0,0.0,0.0,0.0,0.0,0.0,0.0,0.0,3.179,0.0,0.05,29.491,58.543,3.0
2018-08-01 06:45:00,0.0,1.144,0.849,0.969,0.0,0.237,0.0,0.0,0.0,0.0,0.0,0.0,0.0,0.0,3.199,0.097,0.08,29.507,58.78,3.0
2018-08-01 07:00:00,0.0,1.144,0.846,0.967,0.0,0.237,0.0,0.0,0.0,0.0,0.0,0.0,0.0,0.0,3.195,0.222,0.089,29.509,59.248,3.0
2018-08-01 07:15:00,0.0,1.142,0.845,0.969,0.0,0.24,0.0,0.0,0.0,0.0,0.0,0.0,0.0,0.0,3.197,0.851,0.076,29.512,59.452,3.0
2018-08-01 07:30:00,4.151,1.145,0.852,0.98,0.0,0.303,0.0,0.059,0.0,0.071,0.0,0.0,0.0,0.0,7.561,1.511,0.159,29.487,59.828,71.267
2018-08-01 07:45:00,17.488,1.149,0.867,0.986,0.0,1.167,0.0,0.833,0.0,0.985,0.0,0.0,0.0,0.0,23.474,1.731,0.405,28.087,62.849,108.333
2018-08-01 08:00:00,17.461,1.148,0.866,0.986,0.0,1.185,0.0,0.857,0.0,1.005,0.0,0.0,0.0,0.0,23.507,1.875,0.845,27.138,65.309,111.733
2018-08-01 08:15:00,17.165,1.137,0.856,0.981,0.0,1.191,0.0,0.867,0.0,1.019,0.0,0.0,0.0,0.0,23.215,1.861,0.471,26.654,64.651,114.2
2018-08-01 08:30:00,16.568,1.131,0.846,0.974,0.0,0.845,0.0,0.558,0.0,0.653,0.0,0.0,0.0,0.0,21.576,1.899,0.559,26.351,64.608,120.067
2018-08-01 08:45:00,17.019,1.137,0.854,0.979,0.0,1.101,0.0,0.792,0.0,0.927,0.0,0.0,0.0,0.0,22.809,2.198,0.546,26.167,65.553,121.4
2018-08-01 09:00:00,17.007,1.139,0.855,0.984,0.0,1.185,0.0,0.865,0.0,1.013,0.0,0.0,0.0,0.0,23.048,2.145,0.787,26.203,67.118,120.8
2018-08-01 09:15:00,17.026,1.131,0.851,0.976,0.0,1.21,0.0,0.894,0.0,1.044,0.0,0.0,0.0,0.0,23.132,2.2,1.048,26.279,67.855,119.6
2018-08-01 09:30:00,17.294,1.161,0.873,1.001,0.0,1.224,0.0,0.903,0.0,1.058,0.0,0.0,0.0,0.0,23.513,2.248,0.957,26.266,67.785,120.733
2018-08-01 09:45:00,17.013,1.162,0.874,1.003,0.0,1.221,0.0,0.901,0.0,1.056,0.0,0.0,0.0,0.0,23.23,2.31,0.943,26.287,67.958,128.308
2018-08-01 10:00:00,17.273,1.168,0.878,1.006,0.0,1.225,0.0,0.903,0.0,1.058,0.0,0.0,0.0,0.0,23.511,2.246,0.979,26.343,67.901,133.267
2018-08-01 10:15:00,18.044,1.163,0.878,1.004,0.0,0.93,0.0,0.635,0.0,0.741,0.0,0.0,1.089,0.0,24.483,2.241,0.786,26.285,67.409,126.4
2018-08-01 10:30:00,17.697,1.175,0.887,1.014,0.0,0.959,0.0,0.659,0.0,0.769,0.0,0.0,0.591,0.0,23.751,2.003,0.53,26.009,66.738,121.0
2018-08-01 10:45:00,16.901,1.179,0.895,1.02,0.0,0.769,0.0,0.491,0.0,0.571,0.0,0.0,0.0,0.0,21.827,2.093,0.535,26.129,66.091,119.267
2018-08-01 11:00:00,17.587,1.188,0.901,1.025,0.0,0.935,0.0,0.632,0.0,0.741,0.0,0.0,0.297,0.0,23.307,2.582,0.728,26.199,65.631,120.267
2018-08-01 11:15:00,18.862,1.194,0.907,1.032,0.0,0.745,0.0,0.463,0.0,0.543,0.0,0.0,1.734,0.0,25.481,2.396,0.833,26.224,64.749,120.0
2018-08-01 11:30:00,18.791,1.201,0.908,1.035,0.0,0.864,0.0,0.564,0.0,0.664,0.0,0.0,1.768,0.0,25.795,2.258,0.629,25.849,65.592,121.923
2018-08-01 11:45:00,18.18,1.221,0.914,1.047,0.767,0.778,0.444,0.473,0.512,0.563,0.0,0.0,1.231,0.0,26.131,2.313,0.729,25.809,65.838,123.0
2018-08-01 12:00:00,16.956,1.231,0.927,1.061,1.376,0.616,0.931,0.334,1.06,0.399,0.0,0.0,0.079,0.0,24.97,2.317,0.686,25.645,65.349,122.385
2018-08-01 12:15:00,16.821,1.233,0.925,1.061,1.371,0.706,0.929,0.41,1.057,0.493,0.0,0.0,0.079,0.0,25.083,2.331,0.605,25.662,65.002,127.083
2018-08-01 12:30:00,16.693,1.234,0.926,1.061,1.389,0.552,0.947,0.274,1.074,0.33,0.0,0.0,0.079,0.0,24.559,2.267,0.611,25.616,65.072,129.214
2018-08-01 12:45:00,17.533,1.243,0.937,1.069,1.401,0.543,0.96,0.265,1.082,0.317,0.0,0.0,0.717,0.0,26.067,2.138,0.659,25.658,65.28,124.077
2018-08-01 13:00:00,18.487,1.248,0.953,1.08,1.394,0.739,0.969,0.445,1.084,0.525,0.0,0.0,0.78,0.0,27.705,2.108,0.762,25.926,66.475,123.231
2018-08-01 13:15:00,17.905,1.251,0.957,1.085,1.394,0.56,0.969,0.289,1.086,0.341,0.0,0.0,0.595,0.0,26.432,2.099,0.616,25.862,65.929,119.571
2018-08-01 13:30:00,17.591,1.252,0.957,1.089,1.393,0.689,0.961,0.401,1.083,0.475,0.0,0.0,0.079,0.0,25.97,2.111,0.729,25.624,64.869,126.571
2018-08-01 13:45:00,17.802,1.256,0.956,1.085,1.425,0.561,0.979,0.284,1.105,0.333,0.0,0.0,0.593,0.0,26.379,2.115,0.731,25.591,64.645,127.933
2018-08-01 14:00:00,17.673,1.246,0.945,1.079,1.401,0.633,0.96,0.347,1.084,0.415,0.0,0.0,0.56,0.0,26.341,2.119,0.699,25.61,64.975,125.667
2018-08-01 14:15:00,17.491,1.233,0.935,1.063,1.399,0.515,0.961,0.245,1.082,0.291,0.0,0.0,0.562,0.0,25.778,2.121,0.681,25.624,65.839,127.133
2018-08-01 14:30:00,16.918,1.233,0.933,1.062,1.389,0.641,0.948,0.356,1.069,0.422,0.0,0.0,0.079,0.0,25.05,2.127,0.6,25.609,65.953,130.733
2018-08-01 14:45:00,17.421,1.233,0.933,1.061,1.405,0.605,0.96,0.32,1.083,0.383,0.0,0.0,0.597,0.0,26.0,2.148,0.733,25.576,65.867,128.308
2018-08-01 15:00:00,17.63,1.253,0.955,1.085,1.387,0.525,0.948,0.251,1.071,0.302,0.0,0.0,0.482,0.0,25.889,2.486,0.705,25.565,65.608,127.231
2018-08-01 15:15:00,17.318,1.25,0.959,1.089,1.378,0.651,0.947,0.366,1.068,0.438,0.0,0.0,0.237,0.0,25.701,2.445,0.692,25.712,66.613,127.692
2018-08-01 15:30:00,17.809,1.25,0.956,1.085,1.407,0.526,0.971,0.253,1.093,0.302,0.0,0.0,0.61,0.0,26.263,2.443,0.803,25.68,65.476,121.133
2018-08-01 15:45:00,17.837,1.263,0.969,1.099,1.391,0.643,0.96,0.36,1.081,0.428,0.0,0.0,0.658,0.0,26.688,2.446,0.785,25.709,66.135,125.267
2018-08-01 16:00:00,17.552,1.265,0.97,1.103,1.412,0.648,0.979,0.366,1.099,0.433,0.0,0.0,0.329,0.0,26.157,2.343,0.754,25.743,65.755,126.6
2018-08-01 16:15:00,17.402,1.273,0.975,1.105,1.411,0.675,0.975,0.389,1.095,0.461,0.0,0.0,0.333,0.0,26.095,2.287,0.641,25.603,64.295,126.733
2018-08-01 16:30:00,17.639,1.259,0.959,1.091,1.426,0.711,0.981,0.414,1.106,0.492,0.0,0.0,0.584,0.0,26.663,2.313,0.63,25.604,64.512,121.933
2018-08-01 16:45:00,13.186,1.268,0.965,1.098,1.407,0.609,0.965,0.324,1.085,0.387,0.0,0.0,0.557,0.0,21.851,2.327,0.634,25.633,63.649,118.0
2018-08-01 17:00:00,2.178,1.243,0.938,1.076,1.394,0.599,0.949,0.315,1.078,0.379,0.0,0.0,0.566,1.234,11.95,2.323,0.46,26.334,60.601,116.8
2018-08-01 17:15:00,1.788,1.226,0.926,1.061,1.384,0.639,0.941,0.349,1.068,0.42,0.0,0.0,0.594,0.774,11.171,2.302,0.369,26.801,60.421,113.333
2018-08-01 17:30:00,0.781,1.217,0.914,1.048,1.365,0.587,0.924,0.307,1.048,0.369,0.0,0.0,0.411,0.0,8.971,2.159,0.327,27.243,60.418,119.667
2018-08-01 17:45:00,0.634,1.212,0.907,1.04,1.366,0.53,0.923,0.279,1.047,0.337,0.0,0.0,0.297,0.0,8.571,1.959,0.35,27.201,60.735,117.733
2018-08-01 18:00:00,0.495,0.977,0.691,0.79,1.354,0.01,0.914,0.0,1.039,0.0,0.0,0.0,0.494,0.0,6.764,1.905,0.319,27.319,61.498,113.4
2018-08-01 18:15:00,0.0,0.313,0.067,0.077,1.353,0.01,0.908,0.0,1.033,0.0,0.0,0.0,0.0,0.0,3.761,1.563,0.289,27.371,61.926,108.467
2018-08-01 18:30:00,0.001,0.498,0.24,0.273,1.331,0.01,0.897,0.0,1.015,0.0,0.0,0.0,0.0,0.0,4.264,1.953,0.158,27.407,62.067,104.067
2018-08-01 18:45:00,0.001,0.432,0.178,0.205,1.321,0.01,0.886,0.0,0.997,0.0,0.0,0.0,0.0,0.0,4.029,1.221,0.085,27.693,61.728,13.667
2018-08-01 19:00:00,0.0,0.463,0.211,0.239,1.317,0.01,0.88,0.0,0.99,0.0,0.0,0.0,0.0,0.0,4.111,1.184,0.067,27.989,61.587,3.0
2018-08-01 19:15:00,0.001,0.376,0.124,0.14,1.314,0.01,0.872,0.0,0.981,0.0,0.0,0.0,0.0,0.0,3.818,1.219,0.033,28.613,60.733,3.0
2018-08-01 19:30:00,0.001,0.484,0.228,0.259,1.305,0.01,0.869,0.0,0.976,0.0,0.0,0.0,0.0,0.0,4.131,1.192,0.033,28.78,60.355,3.0
2018-08-01 19:45:00,0.0,0.487,0.229,0.259,1.319,0.01,0.883,0.0,0.985,0.0,0.0,0.0,0.0,0.0,4.171,1.209,0.055,28.113,60.033,3.0
2018-08-01 20:00:00,0.0,0.365,0.116,0.131,1.3,0.01,0.87,0.0,0.969,0.0,0.0,0.0,0.0,0.0,3.761,0.789,0.07,28.176,59.653,1.8
2018-08-01 20:15:00,0.0,0.359,0.112,0.126,1.307,0.01,0.872,0.0,0.969,0.0,0.0,0.0,0.0,0.0,3.755,0.0,0.045,28.233,59.423,0.0
2018-08-01 20:30:00,0.001,0.338,0.091,0.102,1.283,0.01,0.848,0.0,0.945,0.0,0.0,0.0,0.0,0.0,3.618,0.0,0.031,28.281,59.268,0.0
2018-08-01 20:45:00,0.001,0.365,0.117,0.131,1.288,0.01,0.854,0.0,0.952,0.0,0.0,0.0,0.0,0.0,3.718,0.0,0.031,28.334,59.023,0.0
2018-08-01 21:00:00,0.001,0.354,0.105,0.118,1.287,0.01,0.851,0.0,0.95,0.0,0.0,0.0,0.0,0.0,3.676,0.0,0.071,28.37,58.952,0.0
2018-08-01 21:15:00,0.001,0.243,0.0,0.0,1.286,0.01,0.843,0.0,0.944,0.0,0.0,0.0,0.0,0.0,3.327,0.0,0.059,28.395,58.973,0.0
2018-08-01 21:30:00,0.0,0.356,0.107,0.12,1.28,0.01,0.845,0.0,0.941,0.0,0.0,0.0,0.0,0.0,3.66,0.0,0.031,28.435,58.991,0.0
2018-08-01 21:45:00,0.001,0.363,0.112,0.125,1.282,0.01,0.843,0.0,0.941,0.0,0.0,0.0,0.0,0.0,3.677,0.0,0.032,28.483,58.957,0.0
2018-08-01 22:00:00,0.0,0.368,0.119,0.134,1.284,0.01,0.847,0.0,0.942,0.0,0.0,0.0,0.0,0.0,3.704,0.0,0.059,28.503,59.001,0.0
2018-08-01 22:15:00,0.0,0.372,0.121,0.136,1.295,0.01,0.849,0.0,0.949,0.0,0.0,0.0,0.0,0.0,3.733,0.0,0.07,28.537,58.969,0.0
2018-08-01 22:30:00,0.0,0.365,0.115,0.13,1.285,0.01,0.845,0.0,0.943,0.0,0.0,0.0,0.0,0.0,3.693,0.0,0.033,28.564,58.989,0.0
2018-08-01 22:45:00,0.001,0.343,0.093,0.105,1.288,0.01,0.847,0.0,0.946,0.0,0.0,0.0,0.0,0.0,3.633,0.0,0.03,28.576,58.987,0.0
2018-08-01 23:00:00,0.0,0.35,0.101,0.113,1.285,0.01,0.837,0.0,0.937,0.0,0.0,0.0,0.0,0.0,3.633,0.0,0.046,28.618,58.975,0.0
2018-08-01 23:15:00,0.001,0.333,0.085,0.095,1.267,0.01,0.823,0.0,0.927,0.0,0.0,0.0,0.0,0.0,3.541,0.0,0.07,28.644,58.959,0.0
2018-08-01 23:30:00,0.001,0.273,0.027,0.031,1.267,0.01,0.822,0.0,0.926,0.0,0.0,0.0,0.0,0.0,3.357,0.0,0.044,28.653,58.983,0.0
2018-08-01 23:45:00,0.12,0.263,0.086,0.098,1.27,0.343,0.824,0.1,0.927,0.119,0.0,0.0,0.0,0.0,4.15,0.0,0.03,28.667,59.047,0.0
2018-08-02 00:00:00,0.983,0.0,0.0,0.0,1.271,1.187,0.825,0.84,0.931,0.979,0.0,0.0,0.0,0.0,7.015,0.0,0.034,28.689,58.971,0.0
2018-08-02 00:15:00,0.985,0.0,0.0,0.0,1.251,1.18,0.811,0.845,0.915,0.983,0.0,0.0,0.0,0.0,6.971,0.0,0.071,28.71,58.981,0.0
2018-08-02 00:30:00,1.005,0.0,0.0,0.0,1.257,1.193,0.821,0.867,0.925,1.001,0.0,0.0,0.0,0.0,7.069,0.0,0.059,28.728,58.962,0.0
2018-08-02 00:45:00,0.981,0.0,0.0,0.0,1.249,1.171,0.809,0.838,0.915,0.978,0.0,0.0,0.0,0.0,6.941,0.0,0.031,28.74,58.906,0.0
2018-08-02 01:00:00,0.795,0.0,0.0,0.0,1.267,0.999,0.82,0.681,0.928,0.793,0.0,0.0,0.0,0.0,6.283,0.0,0.031,28.751,58.88,0.0
2018-08-02 01:15:00,0.803,0.0,0.0,0.0,1.265,1.01,0.822,0.695,0.929,0.799,0.0,0.0,0.0,0.0,6.324,0.0,0.056,28.763,58.841,0.0
2018-08-02 01:30:00,0.982,0.0,0.0,0.0,1.257,1.177,0.814,0.845,0.922,0.979,0.0,0.0,0.0,0.0,6.975,0.0,0.068,28.783,58.783,0.0
2018-08-02 01:45:00,0.786,0.0,0.0,0.0,1.253,0.988,0.808,0.676,0.916,0.784,0.0,0.0,0.0,0.0,6.211,0.0,0.03,28.795,58.701,0.0
2018-08-02 02:00:00,0.8,0.0,0.0,0.0,1.275,1.007,0.825,0.687,0.935,0.795,0.0,0.0,0.0,0.0,6.325,0.0,0.031,28.81,58.621,0.0
2018-08-02 02:15:00,0.982,0.0,0.0,0.0,1.263,1.181,0.816,0.844,0.925,0.977,0.0,0.0,0.0,0.0,6.989,0.0,0.051,28.817,58.513,0.0
2018-08-02 02:30:00,0.785,0.0,0.0,0.0,1.273,0.989,0.824,0.672,0.932,0.783,0.0,0.0,0.0,0.0,6.258,0.0,0.07,28.831,58.456,0.0
2018-08-02 02:45:00,0.139,0.0,0.0,0.0,1.261,0.371,0.813,0.119,0.923,0.139,0.0,0.0,0.0,0.0,3.765,0.0,0.036,28.843,58.405,0.0
2018-08-02 03:00:00,0.745,0.0,0.0,0.0,1.271,0.957,0.819,0.633,0.931,0.742,0.0,0.0,0.0,0.0,6.097,0.0,0.03,28.863,58.346,0.0
2018-08-02 03:15:00,0.8,0.0,0.0,0.0,1.256,1.003,0.808,0.674,0.92,0.795,0.0,0.0,0.0,0.0,6.256,0.0,0.045,28.879,58.324,0.0
2018-08-02 03:30:00,0.741,0.0,0.0,0.0,1.257,0.951,0.805,0.631,0.918,0.738,0.0,0.0,0.0,0.0,6.041,0.0,0.075,28.897,58.363,0.0
2018-08-02 03:45:00,0.987,0.0,0.0,0.0,1.259,1.194,0.806,0.845,0.918,0.983,0.0,0.0,0.0,0.0,6.991,0.0,0.052,28.909,58.383,0.0
2018-08-02 04:00:00,0.786,0.0,0.0,0.0,1.263,0.997,0.805,0.668,0.919,0.783,0.0,0.0,0.0,0.0,6.221,0.0,0.031,28.914,58.423,0.0
2018-08-02 04:15:00,0.759,0.0,0.0,0.0,1.261,0.966,0.816,0.643,0.927,0.756,0.0,0.0,0.0,0.0,6.128,0.0,0.03,28.913,58.489,0.0
2018-08-02 04:30:00,0.959,0.0,0.0,0.0,1.247,1.153,0.804,0.815,0.912,0.956,0.0,0.0,0.0,0.0,6.847,0.0,0.064,28.932,58.533,0.0
2018-08-02 04:45:00,0.784,0.0,0.0,0.0,1.243,0.988,0.799,0.669,0.909,0.781,0.0,0.0,0.0,0.0,6.173,0.0,0.063,28.941,58.581,0.0
2018-08-02 05:00:00,0.789,0.0,0.0,0.0,1.258,0.995,0.81,0.673,0.921,0.787,0.0,0.0,0.0,0.0,6.233,0.0,0.031,28.968,58.628,0.0
2018-08-02 05:15:00,0.773,0.0,0.0,0.0,1.241,0.979,0.798,0.659,0.909,0.769,0.0,0.0,0.0,0.0,6.127,0.0,0.031,28.983,58.681,0.0
2018-08-02 05:30:00,0.805,0.033,0.0,0.0,1.238,1.012,0.798,0.684,0.906,0.801,0.0,0.0,0.0,0.0,6.277,0.0,0.054,28.974,58.787,0.0
2018-08-02 05:45:00,0.0,0.319,0.073,0.083,1.273,0.24,0.825,0.0,0.933,0.0,0.0,0.0,0.0,0.0,3.746,0.0,0.07,28.987,58.789,0.0
2018-08-02 06:00:00,0.0,1.047,0.747,0.852,0.037,0.237,0.024,0.0,0.027,0.0,0.0,0.0,0.0,0.0,2.971,0.0,0.101,29.031,58.891,1.0
2018-08-02 06:15:00,0.0,1.121,0.828,0.941,0.0,0.237,0.0,0.0,0.0,0.0,0.0,0.0,0.0,0.0,3.128,0.0,0.055,29.153,59.061,3.0
2018-08-02 06:30:00,0.0,1.122,0.832,0.945,0.0,0.237,0.0,0.0,0.0,0.0,0.0,0.0,0.0,0.0,3.137,0.179,0.081,29.46,59.25,3.0
2018-08-02 06:45:00,0.0,1.123,0.829,0.947,0.0,0.24,0.0,0.0,0.0,0.0,0.0,0.0,0.0,0.0,3.14,0.363,0.147,29.507,59.308,3.0
2018-08-02 07:00:00,0.0,1.124,0.833,0.953,0.0,0.237,0.0,0.0,0.0,0.0,0.0,0.0,0.0,0.0,3.147,0.36,0.157,29.647,59.455,3.0
2018-08-02 07:15:00,0.001,1.129,0.826,0.949,0.0,0.242,0.0,0.0,0.0,0.0,0.0,0.0,0.0,0.0,3.147,0.373,0.275,29.355,59.692,3.0
2018-08-02 07:30:00,4.075,1.129,0.827,0.953,0.0,0.275,0.0,0.027,0.0,0.033,0.0,0.0,0.0,0.0,7.319,0.944,0.307,29.081,59.779,3.0
2018-08-02 07:45:00,17.191,1.143,0.858,0.975,0.0,1.091,0.0,0.761,0.0,0.902,0.0,0.0,0.0,0.0,22.921,1.375,0.36,27.542,62.004,19.4
2018-08-02 08:00:00,17.05,1.138,0.863,0.978,0.0,0.943,0.0,0.64,0.0,0.745,0.0,0.0,0.0,0.0,22.356,1.799,0.461,26.631,64.32,116.933
2018-08-02 08:15:00,17.146,1.155,0.873,0.993,0.0,0.981,0.0,0.672,0.0,0.784,0.0,0.0,0.0,0.0,22.604,2.053,0.658,26.502,65.395,119.727
2018-08-02 08:30:00,16.785,1.151,0.864,0.985,0.0,0.969,0.0,0.662,0.0,0.772,0.0,0.0,0.0,0.0,22.189,2.367,0.649,26.324,64.995,119.533
2018-08-02 08:45:00,17.372,1.167,0.881,1.003,0.0,1.012,0.0,0.707,0.0,0.83,0.0,0.0,0.001,0.0,22.973,2.351,0.585,26.168,64.583,120.467
2018-08-02 09:00:00,18.171,1.175,0.886,1.01,0.0,0.903,0.0,0.607,0.0,0.715,0.0,0.0,0.832,0.0,24.299,2.35,0.688,26.419,64.051,121.8
2018-08-02 09:15:00,18.294,1.181,0.895,1.017,0.0,1.043,0.0,0.733,0.0,0.859,0.0,0.0,0.716,0.0,24.74,2.342,0.635,26.287,64.027,119.067
2018-08-02 09:30:00,17.608,1.187,0.903,1.027,0.0,0.854,0.0,0.564,0.0,0.659,0.0,0.0,0.465,0.0,23.269,2.333,0.623,26.333,63.926,116.667
2018-08-02 09:45:00,17.456,1.194,0.906,1.033,0.0,0.609,0.0,0.343,0.0,0.403,0.0,0.0,0.291,0.0,22.235,2.363,0.587,25.919,63.125,115.5
2018-08-02 10:00:00,17.596,1.203,0.914,1.039,0.0,0.473,0.0,0.215,0.0,0.255,0.0,0.0,0.651,0.0,22.347,2.389,0.596,25.962,63.535,106.333
2018-08-02 10:15:00,17.391,1.195,0.903,1.027,0.0,0.237,0.0,0.0,0.0,0.0,0.0,0.0,0.645,0.0,21.399,2.39,0.581,26.221,63.253,111.133
2018-08-02 10:30:00,16.977,1.196,0.9,1.029,0.0,0.24,0.0,0.0,0.0,0.0,0.0,0.0,0.304,0.0,20.646,2.416,0.561,26.031,62.083,111.462
2018-08-02 10:45:00,16.839,1.194,0.897,1.023,0.0,0.237,0.0,0.0,0.0,0.0,0.0,0.0,0.385,0.0,20.577,2.42,0.647,25.758,62.632,110.333
2018-08-02 11:00:00,17.357,1.197,0.915,1.039,0.0,0.237,0.0,0.0,0.0,0.0,0.0,0.0,0.512,0.0,21.258,2.361,0.718,25.729,62.953,105.733
2018-08-02 11:15:00,17.124,1.191,0.909,1.029,0.0,0.237,0.0,0.0,0.0,0.0,0.0,0.0,0.544,0.0,21.034,2.242,0.59,25.595,62.463,106.6
2018-08-02 11:30:00,17.172,1.197,0.912,1.041,0.0,0.24,0.0,0.0,0.0,0.0,0.0,0.0,0.565,0.0,21.126,2.002,0.485,25.766,63.878,111.867
2018-08-02 11:45:00,16.679,0.584,0.331,0.381,0.566,0.237,0.271,0.0,0.317,0.0,0.0,0.0,0.366,0.0,19.733,2.051,0.451,25.677,63.297,118.2
2018-08-02 12:00:00,17.158,0.737,0.464,0.538,1.081,0.599,0.653,0.319,0.753,0.383,0.0,0.0,0.253,0.0,22.937,2.127,0.5,25.649,63.602,117.467
2018-08-02 12:15:00,16.671,1.18,0.883,1.015,1.364,0.523,0.926,0.249,1.056,0.301,0.0,0.0,0.0,0.0,24.168,2.133,0.441,25.523,62.671,100.933
2018-08-02 12:30:00,16.611,1.054,0.765,0.875,1.37,0.508,0.931,0.235,1.058,0.282,0.0,0.0,0.0,0.0,23.688,2.13,0.503,25.515,63.293,102.867
2018-08-02 12:45:00,17.558,1.233,0.939,1.073,1.375,0.56,0.944,0.283,1.065,0.338,0.0,0.0,0.565,0.0,25.931,2.133,0.39,25.533,63.561,103.333
2018-08-02 13:00:00,17.601,1.229,0.945,1.076,1.353,0.54,0.931,0.269,1.047,0.317,0.0,0.0,0.152,0.0,25.462,2.113,0.513,25.63,63.568,101.533
2018-08-02 13:15:00,18.049,1.221,0.939,1.069,1.366,0.522,0.941,0.251,1.061,0.298,0.0,0.0,0.545,0.0,26.262,2.128,0.469,25.473,62.477,103.3
2018-08-02 13:30:00,17.7,1.229,0.944,1.075,1.377,0.504,0.951,0.236,1.069,0.279,0.0,0.0,0.553,0.0,25.919,2.135,0.407,25.393,62.348,105.8
2018-08-02 13:45:00,17.492,1.231,0.946,1.079,1.374,0.483,0.949,0.217,1.065,0.259,0.0,0.0,0.524,0.0,25.621,2.135,0.539,25.419,62.075,109.867
2018-08-02 14:00:00,17.295,1.217,0.934,1.074,1.355,0.523,0.929,0.252,1.05,0.301,0.0,0.0,0.309,0.0,25.239,2.139,0.481,25.345,61.706,119.077
2018-08-02 14:15:00,17.197,1.218,0.934,1.073,1.376,0.462,0.945,0.195,1.065,0.234,0.0,0.0,0.265,0.0,24.965,2.141,0.591,25.269,61.663,116.6
2018-08-02 14:30:00,17.619,1.225,0.94,1.078,1.373,0.467,0.947,0.203,1.066,0.241,0.0,0.0,0.513,0.0,25.673,2.137,0.501,25.284,61.846,119.571
2018-08-02 14:45:00,17.401,1.021,0.741,0.847,1.358,0.479,0.929,0.213,1.049,0.253,0.0,0.0,0.516,0.0,24.807,2.14,0.638,25.663,61.555,114.583
2018-08-02 15:00:00,17.877,1.227,0.927,1.054,1.371,0.612,0.942,0.33,1.063,0.395,0.0,0.0,0.625,0.0,26.422,2.145,0.621,25.983,62.734,114.4
2018-08-02 15:15:00,17.431,1.233,0.934,1.059,1.389,0.553,0.953,0.276,1.074,0.327,0.0,0.0,0.385,0.0,25.613,2.141,0.618,25.69,64.507,110.467
2018-08-02 15:30:00,17.41,1.235,0.933,1.06,1.377,0.539,0.949,0.265,1.066,0.315,0.0,0.0,0.313,0.0,25.461,2.141,0.573,25.587,65.233,110.2
2018-08-02 15:45:00,17.459,1.231,0.929,1.057,1.389,0.566,0.958,0.288,1.075,0.342,0.0,0.0,0.613,0.0,25.908,2.15,0.651,25.622,65.242,110.923
2018-08-02 16:00:00,17.527,1.232,0.929,1.061,1.385,0.491,0.951,0.221,1.072,0.263,0.0,0.0,0.595,0.0,25.727,2.155,0.533,25.635,65.673,109.867
2018-08-02 16:15:00,16.991,1.227,0.919,1.049,1.363,0.493,0.929,0.222,1.05,0.266,0.0,0.0,0.2,0.0,24.71,2.163,0.529,25.641,65.719,108.933
2018-08-02 16:30:00,17.003,1.232,0.929,1.057,1.374,0.501,0.939,0.231,1.061,0.275,0.0,0.0,0.411,0.0,25.015,2.149,0.455,25.542,65.564,113.077
2018-08-02 16:45:00,12.99,1.234,0.931,1.06,1.367,0.489,0.935,0.221,1.054,0.264,0.0,0.0,0.579,0.0,21.124,2.145,0.453,25.653,65.526,122.333
2018-08-02 17:00:00,1.035,1.019,0.725,0.834,1.37,0.714,0.929,0.413,1.055,0.495,0.0,0.0,0.539,0.0,9.13,2.17,0.374,26.337,63.7,120.4
2018-08-02 17:15:00,0.965,1.01,0.721,0.829,1.362,0.628,0.923,0.337,1.049,0.405,0.0,0.0,0.559,0.0,8.789,1.684,0.297,26.772,63.412,121.556
2018-08-02 17:30:00,0.569,0.999,0.709,0.814,1.351,0.727,0.92,0.431,1.042,0.513,0.0,0.0,0.054,0.0,8.129,1.059,0.245,26.906,62.567,119.667
2018-08-02 17:45:00,0.366,1.011,0.721,0.823,1.355,0.55,0.926,0.305,1.047,0.363,0.0,0.0,0.0,0.0,7.467,1.032,0.211,27.145,63.305,121.733
2018-08-02 18:00:00,0.0,1.0,0.71,0.812,1.388,0.01,0.947,0.0,1.069,0.0,0.0,0.0,0.0,0.0,5.935,1.12,0.213,27.593,63.073,124.2
2018-08-02 18:15:00,0.0,0.24,0.0,0.0,1.325,0.01,0.888,0.0,1.009,0.0,0.0,0.0,0.0,0.0,3.472,0.839,0.209,27.12,63.697,122.867
2018-08-02 18:30:00,0.0,0.24,0.0,0.0,1.311,0.01,0.877,0.0,0.995,0.0,0.0,0.0,0.0,0.0,3.433,0.741,0.079,27.335,63.509,72.267
2018-08-02 18:45:00,0.001,0.367,0.117,0.133,1.308,0.01,0.871,0.0,0.986,0.0,0.0,0.0,0.0,0.0,3.794,1.29,0.065,27.453,62.115,3.0
2018-08-02 19:00:00,0.001,0.425,0.17,0.195,1.331,0.01,0.887,0.0,1.002,0.0,0.0,0.0,0.0,0.0,4.021,0.986,0.066,27.729,61.256,1.556
2018-08-02 19:15:00,0.003,0.351,0.101,0.116,1.325,0.01,0.885,0.0,0.996,0.0,0.0,0.0,0.0,0.0,3.786,0.0,0.037,27.798,60.529,0.0
2018-08-02 19:30:00,0.002,0.345,0.095,0.109,1.296,0.01,0.861,0.0,0.969,0.0,0.0,0.0,0.0,0.0,3.687,0.0,0.039,27.82,60.149,0.0
2018-08-02 19:45:00,0.0,0.359,0.109,0.125,1.299,0.01,0.875,0.0,0.981,0.0,0.0,0.0,0.0,0.0,3.757,0.0,0.056,27.845,59.676,0.0
2018-08-02 20:00:00,0.001,0.24,0.0,0.0,1.305,0.01,0.873,0.0,0.975,0.0,0.0,0.0,0.0,0.0,3.404,0.0,0.069,27.903,59.376,0.0
2018-08-02 20:15:00,0.0,0.337,0.089,0.101,1.293,0.01,0.867,0.0,0.961,0.0,0.0,0.0,0.0,0.0,3.659,0.0,0.035,27.953,59.211,0.0
2018-08-02 20:30:00,0.0,0.24,0.0,0.0,1.273,0.01,0.843,0.0,0.94,0.0,0.0,0.0,0.0,0.0,3.305,0.0,0.037,28.068,58.861,0.0
2018-08-02 20:45:00,0.0,0.24,0.0,0.0,1.275,0.01,0.842,0.0,0.941,0.0,0.0,0.0,0.0,0.0,3.307,0.0,0.053,28.531,58.694,0.0
2018-08-02 21:00:00,0.0,0.24,0.0,0.0,1.289,0.01,0.856,0.0,0.956,0.0,0.0,0.0,0.0,0.0,3.351,0.0,0.07,28.507,58.625,0.0
2018-08-02 21:15:00,0.0,0.369,0.12,0.135,1.293,0.01,0.869,0.0,0.969,0.0,0.0,0.0,0.0,0.0,3.765,0.0,0.039,28.125,58.617,0.0
2018-08-02 21:30:00,0.001,0.24,0.0,0.0,1.266,0.01,0.837,0.0,0.937,0.0,0.0,0.0,0.0,0.0,3.291,0.0,0.039,28.169,58.576,0.0
2018-08-02 21:45:00,0.0,0.344,0.096,0.109,1.271,0.01,0.839,0.0,0.941,0.0,0.0,0.0,0.0,0.0,3.609,0.0,0.049,28.189,58.595,0.0
2018-08-02 22:00:00,0.0,0.357,0.109,0.123,1.281,0.01,0.847,0.0,0.944,0.0,0.0,0.0,0.0,0.0,3.671,0.0,0.071,28.215,58.608,0.0
2018-08-02 22:15:00,0.0,0.24,0.0,0.0,1.263,0.01,0.838,0.0,0.932,0.0,0.0,0.0,0.0,0.0,3.283,0.0,0.042,28.26,58.598,0.0
2018-08-02 22:30:00,0.0,0.333,0.087,0.099,1.265,0.01,0.842,0.0,0.939,0.0,0.0,0.0,0.0,0.0,3.575,0.0,0.035,28.283,58.641,0.0
2018-08-02 22:45:00,0.0,0.24,0.0,0.0,1.263,0.01,0.839,0.0,0.939,0.0,0.0,0.0,0.0,0.0,3.291,0.0,0.041,28.315,58.671,0.0
2018-08-02 23:00:00,0.0,0.369,0.123,0.139,1.28,0.01,0.85,0.0,0.949,0.0,0.0,0.0,0.0,0.0,3.72,0.0,0.07,28.351,58.701,0.0
2018-08-02 23:15:00,0.0,0.24,0.0,0.0,1.261,0.01,0.839,0.0,0.938,0.0,0.0,0.0,0.0,0.0,3.288,0.0,0.047,28.379,58.675,0.0
2018-08-02 23:30:00,0.001,0.349,0.101,0.115,1.262,0.01,0.839,0.0,0.938,0.0,0.0,0.0,0.0,0.0,3.615,0.0,0.035,28.4,58.672,0.0
2018-08-02 23:45:00,0.0,0.155,0.0,0.0,1.277,0.234,0.849,0.0,0.948,0.0,0.0,0.0,0.0,0.0,3.463,0.0,0.038,28.414,58.721,0.0
2018-08-03 00:00:00,0.934,0.0,0.0,0.0,1.26,1.129,0.834,0.793,0.934,0.928,0.0,0.0,0.0,0.0,6.813,0.0,0.073,28.425,58.702,0.0
2018-08-03 00:15:00,0.965,0.0,0.0,0.0,1.26,1.164,0.833,0.829,0.933,0.963,0.0,0.0,0.0,0.0,6.946,0.0,0.057,28.45,58.649,0.0
2018-08-03 00:30:00,0.959,0.0,0.0,0.0,1.257,1.157,0.828,0.824,0.928,0.956,0.0,0.0,0.0,0.0,6.909,0.0,0.035,28.466,58.585,0.0
2018-08-03 00:45:00,0.769,0.0,0.0,0.0,1.265,0.975,0.831,0.66,0.932,0.765,0.0,0.0,0.0,0.0,6.197,0.0,0.034,28.519,58.427,0.0
2018-08-03 01:00:00,0.594,0.0,0.0,0.0,1.25,0.809,0.822,0.511,0.924,0.589,0.0,0.0,0.0,0.0,5.499,0.0,0.065,28.541,58.401,0.0
2018-08-03 01:15:00,0.0,0.0,0.0,0.0,1.252,0.237,0.823,0.0,0.925,0.0,0.0,0.0,0.0,0.0,3.237,0.0,0.061,28.544,58.448,0.0
2018-08-03 01:30:00,0.314,0.0,0.0,0.0,1.263,0.541,0.834,0.265,0.937,0.314,0.0,0.0,0.0,0.0,4.467,0.0,0.039,28.543,58.501,0.0
2018-08-03 01:45:00,0.585,0.0,0.0,0.0,1.26,0.805,0.824,0.498,0.928,0.583,0.0,0.0,0.0,0.0,5.484,0.0,0.036,28.552,58.544,0.0
2018-08-03 02:00:00,0.359,0.0,0.0,0.0,1.237,0.583,0.804,0.305,0.911,0.357,0.0,0.0,0.0,0.0,4.555,0.0,0.063,28.567,58.549,0.0
2018-08-03 02:15:00,0.593,0.0,0.0,0.0,1.239,0.811,0.809,0.505,0.911,0.591,0.0,0.0,0.0,0.0,5.459,0.0,0.065,28.569,58.575,0.0
2018-08-03 02:30:00,1.014,0.0,0.0,0.0,1.249,1.215,0.819,0.873,0.921,1.009,0.0,0.0,0.0,0.0,7.101,0.0,0.034,28.583,58.58,0.0
2018-08-03 02:45:00,0.793,0.0,0.0,0.0,1.246,1.001,0.809,0.678,0.916,0.791,0.0,0.0,0.0,0.0,6.234,0.0,0.035,28.587,58.584,0.0
2018-08-03 03:00:00,0.432,0.0,0.0,0.0,1.245,0.655,0.813,0.372,0.917,0.43,0.0,0.0,0.0,0.0,4.865,0.0,0.055,28.587,58.583,0.0
2018-08-03 03:15:00,0.211,0.0,0.0,0.0,1.248,0.441,0.815,0.178,0.918,0.209,0.0,0.0,0.0,0.0,4.019,0.0,0.07,28.602,58.556,0.0
2018-08-03 03:30:00,0.583,0.0,0.0,0.0,1.243,0.801,0.813,0.499,0.916,0.581,0.0,0.0,0.0,0.0,5.436,0.0,0.037,28.628,58.51,0.0
2018-08-03 03:45:00,0.4,0.0,0.0,0.0,1.255,0.629,0.815,0.34,0.922,0.398,0.0,0.0,0.0,0.0,4.759,0.0,0.037,28.651,58.49,0.0
2018-08-03 04:00:00,0.564,0.0,0.0,0.0,1.237,0.783,0.806,0.479,0.909,0.561,0.0,0.0,0.0,0.0,5.339,0.0,0.051,28.657,58.54,0.0
2018-08-03 04:15:00,0.366,0.0,0.0,0.0,1.238,0.591,0.808,0.311,0.91,0.365,0.0,0.0,0.0,0.0,4.589,0.0,0.071,28.683,58.557,0.0
2018-08-03 04:30:00,0.504,0.0,0.0,0.0,1.239,0.724,0.806,0.425,0.911,0.5,0.0,0.0,0.0,0.0,5.109,0.0,0.042,28.693,58.582,0.0
2018-08-03 04:45:00,0.413,0.0,0.0,0.0,1.258,0.638,0.821,0.351,0.925,0.411,0.0,0.0,0.0,0.0,4.816,0.0,0.037,28.695,58.615,0.0
2018-08-03 05:00:00,0.577,0.0,0.0,0.0,1.235,0.793,0.807,0.491,0.909,0.575,0.0,0.0,0.0,0.0,5.386,0.0,0.046,28.711,58.621,0.0
2018-08-03 05:15:00,0.779,0.0,0.0,0.0,1.234,0.99,0.807,0.668,0.908,0.775,0.0,0.0,0.0,0.0,6.161,0.0,0.071,28.734,58.642,0.0
2018-08-03 05:30:00,0.583,0.033,0.0,0.0,1.268,0.805,0.827,0.499,0.929,0.581,0.0,0.0,0.0,0.0,5.526,0.0,0.048,28.732,58.67,0.0
2018-08-03 05:45:00,0.044,0.261,0.02,0.023,1.245,0.285,0.815,0.037,0.915,0.044,0.0,0.0,0.0,0.0,3.69,0.0,0.035,28.749,58.685,0.0
2018-08-03 06:00:00,0.0,1.047,0.751,0.853,0.025,0.237,0.017,0.0,0.019,0.0,0.0,0.0,0.0,0.0,2.949,0.008,0.097,28.756,58.947,1.0
2018-08-03 06:15:00,0.001,1.122,0.83,0.937,0.0,0.237,0.0,0.0,0.0,0.0,0.0,0.0,0.0,0.0,3.127,0.0,0.1,28.805,59.298,3.0
2018-08-03 06:30:00,0.0,1.12,0.829,0.941,0.0,0.237,0.0,0.0,0.0,0.0,0.0,0.0,0.0,0.0,3.127,0.0,0.06,28.819,59.337,3.0
2018-08-03 06:45:00,0.0,1.124,0.836,0.95,0.0,0.24,0.0,0.0,0.0,0.0,0.0,0.0,0.0,0.0,3.15,0.0,0.055,28.816,59.411,3.0
2018-08-03 07:00:00,0.0,1.135,0.834,0.955,0.0,0.243,0.0,0.0,0.0,0.0,0.0,0.0,0.0,0.0,3.167,0.229,0.123,28.828,59.576,3.0
2018-08-03 07:15:00,0.0,1.134,0.836,0.963,0.0,0.239,0.0,0.0,0.0,0.0,0.0,0.0,0.0,0.0,3.172,0.463,0.163,28.843,59.719,3.0
2018-08-03 07:30:00,4.167,1.129,0.839,0.967,0.0,0.24,0.0,0.0,0.0,0.0,0.0,0.0,0.0,0.0,7.343,1.433,0.231,28.765,59.65,18.467
2018-08-03 07:45:00,17.007,1.143,0.864,0.984,0.0,0.841,0.0,0.547,0.0,0.646,0.0,0.0,0.0,0.0,22.033,1.763,0.327,27.399,61.325,107.267
2018-08-03 08:00:00,16.327,1.135,0.861,0.981,0.0,0.237,0.0,0.0,0.0,0.0,0.0,0.0,0.0,0.0,19.541,1.769,0.363,26.459,63.557,109.2
2018-08-03 08:15:00,16.361,1.137,0.858,0.985,0.0,0.237,0.0,0.0,0.0,0.0,0.0,0.0,0.0,0.0,19.579,1.809,0.351,26.361,62.755,110.0
2018-08-03 08:30:00,16.349,1.148,0.861,0.989,0.0,0.24,0.0,0.0,0.0,0.0,0.0,0.0,0.0,0.0,19.587,1.79,0.757,26.332,64.207,109.2
2018-08-03 08:45:00,16.237,1.153,0.871,1.003,0.0,0.237,0.0,0.0,0.0,0.0,0.0,0.0,0.0,0.0,19.501,1.795,0.679,26.433,64.707,108.867
2018-08-03 09:00:00,16.423,1.163,0.881,1.012,0.0,0.237,0.0,0.0,0.0,0.0,0.0,0.0,0.0,0.0,19.716,2.123,0.449,26.127,65.013,105.933
2018-08-03 09:15:00,17.009,1.175,0.893,1.021,0.0,0.237,0.0,0.0,0.0,0.0,0.0,0.0,0.646,0.0,20.981,2.363,0.565,25.922,65.81,112.833
2018-08-03 09:30:00,16.274,1.167,0.885,1.014,0.0,0.24,0.0,0.0,0.0,0.0,0.0,0.0,0.073,0.0,19.653,2.492,0.731,25.745,64.242,122.857
2018-08-03 09:45:00,17.016,1.175,0.885,1.017,0.0,0.237,0.0,0.0,0.0,0.0,0.0,0.0,0.534,0.0,20.865,2.525,0.844,25.676,64.275,121.4
2018-08-03 10:00:00,16.519,1.176,0.886,1.017,0.0,0.237,0.0,0.0,0.0,0.0,0.0,0.0,0.079,0.0,19.914,2.529,0.627,25.707,63.367,120.4
2018-08-03 10:15:00,17.131,1.185,0.896,1.023,0.0,0.237,0.0,0.0,0.0,0.0,0.0,0.0,0.623,0.0,21.095,2.529,0.56,25.797,64.718,125.133
2018-08-03 10:30:00,17.262,1.197,0.901,1.031,0.0,0.421,0.0,0.163,0.0,0.191,0.0,0.0,0.457,0.0,21.625,2.57,0.519,26.166,66.267,117.333
2018-08-03 10:45:00,16.852,1.19,0.897,1.028,0.0,0.237,0.0,0.0,0.0,0.0,0.0,0.0,0.277,0.0,20.481,2.568,0.636,26.266,65.625,112.333
2018-08-03 11:00:00,16.421,1.188,0.897,1.029,0.0,0.237,0.0,0.0,0.0,0.0,0.0,0.0,0.079,0.0,19.851,2.569,0.59,25.697,63.695,117.467
2018-08-03 11:15:00,17.296,1.189,0.894,1.023,0.0,0.237,0.0,0.0,0.0,0.0,0.0,0.0,0.532,0.0,21.171,2.567,0.774,25.591,64.038,117.067
2018-08-03 11:30:00,16.867,1.197,0.9,1.033,0.0,0.24,0.0,0.0,0.0,0.0,0.0,0.0,0.588,0.0,20.825,2.381,0.779,25.742,65.334,122.733
2018-08-03 11:45:00,16.485,0.599,0.338,0.391,0.624,0.245,0.317,0.0,0.367,0.0,0.0,0.0,0.228,0.0,19.592,2.202,0.522,25.683,64.895,119.467
2018-08-03 12:00:00,17.924,0.71,0.436,0.497,1.461,0.8,0.788,0.361,0.9,0.432,0.0,0.002,1.064,0.002,20.63,2.235,0.487,25.647,65.197,117.0
2018-08-03 12:15:00,17.191,1.009,0.714,0.813,1.361,0.527,0.917,0.247,1.038,0.295,0.0,0.0,0.533,0.0,24.646,2.239,0.517,25.561,64.331,119.467
2018-08-03 12:30:00,16.73,1.021,0.726,0.826,1.383,0.653,0.938,0.359,1.061,0.431,0.0,0.0,0.08,0.0,24.208,2.241,0.63,25.584,64.323,116.133
2018-08-03 12:45:00,17.213,1.019,0.726,0.829,1.375,0.536,0.935,0.259,1.056,0.311,0.0,0.0,0.496,0.0,24.754,2.243,0.771,25.516,63.937,115.533
2018-08-03 13:00:00,17.907,1.224,0.931,1.052,1.379,0.528,0.954,0.257,1.069,0.302,0.0,0.0,0.545,0.0,26.147,2.202,0.695,25.499,64.337,115.067
2018-08-03 13:15:00,17.395,1.225,0.939,1.061,1.37,0.515,0.947,0.244,1.059,0.289,0.0,0.0,0.079,0.0,25.123,2.191,0.639,25.565,64.631,106.067
2018-08-03 13:30:00,17.619,1.229,0.943,1.064,1.399,0.511,0.969,0.239,1.081,0.281,0.0,0.0,0.555,0.0,25.89,2.195,0.701,25.553,63.748,109.0
2018-08-03 13:45:00,17.319,1.236,0.95,1.069,1.383,0.547,0.953,0.272,1.067,0.323,0.0,0.0,0.107,0.0,25.225,2.197,0.631,25.523,63.631,121.933
2018-08-03 14:00:00,18.029,1.249,0.962,1.082,1.391,0.526,0.965,0.253,1.077,0.299,0.0,0.0,0.588,0.0,26.421,2.194,0.599,25.668,64.091,121.615
2018-08-03 14:15:00,17.494,1.238,0.953,1.072,1.38,0.497,0.957,0.229,1.065,0.269,0.0,0.0,0.522,0.0,25.675,2.194,0.58,25.463,62.427,118.867
2018-08-03 14:30:00,17.248,1.225,0.939,1.061,1.386,0.493,0.955,0.223,1.067,0.264,0.0,0.0,0.509,0.0,25.369,2.202,0.687,25.466,63.735,117.733
2018-08-03 14:45:00,16.879,1.221,0.934,1.057,1.365,0.533,0.937,0.26,1.049,0.309,0.0,0.0,0.219,0.0,24.764,2.205,0.809,25.586,66.015,116.267
2018-08-03 15:00:00,17.061,1.209,0.923,1.045,1.353,0.517,0.927,0.246,1.038,0.29,0.0,0.0,0.486,0.0,25.096,2.21,0.798,25.733,67.814,118.667
2018-08-03 15:15:00,17.187,1.208,0.925,1.044,1.351,0.478,0.924,0.212,1.037,0.251,0.0,0.0,0.497,0.0,25.113,2.207,0.778,25.6,66.935,120.6
2018-08-03 15:30:00,16.709,1.205,0.919,1.044,1.379,0.481,0.945,0.211,1.061,0.25,0.0,0.0,0.08,0.0,24.284,2.21,0.686,25.397,66.341,115.333
2018-08-03 15:45:00,17.036,1.211,0.923,1.047,1.363,0.483,0.933,0.215,1.044,0.255,0.0,0.0,0.406,0.0,24.915,2.217,0.703,25.339,66.236,104.067
2018-08-03 16:00:00,17.058,0.671,0.412,0.467,1.344,0.591,0.916,0.313,1.026,0.369,0.0,0.0,0.163,0.0,23.33,2.409,0.739,25.319,66.397,103.133
2018-08-03 16:15:00,17.403,1.231,0.936,1.057,1.379,0.491,0.95,0.221,1.058,0.263,0.0,0.0,0.532,0.0,25.521,2.579,0.669,25.411,66.622,104.727
2018-08-03 16:30:00,16.791,1.237,0.945,1.07,1.404,0.411,0.973,0.149,1.083,0.178,0.0,0.0,0.265,0.0,24.504,2.565,0.709,25.463,66.308,109.667
2018-08-03 16:45:00,12.705,1.238,0.943,1.067,1.387,0.463,0.955,0.196,1.067,0.234,0.0,0.0,0.34,0.0,20.595,2.59,0.691,25.45,65.781,109.4
2018-08-03 17:00:00,1.045,1.227,0.928,1.055,1.389,0.735,0.956,0.433,1.067,0.515,0.0,0.0,0.527,0.0,9.877,2.608,0.603,26.464,64.039,113.667
2018-08-03 17:15:00,0.999,1.03,0.747,0.845,1.394,0.657,0.96,0.363,1.07,0.431,0.0,0.0,0.569,0.0,9.064,2.609,0.507,26.909,62.931,117.933
2018-08-03 17:30:00,1.119,1.196,0.899,1.019,1.38,0.741,0.954,0.441,1.06,0.521,0.0,0.0,0.597,0.0,9.927,2.584,0.495,26.89,62.732,111.933
2018-08-03 17:45:00,1.026,1.042,0.751,0.858,1.361,0.653,0.939,0.402,1.047,0.473,0.0,0.0,0.552,0.0,9.103,2.581,0.348,26.889,62.476,114.933
2018-08-03 18:00:00,0.623,1.048,0.759,0.863,1.361,0.01,0.942,0.0,1.047,0.0,0.0,0.0,0.621,0.0,7.274,2.354,0.289,26.901,63.036,109.8
2018-08-03 18:15:00,0.0,0.319,0.074,0.084,1.335,0.01,0.917,0.0,1.02,0.0,0.0,0.0,0.0,0.0,3.758,1.54,0.155,27.055,62.822,64.8
2018-08-03 18:30:00,0.001,0.528,0.267,0.305,1.325,0.01,0.903,0.0,1.009,0.0,0.0,0.0,0.0,0.0,4.349,0.532,0.053,27.287,61.829,16.267
2018-08-03 18:45:00,0.0,0.383,0.131,0.15,1.301,0.01,0.873,0.0,0.975,0.0,0.0,0.0,0.0,0.0,3.823,0.46,0.063,27.482,60.929,3.0
2018-08-03 19:00:00,0.0,0.457,0.201,0.229,1.309,0.01,0.878,0.0,0.977,0.0,0.0,0.0,0.0,0.0,4.061,0.46,0.03,27.616,60.241,3.0
2018-08-03 19:15:00,0.0,0.351,0.101,0.115,1.315,0.01,0.881,0.0,0.977,0.0,0.0,0.0,0.0,0.0,3.751,0.437,0.03,27.75,60.025,2.4
2018-08-03 19:30:00,0.001,0.443,0.185,0.211,1.3,0.01,0.871,0.0,0.965,0.0,0.0,0.0,0.0,0.0,3.986,0.0,0.049,27.805,59.659,0.0
2018-08-03 19:45:00,0.0,0.345,0.095,0.109,1.311,0.01,0.877,0.0,0.972,0.0,0.0,0.0,0.0,0.0,3.719,0.0,0.067,27.863,59.495,0.0
2018-08-03 20:00:00,0.001,0.42,0.164,0.186,1.314,0.01,0.877,0.0,0.969,0.0,0.0,0.0,0.0,0.0,3.941,0.0,0.031,27.924,59.422,0.0
2018-08-03 20:15:00,0.001,0.35,0.098,0.111,1.296,0.01,0.863,0.0,0.951,0.0,0.0,0.0,0.0,0.0,3.68,0.0,0.03,27.959,59.411,0.0
2018-08-03 20:30:00,0.0,0.39,0.131,0.149,1.314,0.01,0.883,0.0,0.97,0.0,0.0,0.0,0.0,0.0,3.848,0.0,0.046,28.039,59.344,0.0
2018-08-03 20:45:00,0.0,0.402,0.149,0.168,1.291,0.01,0.867,0.0,0.955,0.0,0.0,0.0,0.0,0.0,3.841,0.0,0.07,28.413,59.347,0.0
2018-08-03 21:00:00,0.0,0.403,0.149,0.168,1.299,0.01,0.869,0.0,0.959,0.0,0.0,0.0,0.0,0.0,3.857,0.0,0.035,28.34,59.214,0.0
2018-08-03 21:15:00,0.001,0.347,0.099,0.111,1.287,0.01,0.859,0.0,0.947,0.0,0.0,0.0,0.0,0.0,3.662,0.0,0.03,28.145,59.297,0.0
2018-08-03 21:30:00,0.0,0.447,0.19,0.215,1.285,0.01,0.857,0.0,0.945,0.0,0.0,0.0,0.0,0.0,3.949,0.0,0.038,28.201,59.373,0.0
2018-08-03 21:45:00,0.0,0.337,0.089,0.1,1.279,0.01,0.852,0.0,0.936,0.0,0.0,0.0,0.0,0.0,3.602,0.0,0.07,28.228,59.468,0.0
2018-08-03 22:00:00,0.0,0.353,0.103,0.116,1.302,0.01,0.87,0.0,0.955,0.0,0.0,0.0,0.0,0.0,3.709,0.0,0.043,28.248,59.286,0.0
2018-08-03 22:15:00,0.001,0.461,0.204,0.232,1.283,0.01,0.862,0.0,0.949,0.0,0.0,0.0,0.0,0.0,4.003,0.0,0.03,28.265,59.131,0.0
2018-08-03 22:30:00,0.0,0.326,0.079,0.09,1.275,0.01,0.854,0.0,0.942,0.0,0.0,0.0,0.0,0.0,3.576,0.0,0.031,28.288,59.171,0.0
2018-08-03 22:45:00,0.0,0.43,0.176,0.199,1.271,0.01,0.851,0.0,0.935,0.0,0.0,0.0,0.0,0.0,3.871,0.0,0.07,28.297,59.215,0.0
2018-08-03 23:00:00,0.001,0.343,0.095,0.107,1.291,0.01,0.867,0.0,0.951,0.0,0.0,0.0,0.0,0.0,3.665,0.0,0.051,28.311,59.272,0.0
2018-08-03 23:15:00,0.001,0.447,0.189,0.214,1.279,0.01,0.855,0.0,0.942,0.0,0.0,0.0,0.0,0.0,3.935,0.0,0.03,28.322,59.321,0.0
2018-08-03 23:30:00,0.001,0.451,0.194,0.219,1.281,0.01,0.857,0.0,0.944,0.0,0.0,0.0,0.0,0.0,3.957,0.0,0.03,28.339,59.239,0.0
2018-08-03 23:45:00,0.064,0.152,0.0,0.0,1.28,0.289,0.849,0.053,0.937,0.063,0.0,0.0,0.0,0.0,3.688,0.0,0.061,28.367,59.194,0.0
2018-08-04 00:00:00,1.019,0.0,0.0,0.0,1.292,1.227,0.863,0.885,0.953,1.016,0.0,0.0,0.0,0.0,7.255,0.0,0.059,28.401,59.351,0.0
2018-08-04 00:15:00,1.043,0.0,0.0,0.0,1.293,1.247,0.861,0.908,0.949,1.039,0.0,0.0,0.0,0.0,7.34,0.0,0.03,28.405,59.393,0.0
2018-08-04 00:30:00,1.038,0.0,0.0,0.0,1.291,1.239,0.86,0.899,0.954,1.033,0.0,0.0,0.0,0.0,7.313,0.0,0.03,28.432,59.171,0.0
2018-08-04 00:45:00,1.043,0.0,0.0,0.0,1.308,1.243,0.871,0.904,0.965,1.037,0.0,0.0,0.0,0.0,7.371,0.0,0.055,28.44,59.333,0.0
2018-08-04 01:00:00,1.012,0.0,0.0,0.0,1.302,1.212,0.867,0.875,0.961,1.006,0.0,0.0,0.0,0.0,7.235,0.0,0.065,28.469,59.48,0.0
2018-08-04 01:15:00,1.03,0.0,0.0,0.0,1.29,1.229,0.855,0.895,0.951,1.026,0.0,0.0,0.0,0.0,7.275,0.001,0.029,28.485,59.453,0.0
2018-08-04 01:30:00,1.007,0.0,0.0,0.0,1.296,1.205,0.859,0.868,0.953,0.999,0.0,0.0,0.0,0.0,7.187,0.0,0.029,28.504,59.523,0.0
2018-08-04 01:45:00,1.025,0.0,0.0,0.0,1.29,1.227,0.849,0.887,0.945,1.023,0.0,0.0,0.0,0.0,7.247,0.0,0.048,28.507,59.117,0.0
2018-08-04 02:00:00,1.013,0.0,0.0,0.0,1.282,1.211,0.843,0.872,0.939,1.008,0.0,0.0,0.0,0.0,7.168,0.0,0.07,28.517,59.157,0.0
2018-08-04 02:15:00,1.016,0.0,0.0,0.0,1.289,1.213,0.857,0.878,0.951,1.012,0.0,0.0,0.0,0.0,7.217,0.0,0.031,28.51,59.165,0.0
2018-08-04 02:30:00,1.005,0.0,0.0,0.0,1.264,1.197,0.835,0.871,0.927,1.0,0.0,0.0,0.0,0.0,7.098,0.0,0.03,28.547,59.173,0.0
2018-08-04 02:45:00,1.018,0.0,0.0,0.0,1.279,1.216,0.842,0.877,0.941,1.014,0.0,0.0,0.0,0.0,7.187,0.0,0.045,28.559,59.202,0.0
2018-08-04 03:00:00,1.016,0.0,0.0,0.0,1.265,1.215,0.834,0.877,0.93,1.011,0.0,0.0,0.0,0.0,7.147,0.0,0.07,28.577,59.215,0.0
2018-08-04 03:15:00,1.007,0.0,0.0,0.0,1.265,1.207,0.833,0.868,0.928,1.003,0.0,0.0,0.0,0.0,7.111,0.0,0.039,28.585,59.229,0.0
2018-08-04 03:30:00,1.006,0.0,0.0,0.0,1.255,1.204,0.824,0.866,0.919,1.003,0.0,0.0,0.0,0.0,7.077,0.0,0.033,28.595,59.217,0.0
2018-08-04 03:45:00,1.017,0.0,0.0,0.0,1.28,1.222,0.839,0.875,0.936,1.014,0.0,0.0,0.0,0.0,7.182,0.0,0.035,28.595,59.244,0.0
2018-08-04 04:00:00,0.996,0.0,0.0,0.0,1.257,1.195,0.823,0.856,0.919,0.992,0.0,0.0,0.0,0.0,7.038,0.0,0.07,28.621,59.242,0.0
2018-08-04 04:15:00,1.009,0.0,0.0,0.0,1.275,1.211,0.841,0.871,0.935,1.008,0.0,0.0,0.0,0.0,7.151,0.0,0.046,28.627,59.222,0.0
2018-08-04 04:30:00,0.988,0.0,0.0,0.0,1.273,1.189,0.833,0.844,0.931,0.984,0.0,0.0,0.0,0.0,7.041,0.0,0.03,28.65,59.189,0.0
2018-08-04 04:45:00,0.983,0.0,0.0,0.0,1.252,1.184,0.819,0.846,0.913,0.98,0.0,0.0,0.0,0.0,6.977,0.0,0.03,28.657,59.191,0.0
2018-08-04 05:00:00,0.964,0.0,0.0,0.0,1.256,1.165,0.822,0.826,0.914,0.961,0.0,0.0,0.0,0.0,6.907,0.0,0.067,28.674,59.161,0.0
2018-08-04 05:15:00,0.977,0.0,0.0,0.0,1.251,1.178,0.823,0.843,0.912,0.972,0.0,0.0,0.0,0.0,6.955,0.0,0.054,28.684,59.145,0.0
2018-08-04 05:30:00,0.921,0.025,0.0,0.0,1.267,1.128,0.833,0.801,0.921,0.917,0.0,0.0,0.0,0.0,6.813,0.0,0.03,28.698,59.607,0.0
2018-08-04 05:45:00,0.0,0.241,0.0,0.0,1.259,0.237,0.823,0.0,0.915,0.0,0.0,0.0,0.0,0.0,3.475,0.0,0.03,28.698,59.793,0.0
2018-08-04 06:00:00,0.001,1.008,0.709,0.799,0.098,0.237,0.063,0.0,0.071,0.0,0.0,0.0,0.0,0.0,2.986,0.0,0.061,28.727,59.317,0.0
2018-08-04 06:15:00,0.001,1.135,0.835,0.938,0.0,0.237,0.0,0.0,0.0,0.0,0.0,0.0,0.0,0.0,3.145,0.0,0.06,28.731,59.145,0.0
2018-08-04 06:30:00,0.0,1.137,0.841,0.947,0.0,0.24,0.0,0.0,0.0,0.0,0.0,0.0,0.0,0.0,3.166,0.0,0.03,28.747,59.18,0.0
2018-08-04 06:45:00,0.001,1.131,0.839,0.949,0.0,0.237,0.0,0.0,0.0,0.0,0.0,0.0,0.0,0.0,3.158,0.0,0.033,28.776,59.186,0.0
2018-08-04 07:00:00,0.001,1.132,0.841,0.958,0.0,0.237,0.0,0.0,0.0,0.0,0.0,0.0,0.0,0.0,3.169,0.0,0.055,28.777,59.217,0.0
2018-08-04 07:15:00,0.0,1.129,0.84,0.959,0.0,0.237,0.0,0.0,0.0,0.0,0.0,0.0,0.0,0.0,3.166,0.0,0.067,28.779,59.315,0.0
2018-08-04 07:30:00,12.033,1.135,0.85,0.967,0.0,0.7,0.0,0.412,0.0,0.483,0.0,0.0,0.0,0.0,16.581,0.0,0.03,28.151,59.698,0.0
2018-08-04 07:45:00,16.208,1.138,0.859,0.975,0.0,0.693,0.0,0.409,0.0,0.477,0.0,0.0,0.0,0.0,20.759,0.0,0.03,26.394,63.569,0.0
2018-08-04 08:00:00,15.875,1.135,0.855,0.973,0.0,0.603,0.0,0.326,0.0,0.383,0.0,0.0,0.0,0.0,20.151,0.02,0.049,26.083,64.665,18.615
2018-08-04 08:15:00,16.409,1.141,0.863,0.983,0.0,0.801,0.0,0.505,0.0,0.593,0.0,0.0,0.0,0.0,21.296,0.275,0.075,25.781,65.607,36.467
2018-08-04 08:30:00,15.871,1.143,0.865,0.984,0.0,0.567,0.0,0.293,0.0,0.345,0.0,0.0,0.0,0.0,20.067,0.414,0.128,25.5,65.259,3.0
2018-08-04 08:45:00,16.319,1.145,0.873,0.99,0.0,0.701,0.0,0.425,0.0,0.497,0.0,0.0,0.0,0.0,20.95,0.553,0.145,25.323,65.765,3.0
2018-08-04 09:00:00,16.427,1.169,0.885,1.004,0.0,0.729,0.0,0.445,0.0,0.518,0.0,0.0,0.0,0.0,21.175,0.56,0.152,25.256,66.237,3.267
2018-08-04 09:15:00,16.568,1.175,0.883,1.011,0.0,0.819,0.0,0.519,0.0,0.609,0.0,0.0,0.0,0.0,21.583,0.564,0.171,25.235,66.347,4.0
2018-08-04 09:30:00,16.543,1.181,0.897,1.022,0.0,0.737,0.0,0.454,0.0,0.529,0.0,0.0,0.0,0.0,21.363,0.557,0.139,25.195,66.303,4.0
2018-08-04 09:45:00,16.663,1.186,0.903,1.027,0.0,0.783,0.0,0.499,0.0,0.58,0.0,0.0,0.0,0.0,21.64,0.558,0.137,25.178,66.321,4.0
2018-08-04 10:00:00,16.499,1.183,0.898,1.025,0.0,0.683,0.0,0.405,0.0,0.477,0.0,0.0,0.0,0.0,21.169,1.295,0.153,25.16,66.481,4.0
2018-08-04 10:15:00,16.505,1.187,0.905,1.03,0.0,0.786,0.0,0.497,0.0,0.58,0.0,0.0,0.0,0.0,21.49,1.366,0.171,25.163,66.621,4.0
2018-08-04 10:30:00,16.962,1.203,0.919,1.048,0.0,0.821,0.0,0.531,0.0,0.621,0.0,0.0,0.0,0.0,22.106,1.36,0.139,25.199,66.673,4.0
2018-08-04 10:45:00,17.063,1.201,0.916,1.045,0.0,0.951,0.0,0.654,0.0,0.759,0.0,0.0,0.0,0.0,22.589,1.361,0.133,25.225,66.468,4.0
2018-08-04 11:00:00,16.815,1.211,0.923,1.053,0.0,0.771,0.0,0.489,0.0,0.569,0.0,0.0,0.0,0.0,21.83,1.361,0.169,25.2,66.278,4.0
2018-08-04 11:15:00,16.895,1.207,0.921,1.049,0.0,0.761,0.0,0.479,0.0,0.557,0.0,0.0,0.0,0.0,21.869,1.36,0.172,25.246,66.604,4.0
2018-08-04 11:30:00,17.205,1.23,0.941,1.065,0.0,0.983,0.0,0.68,0.0,0.787,0.0,0.0,0.0,0.0,22.892,1.361,0.132,25.275,66.68,3.933
2018-08-04 11:45:00,16.682,1.212,0.921,1.051,0.725,0.579,0.427,0.313,0.486,0.365,0.0,0.0,0.0,0.0,22.761,1.367,0.145,25.282,66.813,3.385
2018-08-04 12:00:00,16.751,1.236,0.947,1.076,1.4,0.628,0.973,0.353,1.083,0.411,0.0,0.0,0.0,0.0,24.858,1.371,0.147,25.205,66.492,4.0
2018-08-04 12:15:00,16.741,1.239,0.949,1.077,1.387,0.575,0.973,0.304,1.078,0.356,0.0,0.0,0.0,0.0,24.68,1.37,0.135,25.377,66.327,3.333
2018-08-04 12:30:00,16.46,1.247,0.957,1.086,1.395,0.398,0.977,0.143,1.085,0.17,0.0,0.0,0.0,0.0,23.917,1.37,0.105,25.036,65.678,4.0
2018-08-04 12:45:00,16.622,1.234,0.947,1.074,1.393,0.61,0.978,0.334,1.083,0.392,0.0,0.0,0.0,0.0,24.667,1.37,0.101,25.26,66.789,4.0
2018-08-04 13:00:00,16.735,1.241,0.953,1.08,1.406,0.661,0.988,0.379,1.095,0.443,0.0,0.0,0.0,0.0,24.982,1.363,0.119,25.025,67.323,4.0
2018-08-04 13:15:00,16.294,1.223,0.935,1.061,1.376,0.553,0.965,0.284,1.069,0.332,0.0,0.0,0.0,0.0,24.091,1.361,0.137,25.101,68.171,4.0
2018-08-04 13:30:00,16.279,1.226,0.937,1.065,1.381,0.549,0.967,0.279,1.073,0.329,0.0,0.0,0.0,0.0,24.084,1.364,0.113,24.979,68.285,4.0
2018-08-04 13:45:00,16.575,1.236,0.946,1.073,1.387,0.667,0.971,0.386,1.076,0.453,0.0,0.0,0.0,0.0,24.769,1.365,0.1,24.885,68.234,4.0
2018-08-04 14:00:00,16.478,1.227,0.943,1.067,1.396,0.537,0.981,0.267,1.086,0.313,0.0,0.0,0.0,0.0,24.294,1.363,0.12,24.811,68.197,4.0
2018-08-04 14:15:00,16.61,1.229,0.942,1.069,1.379,0.626,0.965,0.349,1.07,0.411,0.0,0.0,0.0,0.0,24.651,1.367,0.13,24.781,68.216,4.0
2018-08-04 14:30:00,16.441,1.229,0.941,1.067,1.389,0.566,0.976,0.295,1.079,0.345,0.0,0.0,0.0,0.0,24.327,1.363,0.103,24.768,68.15,4.0
2018-08-04 14:45:00,16.519,1.231,0.943,1.069,1.376,0.549,0.965,0.279,1.068,0.329,0.0,0.0,0.0,0.0,24.327,1.366,0.1,24.765,68.003,4.0
2018-08-04 15:00:00,16.463,1.226,0.938,1.061,1.397,0.647,0.975,0.365,1.081,0.428,0.0,0.0,0.0,0.0,24.581,1.37,0.121,24.729,68.171,4.0
2018-08-04 15:15:00,16.209,1.223,0.938,1.059,1.389,0.522,0.973,0.255,1.075,0.298,0.0,0.0,0.0,0.0,23.94,1.357,0.128,24.715,68.461,4.0
2018-08-04 15:30:00,16.411,1.239,0.95,1.069,1.388,0.648,0.971,0.366,1.07,0.427,0.0,0.0,0.0,0.0,24.54,1.373,0.1,24.694,68.599,4.0
2018-08-04 15:45:00,16.23,1.239,0.949,1.069,1.384,0.559,0.968,0.287,1.067,0.335,0.0,0.0,0.001,0.0,24.089,1.303,0.093,24.703,68.909,3.467
2018-08-04 16:00:00,10.127,1.257,0.966,1.085,1.419,0.641,0.996,0.358,1.097,0.417,0.0,0.0,0.0,0.0,18.361,0.676,0.077,24.822,69.3,2.0
2018-08-04 16:15:00,0.445,1.027,0.739,0.839,1.389,0.665,0.957,0.375,1.063,0.442,0.0,0.0,0.0,0.0,7.941,0.0,0.061,25.771,66.215,0.0
2018-08-04 16:30:00,0.509,1.031,0.737,0.832,1.386,0.73,0.955,0.433,1.06,0.508,0.0,0.0,0.0,0.0,8.181,0.0,0.03,26.501,61.758,0.0
2018-08-04 16:45:00,0.514,0.827,0.543,0.615,1.38,0.735,0.949,0.438,1.054,0.511,0.0,0.0,0.0,0.0,7.566,0.0,0.03,26.774,60.606,0.0
2018-08-04 17:00:00,0.547,0.823,0.538,0.611,1.391,0.768,0.954,0.465,1.063,0.545,0.0,0.0,0.0,0.0,7.705,0.0,0.048,27.502,59.374,0.0
2018-08-04 17:15:00,0.545,0.983,0.684,0.775,1.375,0.767,0.945,0.469,1.047,0.544,0.0,0.0,0.0,0.0,8.136,0.0,0.066,27.194,59.247,0.0
2018-08-04 17:30:00,0.52,0.863,0.577,0.652,1.365,0.74,0.937,0.445,1.039,0.517,0.0,0.0,0.0,0.0,7.655,0.0,0.03,27.406,59.393,0.0
2018-08-04 17:45:00,0.449,1.019,0.72,0.813,1.381,0.633,0.942,0.379,1.047,0.445,0.0,0.0,0.0,0.0,7.829,0.0,0.03,27.488,59.176,0.0
2018-08-04 18:00:00,0.001,1.048,0.761,0.854,1.368,0.01,0.943,0.0,1.044,0.0,0.0,0.0,0.0,0.0,6.029,0.0,0.043,27.566,58.785,0.0
2018-08-04 18:15:00,0.001,0.412,0.16,0.179,1.311,0.01,0.889,0.0,0.987,0.0,0.0,0.0,0.0,0.0,3.948,0.0,0.07,27.652,58.816,0.0
2018-08-04 18:30:00,0.001,0.495,0.238,0.268,1.317,0.01,0.899,0.0,0.991,0.0,0.0,0.0,0.0,0.0,4.219,0.0,0.032,27.748,58.821,0.0
2018-08-04 18:45:00,0.001,0.492,0.233,0.261,1.324,0.01,0.903,0.0,0.99,0.0,0.0,0.0,0.0,0.0,4.213,0.0,0.03,27.797,58.897,0.0
2018-08-04 19:00:00,0.0,0.425,0.171,0.193,1.302,0.01,0.881,0.0,0.967,0.0,0.0,0.0,0.0,0.0,3.95,0.0,0.039,27.847,58.907,0.0
2018-08-04 19:15:00,0.001,0.487,0.227,0.255,1.319,0.01,0.894,0.0,0.979,0.0,0.0,0.0,0.0,0.0,4.172,0.0,0.07,27.897,58.991,0.0
2018-08-04 19:30:00,0.001,0.402,0.149,0.167,1.327,0.01,0.899,0.0,0.985,0.0,0.0,0.0,0.0,0.0,3.939,0.0,0.039,27.959,59.13,0.0
2018-08-04 19:45:00,0.0,0.499,0.238,0.269,1.318,0.01,0.894,0.0,0.981,0.0,0.0,0.0,0.0,0.0,4.208,0.0,0.03,28.16,59.421,0.0
2018-08-04 20:00:00,0.001,0.495,0.235,0.263,1.312,0.01,0.889,0.0,0.975,0.0,0.0,0.0,0.0,0.0,4.178,0.0,0.031,28.553,59.16,0.0
2018-08-04 20:15:00,0.0,0.5,0.242,0.269,1.311,0.01,0.888,0.0,0.975,0.0,0.0,0.0,0.0,0.0,4.195,0.0,0.07,28.116,59.165,0.0
2018-08-04 20:30:00,0.001,0.421,0.168,0.188,1.325,0.01,0.897,0.0,0.982,0.0,0.0,0.0,0.0,0.0,3.992,0.0,0.045,28.149,59.21,0.0
2018-08-04 20:45:00,0.001,0.493,0.233,0.26,1.307,0.01,0.886,0.0,0.971,0.0,0.0,0.0,0.0,0.0,4.161,0.0,0.03,28.178,59.228,0.0
2018-08-04 21:00:00,0.001,0.423,0.17,0.189,1.301,0.01,0.884,0.0,0.965,0.0,0.0,0.0,0.0,0.0,3.943,0.0,0.03,28.218,59.205,0.0
2018-08-04 21:15:00,0.0,0.463,0.208,0.232,1.309,0.01,0.892,0.0,0.973,0.0,0.0,0.0,0.0,0.0,4.087,0.0,0.065,28.249,59.205,0.0
2018-08-04 21:30:00,0.001,0.441,0.187,0.21,1.316,0.01,0.895,0.0,0.977,0.0,0.0,0.0,0.0,0.0,4.037,0.0,0.06,28.277,59.253,0.0
2018-08-04 21:45:00,0.0,0.358,0.109,0.123,1.299,0.01,0.883,0.0,0.965,0.0,0.0,0.0,0.0,0.0,3.747,0.0,0.03,28.33,59.196,0.0
2018-08-04 22:00:00,0.001,0.502,0.244,0.271,1.303,0.01,0.889,0.0,0.967,0.0,0.0,0.0,0.0,0.0,4.187,0.0,0.03,28.357,59.191,0.0
2018-08-04 22:15:00,0.0,0.477,0.221,0.247,1.313,0.01,0.895,0.0,0.976,0.0,0.0,0.0,0.0,0.0,4.137,0.0,0.051,28.392,59.236,0.0
2018-08-04 22:30:00,0.0,0.383,0.133,0.149,1.293,0.01,0.879,0.0,0.957,0.0,0.0,0.0,0.0,0.0,3.803,0.0,0.067,28.431,59.211,0.0
2018-08-04 22:45:00,0.0,0.509,0.248,0.277,1.301,0.01,0.883,0.0,0.963,0.0,0.0,0.0,0.0,0.0,4.191,0.0,0.03,28.463,59.253,0.0
2018-08-04 23:00:00,0.001,0.475,0.218,0.243,1.301,0.01,0.885,0.0,0.965,0.0,0.0,0.0,0.0,0.0,4.099,0.0,0.03,28.491,59.354,0.0
2018-08-04 23:15:00,0.0,0.44,0.186,0.207,1.311,0.01,0.889,0.0,0.969,0.0,0.0,0.0,0.0,0.0,4.013,0.0,0.045,28.509,59.399,0.0
2018-08-04 23:30:00,0.001,0.437,0.183,0.204,1.299,0.01,0.881,0.0,0.959,0.0,0.0,0.0,0.0,0.0,3.974,0.0,0.07,28.54,59.44,0.0
2018-08-04 23:45:00,0.024,0.199,0.024,0.027,1.286,0.247,0.869,0.019,0.947,0.023,0.0,0.0,0.0,0.0,3.666,0.0,0.033,28.563,59.505,0.0
2018-08-05 00:00:00,0.956,0.0,0.0,0.0,1.298,1.165,0.875,0.824,0.954,0.954,0.0,0.0,0.0,0.0,7.026,0.0,0.03,28.584,59.584,0.0
2018-08-05 00:15:00,1.049,0.0,0.0,0.0,1.327,1.256,0.903,0.915,0.98,1.043,0.0,0.0,0.0,0.0,7.472,0.0,0.04,28.613,59.597,0.0
2018-08-05 00:30:00,1.037,0.0,0.0,0.0,1.295,1.232,0.871,0.901,0.951,1.033,0.0,0.0,0.0,0.0,7.321,0.0,0.07,28.624,59.739,0.0
2018-08-05 00:45:00,1.043,0.0,0.0,0.0,1.297,1.242,0.871,0.914,0.951,1.041,0.0,0.0,0.0,0.0,7.358,0.0,0.039,28.647,59.775,0.0
2018-08-05 01:00:00,1.022,0.0,0.0,0.0,1.287,1.219,0.861,0.892,0.941,1.021,0.0,0.0,0.0,0.0,7.242,0.0,0.03,28.662,59.781,0.0
2018-08-05 01:15:00,1.025,0.0,0.0,0.0,1.303,1.221,0.871,0.891,0.955,1.021,0.0,0.0,0.0,0.0,7.287,0.0,0.033,28.685,59.833,0.0
2018-08-05 01:30:00,0.986,0.0,0.0,0.0,1.271,1.183,0.844,0.85,0.927,0.981,0.0,0.0,0.0,0.0,7.043,0.0,0.07,28.693,59.822,0.0
2018-08-05 01:45:00,0.984,0.0,0.0,0.0,1.269,1.183,0.845,0.845,0.927,0.981,0.0,0.0,0.0,0.0,7.035,0.0,0.048,28.713,59.829,0.0
2018-08-05 02:00:00,0.971,0.0,0.0,0.0,1.264,1.163,0.847,0.832,0.927,0.968,0.0,0.0,0.0,0.0,6.972,0.0,0.03,28.73,59.781,0.0
2018-08-05 02:15:00,0.996,0.0,0.0,0.0,1.275,1.189,0.851,0.855,0.937,0.992,0.0,0.0,0.0,0.0,7.095,0.0,0.03,28.765,59.746,0.0
2018-08-05 02:30:00,0.976,0.0,0.0,0.0,1.253,1.166,0.836,0.837,0.918,0.972,0.0,0.0,0.0,0.0,6.959,0.0,0.067,28.775,59.687,0.0
2018-08-05 02:45:00,0.787,0.0,0.0,0.0,1.253,0.989,0.834,0.677,0.917,0.785,0.0,0.0,0.0,0.0,6.243,0.0,0.055,28.755,59.755,0.0
2018-08-05 03:00:00,1.002,0.0,0.0,0.0,1.288,1.199,0.864,0.867,0.947,0.997,0.0,0.0,0.0,0.0,7.165,0.0,0.031,28.795,59.667,0.0
2018-08-05 03:15:00,0.99,0.0,0.0,0.0,1.256,1.185,0.837,0.857,0.921,0.985,0.0,0.0,0.0,0.0,7.031,0.0,0.031,28.797,59.657,0.0
2018-08-05 03:30:00,1.021,0.0,0.0,0.0,1.269,1.216,0.849,0.889,0.932,1.018,0.0,0.0,0.0,0.0,7.194,0.0,0.059,28.799,59.637,0.0
2018-08-05 03:45:00,0.825,0.0,0.0,0.0,1.289,1.032,0.864,0.718,0.947,0.821,0.0,0.0,0.0,0.0,6.495,0.0,0.07,28.817,59.577,0.0
2018-08-05 04:00:00,1.035,0.0,0.0,0.0,1.297,1.233,0.879,0.905,0.957,1.03,0.0,0.0,0.0,0.0,7.336,0.0,0.033,28.82,59.599,0.0
2018-08-05 04:15:00,1.021,0.0,0.0,0.0,1.286,1.217,0.869,0.891,0.949,1.015,0.0,0.0,0.0,0.0,7.248,0.0,0.03,28.845,59.524,0.0
2018-08-05 04:30:00,1.031,0.0,0.0,0.0,1.273,1.229,0.855,0.904,0.935,1.029,0.0,0.0,0.0,0.0,7.256,0.001,0.04,28.863,59.542,0.0
2018-08-05 04:45:00,1.036,0.0,0.0,0.0,1.289,1.235,0.867,0.906,0.947,1.033,0.0,0.0,0.0,0.0,7.313,0.0,0.07,28.885,59.553,0.0
2018-08-05 05:00:00,0.796,0.0,0.0,0.0,1.254,1.001,0.835,0.692,0.918,0.792,0.0,0.0,0.0,0.0,6.288,0.0,0.05,28.883,59.565,0.0
2018-08-05 05:15:00,1.007,0.0,0.0,0.0,1.287,1.202,0.871,0.882,0.948,1.005,0.0,0.0,0.0,0.0,7.201,0.0,0.03,28.888,59.563,0.0
2018-08-05 05:30:00,0.999,0.017,0.0,0.0,1.286,1.19,0.866,0.869,0.946,0.995,0.0,0.0,0.0,0.0,7.169,0.0,0.03,28.902,59.604,0.0
2018-08-05 05:45:00,0.068,0.274,0.031,0.036,1.261,0.302,0.845,0.059,0.926,0.068,0.0,0.0,0.0,0.0,3.871,0.0,0.059,28.906,59.656,0.0
2018-08-05 06:00:00,0.001,1.036,0.747,0.843,0.072,0.237,0.049,0.0,0.053,0.0,0.0,0.0,0.0,0.0,3.039,0.0,0.065,28.922,59.713,0.0
2018-08-05 06:15:00,0.0,1.129,0.846,0.953,0.0,0.237,0.0,0.0,0.0,0.0,0.0,0.0,0.0,0.0,3.165,0.0,0.03,28.94,59.742,0.0
2018-08-05 06:30:00,0.001,1.126,0.849,0.957,0.0,0.24,0.0,0.0,0.0,0.0,0.0,0.0,0.0,0.0,3.174,0.0,0.03,28.938,59.811,0.0
2018-08-05 06:45:00,0.0,1.13,0.856,0.965,0.0,0.237,0.0,0.0,0.0,0.0,0.0,0.0,0.0,0.0,3.188,0.0,0.049,28.944,59.898,0.0
2018-08-05 07:00:00,0.0,1.113,0.844,0.954,0.0,0.237,0.0,0.0,0.0,0.0,0.0,0.0,0.0,0.0,3.148,0.0,0.069,28.962,59.919,0.0
2018-08-05 07:15:00,0.0,1.128,0.855,0.97,0.0,0.237,0.0,0.0,0.0,0.0,0.0,0.0,0.0,0.0,3.19,0.0,0.035,29.097,59.863,0.0
2018-08-05 07:30:00,0.001,1.129,0.857,0.971,0.0,0.24,0.0,0.0,0.0,0.0,0.0,0.0,0.0,0.0,3.198,0.0,0.031,29.387,59.845,0.0
2018-08-05 07:45:00,0.0,1.13,0.857,0.971,0.0,0.237,0.0,0.0,0.0,0.0,0.0,0.0,0.0,0.0,3.195,0.0,0.039,29.467,59.906,0.0
2018-08-05 08:00:00,0.0,1.127,0.854,0.969,0.0,0.237,0.0,0.0,0.0,0.0,0.0,0.0,0.0,0.0,3.187,0.0,0.07,29.5,59.964,0.0
2018-08-05 08:15:00,0.314,1.143,0.865,0.982,0.0,0.538,0.0,0.266,0.0,0.313,0.0,0.0,0.0,0.0,4.421,0.0,0.044,29.62,60.071,0.0
2018-08-05 08:30:00,0.499,1.156,0.881,0.996,0.0,0.711,0.0,0.422,0.0,0.494,0.0,0.0,0.0,0.0,5.158,0.0,0.03,29.707,60.407,0.0
2018-08-05 08:45:00,0.558,1.164,0.889,1.004,0.0,0.77,0.0,0.477,0.0,0.556,0.0,0.0,0.0,0.0,5.418,0.0,0.03,29.7,60.198,0.0
2018-08-05 09:00:00,0.453,1.16,0.888,1.002,0.0,0.666,0.0,0.387,0.0,0.451,0.0,0.0,0.0,0.0,5.006,0.0,0.07,29.402,60.194,0.0
2018-08-05 09:15:00,0.616,1.157,0.895,1.007,0.0,0.823,0.0,0.529,0.0,0.612,0.0,0.0,0.0,0.0,5.637,0.0,0.057,29.132,60.27,0.0
2018-08-05 09:30:00,0.337,1.172,0.903,1.019,0.0,0.559,0.0,0.289,0.0,0.336,0.0,0.0,0.0,0.0,4.615,0.0,0.03,29.138,60.383,0.0
2018-08-05 09:45:00,0.451,1.174,0.905,1.016,0.0,0.666,0.0,0.383,0.0,0.449,0.0,0.0,0.0,0.0,5.044,0.0,0.03,29.156,60.472,0.0
2018-08-05 10:00:00,0.336,1.167,0.895,1.008,0.0,0.558,0.0,0.285,0.0,0.334,0.0,0.0,0.0,0.0,4.583,0.0,0.061,29.178,60.595,0.0
2018-08-05 10:15:00,0.129,1.16,0.883,0.999,0.0,0.36,0.0,0.108,0.0,0.127,0.0,0.0,0.0,0.0,3.765,0.0,0.064,29.181,60.693,0.0
2018-08-05 10:30:00,0.451,1.179,0.902,1.015,0.0,0.673,0.0,0.384,0.0,0.449,0.0,0.0,0.0,0.0,5.052,0.0,0.03,29.187,60.73,0.0
2018-08-05 10:45:00,0.436,1.172,0.901,1.013,0.0,0.653,0.0,0.369,0.0,0.431,0.0,0.0,0.0,0.0,4.975,0.0,0.03,29.197,60.787,0.0
2018-08-05 11:00:00,0.415,1.193,0.918,1.032,0.0,0.637,0.0,0.355,0.0,0.415,0.0,0.0,0.0,0.0,4.965,0.0,0.051,29.213,60.838,0.0
2018-08-05 11:15:00,0.593,1.181,0.905,1.022,0.0,0.808,0.0,0.505,0.0,0.591,0.0,0.0,0.0,0.0,5.605,0.0,0.07,29.233,60.896,0.0
2018-08-05 11:30:00,0.341,1.175,0.899,1.012,0.0,0.564,0.0,0.289,0.0,0.339,0.0,0.0,0.0,0.0,4.62,0.0,0.046,29.239,60.944,0.0
2018-08-05 11:45:00,0.34,0.863,0.598,0.676,0.718,0.569,0.414,0.289,0.472,0.339,0.0,0.0,0.0,0.0,5.279,0.0,0.03,29.25,60.953,0.0
2018-08-05 12:00:00,0.54,0.953,0.678,0.757,1.351,0.758,0.922,0.463,1.033,0.537,0.0,0.0,0.0,0.0,7.992,0.0,0.03,29.249,60.908,0.0
2018-08-05 12:15:00,0.425,1.011,0.731,0.821,1.389,0.647,0.959,0.361,1.069,0.422,0.0,0.0,0.0,0.0,7.835,0.0,0.065,29.267,60.882,0.0
2018-08-05 12:30:00,0.539,1.197,0.912,1.015,1.367,0.755,0.943,0.461,1.049,0.535,0.0,0.0,0.0,0.0,8.773,0.0,0.067,29.285,60.86,0.0
2018-08-05 12:45:00,0.462,1.009,0.729,0.817,1.373,0.679,0.947,0.393,1.054,0.459,0.0,0.0,0.0,0.0,7.923,0.0,0.03,29.292,60.885,0.0
2018-08-05 13:00:00,0.595,1.012,0.733,0.815,1.367,0.808,0.944,0.513,1.049,0.593,0.0,0.0,0.0,0.0,8.429,0.0,0.03,29.286,60.803,0.0
2018-08-05 13:15:00,0.439,1.021,0.743,0.825,1.379,0.661,0.952,0.375,1.056,0.435,0.0,0.0,0.0,0.0,7.886,0.0,0.051,29.297,60.776,0.0
2018-08-05 13:30:00,0.585,1.014,0.737,0.819,1.353,0.797,0.935,0.499,1.033,0.581,0.0,0.0,0.0,0.0,8.354,0.0,0.071,29.336,60.714,0.0
2018-08-05 13:45:00,0.444,1.203,0.913,1.02,1.355,0.663,0.937,0.381,1.035,0.442,0.0,0.0,0.0,0.0,8.391,0.0,0.035,29.355,60.765,0.0
2018-08-05 14:00:00,0.51,1.006,0.729,0.815,1.346,0.727,0.926,0.436,1.026,0.506,0.0,0.0,0.0,0.0,8.027,0.0,0.03,29.371,60.757,0.0
2018-08-05 14:15:00,0.538,1.019,0.745,0.829,1.375,0.758,0.954,0.465,1.051,0.537,0.0,0.0,0.0,0.0,8.27,0.0,0.041,29.373,60.777,0.0
2018-08-05 14:30:00,0.537,1.008,0.731,0.815,1.361,0.753,0.945,0.463,1.039,0.535,0.0,0.0,0.0,0.0,8.187,0.0,0.07,29.382,60.765,0.0
2018-08-05 14:45:00,0.498,1.009,0.731,0.818,1.355,0.715,0.939,0.429,1.033,0.495,0.0,0.0,0.0,0.0,8.023,0.0,0.047,29.396,60.771,0.0
2018-08-05 15:00:00,0.546,0.992,0.715,0.797,1.353,0.761,0.939,0.467,1.035,0.543,0.0,0.0,0.0,0.0,8.148,0.0,0.03,29.387,60.801,0.0
2018-08-05 15:15:00,0.469,1.005,0.728,0.809,1.36,0.69,0.939,0.402,1.033,0.466,0.0,0.0,0.0,0.0,7.902,0.0,0.03,29.399,60.774,0.0
2018-08-05 15:30:00,0.431,1.049,0.77,0.861,1.337,0.651,0.92,0.369,1.016,0.428,0.0,0.0,0.0,0.0,7.831,0.0,0.069,29.398,60.708,0.0
2018-08-05 15:45:00,0.571,0.945,0.671,0.749,1.351,0.786,0.933,0.488,1.026,0.568,0.0,0.0,0.0,0.0,8.087,0.0,0.059,29.41,60.634,0.0
2018-08-05 16:00:00,0.535,1.003,0.726,0.807,1.331,0.751,0.914,0.457,1.012,0.53,0.0,0.0,0.0,0.0,8.065,0.0,0.03,29.42,60.611,0.0
2018-08-05 16:15:00,0.499,0.991,0.714,0.796,1.343,0.721,0.918,0.428,1.017,0.497,0.0,0.0,0.0,0.0,7.925,0.0,0.03,29.436,60.597,0.0
2018-08-05 16:30:00,0.606,0.805,0.532,0.595,1.327,0.817,0.905,0.517,1.007,0.602,0.0,0.0,0.0,0.0,7.713,0.0,0.057,29.46,60.614,0.0
2018-08-05 16:45:00,0.405,1.035,0.751,0.844,1.34,0.629,0.916,0.346,1.015,0.403,0.0,0.0,0.0,0.0,7.685,0.0,0.07,29.473,60.595,0.0
2018-08-05 17:00:00,0.586,1.129,0.846,0.945,1.331,0.799,0.916,0.503,1.013,0.583,0.0,0.0,0.0,0.0,8.651,0.0,0.036,29.475,60.565,0.0
2018-08-05 17:15:00,0.449,0.995,0.723,0.802,1.348,0.671,0.927,0.387,1.021,0.446,0.0,0.0,0.0,0.0,7.77,0.0,0.03,29.485,60.526,0.0
2018-08-05 17:30:00,0.565,0.993,0.721,0.797,1.325,0.781,0.91,0.487,1.003,0.562,0.0,0.0,0.0,0.0,8.144,0.0,0.038,29.499,60.543,0.0
2018-08-05 17:45:00,0.431,0.822,0.553,0.615,1.323,0.628,0.907,0.37,1.0,0.43,0.0,0.0,0.0,0.0,7.079,0.0,0.07,29.489,60.609,0.0
2018-08-05 18:00:00,0.0,1.107,0.826,0.917,1.344,0.01,0.927,0.0,1.019,0.0,0.0,0.0,0.0,0.0,6.149,0.0,0.049,29.481,60.599,0.0
2018-08-05 18:15:00,0.0,0.533,0.277,0.308,1.321,0.01,0.901,0.0,0.993,0.0,0.0,0.0,0.0,0.0,4.343,0.0,0.03,29.499,60.607,0.0
2018-08-05 18:30:00,0.001,0.527,0.269,0.3,1.295,0.01,0.88,0.0,0.969,0.0,0.0,0.0,0.0,0.0,4.251,0.0,0.03,29.49,60.602,0.0
2018-08-05 18:45:00,0.0,0.512,0.257,0.283,1.287,0.01,0.877,0.0,0.957,0.0,0.0,0.0,0.0,0.0,4.182,0.0,0.066,29.492,60.583,0.0
2018-08-05 19:00:00,0.0,0.529,0.271,0.299,1.299,0.01,0.882,0.0,0.961,0.0,0.0,0.0,0.0,0.0,4.251,0.0,0.061,29.505,60.513,0.0
2018-08-05 19:15:00,0.001,0.551,0.291,0.323,1.293,0.01,0.879,0.0,0.958,0.0,0.0,0.0,0.0,0.0,4.305,0.0,0.03,29.526,60.46,0.0
2018-08-05 19:30:00,0.0,0.468,0.215,0.237,1.289,0.01,0.878,0.0,0.955,0.0,0.0,0.0,0.0,0.0,4.052,0.0,0.03,29.531,60.445,0.0
2018-08-05 19:45:00,0.0,0.566,0.305,0.337,1.298,0.01,0.884,0.0,0.962,0.0,0.0,0.0,0.0,0.0,4.363,0.0,0.055,29.529,60.407,0.0
2018-08-05 20:00:00,0.0,0.529,0.271,0.299,1.299,0.01,0.886,0.0,0.965,0.0,0.0,0.0,0.0,0.0,4.259,0.0,0.07,29.522,60.44,0.0
2018-08-05 20:15:00,0.0,0.523,0.267,0.293,1.283,0.01,0.872,0.0,0.947,0.0,0.0,0.0,0.0,0.0,4.195,0.0,0.033,29.533,60.428,0.0
2018-08-05 20:30:00,0.001,0.451,0.2,0.219,1.278,0.01,0.872,0.0,0.947,0.0,0.0,0.0,0.0,0.0,3.979,0.0,0.03,29.573,60.373,0.0
2018-08-05 20:45:00,0.0,0.461,0.209,0.23,1.264,0.01,0.86,0.0,0.937,0.0,0.0,0.0,0.0,0.0,3.971,0.0,0.043,29.573,60.427,0.0
2018-08-05 21:00:00,0.001,0.503,0.249,0.274,1.289,0.01,0.88,0.0,0.954,0.0,0.0,0.0,0.0,0.0,4.16,0.0,0.07,29.596,60.441,0.0
2018-08-05 21:15:00,0.0,0.458,0.207,0.226,1.278,0.01,0.87,0.0,0.945,0.0,0.0,0.0,0.0,0.0,3.994,0.0,0.046,29.614,60.394,0.0
2018-08-05 21:30:00,0.001,0.545,0.285,0.312,1.281,0.01,0.868,0.0,0.943,0.0,0.0,0.0,0.0,0.0,4.245,0.0,0.03,29.607,60.422,0.0
2018-08-05 21:45:00,0.001,0.478,0.223,0.245,1.297,0.01,0.879,0.0,0.954,0.0,0.0,0.0,0.0,0.0,4.087,0.0,0.03,29.597,60.462,0.0
2018-08-05 22:00:00,0.0,0.46,0.206,0.227,1.277,0.01,0.87,0.0,0.947,0.0,0.0,0.0,0.0,0.0,3.996,0.0,0.069,29.591,60.497,0.0
2018-08-05 22:15:00,0.0,0.48,0.227,0.25,1.273,0.01,0.866,0.0,0.942,0.0,0.0,0.0,0.0,0.0,4.048,0.0,0.059,29.62,60.489,0.0
2018-08-05 22:30:00,0.001,0.583,0.322,0.357,1.275,0.01,0.864,0.0,0.944,0.0,0.0,0.0,0.0,0.0,4.355,0.0,0.03,29.651,60.461,0.0
2018-08-05 22:45:00,0.001,0.448,0.196,0.218,1.277,0.01,0.861,0.0,0.943,0.0,0.0,0.0,0.0,0.0,3.954,0.0,0.03,29.669,60.518,0.0
2018-08-05 23:00:00,0.001,0.485,0.231,0.255,1.263,0.01,0.851,0.0,0.931,0.0,0.0,0.0,0.0,0.0,4.027,0.0,0.056,29.682,60.599,0.0
2018-08-05 23:15:00,0.0,0.471,0.216,0.239,1.274,0.01,0.862,0.0,0.941,0.0,0.0,0.0,0.0,0.0,4.013,0.0,0.07,29.682,60.701,0.0
2018-08-05 23:30:00,0.0,0.485,0.233,0.256,1.278,0.01,0.871,0.0,0.949,0.0,0.0,0.0,0.0,0.0,4.081,0.0,0.043,29.697,60.771,0.0
2018-08-05 23:45:00,0.203,0.171,0.0,0.0,1.282,0.413,0.867,0.174,0.949,0.201,0.0,0.0,0.0,0.0,4.261,0.0,0.029,29.696,60.851,0.0
2018-08-06 00:00:00,1.008,0.0,0.0,0.0,1.291,1.213,0.883,0.887,0.961,1.004,0.0,0.0,0.0,0.0,7.248,0.0,0.029,29.677,60.966,0.0
2018-08-06 00:15:00,1.007,0.0,0.0,0.0,1.304,1.209,0.893,0.886,0.971,1.005,0.0,0.0,0.0,0.0,7.276,0.0,0.07,29.696,60.997,0.0
2018-08-06 00:30:00,1.001,0.0,0.0,0.0,1.297,1.195,0.887,0.876,0.967,0.997,0.0,0.0,0.0,0.0,7.219,0.0,0.059,29.718,61.279,0.0
2018-08-06 00:45:00,1.053,0.0,0.0,0.0,1.32,1.251,0.901,0.932,0.984,1.049,0.0,0.0,0.0,0.0,7.489,0.0,0.03,29.717,61.188,0.0
2018-08-06 01:00:00,0.995,0.0,0.0,0.0,1.299,1.189,0.883,0.873,0.965,0.992,0.0,0.0,0.0,0.0,7.196,0.0,0.03,29.72,61.245,0.0
2018-08-06 01:15:00,1.001,0.0,0.0,0.0,1.295,1.195,0.877,0.875,0.959,0.993,0.0,0.0,0.0,0.0,7.195,0.0,0.053,29.739,61.309,0.0
2018-08-06 01:30:00,1.013,0.0,0.0,0.0,1.306,1.21,0.883,0.887,0.967,1.008,0.0,0.0,0.0,0.0,7.273,0.0,0.07,29.76,61.327,0.0
2018-08-06 01:45:00,0.989,0.0,0.0,0.0,1.297,1.186,0.878,0.864,0.961,0.987,0.0,0.0,0.0,0.0,7.163,0.0,0.037,29.764,61.384,0.0
2018-08-06 02:00:00,1.017,0.0,0.0,0.0,1.297,1.215,0.876,0.894,0.958,1.013,0.0,0.0,0.0,0.0,7.271,0.0,0.03,29.768,61.431,0.0
2018-08-06 02:15:00,1.01,0.0,0.0,0.0,1.296,1.209,0.873,0.888,0.96,1.007,0.0,0.0,0.0,0.0,7.244,0.0,0.039,29.771,61.429,0.0
2018-08-06 02:30:00,1.018,0.0,0.0,0.0,1.307,1.218,0.881,0.891,0.966,1.013,0.0,0.0,0.0,0.0,7.295,0.0,0.07,29.779,61.458,0.0
2018-08-06 02:45:00,1.02,0.0,0.0,0.0,1.298,1.221,0.876,0.895,0.96,1.017,0.0,0.0,0.0,0.0,7.287,0.0,0.051,29.791,61.516,0.0
2018-08-06 03:00:00,1.04,0.0,0.0,0.0,1.302,1.239,0.879,0.914,0.962,1.036,0.0,0.0,0.0,0.0,7.372,0.0,0.03,29.807,61.531,0.0
2018-08-06 03:15:00,1.016,0.0,0.0,0.0,1.315,1.216,0.887,0.889,0.973,1.013,0.0,0.0,0.0,0.0,7.309,0.0,0.033,29.831,61.505,0.0
2018-08-06 03:30:00,1.031,0.0,0.0,0.0,1.297,1.226,0.879,0.905,0.964,1.025,0.0,0.0,0.0,0.0,7.327,0.0,0.063,29.828,61.507,0.0
2018-08-06 03:45:00,1.041,0.0,0.0,0.0,1.29,1.235,0.875,0.917,0.961,1.037,0.0,0.0,0.0,0.0,7.355,0.0,0.069,29.835,61.507,0.0
2018-08-06 04:00:00,1.024,0.0,0.0,0.0,1.279,1.213,0.863,0.895,0.951,1.021,0.0,0.0,0.0,0.0,7.247,0.0,0.031,29.797,61.427,0.0
2018-08-06 04:15:00,1.055,0.0,0.0,0.0,1.293,1.246,0.874,0.926,0.962,1.051,0.0,0.0,0.0,0.0,7.407,0.0,0.03,29.812,61.366,0.0
2018-08-06 04:30:00,1.036,0.0,0.0,0.0,1.28,1.224,0.867,0.908,0.949,1.031,0.0,0.0,0.0,0.0,7.294,0.0,0.044,29.811,61.315,0.0
2018-08-06 04:45:00,0.99,0.0,0.0,0.0,1.271,1.179,0.858,0.861,0.942,0.987,0.0,0.0,0.0,0.0,7.089,0.0,0.073,29.805,61.262,0.0
2018-08-06 05:00:00,0.967,0.0,0.0,0.0,1.241,1.157,0.822,0.837,0.911,0.965,0.0,0.0,0.0,0.0,6.899,0.0,0.07,29.827,61.285,0.0
2018-08-06 05:15:00,0.937,0.0,0.0,0.0,1.254,1.134,0.828,0.804,0.915,0.934,0.0,0.0,0.0,0.0,6.807,0.0,0.04,29.807,61.513,0.0
2018-08-06 05:30:00,0.887,0.028,0.0,0.0,1.202,1.082,0.774,0.755,0.868,0.883,0.0,0.0,0.0,0.0,6.479,0.0,0.03,29.829,61.135,0.0
2018-08-06 05:45:00,0.001,0.24,0.0,0.0,1.2,0.237,0.775,0.0,0.871,0.0,0.0,0.0,0.0,0.0,3.323,0.0,0.03,29.85,60.903,0.0
2018-08-06 06:00:00,0.0,0.974,0.689,0.779,0.086,0.24,0.055,0.0,0.062,0.0,0.0,0.0,0.0,0.0,2.886,0.0,0.07,29.805,60.814,1.867
2018-08-06 06:15:00,0.001,1.093,0.811,0.911,0.0,0.237,0.0,0.0,0.0,0.0,0.0,0.0,0.0,0.0,3.054,0.025,0.147,29.85,61.05,3.0
2018-08-06 06:30:00,0.0,1.099,0.811,0.917,0.0,0.237,0.0,0.0,0.0,0.0,0.0,0.0,0.0,0.0,3.065,0.454,0.105,29.905,61.996,3.0
2018-08-06 06:45:00,0.0,1.09,0.804,0.916,0.0,0.237,0.0,0.0,0.0,0.0,0.0,0.0,0.0,0.0,3.047,0.45,0.101,29.915,61.354,3.0
2018-08-06 07:00:00,0.111,1.1,0.81,0.923,0.0,0.345,0.0,0.092,0.0,0.111,0.0,0.0,0.0,0.0,3.491,0.46,0.117,29.871,61.5,3.0
2018-08-06 07:15:00,0.169,1.124,0.823,0.94,0.0,0.397,0.0,0.141,0.0,0.167,0.0,0.0,0.0,0.0,3.762,0.464,0.141,29.877,61.617,3.0
2018-08-06 07:30:00,4.413,1.113,0.816,0.936,0.0,0.489,0.0,0.219,0.0,0.267,0.0,0.0,0.0,0.0,8.254,0.46,0.193,29.824,61.584,6.929
2018-08-06 07:45:00,16.483,1.163,0.877,0.99,0.0,1.102,0.0,0.776,0.0,0.917,0.0,0.0,0.0,0.0,22.308,0.699,0.183,28.001,63.771,98.643
2018-08-06 08:00:00,16.592,1.171,0.891,1.005,0.0,1.198,0.0,0.883,0.0,1.029,0.0,0.0,0.0,0.0,22.767,0.712,0.21,26.995,65.858,95.636
2018-08-06 08:15:00,16.976,1.165,0.889,1.005,0.0,1.215,0.0,0.909,0.0,1.056,0.0,0.0,0.0,0.0,23.215,0.851,0.334,26.617,67.007,95.6
2018-08-06 08:30:00,16.704,1.155,0.879,0.995,0.0,1.194,0.0,0.891,0.0,1.036,0.0,0.0,0.0,0.0,22.854,1.632,0.376,26.416,67.457,98.6
2018-08-06 08:45:00,16.037,1.16,0.876,0.994,0.0,1.133,0.0,0.818,0.0,0.974,0.0,0.0,0.0,0.0,21.992,1.615,0.426,26.309,68.025,101.0
2018-08-06 09:00:00,15.965,1.131,0.849,0.967,0.0,0.889,0.0,0.594,0.0,0.704,0.0,0.0,0.0,0.0,21.099,1.612,0.445,26.19,67.696,101.0
2018-08-06 09:15:00,15.855,1.111,0.829,0.949,0.0,0.894,0.0,0.597,0.0,0.71,0.0,0.0,0.0,0.0,20.946,1.679,0.455,26.227,67.732,102.8
2018-08-06 09:30:00,16.186,1.128,0.845,0.963,0.0,0.903,0.0,0.603,0.0,0.721,0.0,0.0,0.02,0.0,21.37,2.026,0.443,25.955,67.797,95.267
2018-08-06 09:45:00,16.854,1.148,0.872,0.989,0.0,0.953,0.0,0.652,0.0,0.765,0.0,0.0,0.685,0.0,22.917,2.324,0.553,26.101,68.951,93.8
2018-08-06 10:00:00,17.406,1.136,0.855,0.973,0.0,1.233,0.0,0.914,0.0,1.051,0.0,0.0,0.865,0.0,24.433,2.332,0.399,26.228,70.109,93.533
2018-08-06 10:15:00,17.057,1.131,0.845,0.965,0.0,0.997,0.0,0.695,0.0,0.805,0.0,0.0,0.37,0.0,22.866,2.351,0.454,25.928,69.481,95.0
2018-08-06 10:30:00,16.793,1.17,0.884,1.001,0.0,1.048,0.0,0.738,0.0,0.867,0.0,0.0,0.343,0.0,22.843,2.347,0.545,25.875,70.09,95.0
2018-08-06 10:45:00,17.253,1.153,0.869,0.987,0.0,1.151,0.0,0.834,0.0,0.969,0.0,0.0,0.638,0.0,23.855,2.348,0.374,25.895,70.105,94.0
2018-08-06 11:00:00,16.185,1.17,0.883,1.003,0.0,0.867,0.0,0.575,0.0,0.677,0.0,0.0,0.001,0.0,21.361,2.109,0.334,25.862,69.228,99.077
2018-08-06 11:15:00,16.688,1.191,0.902,1.021,0.0,1.028,0.0,0.725,0.0,0.841,0.0,0.0,0.0,0.0,22.396,2.145,0.398,26.205,70.111,101.0
2018-08-06 11:30:00,16.461,1.187,0.9,1.024,0.0,1.031,0.0,0.729,0.0,0.845,0.0,0.0,0.0,0.0,22.177,2.155,0.43,25.953,69.873,101.933
2018-08-06 11:45:00,16.524,1.183,0.887,1.02,0.7,0.789,0.405,0.5,0.465,0.583,0.0,0.0,0.0,0.0,23.057,2.186,0.537,26.172,69.015,102.467
2018-08-06 12:00:00,16.349,1.204,0.905,1.035,1.349,0.669,0.905,0.387,1.037,0.455,0.0,0.0,0.0,0.0,24.295,2.201,0.525,26.348,66.451,103.733
2018-08-06 12:15:00,16.657,1.198,0.901,1.031,1.348,0.667,0.911,0.378,1.039,0.451,0.0,0.0,0.0,0.0,24.581,2.201,0.529,25.78,67.23,103.067
2018-08-06 12:30:00,16.273,1.203,0.907,1.037,1.383,0.693,0.943,0.401,1.071,0.477,0.0,0.0,0.0,0.0,24.389,2.205,0.551,25.586,66.913,103.0
2018-08-06 12:45:00,16.364,1.206,0.908,1.039,1.365,0.553,0.929,0.277,1.056,0.333,0.0,0.0,0.0,0.0,24.031,2.202,0.485,25.532,66.657,103.0
2018-08-06 13:00:00,17.011,1.196,0.912,1.039,1.358,0.565,0.938,0.297,1.059,0.352,0.0,0.0,0.016,0.0,24.743,2.246,0.469,25.522,66.626,102.8
2018-08-06 13:15:00,17.594,1.192,0.913,1.039,1.338,0.579,0.925,0.311,1.043,0.368,0.0,0.0,0.482,0.0,25.784,2.577,0.484,25.495,66.273,104.2
2018-08-06 13:30:00,17.193,1.176,0.9,1.024,1.354,0.635,0.937,0.357,1.057,0.422,0.0,0.0,0.231,0.0,25.287,2.479,0.555,25.379,66.307,101.933
2018-08-06 13:45:00,16.912,1.195,0.92,1.044,1.35,0.523,0.937,0.259,1.053,0.305,0.0,0.0,0.367,0.0,24.865,2.511,0.475,25.429,66.249,102.0
2018-08-06 14:00:00,17.437,1.197,0.915,1.04,1.363,0.617,0.947,0.341,1.063,0.402,0.0,0.0,0.577,0.0,25.899,2.509,0.531,25.414,66.577,101.929
2018-08-06 14:15:00,16.313,1.182,0.903,1.029,1.349,0.584,0.928,0.311,1.049,0.367,0.0,0.0,0.075,0.0,24.089,2.487,0.709,25.566,68.302,101.538
2018-08-06 14:30:00,16.299,1.179,0.895,1.02,1.317,0.652,0.898,0.371,1.017,0.439,0.0,0.0,0.074,0.0,24.162,2.309,0.524,25.597,68.727,101.533
2018-08-06 14:45:00,16.471,1.179,0.896,1.021,1.347,0.669,0.927,0.387,1.047,0.455,0.0,0.0,0.146,0.0,24.544,2.245,0.476,25.565,69.317,95.8
2018-08-06 15:00:00,16.685,1.183,0.897,1.024,1.347,0.56,0.923,0.289,1.041,0.342,0.0,0.0,0.534,0.0,24.824,2.523,0.455,25.475,68.397,95.4
2018-08-06 15:15:00,16.735,1.193,0.908,1.032,1.362,0.639,0.935,0.355,1.055,0.422,0.0,0.0,0.479,0.0,25.114,2.52,0.473,25.321,68.377,95.4
2018-08-06 15:30:00,16.182,1.184,0.899,1.023,1.336,0.554,0.913,0.281,1.032,0.335,0.0,0.0,0.077,0.0,23.816,2.525,0.492,25.214,68.254,95.467
2018-08-06 15:45:00,16.637,1.195,0.911,1.034,1.35,0.558,0.927,0.285,1.045,0.337,0.0,0.0,0.484,0.0,24.763,2.521,0.446,25.236,68.901,95.0
2018-08-06 16:00:00,16.46,1.199,0.914,1.037,1.358,0.636,0.935,0.356,1.053,0.42,0.0,0.0,0.045,0.0,24.413,2.383,0.63,25.345,69.186,95.0
2018-08-06 16:15:00,16.187,1.196,0.91,1.033,1.363,0.611,0.937,0.33,1.054,0.389,0.0,0.0,0.0,0.0,24.011,2.203,0.632,25.391,68.064,95.8
2018-08-06 16:30:00,16.13,1.211,0.919,1.043,1.373,0.523,0.941,0.251,1.061,0.299,0.0,0.0,0.0,0.0,23.75,2.185,0.578,25.248,68.503,96.0
2018-08-06 16:45:00,12.412,1.225,0.929,1.056,1.375,0.671,0.941,0.38,1.06,0.455,0.0,0.0,0.0,0.0,20.505,2.199,0.355,25.286,69.006,96.267
2018-08-06 17:00:00,0.527,1.019,0.728,0.831,1.352,0.739,0.911,0.44,1.036,0.523,0.0,0.0,0.0,0.0,8.106,2.225,0.217,26.17,67.328,95.75
2018-08-06 17:15:00,0.592,1.011,0.718,0.815,1.355,0.807,0.909,0.499,1.037,0.59,0.0,0.0,0.0,0.0,8.333,2.233,0.21,27.332,63.914,93.357
2018-08-06 17:30:00,0.473,1.0,0.713,0.807,1.334,0.688,0.901,0.399,1.023,0.47,0.0,0.0,0.0,0.0,7.807,1.781,0.129,27.482,62.015,53.2
2018-08-06 17:45:00,0.428,1.183,0.894,1.008,1.347,0.615,0.921,0.36,1.039,0.423,0.0,0.0,0.0,0.0,8.217,1.347,0.033,27.69,60.812,9.933
2018-08-06 18:00:00,0.001,1.035,0.759,0.855,1.325,0.01,0.905,0.0,1.019,0.0,0.0,0.0,0.0,0.0,5.91,1.347,0.031,27.849,61.153,41.267
2018-08-06 18:15:00,0.001,0.342,0.096,0.109,1.299,0.01,0.869,0.0,0.984,0.0,0.0,0.0,0.0,0.0,3.709,0.2,0.049,28.18,61.647,14.067
2018-08-06 18:30:00,0.001,0.407,0.157,0.177,1.286,0.01,0.861,0.0,0.973,0.0,0.0,0.0,0.0,0.0,3.872,0.0,0.07,28.274,61.299,0.0
2018-08-06 18:45:00,0.0,0.451,0.196,0.223,1.281,0.01,0.857,0.0,0.966,0.0,0.0,0.0,0.0,0.0,3.985,0.0,0.037,28.167,61.148,0.0
2018-08-06 19:00:00,0.0,0.356,0.109,0.123,1.279,0.01,0.847,0.0,0.955,0.0,0.0,0.0,0.0,0.0,3.679,0.0,0.03,28.191,60.652,0.0
2018-08-06 19:15:00,0.001,0.349,0.101,0.114,1.262,0.01,0.835,0.0,0.941,0.0,0.0,0.0,0.0,0.0,3.612,0.0,0.034,28.253,60.435,0.0
2018-08-06 19:30:00,0.0,0.448,0.193,0.218,1.27,0.01,0.841,0.0,0.943,0.0,0.0,0.0,0.0,0.0,3.924,0.0,0.071,28.311,60.322,0.0
2018-08-06 19:45:00,0.0,0.426,0.172,0.195,1.268,0.01,0.84,0.0,0.94,0.0,0.0,0.0,0.0,0.0,3.851,0.0,0.047,28.362,60.232,0.0
2018-08-06 20:00:00,0.0,0.373,0.121,0.137,1.286,0.01,0.851,0.0,0.951,0.0,0.0,0.0,0.0,0.0,3.729,0.0,0.03,28.376,60.175,0.0
2018-08-06 20:15:00,0.0,0.438,0.183,0.205,1.269,0.01,0.843,0.0,0.943,0.0,0.0,0.0,0.0,0.0,3.892,0.0,0.03,28.404,60.225,0.0
2018-08-06 20:30:00,0.0,0.339,0.092,0.103,1.259,0.01,0.836,0.0,0.934,0.0,0.0,0.0,0.0,0.0,3.573,0.0,0.067,28.449,60.219,0.0
2018-08-06 20:45:00,0.001,0.418,0.165,0.185,1.285,0.01,0.854,0.0,0.951,0.0,0.0,0.0,0.0,0.0,3.869,0.0,0.057,28.491,60.192,0.0
2018-08-06 21:00:00,0.0,0.451,0.196,0.221,1.263,0.01,0.837,0.0,0.935,0.0,0.0,0.0,0.0,0.0,3.912,0.0,0.03,28.522,60.279,0.0
2018-08-06 21:15:00,0.001,0.339,0.092,0.103,1.258,0.01,0.834,0.0,0.93,0.0,0.0,0.0,0.0,0.0,3.567,0.0,0.031,28.561,60.295,0.0
2018-08-06 21:30:00,0.001,0.436,0.183,0.204,1.273,0.01,0.848,0.0,0.945,0.0,0.0,0.0,0.0,0.0,3.9,0.0,0.057,28.583,60.356,0.0
2018-08-06 21:45:00,0.0,0.434,0.179,0.201,1.281,0.01,0.847,0.0,0.943,0.0,0.0,0.0,0.0,0.0,3.896,0.0,0.067,28.617,60.419,0.0
2018-08-06 22:00:00,0.001,0.345,0.095,0.105,1.264,0.01,0.834,0.0,0.929,0.0,0.0,0.0,0.0,0.0,3.583,0.0,0.03,28.636,60.489,0.0
2018-08-06 22:15:00,0.001,0.471,0.21,0.237,1.275,0.01,0.841,0.0,0.941,0.0,0.0,0.0,0.0,0.0,3.987,0.0,0.03,28.68,60.533,0.0
2018-08-06 22:30:00,0.0,0.444,0.187,0.213,1.278,0.01,0.845,0.0,0.946,0.0,0.0,0.0,0.0,0.0,3.923,0.0,0.048,28.717,60.74,0.0
2018-08-06 22:45:00,0.0,0.333,0.086,0.097,1.259,0.01,0.831,0.0,0.931,0.0,0.0,0.0,0.0,0.0,3.547,0.0,0.07,28.731,60.835,0.0
2018-08-06 23:00:00,0.001,0.427,0.173,0.195,1.258,0.01,0.83,0.0,0.931,0.0,0.0,0.0,0.0,0.0,3.823,0.0,0.035,28.735,61.155,0.0
2018-08-06 23:15:00,0.001,0.359,0.111,0.125,1.267,0.01,0.839,0.0,0.941,0.0,0.0,0.0,0.0,0.0,3.654,0.0,0.031,28.761,61.173,0.0
2018-08-06 23:30:00,0.001,0.427,0.173,0.195,1.277,0.01,0.841,0.0,0.945,0.0,0.0,0.0,0.0,0.0,3.869,0.0,0.039,28.772,61.209,0.0
2018-08-06 23:45:00,0.144,0.261,0.091,0.102,1.279,0.367,0.843,0.121,0.945,0.143,0.0,0.0,0.0,0.0,4.297,0.0,0.07,28.792,61.217,0.0
2018-08-07 00:00:00,1.009,0.0,0.0,0.0,1.303,1.213,0.869,0.866,0.968,1.003,0.0,0.0,0.0,0.0,7.231,0.0,0.047,28.813,61.268,0.0
2018-08-07 00:15:00,1.01,0.0,0.0,0.0,1.304,1.212,0.867,0.87,0.967,1.005,0.0,0.0,0.0,0.0,7.236,0.0,0.031,28.821,61.287,0.0
2018-08-07 00:30:00,1.048,0.0,0.0,0.0,1.323,1.251,0.883,0.907,0.983,1.045,0.0,0.0,0.0,0.0,7.44,0.0,0.03,28.815,61.273,0.0
2018-08-07 00:45:00,1.025,0.0,0.0,0.0,1.3,1.223,0.861,0.883,0.962,1.018,0.0,0.0,0.0,0.0,7.272,0.0,0.067,28.83,61.374,0.0
2018-08-07 01:00:00,1.021,0.0,0.0,0.0,1.295,1.216,0.855,0.88,0.959,1.015,0.0,0.0,0.0,0.0,7.241,0.0,0.059,28.855,61.383,0.0
2018-08-07 01:15:00,1.016,0.0,0.0,0.0,1.301,1.212,0.861,0.874,0.965,1.011,0.0,0.0,0.0,0.0,7.24,0.0,0.03,28.879,61.396,0.0
2018-08-07 01:30:00,1.034,0.0,0.0,0.0,1.32,1.233,0.873,0.889,0.979,1.028,0.0,0.0,0.0,0.0,7.355,0.0,0.03,28.9,61.369,0.0
2018-08-07 01:45:00,1.039,0.0,0.0,0.0,1.303,1.24,0.863,0.899,0.965,1.035,0.0,0.0,0.0,0.0,7.344,0.0,0.061,28.903,61.496,0.0
2018-08-07 02:00:00,1.023,0.0,0.0,0.0,1.301,1.226,0.859,0.878,0.962,1.019,0.0,0.0,0.0,0.0,7.267,0.0,0.07,28.912,61.582,0.0
2018-08-07 02:15:00,1.037,0.0,0.0,0.0,1.316,1.243,0.867,0.891,0.973,1.033,0.0,0.0,0.0,0.0,7.359,0.0,0.031,28.929,61.456,0.0
2018-08-07 02:30:00,1.005,0.0,0.0,0.0,1.303,1.209,0.858,0.859,0.963,1.003,0.0,0.0,0.0,0.0,7.199,0.0,0.03,28.955,61.505,0.0
2018-08-07 02:45:00,1.017,0.0,0.0,0.0,1.303,1.217,0.86,0.869,0.967,1.015,0.0,0.0,0.0,0.0,7.247,0.0,0.043,28.963,61.487,0.0
2018-08-07 03:00:00,1.022,0.0,0.0,0.0,1.301,1.219,0.864,0.877,0.969,1.017,0.0,0.0,0.0,0.0,7.269,0.0,0.07,28.983,61.528,0.0
2018-08-07 03:15:00,1.035,0.0,0.0,0.0,1.308,1.237,0.867,0.892,0.972,1.032,0.0,0.0,0.0,0.0,7.342,0.0,0.053,28.984,61.581,0.0
2018-08-07 03:30:00,1.034,0.0,0.0,0.0,1.293,1.233,0.856,0.894,0.961,1.029,0.0,0.0,0.0,0.0,7.301,0.0,0.034,29.008,61.565,0.0
2018-08-07 03:45:00,1.035,0.0,0.0,0.0,1.296,1.236,0.861,0.898,0.965,1.032,0.0,0.0,0.0,0.0,7.323,0.0,0.03,29.187,61.523,0.0
2018-08-07 04:00:00,1.013,0.0,0.0,0.0,1.295,1.209,0.859,0.872,0.961,1.007,0.0,0.0,0.0,0.0,7.217,0.0,0.059,29.22,61.546,0.0
2018-08-07 04:15:00,1.037,0.0,0.0,0.0,1.31,1.237,0.871,0.897,0.973,1.033,0.0,0.0,0.0,0.0,7.358,0.0,0.065,29.2,61.529,0.0
2018-08-07 04:30:00,1.022,0.0,0.0,0.0,1.293,1.219,0.861,0.882,0.963,1.015,0.0,0.0,0.0,0.0,7.255,0.001,0.03,29.267,61.479,0.0
2018-08-07 04:45:00,1.017,0.0,0.0,0.0,1.292,1.215,0.859,0.88,0.963,1.013,0.0,0.0,0.0,0.0,7.239,0.0,0.031,29.54,61.493,0.0
2018-08-07 05:00:00,0.993,0.0,0.0,0.0,1.282,1.187,0.852,0.853,0.954,0.991,0.0,0.0,0.0,0.0,7.112,0.0,0.048,29.573,61.565,0.0
2018-08-07 05:15:00,1.013,0.0,0.0,0.0,1.3,1.213,0.865,0.877,0.967,1.01,0.0,0.0,0.0,0.0,7.245,0.0,0.07,29.631,61.591,0.0
2018-08-07 05:30:00,0.999,0.021,0.0,0.0,1.284,1.191,0.858,0.865,0.959,0.992,0.0,0.0,0.0,0.0,7.17,0.0,0.041,29.82,61.575,0.0
2018-08-07 05:45:00,0.003,0.24,0.0,0.0,1.243,0.237,0.816,0.001,0.922,0.001,0.0,0.0,0.0,0.0,3.462,0.0,0.03,29.153,61.494,0.0
2018-08-07 06:00:00,0.001,1.017,0.731,0.826,0.083,0.237,0.053,0.0,0.061,0.0,0.0,0.0,0.0,0.0,3.009,0.0,0.034,29.121,61.658,0.467
2018-08-07 06:15:00,0.0,1.119,0.835,0.946,0.0,0.24,0.0,0.0,0.0,0.0,0.0,0.0,0.0,0.0,3.14,0.182,0.166,29.13,62.175,2.867
2018-08-07 06:30:00,0.0,1.121,0.841,0.954,0.0,0.237,0.0,0.0,0.0,0.0,0.0,0.0,0.0,0.0,3.153,0.456,0.124,29.141,62.275,3.0
2018-08-07 06:45:00,0.0,1.133,0.853,0.972,0.0,0.237,0.0,0.0,0.0,0.0,0.0,0.0,0.0,0.0,3.195,0.45,0.101,29.145,62.243,3.0
2018-08-07 07:00:00,0.0,1.131,0.845,0.967,0.0,0.239,0.0,0.0,0.0,0.0,0.0,0.0,0.0,0.0,3.182,0.458,0.255,29.162,62.319,3.0
2018-08-07 07:15:00,0.0,1.133,0.844,0.973,0.0,0.24,0.0,0.0,0.0,0.0,0.0,0.0,0.0,0.0,3.19,0.703,0.231,29.211,62.693,72.111
2018-08-07 07:30:00,4.511,1.157,0.873,0.997,0.0,0.743,0.0,0.451,0.0,0.536,0.0,0.0,0.0,0.0,9.268,1.592,0.305,29.259,63.244,93.333
2018-08-07 07:45:00,17.444,1.148,0.877,0.997,0.0,1.259,0.0,0.933,0.0,1.079,0.0,0.0,0.0,0.0,23.737,1.77,0.337,27.827,65.711,93.067
2018-08-07 08:00:00,17.327,1.141,0.878,0.995,0.0,1.255,0.0,0.941,0.0,1.085,0.0,0.0,0.0,0.0,23.623,1.763,0.399,26.859,67.289,94.867
2018-08-07 08:15:00,17.353,1.153,0.88,1.0,0.0,1.207,0.0,0.897,0.0,1.035,0.0,0.0,0.0,0.0,23.526,1.792,0.413,26.497,67.657,95.0
2018-08-07 08:30:00,16.789,1.172,0.895,1.017,0.0,0.755,0.0,0.481,0.0,0.551,0.0,0.0,0.0,0.0,21.659,1.796,0.455,26.459,68.647,95.4
2018-08-07 08:45:00,17.459,1.166,0.895,1.014,0.0,1.056,0.0,0.754,0.0,0.87,0.0,0.0,0.0,0.0,23.213,1.789,0.409,26.371,69.123,95.0
2018-08-07 09:00:00,16.918,1.181,0.911,1.031,0.0,0.708,0.0,0.431,0.0,0.502,0.0,0.0,0.0,0.0,21.681,1.78,0.447,26.241,68.853,95.0
2018-08-07 09:15:00,16.324,1.173,0.902,1.022,0.0,0.263,0.0,0.032,0.0,0.037,0.0,0.0,0.0,0.0,19.754,1.769,0.461,26.359,68.386,95.0
2018-08-07 09:30:00,16.322,1.173,0.893,1.017,0.0,0.233,0.0,0.0,0.0,0.0,0.0,0.0,0.0,0.0,19.637,1.796,0.467,25.885,67.519,96.0
2018-08-07 09:45:00,16.455,1.195,0.915,1.037,0.0,0.237,0.0,0.0,0.0,0.0,0.0,0.0,0.0,0.0,19.84,1.794,0.475,25.833,68.286,95.0
2018-08-07 10:00:00,16.76,1.19,0.913,1.039,0.0,0.239,0.0,0.0,0.0,0.0,0.0,0.0,0.0,0.0,20.141,1.782,0.437,25.933,68.514,95.0
2018-08-07 10:15:00,16.407,1.187,0.899,1.028,0.0,0.237,0.0,0.0,0.0,0.0,0.0,0.0,0.0,0.0,19.759,1.814,0.523,25.806,67.431,96.0
2018-08-07 10:30:00,16.248,1.188,0.905,1.034,0.0,0.237,0.0,0.0,0.0,0.0,0.0,0.0,0.0,0.0,19.613,1.816,0.663,25.936,68.751,96.333
2018-08-07 10:45:00,16.425,1.189,0.907,1.031,0.0,0.237,0.0,0.0,0.0,0.0,0.0,0.0,0.0,0.0,19.789,2.026,0.655,26.22,69.185,96.667
2018-08-07 11:00:00,16.589,1.179,0.893,1.023,0.0,0.24,0.0,0.0,0.0,0.0,0.0,0.0,0.0,0.0,19.923,2.173,0.599,25.847,67.733,96.533
2018-08-07 11:15:00,16.111,1.169,0.885,1.015,0.0,0.237,0.0,0.0,0.0,0.0,0.0,0.0,0.0,0.0,19.418,2.177,0.445,25.617,67.783,97.0
2018-08-07 11:30:00,15.909,1.152,0.865,0.995,0.0,0.237,0.0,0.0,0.0,0.0,0.0,0.0,0.0,0.0,19.159,2.195,0.458,25.603,69.099,97.533
2018-08-07 11:45:00,15.706,0.76,0.491,0.567,0.678,0.248,0.374,0.0,0.437,0.0,0.0,0.0,0.0,0.0,19.261,2.217,0.611,25.697,69.869,97.8
2018-08-07 12:00:00,15.802,0.819,0.539,0.615,1.317,0.466,0.865,0.193,0.997,0.232,0.0,0.0,0.0,0.0,21.845,2.225,0.423,25.605,69.968,97.267
2018-08-07 12:15:00,16.101,0.751,0.476,0.543,1.325,0.715,0.879,0.415,1.012,0.499,0.0,0.0,0.0,0.0,22.715,2.221,0.453,25.517,70.067,97.0
2018-08-07 12:30:00,15.906,1.187,0.883,1.01,1.355,0.371,0.915,0.117,1.043,0.139,0.0,0.0,0.0,0.0,22.925,2.211,0.628,25.387,69.683,96.923
2018-08-07 12:45:00,16.114,1.007,0.722,0.821,1.368,0.57,0.925,0.29,1.055,0.342,0.0,0.0,0.0,0.0,23.214,2.21,0.55,25.326,69.763,97.0
2018-08-07 13:00:00,16.762,1.0,0.726,0.82,1.337,0.615,0.917,0.338,1.038,0.396,0.0,0.0,0.0,0.0,23.95,2.164,0.493,25.343,69.81,95.6
2018-08-07 13:15:00,16.8,1.193,0.909,1.029,1.374,0.403,0.955,0.149,1.074,0.176,0.0,0.0,0.0,0.0,24.062,2.151,0.53,25.337,69.983,95.6
2018-08-07 13:30:00,16.68,1.21,0.929,1.048,1.373,0.578,0.951,0.302,1.071,0.358,0.0,0.0,0.0,0.0,24.499,2.153,0.662,25.429,70.331,95.133
2018-08-07 13:45:00,16.488,1.203,0.921,1.041,1.37,0.531,0.944,0.259,1.064,0.307,0.0,0.0,0.0,0.0,24.128,2.289,0.556,25.539,71.193,101.067
2018-08-07 14:00:00,15.86,1.197,0.916,1.034,1.34,0.521,0.918,0.251,1.037,0.3,0.0,0.0,0.0,0.0,23.374,2.001,0.679,25.413,70.76,97.333
2018-08-07 14:15:00,16.255,0.997,0.722,0.815,1.336,0.484,0.913,0.217,1.032,0.257,0.0,0.0,0.0,0.0,23.028,1.813,0.591,25.313,71.265,96.0
2018-08-07 14:30:00,16.531,0.385,0.145,0.165,1.315,0.827,0.887,0.526,1.01,0.617,0.0,0.0,0.0,0.0,22.409,1.816,0.617,25.279,71.261,96.0
2018-08-07 14:45:00,15.683,1.185,0.895,1.013,1.363,0.24,0.935,0.0,1.054,0.0,0.0,0.0,0.0,0.0,22.367,1.812,0.487,25.283,71.187,96.0
2018-08-07 15:00:00,16.43,1.211,0.925,1.043,1.355,0.599,0.929,0.322,1.049,0.381,0.0,0.0,0.0,0.0,24.245,1.813,0.543,25.359,71.387,96.0
2018-08-07 15:15:00,16.148,1.193,0.913,1.029,1.351,0.433,0.927,0.175,1.047,0.205,0.0,0.0,0.0,0.0,23.422,1.794,0.513,25.486,72.121,96.0
2018-08-07 15:30:00,16.202,1.199,0.913,1.033,1.347,0.54,0.922,0.269,1.039,0.319,0.0,0.0,0.0,0.0,23.784,1.841,0.581,25.265,70.739,97.333
2018-08-07 15:45:00,16.099,1.195,0.905,1.026,1.363,0.374,0.93,0.118,1.052,0.141,0.0,0.0,0.0,0.0,23.202,1.867,0.539,25.163,70.358,97.8
2018-08-07 16:00:00,16.436,1.202,0.905,1.031,1.347,0.563,0.913,0.287,1.039,0.342,0.0,0.0,0.0,0.0,24.064,2.151,0.549,25.169,70.575,97.467
2018-08-07 16:15:00,15.742,1.054,0.765,0.875,1.326,0.357,0.895,0.103,1.017,0.126,0.0,0.0,0.0,0.0,22.261,2.194,0.577,25.351,71.441,98.071
2018-08-07 16:30:00,15.309,0.761,0.49,0.563,1.304,0.507,0.866,0.233,0.995,0.283,0.0,0.0,0.0,0.0,21.312,2.192,0.494,25.551,72.684,97.643
2018-08-07 16:45:00,11.772,0.885,0.609,0.697,1.294,0.549,0.869,0.274,0.992,0.331,0.0,0.0,0.0,0.0,18.272,2.185,0.387,25.166,73.187,97.4
2018-08-07 17:00:00,0.545,0.813,0.534,0.615,1.301,0.747,0.869,0.445,0.997,0.54,0.0,0.0,0.0,0.0,7.405,2.209,0.235,26.132,69.879,95.267
2018-08-07 17:15:00,0.507,1.176,0.878,1.0,1.323,0.717,0.893,0.419,1.017,0.501,0.0,0.0,0.0,0.0,8.431,1.929,0.16,27.1,68.381,60.733
2018-08-07 17:30:00,0.415,0.97,0.687,0.782,1.313,0.637,0.878,0.341,0.999,0.413,0.0,0.0,0.0,0.0,7.436,1.98,0.13,27.478,67.742,51.154
2018-08-07 17:45:00,0.446,1.161,0.866,0.986,1.307,0.629,0.876,0.365,0.997,0.444,0.0,0.0,0.0,0.0,8.077,1.475,0.096,27.648,66.249,3.0
2018-08-07 18:00:00,0.001,0.953,0.675,0.767,1.275,0.01,0.848,0.0,0.966,0.0,0.0,0.0,0.0,0.0,5.495,1.463,0.07,27.705,65.619,3.0
2018-08-07 18:15:00,0.001,0.436,0.183,0.208,1.252,0.01,0.822,0.0,0.937,0.0,0.0,0.0,0.0,0.0,3.849,1.477,0.07,27.775,65.26,3.0
2018-08-07 18:30:00,0.001,0.455,0.201,0.229,1.267,0.01,0.839,0.0,0.95,0.0,0.0,0.0,0.0,0.0,3.95,1.456,0.097,27.899,64.985,3.0
2018-08-07 18:45:00,0.001,0.401,0.149,0.17,1.243,0.01,0.82,0.0,0.929,0.0,0.0,0.0,0.0,0.0,3.723,1.448,0.105,28.269,64.352,3.0
2018-08-07 19:00:00,0.001,0.514,0.254,0.29,1.249,0.01,0.825,0.0,0.933,0.0,0.0,0.0,0.0,0.0,4.076,0.327,0.034,28.135,63.945,1.0
2018-08-07 19:15:00,0.001,0.395,0.143,0.163,1.272,0.01,0.843,0.0,0.948,0.0,0.0,0.0,0.0,0.0,3.775,0.0,0.031,28.191,63.461,0.0
2018-08-07 19:30:00,0.001,0.45,0.194,0.22,1.261,0.01,0.833,0.0,0.937,0.0,0.0,0.0,0.0,0.0,3.907,0.0,0.046,28.222,63.23,0.0
2018-08-07 19:45:00,0.001,0.335,0.087,0.1,1.252,0.01,0.822,0.0,0.929,0.0,0.0,0.0,0.0,0.0,3.536,0.0,0.07,28.263,63.164,0.0
2018-08-07 20:00:00,0.0,0.429,0.174,0.198,1.258,0.01,0.826,0.0,0.93,0.0,0.0,0.0,0.0,0.0,3.825,0.0,0.033,28.294,62.83,0.0
2018-08-07 20:15:00,0.001,0.333,0.085,0.097,1.265,0.01,0.827,0.0,0.931,0.0,0.0,0.0,0.0,0.0,3.549,0.0,0.031,28.308,62.965,0.0
2018-08-07 20:30:00,0.001,0.445,0.183,0.207,1.274,0.01,0.839,0.0,0.938,0.0,0.0,0.0,0.0,0.0,3.895,0.0,0.042,28.35,62.791,0.0
2018-08-07 20:45:00,0.001,0.243,0.001,0.002,1.249,0.01,0.827,0.0,0.927,0.0,0.0,0.0,0.0,0.0,3.259,0.0,0.07,28.327,62.749,0.0
2018-08-07 21:00:00,0.001,0.421,0.169,0.192,1.253,0.01,0.831,0.0,0.931,0.0,0.0,0.0,0.0,0.0,3.809,0.0,0.04,28.311,62.877,0.0
2018-08-07 21:15:00,0.0,0.331,0.084,0.095,1.239,0.01,0.818,0.0,0.918,0.0,0.0,0.0,0.0,0.0,3.495,0.0,0.031,28.313,62.917,0.0
2018-08-07 21:30:00,0.0,0.265,0.023,0.026,1.245,0.01,0.812,0.0,0.917,0.0,0.0,0.0,0.0,0.0,3.297,0.0,0.033,28.336,62.909,0.0
2018-08-07 21:45:00,0.0,0.412,0.158,0.179,1.232,0.01,0.802,0.0,0.904,0.0,0.0,0.0,0.0,0.0,3.697,0.0,0.071,28.351,62.945,0.0
2018-08-07 22:00:00,0.001,0.433,0.177,0.2,1.255,0.01,0.823,0.0,0.926,0.0,0.0,0.0,0.0,0.0,3.825,0.0,0.055,28.377,62.932,0.0
2018-08-07 22:15:00,0.0,0.333,0.081,0.091,1.256,0.01,0.821,0.0,0.925,0.0,0.0,0.0,0.0,0.0,3.517,0.0,0.031,28.407,63.041,0.0
2018-08-07 22:30:00,0.001,0.331,0.081,0.092,1.247,0.01,0.809,0.0,0.918,0.0,0.0,0.0,0.0,0.0,3.489,0.0,0.031,28.444,63.673,0.0
2018-08-07 22:45:00,0.0,0.403,0.15,0.171,1.238,0.01,0.81,0.0,0.917,0.0,0.0,0.0,0.0,0.0,3.698,0.0,0.053,28.469,63.208,0.0
2018-08-07 23:00:00,0.001,0.35,0.102,0.116,1.229,0.01,0.801,0.0,0.908,0.0,0.0,0.0,0.0,0.0,3.517,0.0,0.065,28.488,63.273,0.0
2018-08-07 23:15:00,0.0,0.323,0.076,0.087,1.24,0.01,0.805,0.0,0.913,0.0,0.0,0.0,0.0,0.0,3.453,0.0,0.031,28.482,63.402,0.0
2018-08-07 23:30:00,0.001,0.411,0.157,0.179,1.223,0.01,0.789,0.0,0.9,0.0,0.0,0.0,0.0,0.0,3.669,0.0,0.031,28.503,63.496,0.0
2018-08-07 23:45:00,0.139,0.164,0.0,0.0,1.23,0.355,0.793,0.111,0.903,0.136,0.0,0.0,0.0,0.0,3.83,0.0,0.047,28.513,63.493,0.0
2018-08-08 00:00:00,0.96,0.0,0.0,0.0,1.281,1.155,0.836,0.805,0.948,0.956,0.0,0.0,0.0,0.0,6.941,0.0,0.07,28.543,63.467,0.0
2018-08-08 00:15:00,1.0,0.0,0.0,0.0,1.281,1.196,0.84,0.85,0.947,0.996,0.0,0.0,0.0,0.0,7.109,0.0,0.036,28.555,63.536,0.0
2018-08-08 00:30:00,0.752,0.0,0.0,0.0,1.253,0.952,0.82,0.635,0.928,0.749,0.0,0.0,0.0,0.0,6.089,0.0,0.03,28.553,63.516,0.0
2018-08-08 00:45:00,0.966,0.0,0.0,0.0,1.271,1.157,0.835,0.819,0.942,0.961,0.0,0.0,0.0,0.0,6.95,0.0,0.037,28.578,63.489,0.0
2018-08-08 01:00:00,0.757,0.0,0.0,0.0,1.251,0.954,0.817,0.639,0.925,0.752,0.0,0.0,0.0,0.0,6.094,0.001,0.07,28.587,63.545,0.0
2018-08-08 01:15:00,0.782,0.0,0.0,0.0,1.255,0.985,0.823,0.666,0.932,0.778,0.0,0.0,0.0,0.0,6.221,0.0,0.048,28.608,63.558,0.0
2018-08-08 01:30:00,0.613,0.0,0.0,0.0,1.252,0.821,0.819,0.521,0.929,0.609,0.0,0.0,0.0,0.0,5.565,0.0,0.03,28.62,63.501,0.0
2018-08-08 01:45:00,0.648,0.0,0.0,0.0,1.278,0.86,0.842,0.551,0.953,0.646,0.0,0.0,0.0,0.0,5.778,0.0,0.03,28.628,63.495,0.0
2018-08-08 02:00:00,0.689,0.0,0.0,0.0,1.261,0.898,0.829,0.584,0.936,0.686,0.0,0.0,0.0,0.0,5.883,0.0,0.071,28.628,63.469,0.0
2018-08-08 02:15:00,0.659,0.0,0.0,0.0,1.272,0.873,0.832,0.561,0.94,0.656,0.0,0.0,0.0,0.0,5.793,0.0,0.049,28.602,63.425,0.0
2018-08-08 02:30:00,0.921,0.0,0.0,0.0,1.273,1.13,0.831,0.783,0.939,0.916,0.0,0.0,0.0,0.0,6.793,0.0,0.031,28.634,63.425,0.0
2018-08-08 02:45:00,0.741,0.0,0.0,0.0,1.271,0.957,0.823,0.627,0.934,0.737,0.0,0.0,0.0,0.0,6.089,0.0,0.03,28.646,63.404,0.0
2018-08-08 03:00:00,0.655,0.0,0.0,0.0,1.257,0.866,0.813,0.555,0.924,0.651,0.0,0.0,0.0,0.0,5.721,0.0,0.065,28.65,63.295,0.0
2018-08-08 03:15:00,0.176,0.0,0.0,0.0,1.225,0.407,0.781,0.148,0.893,0.175,0.0,0.0,0.0,0.0,3.805,0.0,0.059,28.653,63.311,0.0
2018-08-08 03:30:00,0.889,0.0,0.0,0.0,1.264,1.09,0.821,0.75,0.93,0.884,0.0,0.0,0.0,0.0,6.628,0.0,0.03,28.666,63.313,0.0
2018-08-08 03:45:00,0.631,0.0,0.0,0.0,1.273,0.849,0.827,0.535,0.937,0.629,0.0,0.0,0.0,0.0,5.681,0.0,0.034,28.666,63.303,0.0
2018-08-08 04:00:00,0.409,0.0,0.0,0.0,1.231,0.638,0.787,0.346,0.899,0.409,0.0,0.0,0.0,0.0,4.718,0.0,0.055,28.676,63.294,0.0
2018-08-08 04:15:00,0.793,0.0,0.0,0.0,1.261,1.007,0.817,0.675,0.926,0.788,0.0,0.0,0.0,0.0,6.268,0.0,0.065,28.695,63.325,0.0
2018-08-08 04:30:00,0.79,0.0,0.0,0.0,1.247,0.999,0.805,0.675,0.917,0.785,0.0,0.0,0.0,0.0,6.219,0.0,0.03,28.689,63.195,0.0
2018-08-08 04:45:00,0.596,0.0,0.0,0.0,1.269,0.818,0.82,0.507,0.929,0.594,0.0,0.0,0.0,0.0,5.533,0.0,0.031,28.682,63.306,0.0
2018-08-08 05:00:00,0.778,0.0,0.0,0.0,1.259,0.991,0.819,0.662,0.928,0.777,0.0,0.0,0.0,0.0,6.214,0.0,0.049,28.705,63.56,0.0
2018-08-08 05:15:00,0.579,0.0,0.0,0.0,1.261,0.799,0.822,0.489,0.928,0.577,0.0,0.0,0.0,0.0,5.455,0.0,0.07,28.725,63.301,0.0
2018-08-08 05:30:00,0.407,0.019,0.0,0.0,1.251,0.632,0.809,0.343,0.917,0.405,0.0,0.0,0.0,0.0,4.783,0.0,0.039,28.727,62.965,0.0
2018-08-08 05:45:00,0.001,0.345,0.096,0.111,1.209,0.245,0.774,0.0,0.883,0.0,0.0,0.0,0.0,0.0,3.663,0.0,0.033,28.737,62.988,0.0
2018-08-08 06:00:00,0.001,0.962,0.672,0.765,0.125,0.238,0.08,0.0,0.091,0.0,0.0,0.0,0.0,0.0,2.934,0.0,0.036,28.754,63.221,0.467
2018-08-08 06:15:00,0.389,1.127,0.837,0.943,0.0,0.608,0.0,0.327,0.0,0.388,0.0,0.0,0.0,0.0,4.619,0.107,0.163,28.782,63.311,2.846
2018-08-08 06:30:00,1.031,1.18,0.885,0.996,0.0,1.225,0.0,0.877,0.0,1.028,0.0,0.0,0.0,0.0,7.222,0.455,0.125,28.813,63.198,3.0
2018-08-08 06:45:00,1.009,1.181,0.882,1.001,0.0,1.191,0.0,0.851,0.0,1.007,0.0,0.0,0.0,0.0,7.123,0.474,0.11,28.824,63.323,3.0
2018-08-08 07:00:00,0.992,1.193,0.889,1.011,0.0,1.174,0.0,0.829,0.0,0.989,0.0,0.0,0.0,0.0,7.076,1.287,0.182,28.823,63.567,3.0
2018-08-08 07:15:00,0.727,1.167,0.859,0.987,0.0,0.925,0.0,0.604,0.0,0.723,0.0,0.0,0.0,0.0,5.991,1.335,0.227,28.837,63.584,16.867
2018-08-08 07:30:00,4.256,1.137,0.829,0.961,0.0,0.535,0.0,0.26,0.0,0.308,0.0,0.0,0.0,0.0,8.285,1.673,0.211,28.786,64.23,93.467
2018-08-08 07:45:00,17.273,1.149,0.855,0.979,0.0,1.228,0.0,0.895,0.0,1.037,0.0,0.0,0.0,0.0,23.417,1.626,0.182,27.336,66.907,93.133
2018-08-08 08:00:00,17.011,1.139,0.854,0.979,0.0,1.103,0.0,0.797,0.0,0.919,0.0,0.0,0.0,0.0,22.802,1.603,0.24,26.36,67.516,93.933
2018-08-08 08:15:00,16.815,1.144,0.855,0.985,0.0,1.167,0.0,0.835,0.0,0.977,0.0,0.0,0.0,0.0,22.778,1.731,0.449,26.318,67.629,94.467
2018-08-08 08:30:00,16.819,1.145,0.853,0.987,0.0,1.163,0.0,0.829,0.0,0.973,0.0,0.0,0.0,0.0,22.769,1.807,0.379,25.861,68.095,94.2
2018-08-08 08:45:00,16.676,1.157,0.867,0.998,0.0,0.952,0.0,0.653,0.0,0.76,0.0,0.0,0.0,0.0,22.062,1.906,0.415,25.765,68.604,95.462
2018-08-08 09:00:00,16.737,1.157,0.869,1.003,0.0,0.861,0.0,0.566,0.0,0.67,0.0,0.0,0.0,0.0,21.863,2.186,0.513,25.719,68.455,100.133
2018-08-08 09:15:00,16.629,1.175,0.884,1.017,0.0,0.96,0.0,0.65,0.0,0.762,0.0,0.0,0.0,0.0,22.078,1.849,0.595,25.783,68.839,98.8
2018-08-08 09:30:00,16.486,1.184,0.893,1.027,0.0,0.833,0.0,0.541,0.0,0.634,0.0,0.0,0.0,0.0,21.598,1.787,0.489,25.706,68.465,102.733
2018-08-08 09:45:00,17.265,1.199,0.91,1.041,0.0,1.257,0.0,0.932,0.0,1.085,0.0,0.0,0.0,0.0,23.689,1.779,0.497,25.749,69.877,102.286
2018-08-08 10:00:00,16.852,1.193,0.905,1.036,0.0,0.89,0.0,0.599,0.0,0.697,0.0,0.0,0.0,0.0,22.172,1.797,0.588,25.719,69.405,102.333
2018-08-08 10:15:00,16.821,1.181,0.889,1.02,0.0,0.908,0.0,0.607,0.0,0.709,0.0,0.0,0.0,0.0,22.135,1.808,0.588,25.575,68.713,101.867
2018-08-08 10:30:00,17.081,1.195,0.903,1.036,0.0,0.957,0.0,0.656,0.0,0.762,0.0,0.0,0.0,0.0,22.591,1.804,0.511,25.635,69.129,101.0
2018-08-08 10:45:00,17.143,1.187,0.895,1.03,0.0,0.891,0.0,0.587,0.0,0.691,0.0,0.0,0.0,0.0,22.425,1.825,0.568,25.619,68.503,102.8
2018-08-08 11:00:00,16.62,1.199,0.906,1.041,0.0,0.609,0.0,0.331,0.0,0.391,0.0,0.0,0.0,0.0,21.095,1.822,0.495,25.522,67.389,111.231
2018-08-08 11:15:00,17.039,1.201,0.908,1.039,0.0,0.666,0.0,0.383,0.0,0.451,0.0,0.0,0.0,0.0,21.686,1.817,0.552,25.521,67.303,114.0
2018-08-08 11:30:00,16.973,1.192,0.898,1.028,0.0,0.759,0.0,0.465,0.0,0.549,0.0,0.0,0.0,0.0,21.863,2.016,0.562,25.541,67.255,116.467
2018-08-08 11:45:00,16.578,1.211,0.909,1.045,0.693,0.519,0.397,0.251,0.458,0.295,0.0,0.0,0.0,0.0,22.357,2.313,0.568,25.68,66.969,115.8
2018-08-08 12:00:00,16.543,1.223,0.921,1.059,1.374,0.403,0.92,0.143,1.053,0.171,0.0,0.0,0.0,0.0,23.811,2.035,0.647,25.629,66.209,119.0
2018-08-08 12:15:00,16.509,1.223,0.914,1.053,1.369,0.558,0.921,0.277,1.052,0.335,0.0,0.0,0.0,0.0,24.212,2.021,0.671,25.507,65.436,116.267
2018-08-08 12:30:00,16.573,1.222,0.915,1.05,1.385,0.537,0.943,0.259,1.066,0.311,0.0,0.0,0.0,0.0,24.261,1.948,0.58,25.402,65.58,114.0
2018-08-08 12:45:00,16.595,1.235,0.931,1.065,1.389,0.558,0.951,0.277,1.071,0.33,0.0,0.0,0.0,0.0,24.401,1.954,0.632,25.445,65.723,113.8
2018-08-08 13:00:00,17.145,1.22,0.929,1.059,1.393,0.567,0.965,0.289,1.083,0.343,0.0,0.0,0.0,0.0,24.992,1.921,0.69,25.457,65.4,112.733
2018-08-08 13:15:00,17.302,1.229,0.933,1.063,1.382,0.503,0.953,0.234,1.069,0.277,0.0,0.0,0.0,0.0,24.943,1.913,0.624,25.589,65.398,104.067
2018-08-08 13:30:00,16.709,1.231,0.935,1.063,1.374,0.314,0.945,0.067,1.061,0.079,0.0,0.0,0.0,0.0,23.779,1.727,0.633,25.49,65.479,101.8
2018-08-08 13:45:00,17.13,0.804,0.535,0.609,1.373,0.545,0.946,0.271,1.064,0.322,0.0,0.0,0.0,0.0,23.6,1.729,0.711,25.275,65.795,103.0
2018-08-08 14:00:00,16.629,1.173,0.882,1.0,1.387,0.24,0.955,0.0,1.073,0.0,0.0,0.0,0.0,0.0,23.338,1.735,0.597,25.246,65.965,103.267
2018-08-08 14:15:00,16.931,1.175,0.889,1.003,1.387,0.358,0.961,0.107,1.077,0.127,0.0,0.0,0.0,0.0,24.015,1.729,0.679,25.22,65.744,103.533
2018-08-08 14:30:00,16.955,1.041,0.759,0.853,1.383,0.421,0.957,0.163,1.073,0.193,0.0,0.0,0.0,0.0,23.797,1.73,0.743,25.267,66.303,103.733
2018-08-08 14:45:00,17.294,1.232,0.945,1.063,1.391,0.577,0.965,0.301,1.083,0.355,0.0,0.0,0.0,0.0,25.206,1.73,0.673,25.385,67.1,104.0
2018-08-08 15:00:00,16.963,1.24,0.949,1.072,1.423,0.396,0.991,0.139,1.106,0.163,0.0,0.0,0.0,0.0,24.441,1.913,0.669,25.473,66.588,105.2
2018-08-08 15:15:00,16.949,1.225,0.935,1.053,1.404,0.387,0.973,0.132,1.087,0.156,0.0,0.0,0.0,0.0,24.303,2.091,0.689,25.277,65.509,104.667
2018-08-08 15:30:00,17.001,0.599,0.341,0.387,1.365,0.545,0.935,0.271,1.049,0.319,0.0,0.0,0.0,0.0,22.812,2.097,0.567,25.268,66.101,104.4
2018-08-08 15:45:00,17.028,1.161,0.861,0.977,1.392,0.441,0.965,0.179,1.078,0.213,0.0,0.0,0.0,0.0,24.295,2.1,0.649,25.283,66.241,108.867
2018-08-08 16:00:00,17.097,1.009,0.721,0.817,1.396,0.599,0.965,0.315,1.081,0.374,0.0,0.0,0.0,0.0,24.375,2.103,0.541,25.32,66.578,106.667
2018-08-08 16:15:00,17.043,1.251,0.951,1.074,1.392,0.582,0.963,0.302,1.077,0.356,0.0,0.0,0.0,0.0,24.992,2.107,0.698,25.369,65.506,101.933
2018-08-08 16:30:00,16.586,1.233,0.933,1.056,1.374,0.606,0.941,0.32,1.059,0.381,0.0,0.0,0.0,0.0,24.488,2.111,0.549,25.365,65.952,107.154
2018-08-08 16:45:00,12.681,1.202,0.909,1.031,1.389,0.594,0.953,0.313,1.071,0.369,0.0,0.0,0.0,0.0,20.513,2.072,0.495,25.426,67.217,110.867
2018-08-08 17:00:00,0.521,1.018,0.738,0.837,1.385,0.733,0.962,0.439,1.078,0.518,0.0,0.0,0.0,0.0,8.229,2.071,0.447,26.219,64.879,109.933
2018-08-08 17:15:00,0.495,1.024,0.747,0.849,1.391,0.707,0.972,0.417,1.085,0.492,0.0,0.0,0.0,0.0,8.18,2.073,0.319,26.665,63.948,106.933
2018-08-08 17:30:00,0.622,1.017,0.739,0.835,1.387,0.831,0.966,0.527,1.077,0.619,0.0,0.0,0.0,0.0,8.62,2.087,0.354,26.766,64.605,105.667
2018-08-08 17:45:00,0.456,0.883,0.609,0.691,1.388,0.644,0.964,0.384,1.077,0.453,0.0,0.0,0.0,0.0,7.549,2.101,0.251,26.789,64.403,99.4
2018-08-08 18:00:00,0.0,1.06,0.777,0.882,1.37,0.01,0.948,0.0,1.058,0.0,0.0,0.0,0.0,0.0,6.105,2.177,0.233,26.762,63.966,87.333
2018-08-08 18:15:00,0.0,0.385,0.137,0.155,1.331,0.01,0.908,0.0,1.018,0.0,0.0,0.0,0.0,0.0,3.943,1.907,0.213,26.769,64.404,44.0
2018-08-08 18:30:00,0.001,0.577,0.313,0.36,1.315,0.01,0.888,0.0,0.997,0.0,0.0,0.0,0.0,0.0,4.461,1.547,0.123,27.219,63.282,28.267
2018-08-08 18:45:00,0.0,0.412,0.159,0.181,1.335,0.01,0.902,0.0,1.009,0.0,0.0,0.0,0.0,0.0,4.008,0.387,0.031,27.351,63.019,3.0
2018-08-08 19:00:00,0.001,0.439,0.185,0.211,1.31,0.01,0.88,0.0,0.984,0.0,0.0,0.0,0.0,0.0,4.02,0.489,0.031,27.478,61.851,3.0
2018-08-08 19:15:00,0.001,0.444,0.188,0.215,1.303,0.01,0.875,0.0,0.981,0.0,0.0,0.0,0.0,0.0,4.017,0.553,0.047,27.557,61.171,3.0
2018-08-08 19:30:00,0.001,0.333,0.086,0.099,1.293,0.01,0.865,0.0,0.971,0.0,0.0,0.0,0.0,0.0,3.658,0.55,0.071,27.645,60.812,3.0
2018-08-08 19:45:00,0.002,0.336,0.089,0.101,1.3,0.01,0.87,0.0,0.968,0.0,0.0,0.0,0.0,0.0,3.676,0.55,0.031,27.677,60.724,3.0
2018-08-08 20:00:00,0.0,0.347,0.099,0.111,1.295,0.01,0.869,0.0,0.967,0.0,0.0,0.0,0.0,0.0,3.698,0.158,0.031,27.724,60.706,0.8
2018-08-08 20:15:00,0.001,0.375,0.125,0.141,1.297,0.01,0.871,0.0,0.963,0.0,0.0,0.0,0.0,0.0,3.781,0.0,0.043,27.765,60.511,0.0
2018-08-08 20:30:00,0.0,0.417,0.162,0.183,1.291,0.01,0.866,0.0,0.957,0.0,0.0,0.0,0.0,0.0,3.885,0.0,0.07,27.794,60.365,0.0
2018-08-08 20:45:00,0.0,0.241,0.0,0.0,1.291,0.01,0.86,0.0,0.955,0.0,0.0,0.0,0.0,0.0,3.356,0.0,0.045,27.829,60.271,0.0
2018-08-08 21:00:00,0.0,0.441,0.183,0.209,1.28,0.01,0.856,0.0,0.953,0.0,0.0,0.0,0.0,0.0,3.932,0.0,0.031,27.867,60.21,0.0
2018-08-08 21:15:00,0.001,0.338,0.091,0.103,1.279,0.01,0.857,0.0,0.954,0.0,0.0,0.0,0.0,0.0,3.633,0.0,0.031,27.911,60.183,0.0
2018-08-08 21:30:00,0.0,0.344,0.097,0.109,1.275,0.01,0.853,0.0,0.949,0.0,0.0,0.0,0.0,0.0,3.637,0.0,0.069,27.95,60.206,0.0
2018-08-08 21:45:00,0.001,0.339,0.093,0.104,1.277,0.01,0.847,0.0,0.942,0.0,0.0,0.0,0.0,0.0,3.613,0.0,0.052,27.978,60.215,0.0
2018-08-08 22:00:00,0.0,0.338,0.091,0.103,1.277,0.01,0.849,0.0,0.941,0.0,0.0,0.0,0.0,0.0,3.608,0.0,0.03,28.01,60.217,0.0
2018-08-08 22:15:00,0.001,0.347,0.097,0.109,1.272,0.01,0.841,0.0,0.937,0.0,0.0,0.0,0.0,0.0,3.615,0.0,0.031,28.264,60.213,0.0
2018-08-08 22:30:00,0.0,0.329,0.082,0.092,1.261,0.01,0.829,0.0,0.928,0.0,0.0,0.0,0.0,0.0,3.531,0.0,0.061,28.68,60.273,0.0
2018-08-08 22:45:00,0.001,0.441,0.181,0.207,1.283,0.01,0.846,0.0,0.945,0.0,0.0,0.0,0.0,0.0,3.915,0.0,0.06,28.867,60.271,0.0
2018-08-08 23:00:00,0.0,0.341,0.091,0.103,1.259,0.01,0.825,0.0,0.926,0.0,0.0,0.0,0.0,0.0,3.555,0.0,0.035,28.115,60.33,0.0
2018-08-08 23:15:00,0.0,0.339,0.084,0.095,1.255,0.01,0.82,0.0,0.923,0.0,0.0,0.0,0.0,0.0,3.525,0.0,0.03,28.136,60.359,0.0
2018-08-08 23:30:00,0.001,0.35,0.096,0.109,1.265,0.01,0.826,0.0,0.93,0.0,0.0,0.0,0.0,0.0,3.587,0.0,0.054,28.162,60.367,0.0
2018-08-08 23:45:00,0.123,0.186,0.0,0.0,1.241,0.335,0.808,0.101,0.913,0.121,0.0,0.0,0.0,0.0,3.829,0.0,0.068,28.169,60.425,0.0
2018-08-09 00:00:00,0.954,0.0,0.0,0.0,1.237,1.155,0.809,0.809,0.912,0.949,0.0,0.0,0.0,0.0,6.825,0.0,0.031,28.187,60.45,0.0
2018-08-09 00:15:00,0.955,0.0,0.0,0.0,1.241,1.148,0.819,0.815,0.923,0.951,0.0,0.0,0.0,0.0,6.852,0.0,0.03,28.207,60.447,0.0
2018-08-09 00:30:00,0.968,0.0,0.0,0.0,1.253,1.163,0.822,0.826,0.926,0.961,0.0,0.0,0.0,0.0,6.919,0.0,0.044,28.221,60.494,0.0
2018-08-09 00:45:00,0.769,0.0,0.0,0.0,1.233,0.972,0.805,0.656,0.911,0.767,0.0,0.0,0.0,0.0,6.113,0.0,0.07,28.228,60.489,0.0
2018-08-09 01:00:00,0.95,0.0,0.0,0.0,1.233,1.138,0.807,0.808,0.913,0.946,0.0,0.0,0.0,0.0,6.795,0.0,0.036,28.241,60.474,0.0
2018-08-09 01:15:00,0.947,0.0,0.0,0.0,1.231,1.135,0.802,0.807,0.908,0.944,0.0,0.0,0.0,0.0,6.773,0.0,0.031,28.266,60.433,0.0
2018-08-09 01:30:00,0.763,0.0,0.0,0.0,1.255,0.961,0.825,0.649,0.931,0.761,0.0,0.0,0.0,0.0,6.145,0.0,0.039,28.277,60.447,0.0
2018-08-09 01:45:00,0.751,0.0,0.0,0.0,1.233,0.947,0.804,0.633,0.911,0.747,0.0,0.0,0.0,0.0,6.027,0.0,0.07,28.307,60.462,0.0
2018-08-09 02:00:00,0.742,0.0,0.0,0.0,1.249,0.939,0.822,0.629,0.925,0.739,0.0,0.0,0.0,0.0,6.045,0.0,0.044,28.299,60.575,0.0
2018-08-09 02:15:00,0.935,0.0,0.0,0.0,1.241,1.123,0.813,0.792,0.916,0.93,0.0,0.0,0.0,0.0,6.749,0.0,0.03,28.315,60.583,0.0
2018-08-09 02:30:00,0.556,0.0,0.0,0.0,1.249,0.767,0.819,0.471,0.925,0.553,0.0,0.0,0.0,0.0,5.34,0.0,0.03,28.327,60.622,0.0
2018-08-09 02:45:00,0.769,0.0,0.0,0.0,1.24,0.969,0.813,0.647,0.916,0.766,0.0,0.0,0.0,0.0,6.12,0.0,0.071,28.333,60.637,0.0
2018-08-09 03:00:00,0.936,0.0,0.0,0.0,1.233,1.124,0.806,0.792,0.911,0.933,0.0,0.0,0.0,0.0,6.735,0.0,0.051,28.345,60.635,0.0
2018-08-09 03:15:00,0.571,0.0,0.0,0.0,1.239,0.783,0.809,0.482,0.915,0.568,0.0,0.0,0.0,0.0,5.367,0.0,0.031,28.361,60.645,0.0
2018-08-09 03:30:00,0.944,0.0,0.0,0.0,1.225,1.136,0.798,0.797,0.901,0.941,0.0,0.0,0.0,0.0,6.742,0.0,0.033,28.38,60.647,0.0
2018-08-09 03:45:00,0.733,0.0,0.0,0.0,1.231,0.931,0.804,0.62,0.91,0.731,0.0,0.0,0.0,0.0,5.961,0.0,0.062,28.389,60.669,0.0
2018-08-09 04:00:00,0.931,0.0,0.0,0.0,1.227,1.121,0.801,0.792,0.906,0.925,0.0,0.0,0.0,0.0,6.703,0.0,0.059,28.396,60.701,0.0
2018-08-09 04:15:00,0.757,0.0,0.0,0.0,1.237,0.955,0.807,0.644,0.912,0.754,0.0,0.0,0.0,0.0,6.066,0.0,0.03,28.416,60.665,0.0
2018-08-09 04:30:00,0.753,0.0,0.0,0.0,1.224,0.956,0.795,0.638,0.901,0.75,0.0,0.0,0.0,0.0,6.017,0.0,0.03,28.43,60.653,0.0
2018-08-09 04:45:00,0.939,0.0,0.0,0.0,1.213,1.132,0.785,0.799,0.893,0.937,0.0,0.0,0.0,0.0,6.697,0.0,0.055,28.444,60.655,0.0
2018-08-09 05:00:00,0.939,0.0,0.0,0.0,1.211,1.129,0.785,0.795,0.892,0.933,0.0,0.0,0.0,0.0,6.683,0.0,0.068,28.451,60.677,0.0
2018-08-09 05:15:00,0.774,0.0,0.0,0.0,1.226,0.974,0.797,0.66,0.903,0.769,0.0,0.0,0.0,0.0,6.103,0.0,0.03,28.451,60.693,0.0
2018-08-09 05:30:00,0.741,0.007,0.0,0.0,1.221,0.939,0.797,0.627,0.903,0.737,0.0,0.0,0.0,0.0,5.973,0.0,0.03,28.45,60.763,0.0
2018-08-09 05:45:00,0.0,0.337,0.088,0.101,1.238,0.237,0.805,0.0,0.91,0.0,0.0,0.0,0.0,0.0,3.717,0.0,0.046,28.463,60.785,0.0
2018-08-09 06:00:00,0.0,0.963,0.676,0.773,0.144,0.238,0.093,0.0,0.106,0.0,0.0,0.0,0.0,0.0,2.993,0.05,0.134,28.485,60.853,7.733
2018-08-09 06:15:00,0.0,1.109,0.823,0.939,0.0,0.24,0.0,0.0,0.0,0.0,0.0,0.0,0.0,0.0,3.111,0.115,0.075,28.502,61.063,3.0
2018-08-09 06:30:00,0.239,1.117,0.837,0.953,0.0,0.463,0.0,0.201,0.0,0.239,0.0,0.0,0.0,0.0,4.049,0.363,0.099,28.525,61.373,3.0
2018-08-09 06:45:00,0.355,1.126,0.841,0.966,0.0,0.574,0.0,0.292,0.0,0.353,0.0,0.0,0.0,0.0,4.507,0.37,0.105,28.542,61.251,3.0
2018-08-09 07:00:00,0.396,1.118,0.833,0.959,0.0,0.61,0.0,0.327,0.0,0.393,0.0,0.0,0.0,0.0,4.636,0.368,0.18,28.573,61.203,3.0
2018-08-09 07:15:00,0.595,1.13,0.849,0.977,0.0,0.801,0.0,0.498,0.0,0.594,0.0,0.0,0.0,0.0,5.444,0.361,0.175,28.59,61.396,4.929
2018-08-09 07:30:00,4.589,1.123,0.837,0.965,0.0,0.709,0.0,0.408,0.0,0.486,0.0,0.0,0.0,0.0,9.115,0.719,0.219,28.463,61.753,107.3
2018-08-09 07:45:00,16.175,1.127,0.856,0.979,0.0,0.239,0.0,0.0,0.0,0.0,0.0,0.0,0.0,0.0,19.377,1.425,0.355,27.363,62.271,103.0
2018-08-09 08:00:00,16.296,1.127,0.859,0.986,0.0,0.237,0.0,0.0,0.0,0.0,0.0,0.0,0.0,0.0,19.505,1.674,0.447,26.419,63.385,103.867
2018-08-09 08:15:00,16.087,1.132,0.855,0.985,0.0,0.24,0.0,0.0,0.0,0.0,0.0,0.0,0.0,0.0,19.299,1.713,0.589,26.002,64.794,105.0
2018-08-09 08:30:00,16.471,1.139,0.863,0.995,0.0,0.521,0.0,0.249,0.0,0.301,0.0,0.0,0.0,0.0,20.54,1.717,0.531,26.118,65.989,100.8
2018-08-09 08:45:00,16.325,1.148,0.869,0.999,0.0,0.477,0.0,0.213,0.0,0.253,0.0,0.0,0.0,0.0,20.284,1.735,0.617,26.215,65.545,99.4
2018-08-09 09:00:00,16.451,1.155,0.879,1.009,0.0,0.479,0.0,0.216,0.0,0.257,0.0,0.0,0.0,0.0,20.446,1.886,0.683,25.617,66.126,101.2
2018-08-09 09:15:00,16.491,1.155,0.883,1.015,0.0,0.495,0.0,0.229,0.0,0.273,0.0,0.0,0.0,0.0,20.54,1.731,0.51,25.243,69.11,104.385
2018-08-09 09:30:00,16.535,1.153,0.881,1.009,0.0,0.472,0.0,0.208,0.0,0.247,0.0,0.0,0.0,0.0,20.505,1.689,0.587,25.429,68.661,104.933
2018-08-09 09:45:00,16.507,1.156,0.881,1.01,0.0,0.497,0.0,0.233,0.0,0.276,0.0,0.0,0.0,0.0,20.56,1.691,0.46,25.583,67.218,108.923
2018-08-09 10:00:00,16.167,1.157,0.882,1.01,0.0,0.237,0.0,0.0,0.0,0.0,0.0,0.0,0.0,0.0,19.453,2.09,0.47,25.551,65.191,110.692
2018-08-09 10:15:00,16.258,1.159,0.877,1.006,0.0,0.241,0.0,0.0,0.0,0.0,0.0,0.0,0.0,0.0,19.54,2.175,0.46,25.539,63.975,100.133
2018-08-09 10:30:00,16.341,1.176,0.889,1.019,0.0,0.247,0.0,0.0,0.0,0.0,0.0,0.0,0.0,0.0,19.671,2.053,0.428,25.595,65.263,99.933
2018-08-09 10:45:00,16.607,1.177,0.897,1.025,0.0,0.237,0.0,0.0,0.0,0.0,0.0,0.0,0.0,0.0,19.943,1.713,0.443,25.694,65.264,99.692
2018-08-09 11:00:00,16.564,1.177,0.896,1.022,0.0,0.237,0.0,0.0,0.0,0.0,0.0,0.0,0.0,0.0,19.896,1.708,0.758,25.627,65.543,104.667
2018-08-09 11:15:00,16.793,1.187,0.907,1.036,0.0,0.353,0.0,0.099,0.0,0.119,0.0,0.0,0.0,0.0,20.493,1.713,0.455,25.819,66.336,102.385
2018-08-09 11:30:00,16.64,1.186,0.903,1.033,0.0,0.237,0.0,0.0,0.0,0.0,0.0,0.0,0.0,0.0,19.999,1.711,0.383,25.865,65.257,105.267
2018-08-09 11:45:00,16.393,0.604,0.347,0.4,0.665,0.244,0.372,0.0,0.434,0.0,0.0,0.0,0.0,0.0,19.46,1.732,0.351,25.561,64.19,109.533
2018-08-09 12:00:00,16.728,0.283,0.04,0.047,1.345,0.532,0.897,0.25,1.031,0.305,0.0,0.0,0.0,0.0,21.457,1.739,0.363,25.635,65.689,95.8
2018-08-09 12:15:00,16.777,0.961,0.675,0.771,1.361,0.475,0.923,0.203,1.051,0.245,0.0,0.0,0.0,0.0,23.445,1.743,0.392,25.658,65.069,95.333
2018-08-09 12:30:00,17.033,0.24,0.0,0.0,1.339,0.636,0.905,0.348,1.032,0.416,0.0,0.0,0.0,0.0,21.949,1.741,0.37,25.513,65.466,97.533
2018-08-09 12:45:00,16.851,0.463,0.207,0.239,1.344,0.625,0.91,0.339,1.04,0.406,0.0,0.0,0.0,0.0,22.423,1.739,0.365,25.481,65.462,97.2
2018-08-09 13:00:00,17.344,1.233,0.933,1.059,1.386,0.412,0.959,0.15,1.085,0.18,0.0,0.0,0.0,0.0,24.741,1.862,0.365,25.674,65.129,100.4
2018-08-09 13:15:00,17.74,0.322,0.087,0.098,1.338,0.667,0.919,0.38,1.04,0.454,0.0,0.0,0.0,0.0,23.044,1.805,0.372,25.695,65.145,93.067
2018-08-09 13:30:00,17.098,0.874,0.599,0.679,1.351,0.553,0.931,0.279,1.049,0.331,0.0,0.0,0.0,0.0,23.745,1.711,0.489,25.812,65.432,90.846
2018-08-09 13:45:00,17.39,0.882,0.615,0.693,1.371,0.409,0.952,0.151,1.072,0.181,0.0,0.0,0.0,0.0,23.716,1.716,0.435,25.649,63.398,91.333
2018-08-09 14:00:00,17.315,0.365,0.127,0.145,1.357,0.626,0.935,0.342,1.059,0.406,0.0,0.0,0.0,0.0,22.677,1.708,0.511,25.589,63.906,90.467
2018-08-09 14:15:00,17.289,0.237,0.0,0.0,1.334,0.593,0.914,0.314,1.033,0.373,0.0,0.0,0.0,0.0,22.085,1.766,0.487,25.589,64.315,94.231
2018-08-09 14:30:00,17.387,0.689,0.423,0.482,1.363,0.611,0.945,0.331,1.064,0.393,0.0,0.0,0.0,0.0,23.689,1.813,0.549,25.71,64.758,95.733
2018-08-09 14:45:00,17.171,1.23,0.943,1.063,1.369,0.377,0.953,0.123,1.071,0.146,0.0,0.0,0.0,0.0,24.446,1.815,0.532,25.699,63.839,94.6
2018-08-09 15:00:00,17.469,0.459,0.217,0.245,1.358,0.561,0.935,0.283,1.059,0.339,0.0,0.0,0.0,0.0,22.925,1.821,0.677,25.671,63.907,92.133
2018-08-09 15:15:00,17.308,1.197,0.912,1.029,1.366,0.561,0.946,0.286,1.065,0.338,0.0,0.0,0.0,0.0,25.008,1.82,0.495,25.805,64.503,90.467
2018-08-09 15:30:00,16.903,1.223,0.945,1.063,1.367,0.375,0.952,0.122,1.07,0.145,0.0,0.0,0.0,0.0,24.166,1.82,0.516,25.687,63.267,102.933
2018-08-09 15:45:00,17.075,1.23,0.947,1.068,1.393,0.393,0.971,0.137,1.089,0.163,0.0,0.0,0.0,0.0,24.466,1.827,0.539,25.627,63.273,99.4
2018-08-09 16:00:00,17.027,1.224,0.942,1.061,1.389,0.657,0.96,0.369,1.083,0.435,0.0,0.0,0.0,0.0,25.149,1.972,0.521,25.756,66.417,105.667
2018-08-09 16:15:00,16.95,1.235,0.954,1.075,1.388,0.713,0.965,0.425,1.085,0.498,0.0,0.0,0.0,0.0,25.287,2.015,0.398,25.797,67.299,110.933
2018-08-09 16:30:00,16.717,1.232,0.943,1.064,1.366,0.558,0.941,0.28,1.061,0.329,0.0,0.0,0.0,0.0,24.492,1.977,0.457,25.785,67.699,112.615
2018-08-09 16:45:00,12.727,1.233,0.95,1.072,1.383,0.669,0.961,0.383,1.083,0.448,0.0,0.0,0.0,0.0,20.907,2.057,0.421,25.741,68.051,122.4
2018-08-09 17:00:00,0.515,1.054,0.773,0.879,1.402,0.734,0.969,0.431,1.095,0.514,0.0,0.0,0.0,0.0,8.367,1.966,0.353,26.516,66.468,112.2
2018-08-09 17:15:00,0.54,1.159,0.87,0.987,1.384,0.756,0.957,0.451,1.079,0.537,0.0,0.0,0.0,0.0,8.72,2.048,0.19,27.195,64.295,110.2
2018-08-09 17:30:00,0.457,0.829,0.557,0.633,1.353,0.673,0.928,0.38,1.047,0.453,0.0,0.0,0.0,0.0,7.311,1.917,0.167,27.217,61.899,108.133
2018-08-09 17:45:00,0.517,1.007,0.722,0.819,1.358,0.713,0.933,0.436,1.051,0.515,0.0,0.0,0.0,0.0,8.073,1.775,0.091,27.39,60.475,95.0
2018-08-09 18:00:00,0.0,1.107,0.819,0.925,1.379,0.01,0.948,0.0,1.066,0.0,0.0,0.0,0.0,0.0,6.254,1.306,0.037,27.594,60.267,12.667
2018-08-09 18:15:00,0.0,0.421,0.169,0.192,1.323,0.01,0.897,0.0,1.012,0.0,0.0,0.0,0.0,0.0,4.024,1.379,0.068,27.771,60.074,3.0
2018-08-09 18:30:00,0.0,0.377,0.127,0.145,1.311,0.01,0.887,0.0,1.0,0.0,0.0,0.0,0.0,0.0,3.856,1.38,0.048,27.841,59.935,3.0
2018-08-09 18:45:00,0.001,0.388,0.137,0.157,1.313,0.01,0.887,0.0,0.995,0.0,0.0,0.0,0.0,0.0,3.887,0.588,0.03,27.805,59.275,2.2
2018-08-09 19:00:00,0.0,0.355,0.105,0.121,1.311,0.01,0.877,0.0,0.987,0.0,0.0,0.0,0.0,0.0,3.767,0.056,0.03,27.841,59.285,0.0
2018-08-09 19:15:00,0.0,0.359,0.109,0.124,1.307,0.01,0.877,0.0,0.983,0.0,0.0,0.0,0.0,0.0,3.769,0.0,0.061,27.878,59.273,0.0
2018-08-09 19:30:00,0.0,0.351,0.102,0.116,1.303,0.01,0.875,0.0,0.981,0.0,0.0,0.0,0.0,0.0,3.739,0.0,0.057,27.893,59.447,0.0
2018-08-09 19:45:00,0.001,0.356,0.103,0.117,1.301,0.01,0.868,0.0,0.976,0.0,0.0,0.0,0.0,0.0,3.731,0.0,0.03,27.923,59.68,0.0
2018-08-09 20:00:00,0.0,0.343,0.096,0.109,1.307,0.01,0.883,0.0,0.986,0.0,0.0,0.0,0.0,0.0,3.733,0.0,0.031,27.948,59.74,0.0
2018-08-09 20:15:00,0.0,0.353,0.105,0.119,1.303,0.01,0.881,0.0,0.981,0.0,0.0,0.0,0.0,0.0,3.751,0.0,0.055,27.976,59.241,0.0
2018-08-09 20:30:00,0.001,0.341,0.094,0.106,1.286,0.01,0.862,0.0,0.963,0.0,0.0,0.0,0.0,0.0,3.663,0.0,0.065,27.986,59.421,0.0
2018-08-09 20:45:00,0.0,0.351,0.103,0.115,1.295,0.01,0.868,0.0,0.968,0.0,0.0,0.0,0.0,0.0,3.71,0.0,0.031,28.14,59.7,0.0
2018-08-09 21:00:00,0.0,0.355,0.107,0.121,1.274,0.01,0.848,0.0,0.951,0.0,0.0,0.0,0.0,0.0,3.667,0.0,0.031,28.427,59.701,0.0
2018-08-09 21:15:00,0.0,0.24,0.0,0.0,1.263,0.01,0.837,0.0,0.939,0.0,0.0,0.0,0.0,0.0,3.289,0.0,0.049,28.682,59.315,0.0
2018-08-09 21:30:00,0.0,0.338,0.089,0.101,1.272,0.01,0.848,0.0,0.946,0.0,0.0,0.0,0.0,0.0,3.604,0.0,0.07,28.72,59.143,0.0
2018-08-09 21:45:00,0.0,0.358,0.106,0.119,1.288,0.01,0.859,0.0,0.956,0.0,0.0,0.0,0.0,0.0,3.696,0.0,0.033,28.356,59.219,0.0
2018-08-09 22:00:00,0.001,0.339,0.093,0.106,1.271,0.01,0.853,0.0,0.951,0.0,0.0,0.0,0.0,0.0,3.625,0.0,0.03,28.113,59.247,0.0
2018-08-09 22:15:00,0.0,0.345,0.099,0.111,1.27,0.01,0.853,0.0,0.949,0.0,0.0,0.0,0.0,0.0,3.637,0.0,0.037,28.133,59.191,0.0
2018-08-09 22:30:00,0.0,0.34,0.093,0.105,1.262,0.01,0.845,0.0,0.943,0.0,0.0,0.0,0.0,0.0,3.598,0.0,0.07,28.145,59.178,0.0
2018-08-09 22:45:00,0.001,0.327,0.082,0.093,1.276,0.01,0.858,0.0,0.958,0.0,0.0,0.0,0.0,0.0,3.605,0.0,0.041,28.172,59.171,0.0
2018-08-09 23:00:00,0.001,0.365,0.117,0.131,1.269,0.01,0.852,0.0,0.953,0.0,0.0,0.0,0.0,0.0,3.698,0.0,0.031,28.188,59.151,0.0
2018-08-09 23:15:00,0.001,0.337,0.091,0.103,1.261,0.01,0.843,0.0,0.943,0.0,0.0,0.0,0.0,0.0,3.589,0.0,0.03,28.191,59.183,0.0
2018-08-09 23:30:00,0.001,0.327,0.081,0.091,1.263,0.01,0.846,0.0,0.945,0.0,0.0,0.0,0.0,0.0,3.563,0.0,0.071,28.202,59.577,0.0
2018-08-09 23:45:00,0.084,0.291,0.103,0.115,1.277,0.29,0.855,0.069,0.957,0.082,0.0,0.0,0.0,0.0,4.123,0.0,0.047,28.225,58.989,0.0
2018-08-10 00:00:00,0.787,0.0,0.0,0.0,1.256,0.997,0.835,0.675,0.935,0.782,0.0,0.0,0.0,0.0,6.267,0.0,0.03,28.247,58.913,0.0
2018-08-10 00:15:00,0.803,0.0,0.0,0.0,1.258,1.01,0.837,0.694,0.938,0.798,0.0,0.0,0.0,0.0,6.337,0.0,0.03,28.261,58.855,0.0
2018-08-10 00:30:00,0.817,0.0,0.0,0.0,1.27,1.026,0.845,0.706,0.947,0.813,0.0,0.0,0.0,0.0,6.425,0.0,0.064,28.264,58.839,0.0
2018-08-10 00:45:00,0.814,0.0,0.0,0.0,1.254,1.019,0.833,0.706,0.933,0.811,0.0,0.0,0.0,0.0,6.369,0.0,0.056,28.275,58.788,0.0
2018-08-10 01:00:00,0.831,0.0,0.0,0.0,1.247,1.037,0.823,0.719,0.927,0.829,0.0,0.0,0.0,0.0,6.412,0.0,0.03,28.291,58.75,0.0
2018-08-10 01:15:00,0.949,0.0,0.0,0.0,1.241,1.155,0.815,0.822,0.919,0.945,0.0,0.0,0.0,0.0,6.846,0.0,0.03,28.308,58.678,0.0
2018-08-10 01:30:00,0.595,0.0,0.0,0.0,1.255,0.813,0.824,0.51,0.927,0.592,0.0,0.0,0.0,0.0,5.516,0.0,0.056,28.315,58.608,0.0
2018-08-10 01:45:00,0.783,0.0,0.0,0.0,1.24,0.991,0.811,0.668,0.919,0.778,0.0,0.0,0.0,0.0,6.19,0.0,0.065,28.329,58.549,0.0
2018-08-10 02:00:00,0.783,0.0,0.0,0.0,1.236,0.992,0.81,0.672,0.917,0.781,0.0,0.0,0.0,0.0,6.191,0.0,0.031,28.345,58.48,0.0
2018-08-10 02:15:00,0.795,0.0,0.0,0.0,1.25,1.004,0.822,0.687,0.926,0.792,0.0,0.0,0.0,0.0,6.277,0.0,0.03,28.343,58.506,0.0
2018-08-10 02:30:00,0.979,0.0,0.0,0.0,1.256,1.176,0.817,0.843,0.927,0.976,0.0,0.0,0.0,0.0,6.974,0.0,0.046,28.379,58.416,0.0
2018-08-10 02:45:00,0.735,0.0,0.0,0.0,1.229,0.939,0.797,0.631,0.905,0.733,0.0,0.0,0.0,0.0,5.969,0.0,0.073,28.371,58.414,0.0
2018-08-10 03:00:00,0.821,0.0,0.0,0.0,1.235,1.03,0.805,0.702,0.911,0.818,0.0,0.0,0.0,0.0,6.323,0.0,0.033,28.379,58.429,0.0
2018-08-10 03:15:00,0.774,0.0,0.0,0.0,1.23,0.98,0.8,0.661,0.907,0.771,0.0,0.0,0.0,0.0,6.123,0.0,0.032,28.39,58.407,0.0
2018-08-10 03:30:00,0.685,0.0,0.0,0.0,1.256,0.898,0.818,0.581,0.927,0.68,0.0,0.0,0.0,0.0,5.844,0.0,0.041,28.405,58.459,0.0
2018-08-10 03:45:00,0.667,0.0,0.0,0.0,1.241,0.883,0.807,0.571,0.913,0.665,0.0,0.0,0.0,0.0,5.746,0.0,0.07,28.417,58.47,0.0
2018-08-10 04:00:00,0.575,0.0,0.0,0.0,1.237,0.791,0.805,0.485,0.911,0.569,0.0,0.0,0.0,0.0,5.374,0.0,0.039,28.428,58.454,0.0
2018-08-10 04:15:00,0.772,0.0,0.0,0.0,1.236,0.977,0.811,0.66,0.915,0.768,0.0,0.0,0.0,0.0,6.139,0.0,0.03,28.435,58.444,0.0
2018-08-10 04:30:00,1.001,0.0,0.0,0.0,1.247,1.207,0.815,0.855,0.921,0.996,0.0,0.0,0.0,0.0,7.041,0.0,0.034,28.428,58.425,0.0
2018-08-10 04:45:00,0.93,0.0,0.0,0.0,1.233,1.133,0.806,0.796,0.911,0.926,0.0,0.0,0.0,0.0,6.735,0.0,0.07,28.431,58.381,0.0
2018-08-10 05:00:00,0.648,0.0,0.0,0.0,1.236,0.858,0.811,0.556,0.917,0.645,0.0,0.0,0.0,0.0,5.671,0.0,0.045,28.436,58.328,0.0
2018-08-10 05:15:00,0.568,0.0,0.0,0.0,1.231,0.778,0.806,0.483,0.911,0.565,0.0,0.0,0.0,0.0,5.342,0.0,0.03,28.461,58.293,0.0
2018-08-10 05:30:00,0.733,0.019,0.0,0.0,1.242,0.943,0.811,0.626,0.916,0.727,0.0,0.0,0.0,0.0,6.017,0.0,0.03,28.475,58.277,0.0
2018-08-10 05:45:00,0.0,0.24,0.0,0.0,1.233,0.237,0.811,0.0,0.915,0.0,0.0,0.0,0.0,0.0,3.437,0.0,0.069,28.488,58.266,0.0
2018-08-10 06:00:00,0.001,0.998,0.712,0.806,0.097,0.237,0.064,0.0,0.072,0.0,0.0,0.0,0.0,0.0,2.987,0.0,0.057,28.492,58.319,2.2
2018-08-10 06:15:00,0.0,1.108,0.827,0.931,0.0,0.24,0.0,0.0,0.0,0.0,0.0,0.0,0.0,0.0,3.105,0.0,0.117,28.518,58.343,3.0
2018-08-10 06:30:00,0.0,1.12,0.831,0.939,0.0,0.238,0.0,0.0,0.0,0.0,0.0,0.0,0.0,0.0,3.127,0.0,0.04,28.54,58.402,3.0
2018-08-10 06:45:00,0.175,1.122,0.835,0.945,0.0,0.404,0.0,0.147,0.0,0.175,0.0,0.0,0.0,0.0,3.803,0.247,0.121,28.537,58.553,3.0
2018-08-10 07:00:00,0.373,1.135,0.845,0.96,0.0,0.595,0.0,0.313,0.0,0.372,0.0,0.0,0.0,0.0,4.593,0.364,0.168,28.565,59.119,3.0
2018-08-10 07:15:00,0.49,1.141,0.849,0.968,0.0,0.707,0.0,0.408,0.0,0.487,0.0,0.0,0.0,0.0,5.05,0.461,0.201,28.597,59.163,34.867
2018-08-10 07:30:00,4.18,1.129,0.837,0.96,0.0,0.525,0.0,0.249,0.0,0.3,0.0,0.0,0.0,0.0,8.18,0.738,0.242,28.598,59.734,105.6
2018-08-10 07:45:00,16.178,1.128,0.849,0.965,0.0,0.237,0.0,0.0,0.0,0.0,0.0,0.0,0.0,0.0,19.358,1.559,0.324,27.432,61.702,102.267
2018-08-10 08:00:00,16.065,1.122,0.853,0.967,0.0,0.24,0.0,0.0,0.0,0.0,0.0,0.0,0.0,0.0,19.247,1.675,0.368,26.39,63.107,103.133
2018-08-10 08:15:00,16.075,1.14,0.859,0.979,0.0,0.406,0.0,0.149,0.0,0.176,0.0,0.0,0.0,0.0,19.784,1.706,0.322,26.099,63.59,104.867
2018-08-10 08:30:00,16.103,1.14,0.857,0.979,0.0,0.237,0.0,0.0,0.0,0.0,0.0,0.0,0.0,0.0,19.317,1.699,0.355,25.849,63.894,105.0
2018-08-10 08:45:00,15.889,1.147,0.863,0.983,0.0,0.237,0.0,0.0,0.0,0.0,0.0,0.0,0.0,0.0,19.118,1.708,0.49,25.681,63.905,105.0
2018-08-10 09:00:00,16.027,1.137,0.859,0.975,0.0,0.237,0.0,0.0,0.0,0.0,0.0,0.0,0.0,0.0,19.234,1.699,0.55,25.732,66.556,105.133
2018-08-10 09:15:00,16.462,1.175,0.897,1.012,0.0,0.469,0.0,0.206,0.0,0.243,0.0,0.0,0.0,0.0,20.464,1.709,0.505,25.792,67.814,104.667
2018-08-10 09:30:00,16.347,1.168,0.89,1.008,0.0,0.467,0.0,0.205,0.0,0.244,0.0,0.0,0.0,0.0,20.329,1.699,0.499,25.845,68.005,103.067
2018-08-10 09:45:00,16.663,1.175,0.899,1.015,0.0,0.59,0.0,0.317,0.0,0.371,0.0,0.0,0.0,0.0,21.031,1.769,0.473,25.911,67.647,102.538
2018-08-10 10:00:00,16.926,1.17,0.892,1.008,0.0,0.24,0.0,0.0,0.0,0.0,0.0,0.0,0.493,0.0,20.729,2.001,0.898,25.855,66.027,103.067
2018-08-10 10:15:00,16.697,1.175,0.892,1.008,0.0,0.239,0.0,0.0,0.0,0.0,0.0,0.0,0.499,0.0,20.511,2.049,0.941,25.693,66.971,105.0
2018-08-10 10:30:00,17.375,1.191,0.905,1.019,0.0,0.452,0.0,0.189,0.0,0.223,0.0,0.0,0.906,0.0,22.261,2.076,0.91,25.708,67.695,105.0
2018-08-10 10:45:00,17.497,1.189,0.906,1.021,0.0,0.499,0.0,0.229,0.0,0.269,0.0,0.0,0.885,0.0,22.495,2.061,0.769,25.71,67.634,104.333
2018-08-10 11:00:00,17.361,1.186,0.897,1.012,0.0,0.485,0.0,0.216,0.0,0.253,0.0,0.0,0.775,0.0,22.187,2.06,0.765,25.659,67.57,105.0
2018-08-10 11:15:00,16.525,1.181,0.897,1.011,0.0,0.241,0.0,0.0,0.0,0.0,0.0,0.0,0.079,0.0,19.935,2.057,0.745,25.459,65.949,105.267
2018-08-10 11:30:00,16.206,1.181,0.895,1.012,0.0,0.247,0.0,0.0,0.0,0.0,0.0,0.0,0.059,0.0,19.6,2.139,0.536,25.489,65.626,107.533
2018-08-10 11:45:00,16.148,1.195,0.903,1.023,0.68,0.25,0.389,0.0,0.443,0.0,0.0,0.0,0.0,0.0,21.032,2.315,0.659,25.755,66.924,104.333
2018-08-10 12:00:00,16.195,1.215,0.928,1.042,1.368,0.452,0.931,0.187,1.05,0.223,0.0,0.0,0.0,0.0,23.59,2.29,0.635,25.725,65.155,107.133
2018-08-10 12:15:00,16.465,1.223,0.935,1.054,1.381,0.596,0.951,0.316,1.068,0.372,0.0,0.0,0.0,0.0,24.359,2.277,0.629,25.652,66.302,107.2
2018-08-10 12:30:00,16.183,0.964,0.685,0.771,1.361,0.386,0.93,0.131,1.048,0.155,0.0,0.0,0.0,0.0,22.614,1.921,0.548,25.541,65.478,104.0
2018-08-10 12:45:00,16.599,0.531,0.281,0.317,1.354,0.598,0.923,0.316,1.042,0.375,0.0,0.0,0.0,0.0,22.337,2.155,0.807,25.577,65.116,116.267
2018-08-10 13:00:00,17.057,0.524,0.273,0.309,1.337,0.581,0.92,0.307,1.031,0.357,0.0,0.0,0.0,0.0,22.696,1.892,0.598,25.565,66.502,130.733
2018-08-10 13:15:00,16.981,0.234,0.0,0.0,1.31,0.655,0.895,0.374,1.007,0.436,0.0,0.0,0.0,0.0,21.891,1.879,0.723,25.651,66.529,126.133
2018-08-10 13:30:00,16.787,0.345,0.098,0.112,1.32,0.801,0.903,0.501,1.016,0.588,0.0,0.0,0.0,0.0,22.47,1.89,0.653,25.765,65.995,119.4
2018-08-10 13:45:00,17.163,0.361,0.111,0.129,1.329,0.841,0.907,0.538,1.025,0.629,0.0,0.0,0.0,0.0,23.031,1.891,0.64,25.645,66.176,116.933
2018-08-10 14:00:00,16.677,0.623,0.359,0.408,1.337,0.474,0.918,0.211,1.032,0.247,0.0,0.0,0.0,0.0,22.285,1.909,0.632,25.689,66.27,109.4
2018-08-10 14:15:00,16.331,1.223,0.935,1.048,1.382,0.237,0.968,0.0,1.078,0.0,0.0,0.0,0.0,0.0,23.201,1.931,0.606,25.679,66.197,109.2
2018-08-10 14:30:00,16.153,1.221,0.939,1.052,1.38,0.363,0.969,0.112,1.073,0.133,0.0,0.0,0.0,0.0,23.395,1.891,0.665,25.679,65.504,114.733
2018-08-10 14:45:00,16.173,1.224,0.941,1.058,1.397,0.385,0.978,0.128,1.089,0.151,0.0,0.0,0.0,0.0,23.524,1.893,0.607,25.637,65.16,114.933
2018-08-10 15:00:00,16.294,1.232,0.946,1.065,1.402,0.368,0.988,0.115,1.096,0.137,0.0,0.0,0.0,0.0,23.643,1.941,0.697,25.569,64.53,114.6
2018-08-10 15:15:00,16.353,1.235,0.948,1.067,1.401,0.464,0.984,0.2,1.09,0.236,0.0,0.0,0.0,0.0,23.979,1.891,0.691,25.526,64.512,110.8
2018-08-10 15:30:00,16.093,1.226,0.939,1.06,1.403,0.475,0.985,0.21,1.096,0.249,0.0,0.0,0.0,0.0,23.738,1.911,0.633,25.774,65.04,111.267
2018-08-10 15:45:00,15.991,1.215,0.925,1.047,1.381,0.393,0.954,0.134,1.069,0.16,0.0,0.0,0.0,0.0,23.271,1.904,0.643,25.684,65.842,114.692
2018-08-10 16:00:00,15.976,1.216,0.934,1.055,1.372,0.394,0.959,0.139,1.069,0.164,0.0,0.0,0.0,0.0,23.278,1.793,0.643,25.686,66.097,112.4
2018-08-10 16:15:00,16.115,1.211,0.934,1.053,1.37,0.507,0.961,0.24,1.07,0.285,0.0,0.0,0.0,0.0,23.747,1.697,0.68,25.631,66.156,113.571
2018-08-10 16:30:00,15.813,1.206,0.919,1.045,1.375,0.403,0.953,0.143,1.069,0.171,0.0,0.0,0.0,0.0,23.099,1.706,0.725,25.584,66.009,110.214
2018-08-10 16:45:00,12.274,1.224,0.934,1.059,1.39,0.551,0.967,0.276,1.082,0.328,0.0,0.0,0.0,0.0,20.085,1.721,0.549,25.715,67.612,102.692
2018-08-10 17:00:00,0.433,1.019,0.731,0.833,1.365,0.653,0.933,0.356,1.052,0.429,0.0,0.0,0.0,0.0,7.804,1.598,0.366,26.524,65.264,50.333
2018-08-10 17:15:00,0.563,0.987,0.699,0.794,1.355,0.776,0.927,0.469,1.043,0.559,0.0,0.0,0.0,0.0,8.171,1.384,0.254,27.24,62.309,6.846
2018-08-10 17:30:00,0.461,1.02,0.73,0.833,1.351,0.679,0.925,0.383,1.039,0.456,0.0,0.0,0.0,0.0,7.877,1.891,0.36,27.418,61.284,91.133
2018-08-10 17:45:00,0.506,1.197,0.903,1.023,1.375,0.702,0.955,0.423,1.065,0.504,0.0,0.0,0.0,0.0,8.653,1.378,0.195,27.537,60.756,9.933
2018-08-10 18:00:00,0.001,1.071,0.783,0.889,1.35,0.01,0.927,0.0,1.039,0.0,0.0,0.0,0.0,0.0,6.069,1.375,0.251,27.631,60.311,3.0
2018-08-10 18:15:00,0.0,0.417,0.167,0.189,1.305,0.01,0.882,0.0,0.994,0.0,0.0,0.0,0.0,0.0,3.965,1.379,0.285,27.703,60.028,3.0
2018-08-10 18:30:00,0.001,0.433,0.179,0.205,1.316,0.01,0.891,0.0,0.998,0.0,0.0,0.0,0.0,0.0,4.032,1.375,0.155,27.76,59.371,3.0
2018-08-10 18:45:00,0.001,0.547,0.283,0.321,1.302,0.01,0.88,0.0,0.979,0.0,0.0,0.0,0.0,0.0,4.322,1.377,0.103,27.764,59.41,3.0
2018-08-10 19:00:00,0.001,0.451,0.195,0.221,1.286,0.01,0.862,0.0,0.959,0.0,0.0,0.0,0.0,0.0,3.985,1.313,0.095,27.775,59.525,3.0
2018-08-10 19:15:00,0.0,0.461,0.203,0.231,1.297,0.01,0.872,0.0,0.969,0.0,0.0,0.0,0.0,0.0,4.045,1.21,0.037,27.847,59.511,3.0
2018-08-10 19:30:00,0.0,0.535,0.271,0.307,1.318,0.01,0.889,0.0,0.984,0.0,0.0,0.0,0.0,0.0,4.313,1.211,0.032,27.906,59.623,3.0
2018-08-10 19:45:00,0.0,0.382,0.131,0.148,1.298,0.01,0.872,0.0,0.967,0.0,0.0,0.0,0.0,0.0,3.808,1.203,0.035,27.941,59.846,3.0
2018-08-10 20:00:00,0.0,0.551,0.286,0.323,1.3,0.01,0.88,0.0,0.971,0.0,0.0,0.0,0.0,0.0,4.321,1.206,0.072,27.977,60.115,3.0
2018-08-10 20:15:00,0.0,0.553,0.292,0.327,1.295,0.01,0.883,0.0,0.97,0.0,0.0,0.0,0.0,0.0,4.33,1.193,0.049,27.994,60.437,3.0
2018-08-10 20:30:00,0.0,0.489,0.231,0.261,1.317,0.01,0.899,0.0,0.985,0.0,0.0,0.0,0.0,0.0,4.191,0.9,0.03,28.207,60.128,1.8
2018-08-10 20:45:00,0.0,0.381,0.132,0.147,1.281,0.01,0.867,0.0,0.95,0.0,0.0,0.0,0.0,0.0,3.768,0.0,0.032,28.507,59.912,0.0
2018-08-10 21:00:00,0.001,0.351,0.103,0.115,1.288,0.01,0.871,0.0,0.959,0.0,0.0,0.0,0.0,0.0,3.697,0.0,0.063,28.747,59.96,0.0
2018-08-10 21:15:00,0.0,0.471,0.216,0.241,1.296,0.01,0.887,0.0,0.971,0.0,0.0,0.0,0.0,0.0,4.092,0.0,0.061,28.103,59.965,0.0
2018-08-10 21:30:00,0.0,0.356,0.108,0.122,1.3,0.01,0.881,0.0,0.965,0.0,0.0,0.0,0.0,0.0,3.742,0.0,0.031,28.107,60.21,0.0
2018-08-10 21:45:00,0.001,0.24,0.0,0.0,1.282,0.01,0.865,0.0,0.949,0.0,0.0,0.0,0.0,0.0,3.347,0.0,0.031,28.115,60.62,0.0
2018-08-10 22:00:00,0.0,0.425,0.171,0.191,1.273,0.01,0.855,0.0,0.939,0.0,0.0,0.0,0.0,0.0,3.864,0.0,0.053,28.132,60.493,0.0
2018-08-10 22:15:00,0.0,0.355,0.105,0.117,1.293,0.01,0.868,0.0,0.956,0.0,0.0,0.0,0.0,0.0,3.703,0.0,0.07,28.149,60.393,0.0
2018-08-10 22:30:00,0.0,0.349,0.101,0.115,1.27,0.01,0.854,0.0,0.941,0.0,0.0,0.0,0.0,0.0,3.64,0.0,0.033,28.172,60.52,0.0
2018-08-10 22:45:00,0.0,0.364,0.115,0.131,1.277,0.01,0.863,0.0,0.953,0.0,0.0,0.0,0.0,0.0,3.712,0.0,0.031,28.201,60.047,0.0
2018-08-10 23:00:00,0.0,0.424,0.17,0.194,1.276,0.01,0.856,0.0,0.946,0.0,0.0,0.0,0.0,0.0,3.876,0.0,0.041,28.21,60.044,0.0
2018-08-10 23:15:00,0.001,0.343,0.094,0.107,1.283,0.01,0.857,0.0,0.949,0.0,0.0,0.0,0.0,0.0,3.643,0.0,0.07,28.224,59.971,0.0
2018-08-10 23:30:00,0.0,0.335,0.087,0.099,1.269,0.01,0.847,0.0,0.941,0.0,0.0,0.0,0.0,0.0,3.586,0.0,0.049,28.239,59.916,0.0
2018-08-10 23:45:00,0.167,0.421,0.23,0.263,1.284,0.379,0.861,0.139,0.953,0.167,0.0,0.0,0.0,0.0,4.865,0.0,0.033,28.242,59.948,0.0
2018-08-11 00:00:00,0.951,0.0,0.0,0.0,1.29,1.156,0.859,0.803,0.954,0.947,0.0,0.0,0.0,0.0,6.961,0.0,0.03,28.272,59.905,0.0
2018-08-11 00:15:00,0.959,0.0,0.0,0.0,1.254,1.151,0.827,0.809,0.922,0.952,0.0,0.0,0.0,0.0,6.874,0.0,0.069,28.29,59.877,0.0
2018-08-11 00:30:00,0.957,0.0,0.0,0.0,1.264,1.148,0.836,0.816,0.929,0.951,0.0,0.0,0.0,0.0,6.902,0.0,0.055,28.301,59.84,0.0
2018-08-11 00:45:00,0.957,0.0,0.0,0.0,1.252,1.149,0.827,0.818,0.921,0.953,0.0,0.0,0.0,0.0,6.876,0.0,0.031,28.302,59.813,0.0
2018-08-11 01:00:00,0.967,0.0,0.0,0.0,1.256,1.159,0.823,0.826,0.919,0.963,0.0,0.0,0.0,0.0,6.913,0.0,0.032,28.335,59.695,0.0
2018-08-11 01:15:00,0.987,0.0,0.0,0.0,1.255,1.177,0.826,0.849,0.923,0.982,0.0,0.0,0.0,0.0,6.999,0.0,0.057,28.337,59.678,0.0
2018-08-11 01:30:00,0.769,0.0,0.0,0.0,1.247,0.971,0.816,0.657,0.913,0.765,0.0,0.0,0.0,0.0,6.137,0.0,0.068,28.343,59.645,0.0
2018-08-11 01:45:00,0.96,0.0,0.0,0.0,1.249,1.159,0.817,0.819,0.913,0.957,0.0,0.0,0.0,0.0,6.873,0.0,0.032,28.353,59.529,0.0
2018-08-11 02:00:00,0.755,0.0,0.0,0.0,1.259,0.966,0.821,0.643,0.92,0.752,0.0,0.0,0.0,0.0,6.117,0.0,0.031,28.359,59.477,0.0
2018-08-11 02:15:00,0.663,0.0,0.0,0.0,1.259,0.876,0.828,0.564,0.923,0.661,0.0,0.0,0.0,0.0,5.773,0.0,0.047,28.365,59.413,0.0
2018-08-11 02:30:00,0.707,0.0,0.0,0.0,1.25,0.917,0.816,0.599,0.916,0.703,0.0,0.0,0.0,0.0,5.908,0.0,0.07,28.371,59.329,0.0
2018-08-11 02:45:00,0.985,0.0,0.0,0.0,1.269,1.187,0.846,0.846,0.939,0.98,0.0,0.0,0.0,0.0,7.051,0.0,0.045,28.386,59.267,0.0
2018-08-11 03:00:00,0.995,0.0,0.0,0.0,1.272,1.191,0.852,0.856,0.944,0.99,0.0,0.0,0.0,0.0,7.099,0.0,0.03,28.404,59.265,0.0
2018-08-11 03:15:00,1.019,0.0,0.0,0.0,1.265,1.217,0.844,0.883,0.935,1.014,0.0,0.0,0.0,0.0,7.177,0.0,0.033,28.423,59.191,0.0
2018-08-11 03:30:00,0.596,0.0,0.0,0.0,1.255,0.809,0.833,0.515,0.927,0.594,0.0,0.0,0.0,0.0,5.528,0.0,0.066,28.421,59.171,0.0
2018-08-11 03:45:00,1.017,0.0,0.0,0.0,1.279,1.221,0.851,0.879,0.945,1.013,0.0,0.0,0.0,0.0,7.205,0.0,0.059,28.436,59.167,0.0
2018-08-11 04:00:00,1.005,0.0,0.0,0.0,1.252,1.205,0.83,0.869,0.924,1.002,0.0,0.0,0.0,0.0,7.087,0.0,0.031,28.441,59.135,0.0
2018-08-11 04:15:00,0.794,0.0,0.0,0.0,1.266,1.003,0.844,0.686,0.935,0.792,0.0,0.0,0.0,0.0,6.319,0.0,0.031,28.445,59.12,0.0
2018-08-11 04:30:00,1.008,0.0,0.0,0.0,1.273,1.205,0.849,0.873,0.945,1.003,0.0,0.0,0.0,0.0,7.156,0.0,0.051,28.462,59.129,0.0
2018-08-11 04:45:00,1.027,0.0,0.0,0.0,1.288,1.229,0.861,0.898,0.957,1.024,0.0,0.0,0.0,0.0,7.285,0.0,0.07,28.477,59.502,0.0
2018-08-11 05:00:00,1.009,0.0,0.0,0.0,1.277,1.207,0.857,0.884,0.948,1.005,0.0,0.0,0.0,0.0,7.187,0.0,0.033,28.489,59.707,0.0
2018-08-11 05:15:00,1.001,0.0,0.0,0.0,1.284,1.203,0.862,0.881,0.954,0.999,0.0,0.0,0.0,0.0,7.183,0.0,0.031,28.48,59.361,0.0
2018-08-11 05:30:00,0.99,0.016,0.0,0.0,1.279,1.192,0.857,0.87,0.947,0.985,0.0,0.0,0.0,0.0,7.135,0.0,0.038,28.482,59.654,0.0
2018-08-11 05:45:00,0.001,0.24,0.0,0.0,1.263,0.24,0.838,0.0,0.932,0.0,0.0,0.0,0.0,0.0,3.513,0.0,0.07,28.487,59.668,0.0
2018-08-11 06:00:00,0.001,0.976,0.691,0.775,0.139,0.237,0.093,0.0,0.104,0.0,0.0,0.0,0.0,0.0,3.017,0.0,0.046,28.5,59.131,0.0
2018-08-11 06:15:00,0.007,1.129,0.837,0.941,0.0,0.244,0.0,0.006,0.0,0.007,0.0,0.0,0.0,0.0,3.172,0.0,0.033,28.511,59.143,0.0
2018-08-11 06:30:00,0.301,1.155,0.871,0.975,0.0,0.525,0.0,0.257,0.0,0.299,0.0,0.0,0.0,0.0,4.383,0.0,0.033,28.538,59.171,0.0
2018-08-11 06:45:00,0.436,1.157,0.873,0.981,0.0,0.657,0.0,0.369,0.0,0.432,0.0,0.0,0.0,0.0,4.904,0.0,0.069,28.559,59.276,0.0
2018-08-11 07:00:00,0.444,1.143,0.856,0.967,0.0,0.667,0.0,0.373,0.0,0.441,0.0,0.0,0.0,0.0,4.891,0.0,0.056,28.565,59.41,0.0
2018-08-11 07:15:00,0.613,1.157,0.871,0.983,0.0,0.828,0.0,0.522,0.0,0.609,0.0,0.0,0.0,0.0,5.583,0.0,0.035,28.564,59.524,0.0
2018-08-11 07:30:00,0.624,1.165,0.883,0.994,0.0,0.842,0.0,0.531,0.0,0.621,0.0,0.0,0.0,0.0,5.661,0.0,0.035,28.59,59.671,0.0
2018-08-11 07:45:00,0.519,1.156,0.874,0.99,0.0,0.735,0.0,0.441,0.0,0.516,0.0,0.0,0.0,0.0,5.232,0.0,0.059,28.619,59.715,0.0
2018-08-11 08:00:00,0.485,1.145,0.865,0.984,0.0,0.697,0.0,0.407,0.0,0.482,0.0,0.0,0.0,0.0,5.065,0.0,0.068,28.615,59.773,0.0
2018-08-11 08:15:00,0.455,1.158,0.877,0.997,0.0,0.674,0.0,0.381,0.0,0.452,0.0,0.0,0.0,0.0,4.993,0.0,0.033,28.62,59.828,0.0
2018-08-11 08:30:00,0.76,1.163,0.88,1.002,0.0,0.963,0.0,0.641,0.0,0.757,0.0,0.0,0.0,0.0,6.165,0.0,0.034,28.648,59.855,0.0
2018-08-11 08:45:00,1.045,1.151,0.872,0.997,0.0,1.226,0.0,0.894,0.0,1.042,0.0,0.0,0.0,0.0,7.227,0.0,0.048,28.649,59.723,0.0
2018-08-11 09:00:00,1.063,1.162,0.883,1.009,0.0,1.237,0.0,0.912,0.0,1.06,0.0,0.0,0.0,0.0,7.326,0.0,0.071,28.639,59.417,0.0
2018-08-11 09:15:00,1.073,1.181,0.901,1.022,0.0,1.249,0.0,0.921,0.0,1.071,0.0,0.0,0.0,0.0,7.417,0.0,0.047,28.624,59.059,0.0
2018-08-11 09:30:00,1.079,1.188,0.907,1.033,0.0,1.246,0.0,0.927,0.0,1.075,0.0,0.0,0.0,0.0,7.455,0.0,0.035,28.628,58.674,0.0
2018-08-11 09:45:00,1.074,1.217,0.936,1.059,0.0,1.243,0.0,0.925,0.0,1.07,0.0,0.0,0.0,0.0,7.523,0.0,0.036,28.636,58.321,0.0
2018-08-11 10:00:00,1.063,1.182,0.902,1.028,0.0,1.229,0.0,0.91,0.0,1.058,0.0,0.0,0.0,0.0,7.373,0.0,0.067,28.66,58.567,0.0
2018-08-11 10:15:00,1.078,1.191,0.913,1.037,0.0,1.245,0.0,0.928,0.0,1.075,0.0,0.0,0.0,0.0,7.466,0.151,0.057,28.662,57.942,0.0
2018-08-11 10:30:00,1.083,1.192,0.911,1.039,0.0,1.25,0.0,0.93,0.0,1.08,0.0,0.0,0.0,0.0,7.485,0.18,0.039,28.671,57.581,0.0
2018-08-11 10:45:00,1.067,1.197,0.917,1.043,0.0,1.233,0.0,0.915,0.0,1.062,0.0,0.0,0.0,0.0,7.434,0.179,0.034,28.665,57.407,0.0
2018-08-11 11:00:00,1.055,1.182,0.903,1.031,0.0,1.221,0.0,0.905,0.0,1.052,0.0,0.0,0.0,0.0,7.349,0.177,0.059,28.681,57.308,0.0
2018-08-11 11:15:00,1.07,1.173,0.89,1.015,0.0,1.239,0.0,0.92,0.0,1.063,0.0,0.0,0.0,0.0,7.369,0.18,0.067,28.671,57.22,0.0
2018-08-11 11:30:00,1.093,1.194,0.915,1.035,0.0,1.265,0.0,0.947,0.0,1.088,0.0,0.0,0.0,0.0,7.537,0.179,0.035,28.673,57.208,0.0
2018-08-11 11:45:00,0.743,1.182,0.901,1.023,0.623,0.935,0.357,0.639,0.407,0.74,0.0,0.0,0.0,0.0,7.55,0.177,0.033,28.679,56.861,0.0
2018-08-11 12:00:00,0.765,1.214,0.927,1.053,1.367,0.962,0.929,0.653,1.05,0.763,0.0,0.0,0.0,0.0,9.681,0.18,0.047,28.699,56.675,0.0
2018-08-11 12:15:00,0.691,1.198,0.911,1.037,1.375,0.893,0.935,0.595,1.057,0.69,0.0,0.0,0.0,0.0,9.381,0.18,0.07,28.707,56.411,0.0
2018-08-11 12:30:00,0.835,1.011,0.731,0.832,1.357,1.029,0.92,0.712,1.042,0.832,0.0,0.0,0.0,0.0,9.301,0.18,0.043,28.71,56.329,0.0
2018-08-11 12:45:00,0.474,1.204,0.911,1.031,1.373,0.687,0.936,0.401,1.056,0.472,0.0,0.0,0.0,0.0,8.545,0.18,0.033,28.713,56.259,0.0
2018-08-11 13:00:00,0.571,1.223,0.932,1.051,1.386,0.778,0.951,0.482,1.067,0.567,0.0,0.0,0.0,0.0,9.008,0.18,0.032,28.725,56.189,0.0
2018-08-11 13:15:00,0.529,1.085,0.794,0.901,1.395,0.748,0.947,0.447,1.066,0.527,0.0,0.0,0.0,0.0,8.438,0.18,0.07,28.719,55.938,0.0
2018-08-11 13:30:00,0.737,1.144,0.845,0.96,1.376,0.943,0.933,0.623,1.05,0.731,0.0,0.0,0.0,0.0,9.342,0.18,0.058,28.744,56.225,0.0
2018-08-11 13:45:00,0.561,1.213,0.908,1.035,1.375,0.773,0.931,0.468,1.052,0.557,0.0,0.0,0.0,0.0,8.874,0.18,0.033,28.75,55.981,0.0
2018-08-11 14:00:00,0.52,1.217,0.915,1.044,1.375,0.736,0.931,0.437,1.052,0.518,0.0,0.0,0.0,0.0,8.745,0.18,0.033,28.757,55.831,0.0
2018-08-11 14:15:00,0.538,1.214,0.909,1.039,1.399,0.755,0.95,0.455,1.071,0.535,0.0,0.0,0.0,0.0,8.865,0.18,0.057,28.789,55.875,0.0
2018-08-11 14:30:00,0.838,0.925,0.641,0.73,1.358,1.042,0.917,0.707,1.038,0.836,0.0,0.0,0.0,0.0,9.032,0.18,0.07,28.785,55.747,0.0
2018-08-11 14:45:00,0.602,0.977,0.689,0.79,1.309,0.811,0.867,0.503,0.991,0.598,0.0,0.0,0.0,0.0,8.138,0.18,0.034,28.786,55.837,0.0
2018-08-11 15:00:00,0.391,0.955,0.661,0.767,1.285,0.607,0.839,0.321,0.967,0.387,0.0,0.0,0.0,0.0,7.182,0.18,0.033,28.841,55.887,0.0
2018-08-11 15:15:00,0.537,0.959,0.669,0.769,1.307,0.749,0.859,0.442,0.988,0.533,0.0,0.0,0.0,0.0,7.811,0.18,0.041,28.851,56.115,0.0
2018-08-11 15:30:00,0.443,0.959,0.664,0.767,1.301,0.659,0.853,0.364,0.979,0.441,0.0,0.0,0.0,0.0,7.429,0.18,0.071,28.835,56.245,0.0
2018-08-11 15:45:00,0.555,0.791,0.508,0.581,1.296,0.771,0.845,0.464,0.971,0.551,0.0,0.0,0.0,0.0,7.333,0.18,0.047,28.851,56.462,0.0
2018-08-11 16:00:00,0.463,0.849,0.565,0.649,1.31,0.681,0.871,0.39,0.992,0.462,0.0,0.0,0.0,0.0,7.233,0.055,0.031,28.86,56.517,0.0
2018-08-11 16:15:00,0.621,0.932,0.645,0.735,1.333,0.832,0.89,0.523,1.011,0.618,0.0,0.0,0.0,0.0,8.139,0.0,0.03,28.855,56.645,0.0
2018-08-11 16:30:00,0.436,0.998,0.708,0.803,1.336,0.651,0.899,0.365,1.017,0.432,0.0,0.0,0.0,0.0,7.645,0.0,0.067,28.857,56.747,0.0
2018-08-11 16:45:00,0.546,0.998,0.707,0.8,1.337,0.76,0.897,0.458,1.013,0.544,0.0,0.0,0.0,0.0,8.06,0.0,0.061,28.876,56.865,0.0
2018-08-11 17:00:00,0.524,0.807,0.527,0.596,1.335,0.741,0.893,0.441,1.008,0.522,0.0,0.0,0.0,0.0,7.395,0.0,0.033,28.888,56.865,0.0
2018-08-11 17:15:00,0.495,0.813,0.539,0.609,1.316,0.709,0.885,0.419,0.999,0.493,0.0,0.0,0.0,0.0,7.275,0.0,0.03,28.91,57.19,0.0
2018-08-11 17:30:00,0.613,0.985,0.697,0.787,1.324,0.825,0.894,0.521,1.007,0.611,0.0,0.0,0.0,0.0,8.263,0.0,0.057,28.913,57.395,0.0
2018-08-11 17:45:00,0.45,0.986,0.701,0.791,1.324,0.642,0.891,0.381,1.005,0.447,0.0,0.0,0.0,0.0,7.618,0.0,0.07,28.899,57.184,0.0
2018-08-11 18:00:00,0.001,1.065,0.777,0.878,1.352,0.01,0.915,0.0,1.03,0.0,0.0,0.0,0.0,0.0,6.029,0.0,0.037,28.904,57.308,0.0
2018-08-11 18:15:00,0.0,0.386,0.137,0.156,1.285,0.01,0.851,0.0,0.966,0.0,0.0,0.0,0.0,0.0,3.791,0.0,0.03,28.927,57.442,0.0
2018-08-11 18:30:00,0.0,0.449,0.195,0.223,1.274,0.01,0.845,0.0,0.955,0.0,0.0,0.0,0.0,0.0,3.951,0.0,0.037,28.944,57.687,0.0
2018-08-11 18:45:00,0.001,0.377,0.125,0.143,1.287,0.01,0.847,0.0,0.951,0.0,0.0,0.0,0.0,0.0,3.739,0.0,0.071,28.949,57.885,0.0
2018-08-11 19:00:00,0.001,0.367,0.117,0.133,1.299,0.01,0.851,0.0,0.957,0.0,0.0,0.0,0.0,0.0,3.735,0.0,0.05,28.951,58.331,0.0
2018-08-11 19:15:00,0.0,0.478,0.219,0.247,1.279,0.01,0.838,0.0,0.942,0.0,0.0,0.0,0.0,0.0,4.013,0.0,0.032,28.959,58.167,0.0
2018-08-11 19:30:00,0.0,0.368,0.116,0.132,1.274,0.01,0.828,0.0,0.932,0.0,0.0,0.0,0.0,0.0,3.66,0.0,0.031,28.977,58.34,0.0
2018-08-11 19:45:00,0.0,0.49,0.231,0.261,1.281,0.01,0.844,0.0,0.941,0.0,0.0,0.0,0.0,0.0,4.058,0.0,0.063,28.988,58.421,0.0
2018-08-11 20:00:00,0.0,0.367,0.117,0.131,1.307,0.01,0.869,0.0,0.96,0.0,0.0,0.0,0.0,0.0,3.76,0.0,0.066,28.981,58.553,0.0
2018-08-11 20:15:00,0.001,0.409,0.156,0.175,1.292,0.01,0.859,0.0,0.949,0.0,0.0,0.0,0.0,0.0,3.851,0.0,0.03,28.983,58.625,0.0
2018-08-11 20:30:00,0.0,0.469,0.212,0.237,1.301,0.01,0.867,0.0,0.957,0.0,0.0,0.0,0.0,0.0,4.053,0.0,0.031,29.012,58.723,0.0
2018-08-11 20:45:00,0.0,0.543,0.281,0.314,1.297,0.01,0.863,0.0,0.955,0.0,0.0,0.0,0.0,0.0,4.264,0.0,0.047,29.067,58.734,0.0
2018-08-11 21:00:00,0.0,0.369,0.119,0.132,1.308,0.01,0.867,0.0,0.962,0.0,0.0,0.0,0.0,0.0,3.767,0.0,0.07,29.267,58.871,0.0
2018-08-11 21:15:00,0.001,0.499,0.243,0.27,1.291,0.01,0.867,0.0,0.956,0.0,0.0,0.0,0.0,0.0,4.135,0.0,0.043,29.293,58.914,0.0
2018-08-11 21:30:00,0.0,0.369,0.121,0.134,1.287,0.01,0.86,0.0,0.948,0.0,0.0,0.0,0.0,0.0,3.728,0.0,0.031,29.387,58.957,0.0
2018-08-11 21:45:00,0.001,0.504,0.245,0.274,1.29,0.01,0.863,0.0,0.95,0.0,0.0,0.0,0.0,0.0,4.137,0.0,0.031,29.56,59.0,0.0
2018-08-11 22:00:00,0.0,0.434,0.181,0.201,1.295,0.01,0.863,0.0,0.95,0.0,0.0,0.0,0.0,0.0,3.934,0.0,0.069,29.487,59.553,0.0
2018-08-11 22:15:00,0.001,0.402,0.15,0.167,1.29,0.01,0.857,0.0,0.947,0.0,0.0,0.0,0.0,0.0,3.825,0.0,0.059,29.547,59.549,0.0
2018-08-11 22:30:00,0.0,0.451,0.196,0.219,1.285,0.01,0.853,0.0,0.943,0.0,0.0,0.0,0.0,0.0,3.957,0.0,0.033,29.467,59.561,0.0
2018-08-11 22:45:00,0.001,0.423,0.169,0.189,1.29,0.01,0.855,0.0,0.946,0.0,0.0,0.0,0.0,0.0,3.882,0.0,0.031,29.68,59.468,0.0
2018-08-11 23:00:00,0.0,0.448,0.192,0.215,1.288,0.01,0.845,0.0,0.939,0.0,0.0,0.0,0.0,0.0,3.937,0.0,0.055,29.68,59.648,0.0
2018-08-11 23:15:00,0.0,0.387,0.135,0.151,1.28,0.01,0.845,0.0,0.936,0.0,0.0,0.0,0.0,0.0,3.743,0.0,0.07,29.813,59.257,0.0
2018-08-11 23:30:00,0.0,0.485,0.225,0.253,1.275,0.01,0.839,0.0,0.931,0.0,0.0,0.0,0.0,0.0,4.019,0.0,0.038,29.887,59.439,0.0
2018-08-11 23:45:00,0.236,0.591,0.384,0.427,1.305,0.442,0.865,0.199,0.957,0.234,0.0,0.0,0.0,0.0,5.64,0.0,0.032,29.807,59.713,0.0
2018-08-12 00:00:00,0.979,0.0,0.0,0.0,1.293,1.193,0.845,0.845,0.94,0.976,0.0,0.0,0.0,0.0,7.07,0.0,0.033,29.266,59.172,0.0
2018-08-12 00:15:00,1.002,0.0,0.0,0.0,1.276,1.205,0.837,0.874,0.931,0.999,0.0,0.0,0.0,0.0,7.124,0.0,0.071,29.11,59.2,0.0
2018-08-12 00:30:00,1.023,0.0,0.0,0.0,1.285,1.227,0.849,0.896,0.94,1.019,0.0,0.0,0.0,0.0,7.239,0.0,0.053,29.173,59.575,0.0
2018-08-12 00:45:00,1.019,0.0,0.0,0.0,1.287,1.22,0.846,0.889,0.941,1.017,0.0,0.0,0.0,0.0,7.219,0.0,0.031,29.707,59.333,0.0
2018-08-12 01:00:00,0.983,0.0,0.0,0.0,1.277,1.179,0.841,0.852,0.933,0.978,0.0,0.0,0.0,0.0,7.043,0.0,0.03,29.476,59.139,0.0
2018-08-12 01:15:00,0.816,0.0,0.0,0.0,1.273,1.024,0.837,0.713,0.929,0.815,0.0,0.0,0.0,0.0,6.406,0.0,0.061,29.115,58.961,0.0
2018-08-12 01:30:00,0.786,0.0,0.0,0.0,1.265,0.992,0.827,0.684,0.92,0.782,0.0,0.0,0.0,0.0,6.256,0.0,0.07,29.116,58.941,0.0
2018-08-12 01:45:00,0.791,0.0,0.0,0.0,1.271,1.001,0.827,0.687,0.922,0.787,0.0,0.0,0.0,0.0,6.287,0.0,0.031,29.135,58.867,0.0
2018-08-12 02:00:00,0.789,0.0,0.0,0.0,1.284,1.004,0.842,0.687,0.935,0.788,0.0,0.0,0.0,0.0,6.329,0.0,0.031,29.135,58.808,0.0
2018-08-12 02:15:00,0.797,0.0,0.0,0.0,1.281,1.01,0.841,0.693,0.935,0.793,0.0,0.0,0.0,0.0,6.35,0.0,0.043,29.134,58.859,0.0
2018-08-12 02:30:00,0.803,0.0,0.0,0.0,1.266,1.015,0.822,0.697,0.917,0.796,0.0,0.0,0.0,0.0,6.315,0.0,0.07,29.137,58.753,0.0
2018-08-12 02:45:00,1.005,0.0,0.0,0.0,1.288,1.211,0.839,0.872,0.936,1.003,0.0,0.0,0.0,0.0,7.154,0.0,0.047,29.148,58.725,0.0
2018-08-12 03:00:00,1.015,0.0,0.0,0.0,1.289,1.216,0.849,0.885,0.941,1.011,0.0,0.0,0.0,0.0,7.207,0.0,0.03,29.149,58.697,0.0
2018-08-12 03:15:00,0.813,0.0,0.0,0.0,1.283,1.024,0.839,0.711,0.933,0.809,0.0,0.0,0.0,0.0,6.412,0.0,0.034,29.149,58.636,0.0
2018-08-12 03:30:00,0.827,0.0,0.0,0.0,1.295,1.043,0.846,0.725,0.942,0.823,0.0,0.0,0.0,0.0,6.501,0.0,0.067,29.146,58.6,0.0
2018-08-12 03:45:00,0.783,0.0,0.0,0.0,1.265,0.997,0.819,0.679,0.916,0.779,0.0,0.0,0.0,0.0,6.237,0.0,0.064,29.159,58.569,0.0
2018-08-12 04:00:00,0.762,0.0,0.0,0.0,1.271,0.978,0.824,0.655,0.92,0.758,0.0,0.0,0.0,0.0,6.168,0.0,0.031,29.167,58.513,0.0
2018-08-12 04:15:00,0.979,0.0,0.0,0.0,1.256,1.194,0.812,0.851,0.907,0.976,0.0,0.0,0.0,0.0,6.975,0.0,0.033,29.169,58.531,0.0
2018-08-12 04:30:00,0.987,0.0,0.0,0.0,1.273,1.203,0.825,0.859,0.919,0.985,0.0,0.0,0.0,0.0,7.051,0.0,0.052,29.167,58.505,0.0
2018-08-12 04:45:00,0.993,0.0,0.0,0.0,1.283,1.201,0.837,0.867,0.929,0.987,0.0,0.0,0.0,0.0,7.098,0.0,0.07,29.175,58.517,0.0
2018-08-12 05:00:00,1.009,0.0,0.0,0.0,1.284,1.214,0.84,0.883,0.933,1.005,0.0,0.0,0.0,0.0,7.168,0.0,0.04,29.184,58.526,0.0
2018-08-12 05:15:00,0.801,0.0,0.0,0.0,1.267,1.015,0.822,0.704,0.917,0.799,0.0,0.0,0.0,0.0,6.325,0.0,0.03,29.19,58.445,0.0
2018-08-12 05:30:00,0.779,0.005,0.0,0.0,1.286,1.001,0.836,0.679,0.927,0.774,0.0,0.0,0.0,0.0,6.287,0.0,0.035,29.185,58.41,0.0
2018-08-12 05:45:00,0.0,0.24,0.0,0.0,1.26,0.237,0.816,0.0,0.909,0.0,0.0,0.0,0.0,0.0,3.463,0.0,0.071,29.191,58.453,0.0
2018-08-12 06:00:00,0.0,0.976,0.683,0.763,0.157,0.237,0.102,0.0,0.113,0.0,0.0,0.0,0.0,0.0,3.031,0.0,0.058,29.207,58.459,0.0
2018-08-12 06:15:00,0.087,1.129,0.833,0.934,0.0,0.323,0.0,0.073,0.0,0.085,0.0,0.0,0.0,0.0,3.465,0.0,0.033,29.219,58.422,0.0
2018-08-12 06:30:00,0.349,1.159,0.866,0.967,0.0,0.577,0.0,0.302,0.0,0.348,0.0,0.0,0.0,0.0,4.567,0.0,0.034,29.209,58.449,0.0
2018-08-12 06:45:00,0.001,1.13,0.842,0.949,0.0,0.237,0.0,0.0,0.0,0.0,0.0,0.0,0.0,0.0,3.159,0.0,0.059,29.214,58.507,0.0
2018-08-12 07:00:00,0.0,1.129,0.841,0.947,0.0,0.237,0.0,0.0,0.0,0.0,0.0,0.0,0.0,0.0,3.154,0.0,0.07,29.222,58.457,0.0
2018-08-12 07:15:00,0.001,1.128,0.843,0.948,0.0,0.237,0.0,0.0,0.0,0.0,0.0,0.0,0.0,0.0,3.157,0.0,0.035,29.217,58.475,0.0
2018-08-12 07:30:00,0.175,1.137,0.853,0.962,0.0,0.407,0.0,0.148,0.0,0.173,0.0,0.0,0.0,0.0,3.855,0.0,0.031,29.23,58.476,0.0
2018-08-12 07:45:00,0.447,1.153,0.865,0.975,0.0,0.667,0.0,0.381,0.0,0.445,0.0,0.0,0.0,0.0,4.933,0.0,0.043,29.242,58.529,0.0
2018-08-12 08:00:00,0.598,1.152,0.87,0.979,0.0,0.814,0.0,0.516,0.0,0.597,0.0,0.0,0.0,0.0,5.526,0.0,0.07,29.268,58.509,0.0
2018-08-12 08:15:00,0.54,1.145,0.855,0.969,0.0,0.762,0.0,0.46,0.0,0.536,0.0,0.0,0.0,0.0,5.267,0.0,0.05,29.283,58.533,0.0
2018-08-12 08:30:00,0.479,1.153,0.863,0.973,0.0,0.7,0.0,0.411,0.0,0.477,0.0,0.0,0.0,0.0,5.055,0.0,0.034,29.299,58.623,0.0
2018-08-12 08:45:00,0.566,1.165,0.877,0.986,0.0,0.785,0.0,0.485,0.0,0.563,0.0,0.0,0.0,0.0,5.426,0.0,0.034,29.299,58.694,0.0
2018-08-12 09:00:00,0.564,1.165,0.885,0.992,0.0,0.781,0.0,0.485,0.0,0.561,0.0,0.0,0.0,0.0,5.433,0.0,0.066,29.301,58.787,0.0
2018-08-12 09:15:00,0.392,1.167,0.881,0.991,0.0,0.617,0.0,0.336,0.0,0.39,0.0,0.0,0.0,0.0,4.774,0.0,0.065,29.323,58.849,0.0
2018-08-12 09:30:00,0.517,1.162,0.875,0.987,0.0,0.733,0.0,0.439,0.0,0.515,0.0,0.0,0.0,0.0,5.227,0.0,0.035,29.31,58.917,0.0
2018-08-12 09:45:00,0.513,1.167,0.88,0.992,0.0,0.729,0.0,0.437,0.0,0.509,0.0,0.0,0.0,0.0,5.227,0.0,0.032,29.315,58.946,0.0
2018-08-12 10:00:00,0.478,1.179,0.895,1.004,0.0,0.698,0.0,0.407,0.0,0.475,0.0,0.0,0.0,0.0,5.137,0.0,0.051,29.339,59.034,0.0
2018-08-12 10:15:00,0.473,1.189,0.907,1.015,0.0,0.692,0.0,0.406,0.0,0.471,0.0,0.0,0.0,0.0,5.153,0.0,0.071,29.355,59.07,0.0
2018-08-12 10:30:00,0.504,1.189,0.904,1.015,0.0,0.722,0.0,0.431,0.0,0.503,0.0,0.0,0.0,0.0,5.268,0.0,0.049,29.38,59.233,0.0
2018-08-12 10:45:00,0.497,1.189,0.903,1.015,0.0,0.713,0.0,0.423,0.0,0.495,0.0,0.0,0.0,0.0,5.235,0.0,0.033,29.393,59.186,0.0
2018-08-12 11:00:00,0.454,1.216,0.927,1.039,0.0,0.674,0.0,0.389,0.0,0.453,0.0,0.0,0.0,0.0,5.151,0.0,0.033,29.411,59.344,0.0
2018-08-12 11:15:00,0.566,1.215,0.925,1.037,0.0,0.785,0.0,0.484,0.0,0.562,0.0,0.0,0.0,0.0,5.575,0.0,0.072,29.421,59.425,0.0
2018-08-12 11:30:00,0.421,1.189,0.901,1.016,0.0,0.641,0.0,0.361,0.0,0.418,0.0,0.0,0.0,0.0,4.947,0.0,0.065,29.433,59.513,0.0
2018-08-12 11:45:00,0.243,1.197,0.909,1.023,0.641,0.471,0.367,0.207,0.414,0.242,0.0,0.0,0.0,0.0,5.714,0.0,0.032,29.431,59.611,0.0
2018-08-12 12:00:00,0.459,1.219,0.929,1.04,1.371,0.68,0.936,0.393,1.044,0.456,0.0,0.0,0.0,0.0,8.527,0.0,0.032,29.427,59.658,0.0
2018-08-12 12:15:00,0.483,0.947,0.667,0.745,1.371,0.707,0.933,0.413,1.042,0.481,0.0,0.0,0.0,0.0,7.788,0.0,0.047,29.433,59.677,0.0
2018-08-12 12:30:00,0.551,0.886,0.611,0.679,1.347,0.767,0.92,0.47,1.025,0.547,0.0,0.0,0.0,0.0,7.802,0.0,0.07,29.449,59.687,0.0
2018-08-12 12:45:00,0.503,1.186,0.885,0.987,1.364,0.727,0.933,0.435,1.039,0.501,0.0,0.0,0.0,0.0,8.559,0.0,0.047,29.449,59.64,0.0
2018-08-12 13:00:00,0.537,1.052,0.762,0.85,1.364,0.756,0.933,0.459,1.037,0.533,0.0,0.0,0.0,0.0,8.283,0.0,0.031,29.44,59.702,0.0
2018-08-12 13:15:00,0.535,1.02,0.735,0.818,1.387,0.758,0.951,0.459,1.054,0.529,0.0,0.0,0.0,0.0,8.247,0.0,0.031,29.439,59.652,0.0
2018-08-12 13:30:00,0.499,1.017,0.731,0.813,1.369,0.721,0.937,0.429,1.038,0.497,0.0,0.0,0.0,0.0,8.052,0.0,0.067,29.442,59.585,0.0
2018-08-12 13:45:00,0.567,1.015,0.727,0.811,1.375,0.787,0.936,0.487,1.043,0.562,0.0,0.0,0.0,0.0,8.311,0.0,0.064,29.465,59.58,0.0
2018-08-12 14:00:00,0.457,1.004,0.72,0.801,1.356,0.681,0.919,0.395,1.024,0.455,0.0,0.0,0.0,0.0,7.811,0.0,0.033,29.494,59.519,0.0
2018-08-12 14:15:00,0.561,1.003,0.723,0.801,1.377,0.783,0.935,0.482,1.041,0.558,0.0,0.0,0.0,0.0,8.263,0.0,0.033,29.495,59.563,0.0
2018-08-12 14:30:00,0.459,0.999,0.716,0.797,1.357,0.679,0.919,0.39,1.027,0.455,0.0,0.0,0.0,0.0,7.797,0.0,0.05,29.477,59.493,0.0
2018-08-12 14:45:00,0.471,1.095,0.809,0.898,1.351,0.693,0.917,0.405,1.021,0.47,0.0,0.0,0.0,0.0,8.131,0.0,0.07,29.477,59.503,0.0
2018-08-12 15:00:00,0.539,1.081,0.795,0.886,1.336,0.758,0.9,0.463,1.006,0.537,0.0,0.0,0.0,0.0,8.301,0.0,0.047,29.483,59.483,0.0
2018-08-12 15:15:00,0.439,0.86,0.589,0.655,1.346,0.663,0.905,0.375,1.014,0.436,0.0,0.0,0.0,0.0,7.281,0.0,0.032,29.485,59.417,0.0
2018-08-12 15:30:00,0.569,1.129,0.84,0.935,1.35,0.785,0.921,0.49,1.025,0.568,0.0,0.0,0.0,0.0,8.612,0.0,0.031,29.483,59.391,0.0
2018-08-12 15:45:00,0.462,1.002,0.721,0.801,1.346,0.682,0.91,0.394,1.016,0.459,0.0,0.0,0.0,0.0,7.793,0.0,0.067,29.494,59.455,0.0
2018-08-12 16:00:00,0.551,1.001,0.719,0.8,1.389,0.769,0.949,0.472,1.054,0.547,0.0,0.0,0.0,0.0,8.251,0.0,0.065,29.517,59.335,0.0
2018-08-12 16:15:00,0.446,1.009,0.725,0.808,1.357,0.665,0.922,0.38,1.029,0.442,0.0,0.0,0.0,0.0,7.782,0.0,0.031,29.522,59.333,0.0
2018-08-12 16:30:00,0.543,1.008,0.729,0.813,1.36,0.759,0.925,0.464,1.032,0.54,0.0,0.0,0.0,0.0,8.173,0.0,0.032,29.524,59.341,0.0
2018-08-12 16:45:00,0.391,1.215,0.921,1.021,1.375,0.615,0.941,0.334,1.045,0.39,0.0,0.0,0.0,0.0,8.248,0.0,0.049,29.539,59.373,0.0
2018-08-12 17:00:00,0.529,1.009,0.726,0.81,1.379,0.751,0.939,0.453,1.045,0.527,0.0,0.0,0.0,0.0,8.167,0.0,0.07,29.551,59.251,0.0
2018-08-12 17:15:00,0.466,0.815,0.544,0.603,1.361,0.688,0.927,0.401,1.031,0.465,0.0,0.0,0.0,0.0,7.301,0.0,0.048,29.548,59.167,0.0
2018-08-12 17:30:00,0.585,0.993,0.708,0.791,1.355,0.802,0.92,0.501,1.025,0.581,0.0,0.0,0.0,0.0,8.26,0.0,0.033,29.55,59.31,0.0
2018-08-12 17:45:00,0.423,0.997,0.712,0.795,1.36,0.629,0.922,0.36,1.026,0.42,0.0,0.0,0.0,0.0,7.644,0.0,0.033,29.549,58.944,0.0
2018-08-12 18:00:00,0.001,1.088,0.803,0.89,1.371,0.01,0.933,0.0,1.034,0.0,0.0,0.0,0.0,0.0,6.129,0.0,0.065,29.557,58.864,0.0
2018-08-12 18:15:00,0.0,0.384,0.135,0.151,1.332,0.01,0.899,0.0,1.003,0.0,0.0,0.0,0.0,0.0,3.915,0.0,0.07,29.565,58.725,0.0
2018-08-12 18:30:00,0.0,0.498,0.24,0.269,1.327,0.01,0.891,0.0,0.99,0.0,0.0,0.0,0.0,0.0,4.225,0.0,0.033,29.562,58.627,0.0
2018-08-12 18:45:00,0.0,0.427,0.175,0.195,1.32,0.01,0.887,0.0,0.979,0.0,0.0,0.0,0.0,0.0,3.993,0.0,0.031,29.579,58.556,0.0
2018-08-12 19:00:00,0.0,0.451,0.197,0.218,1.32,0.01,0.887,0.0,0.977,0.0,0.0,0.0,0.0,0.0,4.06,0.0,0.039,29.607,58.445,0.0
2018-08-12 19:15:00,0.001,0.48,0.225,0.248,1.313,0.01,0.887,0.0,0.973,0.0,0.0,0.0,0.0,0.0,4.137,0.0,0.071,29.621,58.45,0.0
2018-08-12 19:30:00,0.0,0.525,0.268,0.295,1.301,0.01,0.874,0.0,0.963,0.0,0.0,0.0,0.0,0.0,4.235,0.0,0.051,29.625,58.423,0.0
2018-08-12 19:45:00,0.0,0.438,0.189,0.209,1.311,0.01,0.883,0.0,0.97,0.0,0.0,0.0,0.0,0.0,4.011,0.0,0.033,29.635,58.381,0.0
2018-08-12 20:00:00,0.0,0.465,0.211,0.233,1.324,0.01,0.891,0.0,0.977,0.0,0.0,0.0,0.0,0.0,4.112,0.0,0.032,29.639,58.373,0.0
2018-08-12 20:15:00,0.001,0.478,0.221,0.244,1.309,0.01,0.881,0.0,0.966,0.0,0.0,0.0,0.0,0.0,4.11,0.0,0.063,29.634,58.349,0.0
2018-08-12 20:30:00,0.0,0.484,0.227,0.252,1.312,0.01,0.886,0.0,0.968,0.0,0.0,0.0,0.0,0.0,4.139,0.0,0.069,29.624,58.269,0.0
2018-08-12 20:45:00,0.001,0.464,0.21,0.231,1.309,0.01,0.879,0.0,0.965,0.0,0.0,0.0,0.0,0.0,4.07,0.0,0.032,29.607,58.163,0.0
2018-08-12 21:00:00,0.001,0.495,0.239,0.265,1.308,0.01,0.877,0.0,0.963,0.0,0.0,0.0,0.0,0.0,4.158,0.0,0.031,29.617,58.46,0.0
2018-08-12 21:15:00,0.0,0.385,0.134,0.148,1.293,0.01,0.863,0.0,0.951,0.0,0.0,0.0,0.0,0.0,3.784,0.0,0.047,29.64,57.909,0.0
2018-08-12 21:30:00,0.0,0.467,0.212,0.233,1.299,0.01,0.871,0.0,0.956,0.0,0.0,0.0,0.0,0.0,4.049,0.0,0.07,29.657,57.843,0.0
2018-08-12 21:45:00,0.001,0.465,0.209,0.231,1.307,0.01,0.875,0.0,0.959,0.0,0.0,0.0,0.0,0.0,4.057,0.0,0.051,29.66,57.834,0.0
2018-08-12 22:00:00,0.0,0.488,0.232,0.254,1.293,0.01,0.869,0.0,0.948,0.0,0.0,0.0,0.0,0.0,4.094,0.0,0.031,29.653,57.885,0.0
2018-08-12 22:15:00,0.001,0.475,0.218,0.24,1.301,0.01,0.868,0.0,0.952,0.0,0.0,0.0,0.0,0.0,4.065,0.0,0.032,29.637,57.871,0.0
2018-08-12 22:30:00,0.001,0.442,0.187,0.206,1.295,0.01,0.859,0.0,0.944,0.0,0.0,0.0,0.0,0.0,3.943,0.0,0.064,29.649,57.832,0.0
2018-08-12 22:45:00,0.0,0.49,0.231,0.252,1.313,0.01,0.869,0.0,0.954,0.0,0.0,0.0,0.0,0.0,4.119,0.0,0.07,29.651,57.828,0.0
2018-08-12 23:00:00,0.001,0.473,0.215,0.235,1.293,0.01,0.855,0.0,0.941,0.0,0.0,0.0,0.0,0.0,4.023,0.0,0.034,29.666,57.772,0.0
2018-08-12 23:15:00,0.001,0.467,0.207,0.227,1.306,0.01,0.865,0.0,0.952,0.0,0.0,0.0,0.0,0.0,4.034,0.0,0.031,29.671,57.771,0.0
2018-08-12 23:30:00,0.0,0.38,0.125,0.139,1.311,0.01,0.863,0.0,0.952,0.0,0.0,0.0,0.0,0.0,3.781,0.0,0.04,29.691,57.785,0.0
2018-08-12 23:45:00,0.162,0.375,0.173,0.191,1.288,0.359,0.852,0.137,0.941,0.161,0.0,0.0,0.0,0.0,4.639,0.0,0.071,29.708,57.815,0.0
2018-08-13 00:00:00,1.014,0.0,0.0,0.0,1.308,1.216,0.883,0.893,0.967,1.009,0.0,0.0,0.0,0.0,7.29,0.001,0.053,29.721,57.881,0.0
2018-08-13 00:15:00,1.033,0.0,0.0,0.0,1.305,1.235,0.883,0.924,0.967,1.03,0.0,0.0,0.0,0.0,7.377,0.0,0.031,29.73,58.03,0.0
2018-08-13 00:30:00,1.037,0.0,0.0,0.0,1.319,1.24,0.892,0.927,0.978,1.033,0.0,0.0,0.0,0.0,7.426,0.0,0.031,29.721,58.243,0.0
2018-08-13 00:45:00,1.026,0.0,0.0,0.0,1.304,1.225,0.877,0.912,0.962,1.02,0.0,0.0,0.0,0.0,7.327,0.0,0.06,29.731,58.195,0.0
2018-08-13 01:00:00,0.931,0.0,0.0,0.0,1.292,1.13,0.865,0.829,0.953,0.928,0.0,0.0,0.0,0.0,6.928,0.0,0.073,29.747,58.238,0.0
2018-08-13 01:15:00,0.915,0.0,0.0,0.0,1.296,1.121,0.867,0.813,0.955,0.912,0.0,0.0,0.0,0.0,6.879,0.0,0.035,29.749,58.325,0.0
2018-08-13 01:30:00,0.921,0.0,0.0,0.0,1.305,1.127,0.869,0.815,0.959,0.919,0.0,0.0,0.0,0.0,6.915,0.0,0.031,29.749,58.412,0.0
2018-08-13 01:45:00,0.515,0.0,0.0,0.0,1.296,0.735,0.867,0.459,0.954,0.514,0.0,0.0,0.0,0.0,5.34,0.0,0.037,29.763,58.503,0.0
2018-08-13 02:00:00,0.8,0.0,0.0,0.0,1.303,1.012,0.869,0.711,0.958,0.797,0.0,0.0,0.0,0.0,6.451,0.0,0.071,29.761,58.479,0.0
2018-08-13 02:15:00,0.813,0.0,0.0,0.0,1.313,1.027,0.876,0.717,0.963,0.809,0.0,0.0,0.0,0.0,6.517,0.0,0.059,29.756,58.603,0.0
2018-08-13 02:30:00,0.803,0.0,0.0,0.0,1.299,1.014,0.869,0.708,0.955,0.8,0.0,0.0,0.0,0.0,6.448,0.0,0.031,29.763,58.607,0.0
2018-08-13 02:45:00,1.007,0.0,0.0,0.0,1.299,1.215,0.866,0.889,0.954,1.003,0.0,0.0,0.0,0.0,7.233,0.0,0.031,29.769,58.649,0.0
2018-08-13 03:00:00,0.801,0.0,0.0,0.0,1.286,1.014,0.852,0.705,0.94,0.797,0.0,0.0,0.0,0.0,6.395,0.0,0.055,29.762,58.649,0.0
2018-08-13 03:15:00,0.8,0.0,0.0,0.0,1.304,1.015,0.865,0.707,0.951,0.797,0.0,0.0,0.0,0.0,6.439,0.0,0.07,29.758,58.662,0.0
2018-08-13 03:30:00,0.793,0.0,0.0,0.0,1.29,1.011,0.855,0.698,0.944,0.791,0.0,0.0,0.0,0.0,6.383,0.0,0.033,29.768,58.666,0.0
2018-08-13 03:45:00,0.677,0.0,0.0,0.0,1.278,0.893,0.845,0.596,0.933,0.673,0.0,0.0,0.0,0.0,5.895,0.0,0.031,29.766,58.715,0.0
2018-08-13 04:00:00,0.681,0.0,0.0,0.0,1.279,0.897,0.847,0.599,0.936,0.677,0.0,0.0,0.0,0.0,5.917,0.0,0.041,29.778,58.667,0.0
2018-08-13 04:15:00,0.802,0.0,0.0,0.0,1.302,1.019,0.864,0.707,0.951,0.797,0.0,0.0,0.0,0.0,6.443,0.0,0.07,29.78,58.677,0.0
2018-08-13 04:30:00,0.799,0.0,0.0,0.0,1.293,1.019,0.858,0.705,0.946,0.797,0.0,0.0,0.0,0.0,6.417,0.0,0.057,29.778,58.695,0.0
2018-08-13 04:45:00,0.802,0.0,0.0,0.0,1.285,1.019,0.85,0.707,0.937,0.799,0.0,0.0,0.0,0.0,6.4,0.0,0.03,29.783,58.733,0.0
2018-08-13 05:00:00,0.809,0.0,0.0,0.0,1.302,1.032,0.861,0.712,0.948,0.805,0.0,0.0,0.0,0.0,6.469,0.0,0.031,29.796,58.729,0.0
2018-08-13 05:15:00,1.019,0.0,0.0,0.0,1.307,1.237,0.866,0.908,0.953,1.017,0.0,0.0,0.0,0.0,7.308,0.0,0.06,29.801,58.705,0.0
2018-08-13 05:30:00,1.002,0.001,0.0,0.0,1.29,1.215,0.85,0.893,0.937,0.997,0.0,0.0,0.0,0.0,7.186,0.0,0.07,29.794,58.731,0.0
2018-08-13 05:45:00,0.099,0.429,0.174,0.193,1.288,0.333,0.849,0.087,0.936,0.098,0.0,0.0,0.0,0.0,4.487,0.0,0.038,29.813,58.696,0.0
2018-08-13 06:00:00,0.001,0.951,0.666,0.73,0.209,0.24,0.137,0.0,0.151,0.0,0.0,0.0,0.0,0.0,3.084,0.0,0.035,29.802,58.677,0.0
2018-08-13 06:15:00,0.001,1.145,0.853,0.937,0.0,0.237,0.0,0.0,0.0,0.0,0.0,0.0,0.0,0.0,3.173,0.0,0.038,29.815,58.698,0.0
2018-08-13 06:30:00,0.0,1.147,0.86,0.947,0.0,0.237,0.0,0.0,0.0,0.0,0.0,0.0,0.0,0.0,3.191,0.0,0.072,29.84,58.677,0.0
2018-08-13 06:45:00,0.0,1.145,0.857,0.95,0.0,0.24,0.0,0.0,0.0,0.0,0.0,0.0,0.0,0.0,3.192,0.0,0.06,29.843,58.664,0.0
2018-08-13 07:00:00,0.0,1.143,0.863,0.953,0.0,0.237,0.0,0.0,0.0,0.0,0.0,0.0,0.0,0.0,3.197,0.0,0.034,29.835,58.723,0.0
2018-08-13 07:15:00,0.155,1.151,0.871,0.963,0.0,0.385,0.0,0.133,0.0,0.155,0.0,0.0,0.0,0.0,3.812,0.0,0.034,29.849,58.708,0.0
2018-08-13 07:30:00,0.223,1.161,0.879,0.975,0.0,0.45,0.0,0.191,0.0,0.221,0.0,0.0,0.0,0.0,4.1,0.0,0.057,29.851,58.736,0.0
2018-08-13 07:45:00,0.475,1.169,0.882,0.982,0.0,0.7,0.0,0.406,0.0,0.473,0.0,0.0,0.0,0.0,5.087,0.0,0.07,29.853,58.823,0.0
2018-08-13 08:00:00,0.557,1.189,0.904,1.004,0.0,0.777,0.0,0.477,0.0,0.555,0.0,0.0,0.0,0.0,5.462,0.0,0.043,29.876,58.865,0.0
2018-08-13 08:15:00,0.603,1.162,0.882,0.987,0.0,0.815,0.0,0.515,0.0,0.598,0.0,0.0,0.0,0.0,5.562,0.0,0.035,29.874,58.933,0.0
2018-08-13 08:30:00,0.567,1.191,0.909,1.013,0.0,0.783,0.0,0.482,0.0,0.563,0.0,0.0,0.0,0.0,5.508,0.0,0.041,29.879,58.952,0.0
2018-08-13 08:45:00,0.373,1.179,0.895,1.001,0.0,0.595,0.0,0.317,0.0,0.371,0.0,0.0,0.0,0.0,4.732,0.0,0.072,29.912,59.332,0.0
2018-08-13 09:00:00,0.556,1.178,0.896,1.001,0.0,0.77,0.0,0.474,0.0,0.554,0.0,0.0,0.0,0.0,5.429,0.0,0.059,29.904,59.113,0.0
2018-08-13 09:15:00,0.47,1.183,0.9,1.009,0.0,0.688,0.0,0.399,0.0,0.467,0.0,0.0,0.0,0.0,5.116,0.0,0.033,29.911,59.544,0.0
2018-08-13 09:30:00,0.448,1.187,0.907,1.011,0.0,0.666,0.0,0.385,0.0,0.448,0.0,0.0,0.0,0.0,5.053,0.0,0.033,29.907,59.182,0.0
2018-08-13 09:45:00,0.453,1.19,0.909,1.016,0.0,0.669,0.0,0.385,0.0,0.449,0.0,0.0,0.0,0.0,5.071,0.0,0.057,29.917,59.236,0.0
2018-08-13 10:00:00,0.453,1.176,0.897,1.003,0.0,0.669,0.0,0.388,0.0,0.45,0.0,0.0,0.0,0.0,5.036,0.0,0.07,29.923,59.225,0.0
2018-08-13 10:15:00,0.352,1.174,0.898,1.003,0.0,0.573,0.0,0.299,0.0,0.351,0.0,0.0,0.0,0.0,4.65,0.0,0.043,29.909,59.269,0.0
2018-08-13 10:30:00,0.403,1.189,0.909,1.016,0.0,0.621,0.0,0.343,0.0,0.401,0.0,0.0,0.0,0.0,4.883,0.0,0.035,29.918,59.314,0.0
2018-08-13 10:45:00,0.455,1.188,0.897,1.005,0.0,0.675,0.0,0.385,0.0,0.453,0.0,0.0,0.0,0.0,5.057,0.0,0.036,29.948,59.293,0.0
2018-08-13 11:00:00,0.167,1.189,0.895,1.005,0.0,0.397,0.0,0.141,0.0,0.166,0.0,0.0,0.0,0.0,3.961,0.0,0.073,29.952,59.322,0.0
2018-08-13 11:15:00,0.161,1.177,0.889,1.002,0.0,0.393,0.0,0.135,0.0,0.159,0.0,0.0,0.0,0.0,3.917,0.0,0.063,29.964,59.299,0.0
2018-08-13 11:30:00,0.282,1.189,0.899,1.01,0.0,0.505,0.0,0.237,0.0,0.279,0.0,0.0,0.0,0.0,4.401,0.0,0.035,29.964,59.379,0.0
2018-08-13 11:45:00,0.0,1.191,0.899,1.009,0.622,0.237,0.356,0.0,0.401,0.0,0.0,0.0,0.0,0.0,4.715,0.0,0.034,29.982,59.346,0.0
2018-08-13 12:00:00,0.45,1.206,0.917,1.025,1.397,0.671,0.951,0.38,1.064,0.445,0.0,0.0,0.0,0.0,8.507,0.0,0.051,29.983,59.401,0.0
2018-08-13 12:15:00,0.481,1.036,0.743,0.833,1.361,0.701,0.923,0.41,1.033,0.478,0.0,0.0,0.0,0.0,7.998,0.0,0.071,29.982,59.347,0.0
2018-08-13 12:30:00,0.589,1.012,0.722,0.811,1.377,0.807,0.941,0.503,1.053,0.587,0.0,0.0,0.0,0.0,8.403,0.0,0.049,30.026,59.325,0.0
2018-08-13 12:45:00,0.559,1.019,0.727,0.818,1.359,0.775,0.924,0.478,1.036,0.555,0.0,0.0,0.0,0.0,8.25,0.0,0.033,29.994,59.282,0.0
2018-08-13 13:00:00,0.495,1.209,0.911,1.021,1.391,0.715,0.951,0.421,1.065,0.493,0.0,0.0,0.0,0.0,8.673,0.0,0.032,29.986,59.235,0.0
2018-08-13 13:15:00,0.497,1.027,0.739,0.825,1.365,0.715,0.931,0.422,1.041,0.492,0.0,0.0,0.0,0.0,8.054,0.0,0.066,29.986,59.212,0.0
2018-08-13 13:30:00,0.527,1.04,0.752,0.839,1.391,0.742,0.96,0.445,1.067,0.524,0.0,0.0,0.0,0.0,8.287,0.0,0.07,30.153,59.209,0.0
2018-08-13 13:45:00,0.525,1.239,0.942,1.047,1.415,0.745,0.979,0.447,1.088,0.521,0.0,0.0,0.0,0.0,8.949,0.0,0.036,30.433,59.214,0.0
2018-08-13 14:00:00,0.512,1.031,0.744,0.831,1.365,0.729,0.932,0.436,1.041,0.509,0.0,0.0,0.0,0.0,8.13,0.0,0.031,30.65,59.276,0.0
2018-08-13 14:15:00,0.526,1.243,0.945,1.053,1.393,0.741,0.963,0.445,1.071,0.523,0.0,0.0,0.0,0.0,8.905,0.0,0.039,30.725,59.318,0.0
2018-08-13 14:30:00,0.499,1.023,0.737,0.824,1.372,0.72,0.939,0.426,1.046,0.498,0.0,0.0,0.0,0.0,8.084,0.0,0.071,30.877,59.243,0.0
2018-08-13 14:45:00,0.561,1.227,0.935,1.037,1.388,0.781,0.955,0.479,1.061,0.558,0.0,0.0,0.0,0.0,8.981,0.0,0.057,30.713,59.222,0.0
2018-08-13 15:00:00,0.471,1.201,0.912,1.016,1.358,0.691,0.928,0.401,1.035,0.469,0.0,0.0,0.0,0.0,8.483,0.0,0.033,30.813,59.247,0.0
2018-08-13 15:15:00,0.537,1.015,0.731,0.816,1.355,0.753,0.926,0.459,1.034,0.533,0.0,0.0,0.0,0.0,8.158,0.0,0.031,30.84,59.29,0.0
2018-08-13 15:30:00,0.485,1.014,0.723,0.812,1.357,0.703,0.925,0.415,1.033,0.481,0.0,0.0,0.0,0.0,7.95,0.0,0.059,30.9,59.299,0.0
2018-08-13 15:45:00,0.619,1.014,0.729,0.816,1.378,0.835,0.945,0.527,1.053,0.617,0.0,0.0,0.0,0.0,8.533,0.0,0.07,30.617,59.174,0.0
2018-08-13 16:00:00,0.404,1.093,0.807,0.898,1.356,0.625,0.925,0.341,1.031,0.4,0.0,0.0,0.0,0.0,7.88,0.0,0.045,30.116,59.26,0.0
2018-08-13 16:15:00,0.593,1.131,0.837,0.933,1.366,0.808,0.933,0.501,1.039,0.591,0.0,0.0,0.0,0.0,8.733,0.0,0.031,30.126,59.312,0.0
2018-08-13 16:30:00,0.45,1.119,0.825,0.919,1.353,0.672,0.917,0.385,1.025,0.447,0.0,0.0,0.0,0.0,8.112,0.0,0.032,30.113,59.255,0.0
2018-08-13 16:45:00,0.586,1.116,0.825,0.918,1.381,0.808,0.944,0.501,1.05,0.585,0.0,0.0,0.0,0.0,8.714,0.0,0.069,30.125,59.315,0.0
2018-08-13 17:00:00,0.532,1.017,0.728,0.813,1.357,0.752,0.923,0.456,1.031,0.529,0.0,0.0,0.0,0.0,8.138,0.0,0.069,30.141,59.322,0.0
2018-08-13 17:15:00,0.489,1.223,0.922,1.028,1.373,0.708,0.94,0.416,1.045,0.487,0.0,0.0,0.0,0.0,8.631,0.0,0.032,30.151,59.438,0.0
2018-08-13 17:30:00,0.525,1.02,0.731,0.813,1.357,0.747,0.92,0.447,1.027,0.523,0.0,0.0,0.0,0.0,8.109,0.0,0.032,30.15,59.463,0.0
2018-08-13 17:45:00,0.423,1.207,0.913,1.01,1.375,0.633,0.936,0.359,1.04,0.419,0.0,0.0,0.0,0.0,8.315,0.0,0.052,30.172,59.549,0.0
2018-08-13 18:00:00,0.0,1.169,0.881,0.977,1.337,0.01,0.909,0.0,1.008,0.0,0.0,0.0,0.0,0.0,6.291,0.0,0.07,30.166,59.573,0.0
2018-08-13 18:15:00,0.0,0.409,0.159,0.178,1.289,0.01,0.861,0.0,0.961,0.0,0.0,0.0,0.0,0.0,3.867,0.0,0.061,30.185,59.755,0.0
2018-08-13 18:30:00,0.0,0.559,0.297,0.331,1.308,0.01,0.884,0.0,0.977,0.0,0.0,0.0,0.0,0.0,4.366,0.0,0.032,30.203,59.898,0.0
2018-08-13 18:45:00,0.0,0.547,0.286,0.317,1.324,0.01,0.899,0.0,0.99,0.0,0.0,0.0,0.0,0.0,4.373,0.0,0.031,30.219,60.26,0.0
2018-08-13 19:00:00,0.0,0.525,0.267,0.295,1.296,0.01,0.877,0.0,0.964,0.0,0.0,0.0,0.0,0.0,4.234,0.0,0.052,30.207,60.449,0.0
2018-08-13 19:15:00,0.0,0.545,0.285,0.313,1.288,0.01,0.871,0.0,0.957,0.0,0.0,0.0,0.0,0.0,4.269,0.0,0.07,30.199,60.223,0.0
2018-08-13 19:30:00,0.001,0.615,0.351,0.388,1.316,0.01,0.896,0.0,0.977,0.0,0.0,0.0,0.0,0.0,4.553,0.0,0.047,30.205,60.33,0.0
2018-08-13 19:45:00,0.001,0.575,0.315,0.345,1.288,0.01,0.873,0.0,0.952,0.0,0.0,0.0,0.0,0.0,4.358,0.0,0.031,30.222,60.281,0.0
2018-08-13 20:00:00,0.0,0.526,0.269,0.294,1.287,0.01,0.871,0.0,0.953,0.0,0.0,0.0,0.0,0.0,4.209,0.0,0.031,30.233,60.312,0.0
2018-08-13 20:15:00,0.0,0.584,0.324,0.353,1.294,0.01,0.878,0.0,0.957,0.0,0.0,0.0,0.0,0.0,4.4,0.0,0.067,30.237,60.246,0.0
2018-08-13 20:30:00,0.001,0.5,0.245,0.267,1.311,0.01,0.891,0.0,0.971,0.0,0.0,0.0,0.0,0.0,4.195,0.0,0.069,30.228,60.277,0.0
2018-08-13 20:45:00,0.0,0.535,0.278,0.304,1.296,0.01,0.881,0.0,0.958,0.0,0.0,0.0,0.0,0.0,4.262,0.0,0.031,30.238,60.297,0.0
2018-08-13 21:00:00,0.001,0.567,0.307,0.338,1.295,0.01,0.879,0.0,0.961,0.0,0.0,0.0,0.0,0.0,4.358,0.0,0.032,30.235,60.221,0.0
2018-08-13 21:15:00,0.0,0.573,0.313,0.343,1.303,0.01,0.885,0.0,0.969,0.0,0.0,0.0,0.0,0.0,4.397,0.0,0.047,30.211,60.191,0.0
2018-08-13 21:30:00,0.0,0.539,0.278,0.305,1.318,0.01,0.893,0.0,0.979,0.0,0.0,0.0,0.0,0.0,4.321,0.0,0.07,30.217,60.62,0.0
2018-08-13 21:45:00,0.0,0.534,0.275,0.3,1.307,0.01,0.886,0.0,0.967,0.0,0.0,0.0,0.0,0.0,4.278,0.0,0.049,30.228,59.902,0.0
2018-08-13 22:00:00,0.001,0.525,0.27,0.294,1.294,0.01,0.882,0.0,0.964,0.0,0.0,0.0,0.0,0.0,4.239,0.0,0.031,30.222,59.813,0.0
2018-08-13 22:15:00,0.0,0.526,0.268,0.296,1.305,0.01,0.883,0.0,0.97,0.0,0.0,0.0,0.0,0.0,4.258,0.0,0.031,30.219,59.65,0.0
2018-08-13 22:30:00,0.0,0.555,0.296,0.324,1.301,0.01,0.881,0.0,0.967,0.0,0.0,0.0,0.0,0.0,4.333,0.0,0.068,30.223,59.581,0.0
2018-08-13 22:45:00,0.0,0.595,0.333,0.367,1.303,0.01,0.881,0.0,0.968,0.0,0.0,0.0,0.0,0.0,4.458,0.0,0.07,30.23,59.411,0.0
2018-08-13 23:00:00,0.0,0.521,0.261,0.287,1.319,0.01,0.889,0.0,0.979,0.0,0.0,0.0,0.0,0.0,4.266,0.0,0.031,30.237,59.285,0.0
2018-08-13 23:15:00,0.0,0.514,0.249,0.276,1.298,0.01,0.871,0.0,0.96,0.0,0.0,0.0,0.0,0.0,4.179,0.0,0.031,30.229,59.285,0.0
2018-08-13 23:30:00,0.0,0.503,0.24,0.267,1.299,0.01,0.865,0.0,0.958,0.0,0.0,0.0,0.0,0.0,4.143,0.0,0.045,30.219,58.979,0.0
2018-08-13 23:45:00,0.085,0.474,0.264,0.293,1.307,0.286,0.879,0.071,0.97,0.085,0.0,0.0,0.0,0.0,4.715,0.0,0.071,30.238,58.787,0.0
2018-08-14 00:00:00,0.989,0.0,0.0,0.0,1.3,1.198,0.871,0.859,0.963,0.986,0.0,0.0,0.0,0.0,7.165,0.0,0.054,30.236,58.617,0.0
2018-08-14 00:15:00,1.002,0.0,0.0,0.0,1.28,1.205,0.854,0.875,0.944,0.996,0.0,0.0,0.0,0.0,7.156,0.0,0.031,30.244,58.594,0.0
2018-08-14 00:30:00,0.977,0.0,0.0,0.0,1.275,1.177,0.849,0.849,0.94,0.973,0.0,0.0,0.0,0.0,7.041,0.0,0.03,30.257,58.507,0.0
2018-08-14 00:45:00,0.977,0.0,0.0,0.0,1.276,1.179,0.85,0.849,0.941,0.975,0.0,0.0,0.0,0.0,7.048,0.0,0.06,30.244,58.441,0.0
2018-08-14 01:00:00,0.782,0.0,0.0,0.0,1.283,0.99,0.853,0.681,0.945,0.781,0.0,0.0,0.0,0.0,6.314,0.0,0.07,30.264,58.363,0.0
2018-08-14 01:15:00,0.836,0.0,0.0,0.0,1.262,1.034,0.838,0.732,0.928,0.833,0.0,0.0,0.0,0.0,6.463,0.0,0.037,30.29,58.354,0.0
2018-08-14 01:30:00,0.774,0.0,0.0,0.0,1.275,0.981,0.849,0.679,0.94,0.77,0.0,0.0,0.0,0.0,6.269,0.0,0.03,30.268,58.345,0.0
2018-08-14 01:45:00,0.701,0.0,0.0,0.0,1.275,0.914,0.844,0.612,0.935,0.7,0.0,0.0,0.0,0.0,5.981,0.0,0.036,30.268,58.306,0.0
2018-08-14 02:00:00,0.897,0.0,0.0,0.0,1.274,1.108,0.845,0.786,0.937,0.893,0.0,0.0,0.0,0.0,6.741,0.0,0.071,30.267,58.258,0.0
2018-08-14 02:15:00,0.812,0.0,0.0,0.0,1.274,1.021,0.844,0.714,0.933,0.809,0.0,0.0,0.0,0.0,6.407,0.0,0.069,30.252,58.217,0.0
2018-08-14 02:30:00,1.002,0.0,0.0,0.0,1.282,1.208,0.848,0.877,0.941,0.997,0.0,0.0,0.0,0.0,7.155,0.0,0.03,30.252,58.137,0.0
2018-08-14 02:45:00,1.008,0.0,0.0,0.0,1.299,1.213,0.862,0.882,0.954,1.005,0.0,0.0,0.0,0.0,7.223,0.0,0.031,30.265,58.238,0.0
2018-08-14 03:00:00,0.807,0.0,0.0,0.0,1.273,1.016,0.841,0.706,0.935,0.803,0.0,0.0,0.0,0.0,6.381,0.0,0.043,30.275,58.38,0.0
2018-08-14 03:15:00,1.012,0.0,0.0,0.0,1.281,1.214,0.847,0.885,0.941,1.007,0.0,0.0,0.0,0.0,7.187,0.0,0.073,30.271,58.265,0.0
2018-08-14 03:30:00,1.011,0.0,0.0,0.0,1.284,1.217,0.846,0.882,0.942,1.006,0.0,0.0,0.0,0.0,7.188,0.0,0.057,30.259,57.945,0.0
2018-08-14 03:45:00,1.007,0.0,0.0,0.0,1.268,1.207,0.833,0.877,0.928,1.003,0.0,0.0,0.0,0.0,7.122,0.0,0.031,30.267,57.886,0.0
2018-08-14 04:00:00,0.812,0.0,0.0,0.0,1.279,1.02,0.847,0.709,0.941,0.809,0.0,0.0,0.0,0.0,6.418,0.0,0.031,30.275,57.795,0.0
2018-08-14 04:15:00,1.007,0.0,0.0,0.0,1.289,1.213,0.857,0.881,0.949,1.003,0.0,0.0,0.0,0.0,7.199,0.0,0.056,30.277,57.785,0.0
2018-08-14 04:30:00,0.997,0.0,0.0,0.0,1.277,1.198,0.845,0.873,0.939,0.993,0.0,0.0,0.0,0.0,7.123,0.0,0.07,30.297,57.738,0.0
2018-08-14 04:45:00,0.998,0.0,0.0,0.0,1.291,1.201,0.855,0.872,0.949,0.994,0.0,0.0,0.0,0.0,7.161,0.0,0.04,30.286,57.715,0.0
2018-08-14 05:00:00,1.005,0.0,0.0,0.0,1.278,1.207,0.849,0.882,0.938,1.001,0.0,0.0,0.0,0.0,7.161,0.0,0.033,30.299,57.721,0.0
2018-08-14 05:15:00,0.992,0.0,0.0,0.0,1.281,1.191,0.851,0.866,0.942,0.989,0.0,0.0,0.0,0.0,7.112,0.0,0.037,30.298,57.598,0.0
2018-08-14 05:30:00,1.019,0.005,0.0,0.0,1.283,1.221,0.849,0.893,0.945,1.013,0.0,0.0,0.0,0.0,7.229,0.0,0.071,30.3,57.593,0.0
2018-08-14 05:45:00,0.053,0.347,0.101,0.113,1.267,0.287,0.833,0.045,0.929,0.051,0.0,0.0,0.0,0.0,4.028,0.0,0.064,30.259,57.407,0.0
2018-08-14 06:00:00,0.0,0.985,0.697,0.777,0.136,0.237,0.089,0.0,0.1,0.0,0.0,0.0,0.0,0.0,3.021,0.0,0.035,30.282,57.372,2.077
2018-08-14 06:15:00,0.001,1.124,0.84,0.937,0.0,0.237,0.0,0.0,0.0,0.0,0.0,0.0,0.0,0.0,3.139,0.002,0.114,30.328,57.554,3.0
2018-08-14 06:30:00,0.001,1.132,0.851,0.952,0.0,0.24,0.0,0.0,0.0,0.0,0.0,0.0,0.0,0.0,3.176,0.721,0.091,30.362,57.883,3.0
2018-08-14 06:45:00,0.227,1.133,0.854,0.959,0.0,0.451,0.0,0.194,0.0,0.225,0.0,0.0,0.0,0.0,4.044,1.17,0.137,30.366,58.409,3.0
2018-08-14 07:00:00,0.125,1.139,0.86,0.969,0.0,0.354,0.0,0.105,0.0,0.125,0.0,0.0,0.0,0.0,3.677,1.167,0.148,30.378,58.381,3.0
2018-08-14 07:15:00,0.482,1.145,0.861,0.976,0.0,0.695,0.0,0.404,0.0,0.479,0.0,0.0,0.0,0.0,5.042,1.186,0.131,30.401,58.589,3.0
2018-08-14 07:30:00,3.534,1.149,0.853,0.975,0.0,0.731,0.0,0.432,0.0,0.518,0.0,0.0,0.0,0.0,8.191,1.201,0.185,30.348,58.803,3.533
2018-08-14 07:45:00,16.491,1.157,0.871,0.991,0.0,1.154,0.0,0.825,0.0,0.971,0.0,0.0,0.0,0.0,22.459,1.501,0.273,28.94,60.483,81.333
2018-08-14 08:00:00,16.903,1.15,0.876,0.997,0.0,1.203,0.0,0.893,0.0,1.04,0.0,0.0,0.0,0.0,23.062,1.67,0.363,28.071,63.509,105.4
2018-08-14 08:15:00,16.872,1.159,0.87,0.995,0.0,1.217,0.0,0.891,0.0,1.043,0.0,0.0,0.0,0.0,23.048,1.724,0.411,27.626,63.132,109.0
2018-08-14 08:30:00,16.701,1.164,0.876,1.001,0.0,0.97,0.0,0.672,0.0,0.789,0.0,0.0,0.0,0.0,22.173,1.713,0.575,27.416,63.139,113.8
2018-08-14 08:45:00,15.96,1.163,0.875,1.001,0.0,0.227,0.0,0.0,0.0,0.0,0.0,0.0,0.0,0.0,19.225,1.709,0.462,27.355,63.526,112.6
2018-08-14 09:00:00,15.908,1.166,0.877,1.007,0.0,0.227,0.0,0.0,0.0,0.0,0.0,0.0,0.0,0.0,19.186,1.703,0.492,27.183,62.883,113.467
2018-08-14 09:15:00,15.939,1.169,0.881,1.01,0.0,0.237,0.0,0.0,0.0,0.0,0.0,0.0,0.0,0.0,19.235,1.701,0.653,27.299,62.552,108.733
2018-08-14 09:30:00,15.889,1.177,0.887,1.016,0.0,0.237,0.0,0.0,0.0,0.0,0.0,0.0,0.0,0.0,19.205,1.699,0.493,26.908,62.026,100.267
2018-08-14 09:45:00,16.078,1.187,0.899,1.029,0.0,0.235,0.0,0.0,0.0,0.0,0.0,0.0,0.0,0.0,19.429,1.695,0.543,26.866,62.493,100.933
2018-08-14 10:00:00,16.111,1.189,0.897,1.027,0.0,0.236,0.0,0.0,0.0,0.0,0.0,0.0,0.0,0.0,19.461,1.713,0.519,26.819,61.611,103.467
2018-08-14 10:15:00,16.243,1.187,0.891,1.022,0.0,0.24,0.0,0.0,0.0,0.0,0.0,0.0,0.0,0.0,19.583,1.719,0.522,26.708,61.017,105.6
2018-08-14 10:30:00,16.268,1.179,0.887,1.015,0.0,0.237,0.0,0.0,0.0,0.0,0.0,0.0,0.0,0.0,19.586,1.719,0.575,26.658,61.174,107.067
2018-08-14 10:45:00,16.229,1.193,0.901,1.027,0.0,0.237,0.0,0.0,0.0,0.0,0.0,0.0,0.0,0.0,19.587,1.714,0.604,26.639,60.952,112.2
2018-08-14 11:00:00,16.392,1.2,0.911,1.038,0.0,0.237,0.0,0.0,0.0,0.0,0.0,0.0,0.0,0.0,19.778,1.782,0.633,26.625,60.773,117.692
2018-08-14 11:15:00,16.239,1.199,0.905,1.035,0.0,0.24,0.0,0.0,0.0,0.0,0.0,0.0,0.0,0.0,19.618,1.737,0.571,26.615,60.61,108.818
2018-08-14 11:30:00,16.012,1.193,0.897,1.027,0.0,0.237,0.0,0.0,0.0,0.0,0.0,0.0,0.0,0.0,19.367,1.721,0.698,26.579,61.654,106.286
2018-08-14 11:45:00,15.768,0.721,0.451,0.516,0.605,0.238,0.331,0.0,0.387,0.0,0.0,0.0,0.0,0.0,19.016,1.749,0.567,26.663,62.599,104.733
2018-08-14 12:00:00,16.091,0.813,0.534,0.609,1.361,0.56,0.905,0.279,1.041,0.335,0.0,0.0,0.0,0.0,22.527,1.769,0.534,26.747,63.319,105.0
2018-08-14 12:15:00,16.069,1.225,0.915,1.046,1.384,0.615,0.935,0.327,1.069,0.395,0.0,0.0,0.0,0.0,23.98,1.775,0.581,26.558,62.901,109.533
2018-08-14 12:30:00,16.017,1.225,0.912,1.045,1.382,0.607,0.934,0.321,1.067,0.385,0.0,0.0,0.0,0.0,23.896,1.775,0.821,26.536,63.302,112.267
2018-08-14 12:45:00,16.06,1.235,0.923,1.059,1.388,0.565,0.945,0.287,1.075,0.343,0.0,0.0,0.0,0.0,23.881,1.766,0.495,26.385,63.286,109.9
2018-08-14 13:00:00,16.587,1.215,0.915,1.048,1.375,0.587,0.941,0.31,1.073,0.369,0.0,0.0,0.0,0.0,24.418,1.719,0.433,26.355,63.504,103.571
2018-08-14 13:15:00,16.648,1.228,0.934,1.065,1.382,0.603,0.961,0.329,1.086,0.391,0.0,0.0,0.0,0.0,24.627,1.705,0.516,26.308,64.112,108.462
2018-08-14 13:30:00,16.588,1.23,0.935,1.066,1.378,0.619,0.953,0.341,1.081,0.403,0.0,0.0,0.0,0.0,24.594,1.719,0.465,26.293,64.866,109.0
2018-08-14 13:45:00,16.466,1.231,0.935,1.062,1.369,0.602,0.943,0.325,1.067,0.384,0.0,0.0,0.0,0.0,24.384,1.776,0.499,26.315,64.38,107.333
2018-08-14 14:00:00,16.433,1.249,0.953,1.076,1.409,0.555,0.977,0.281,1.103,0.332,0.0,0.0,0.0,0.0,24.369,1.745,0.509,26.308,64.153,103.867
2018-08-14 14:15:00,16.234,0.989,0.707,0.801,1.357,0.6,0.929,0.323,1.053,0.383,0.0,0.0,0.0,0.0,23.376,1.741,0.482,26.31,63.855,101.6
2018-08-14 14:30:00,16.265,1.213,0.923,1.043,1.373,0.539,0.943,0.269,1.066,0.317,0.0,0.0,0.0,0.0,23.952,1.731,0.431,26.31,63.999,101.8
2018-08-14 14:45:00,16.226,1.221,0.929,1.051,1.379,0.515,0.945,0.245,1.071,0.293,0.0,0.0,0.0,0.0,23.873,1.739,0.537,26.309,64.577,103.2
2018-08-14 15:00:00,16.334,1.233,0.941,1.063,1.398,0.615,0.963,0.331,1.086,0.395,0.0,0.0,0.0,0.0,24.358,1.739,0.718,26.505,66.397,109.077
2018-08-14 15:15:00,16.222,1.222,0.931,1.051,1.367,0.536,0.935,0.265,1.057,0.313,0.0,0.0,0.0,0.0,23.899,1.739,0.569,26.331,64.774,103.0
2018-08-14 15:30:00,16.22,1.228,0.938,1.057,1.385,0.535,0.953,0.265,1.074,0.311,0.0,0.0,0.0,0.0,23.965,1.74,0.461,26.318,64.742,103.5
2018-08-14 15:45:00,16.096,1.222,0.931,1.051,1.394,0.555,0.954,0.279,1.076,0.331,0.0,0.0,0.0,0.0,23.889,1.745,0.543,26.338,64.812,110.917
2018-08-14 16:00:00,16.201,1.226,0.935,1.056,1.373,0.54,0.939,0.268,1.063,0.321,0.0,0.0,0.0,0.0,23.921,1.707,0.593,26.266,64.724,101.8
2018-08-14 16:15:00,16.277,1.214,0.929,1.054,1.379,0.708,0.953,0.422,1.079,0.499,0.0,0.0,0.0,0.0,24.515,1.691,0.504,26.371,66.289,105.333
2018-08-14 16:30:00,16.199,1.23,0.936,1.063,1.385,0.8,0.948,0.503,1.076,0.593,0.0,0.0,0.0,0.0,24.732,1.785,0.593,26.396,66.083,107.133
2018-08-14 16:45:00,12.459,1.233,0.943,1.065,1.359,0.855,0.93,0.554,1.055,0.653,0.0,0.0,0.0,0.0,21.107,1.808,0.593,26.285,65.579,107.067
2018-08-14 17:00:00,0.616,1.029,0.743,0.845,1.351,0.815,0.92,0.518,1.048,0.615,0.0,0.0,0.0,0.0,8.5,1.665,0.333,27.156,62.489,80.846
2018-08-14 17:15:00,0.449,1.199,0.901,1.027,1.351,0.655,0.927,0.374,1.051,0.445,0.0,0.0,0.0,0.0,8.379,1.49,0.121,27.809,59.837,14.867
2018-08-14 17:30:00,0.428,1.151,0.859,0.977,1.361,0.639,0.929,0.356,1.055,0.427,0.0,0.0,0.0,0.0,8.183,1.197,0.069,28.263,58.751,3.0
2018-08-14 17:45:00,0.493,1.058,0.767,0.875,1.344,0.687,0.923,0.409,1.045,0.489,0.0,0.0,0.0,0.0,8.091,1.237,0.04,28.373,58.415,31.8
2018-08-14 18:00:00,0.002,1.172,0.882,1.001,1.343,0.01,0.921,0.0,1.045,0.0,0.0,0.0,0.0,0.0,6.376,1.371,0.039,28.499,58.651,22.867
2018-08-14 18:15:00,0.001,0.551,0.293,0.335,1.296,0.01,0.872,0.0,0.992,0.0,0.0,0.0,0.0,0.0,4.35,1.188,0.054,28.615,58.849,3.0
2018-08-14 18:30:00,0.002,0.505,0.249,0.283,1.316,0.01,0.884,0.0,1.004,0.0,0.0,0.0,0.0,0.0,4.253,1.191,0.071,28.751,59.031,3.0
2018-08-14 18:45:00,0.002,0.563,0.302,0.341,1.297,0.01,0.871,0.0,0.981,0.0,0.0,0.0,0.0,0.0,4.368,1.129,0.045,28.825,58.618,3.0
2018-08-14 19:00:00,0.001,0.515,0.254,0.29,1.285,0.01,0.856,0.0,0.964,0.0,0.0,0.0,0.0,0.0,4.175,0.363,0.039,28.862,58.395,3.0
2018-08-14 19:15:00,0.001,0.435,0.181,0.205,1.289,0.01,0.857,0.0,0.966,0.0,0.0,0.0,0.0,0.0,3.944,0.0,0.043,28.888,58.344,3.0
2018-08-14 19:30:00,0.001,0.515,0.255,0.289,1.294,0.01,0.867,0.0,0.972,0.0,0.0,0.0,0.0,0.0,4.204,0.0,0.075,28.933,58.349,0.692
2018-08-14 19:45:00,0.002,0.475,0.217,0.245,1.293,0.01,0.865,0.0,0.97,0.0,0.0,0.0,0.0,0.0,4.078,0.0,0.058,28.974,58.429,0.0
2018-08-14 20:00:00,0.0,0.416,0.162,0.183,1.283,0.01,0.852,0.0,0.956,0.0,0.0,0.0,0.0,0.0,3.861,0.0,0.098,29.172,58.223,0.0
2018-08-14 20:15:00,0.001,0.501,0.24,0.271,1.307,0.01,0.871,0.0,0.969,0.0,0.0,0.0,0.0,0.0,4.17,0.0,0.039,29.387,57.826,0.0
2018-08-14 20:30:00,0.001,0.353,0.102,0.115,1.275,0.01,0.845,0.0,0.942,0.0,0.0,0.0,0.0,0.0,3.643,0.0,0.062,29.667,57.797,0.0
2018-08-14 20:45:00,0.0,0.493,0.235,0.263,1.283,0.01,0.861,0.0,0.958,0.0,0.0,0.0,0.0,0.0,4.105,0.0,0.07,29.143,57.706,0.0
2018-08-14 21:00:00,0.0,0.45,0.197,0.219,1.288,0.01,0.867,0.0,0.963,0.0,0.0,0.0,0.0,0.0,3.994,0.0,0.043,29.171,57.81,0.0
2018-08-14 21:15:00,0.0,0.469,0.212,0.239,1.298,0.01,0.869,0.0,0.965,0.0,0.0,0.0,0.0,0.0,4.063,0.0,0.039,29.213,58.172,0.0
2018-08-14 21:30:00,0.0,0.469,0.211,0.237,1.285,0.01,0.858,0.0,0.951,0.0,0.0,0.0,0.0,0.0,4.022,0.0,0.041,29.242,58.323,0.0
2018-08-14 21:45:00,0.001,0.51,0.249,0.279,1.291,0.01,0.863,0.0,0.958,0.0,0.0,0.0,0.0,0.0,4.161,0.0,0.073,29.25,58.196,0.0
2018-08-14 22:00:00,0.0,0.532,0.27,0.301,1.293,0.01,0.863,0.0,0.958,0.0,0.0,0.0,0.0,0.0,4.227,0.0,0.057,29.265,58.371,0.0
2018-08-14 22:15:00,0.0,0.496,0.239,0.266,1.304,0.01,0.879,0.0,0.975,0.0,0.0,0.0,0.0,0.0,4.168,0.0,0.037,29.292,58.405,0.0
2018-08-14 22:30:00,0.0,0.478,0.223,0.25,1.283,0.01,0.864,0.0,0.961,0.0,0.0,0.0,0.0,0.0,4.069,0.0,0.036,29.311,58.503,0.0
2018-08-14 22:45:00,0.0,0.463,0.208,0.232,1.298,0.01,0.875,0.0,0.969,0.0,0.0,0.0,0.0,0.0,4.055,0.0,0.061,29.32,58.585,0.0
2018-08-14 23:00:00,0.0,0.461,0.207,0.232,1.3,0.01,0.875,0.0,0.97,0.0,0.0,0.0,0.0,0.0,4.055,0.0,0.07,29.342,58.624,0.0
2018-08-14 23:15:00,0.0,0.495,0.237,0.266,1.291,0.01,0.865,0.0,0.965,0.0,0.0,0.0,0.0,0.0,4.129,0.0,0.044,29.361,58.631,0.0
2018-08-14 23:30:00,0.001,0.521,0.261,0.293,1.291,0.01,0.863,0.0,0.963,0.0,0.0,0.0,0.0,0.0,4.205,0.0,0.039,29.371,58.665,0.0
2018-08-14 23:45:00,0.195,0.681,0.465,0.519,1.315,0.387,0.887,0.165,0.984,0.194,0.0,0.0,0.0,0.0,5.791,0.0,0.041,29.381,58.731,0.0
2018-08-15 00:00:00,1.026,0.0,0.0,0.0,1.313,1.23,0.881,0.89,0.976,1.021,0.0,0.0,0.0,0.0,7.338,0.0,0.073,29.41,58.732,0.0
2018-08-15 00:15:00,1.016,0.0,0.0,0.0,1.291,1.217,0.862,0.885,0.957,1.011,0.0,0.0,0.0,0.0,7.24,0.0,0.063,29.431,58.745,0.0
2018-08-15 00:30:00,1.011,0.0,0.0,0.0,1.289,1.205,0.859,0.879,0.957,1.007,0.0,0.0,0.0,0.0,7.207,0.0,0.039,29.439,58.779,0.0
2018-08-15 00:45:00,0.813,0.0,0.0,0.0,1.281,1.009,0.847,0.703,0.948,0.811,0.0,0.0,0.0,0.0,6.411,0.0,0.039,29.455,58.786,0.0
2018-08-15 01:00:00,0.816,0.0,0.0,0.0,1.304,1.025,0.865,0.711,0.965,0.813,0.0,0.0,0.0,0.0,6.499,0.0,0.057,29.478,58.717,0.0
2018-08-15 01:15:00,0.819,0.0,0.0,0.0,1.289,1.025,0.852,0.715,0.953,0.817,0.0,0.0,0.0,0.0,6.47,0.0,0.07,29.498,58.678,0.0
2018-08-15 01:30:00,0.801,0.0,0.0,0.0,1.273,1.002,0.845,0.692,0.943,0.797,0.0,0.0,0.0,0.0,6.353,0.0,0.049,29.501,58.683,0.0
2018-08-15 01:45:00,0.807,0.0,0.0,0.0,1.283,1.007,0.854,0.699,0.954,0.803,0.0,0.0,0.0,0.0,6.407,0.0,0.036,29.526,58.685,0.0
2018-08-15 02:00:00,0.806,0.0,0.0,0.0,1.262,1.003,0.833,0.699,0.935,0.801,0.0,0.0,0.0,0.0,6.341,0.0,0.037,29.534,58.687,0.0
2018-08-15 02:15:00,0.795,0.0,0.0,0.0,1.265,0.996,0.836,0.692,0.937,0.792,0.0,0.0,0.0,0.0,6.313,0.0,0.073,29.535,58.753,0.0
2018-08-15 02:30:00,0.997,0.0,0.0,0.0,1.278,1.187,0.85,0.863,0.952,0.993,0.0,0.0,0.0,0.0,7.121,0.0,0.066,29.536,58.702,0.0
2018-08-15 02:45:00,0.814,0.0,0.0,0.0,1.279,1.013,0.851,0.706,0.955,0.811,0.0,0.0,0.0,0.0,6.429,0.0,0.035,29.521,58.747,0.0
2018-08-15 03:00:00,0.808,0.0,0.0,0.0,1.26,1.002,0.837,0.7,0.938,0.803,0.0,0.0,0.0,0.0,6.348,0.0,0.037,29.541,58.685,0.0
2018-08-15 03:15:00,1.01,0.0,0.0,0.0,1.261,1.203,0.837,0.883,0.941,1.005,0.0,0.0,0.0,0.0,7.141,0.0,0.051,29.541,58.588,0.0
2018-08-15 03:30:00,1.002,0.0,0.0,0.0,1.264,1.195,0.835,0.877,0.94,0.999,0.0,0.0,0.0,0.0,7.111,0.0,0.07,29.566,58.633,0.0
2018-08-15 03:45:00,0.797,0.0,0.0,0.0,1.25,0.991,0.824,0.687,0.928,0.79,0.0,0.0,0.0,0.0,6.266,0.0,0.053,29.595,58.675,0.0
2018-08-15 04:00:00,1.009,0.0,0.0,0.0,1.26,1.191,0.836,0.873,0.937,1.001,0.0,0.0,0.0,0.0,7.107,0.0,0.037,29.597,58.725,0.0
2018-08-15 04:15:00,0.801,0.0,0.0,0.0,1.248,0.992,0.824,0.691,0.929,0.797,0.0,0.0,0.0,0.0,6.282,0.0,0.037,29.577,58.728,0.0
2018-08-15 04:30:00,1.011,0.0,0.0,0.0,1.261,1.2,0.834,0.875,0.939,1.009,0.0,0.0,0.0,0.0,7.129,0.0,0.068,29.595,58.703,0.0
2018-08-15 04:45:00,0.805,0.0,0.0,0.0,1.265,1.001,0.843,0.697,0.945,0.802,0.0,0.0,0.0,0.0,6.359,0.0,0.07,29.584,58.603,0.0
2018-08-15 05:00:00,0.973,0.0,0.0,0.0,1.248,1.155,0.825,0.835,0.928,0.969,0.0,0.0,0.0,0.0,6.933,0.0,0.036,29.585,58.569,0.0
2018-08-15 05:15:00,0.793,0.0,0.0,0.0,1.249,0.986,0.823,0.682,0.928,0.789,0.0,0.0,0.0,0.0,6.249,0.0,0.037,29.595,58.467,0.0
2018-08-15 05:30:00,0.97,0.009,0.0,0.0,1.257,1.162,0.824,0.831,0.931,0.967,0.0,0.0,0.0,0.0,6.951,0.0,0.047,29.61,58.443,0.0
2018-08-15 05:45:00,0.001,0.343,0.097,0.109,1.263,0.235,0.833,0.0,0.938,0.0,0.0,0.0,0.0,0.0,3.82,0.0,0.072,29.646,58.417,0.0
2018-08-15 06:00:00,0.001,0.943,0.652,0.742,0.197,0.237,0.129,0.0,0.146,0.0,0.0,0.0,0.0,0.0,3.047,0.0,0.087,29.641,58.574,1.133
2018-08-15 06:15:00,0.0,1.127,0.835,0.951,0.0,0.237,0.0,0.0,0.0,0.0,0.0,0.0,0.0,0.0,3.15,0.0,0.087,29.658,58.807,3.0
2018-08-15 06:30:00,0.382,1.137,0.848,0.965,0.0,0.601,0.0,0.324,0.0,0.381,0.0,0.0,0.0,0.0,4.639,0.0,0.04,29.681,59.011,3.0
2018-08-15 06:45:00,0.075,1.147,0.855,0.976,0.0,0.308,0.0,0.063,0.0,0.075,0.0,0.0,0.0,0.0,3.498,0.0,0.068,29.692,58.95,3.0
2018-08-15 07:00:00,0.605,1.176,0.889,1.012,0.0,0.813,0.0,0.511,0.0,0.602,0.0,0.0,0.0,0.0,5.607,0.0,0.08,29.698,59.145,3.0
2018-08-15 07:15:00,0.521,1.147,0.857,0.987,0.0,0.735,0.0,0.437,0.0,0.52,0.0,0.0,0.0,0.0,5.204,0.0,0.109,29.692,59.45,3.0
2018-08-15 07:30:00,3.602,1.171,0.881,1.013,0.0,0.755,0.0,0.456,0.0,0.54,0.0,0.0,0.0,0.0,8.417,0.242,0.514,29.617,59.486,69.8
2018-08-15 07:45:00,16.358,1.153,0.877,1.006,0.0,1.118,0.0,0.799,0.0,0.929,0.0,0.0,0.0,0.0,22.24,1.37,0.416,28.373,62.788,102.467
2018-08-15 08:00:00,16.827,1.185,0.903,1.033,0.0,1.29,0.0,0.961,0.0,1.111,0.0,0.0,0.0,0.0,23.31,1.595,0.405,27.328,64.322,104.182
2018-08-15 08:15:00,16.636,1.147,0.866,1.001,0.0,1.025,0.0,0.716,0.0,0.845,0.0,0.0,0.0,0.0,22.236,1.674,0.316,27.427,64.701,103.467
2018-08-15 08:30:00,16.668,1.164,0.873,1.009,0.0,1.083,0.0,0.777,0.0,0.906,0.0,0.0,0.0,0.0,22.48,1.695,0.338,26.995,65.309,104.0
2018-08-15 08:45:00,15.71,1.17,0.877,1.013,0.0,0.226,0.0,0.0,0.0,0.0,0.0,0.0,0.0,0.0,18.997,1.698,0.508,26.831,65.587,104.0
2018-08-15 09:00:00,15.769,1.172,0.882,1.016,0.0,0.227,0.0,0.0,0.0,0.0,0.0,0.0,0.0,0.0,19.066,1.683,0.317,26.612,65.655,104.0
2018-08-15 09:15:00,15.885,1.175,0.88,1.016,0.0,0.235,0.0,0.0,0.0,0.0,0.0,0.0,0.0,0.0,19.191,1.705,0.426,26.517,65.624,105.0
2018-08-15 09:30:00,16.094,1.183,0.888,1.022,0.0,0.237,0.0,0.0,0.0,0.0,0.0,0.0,0.0,0.0,19.425,1.719,0.521,26.433,65.216,106.429
2018-08-15 09:45:00,16.037,1.183,0.882,1.023,0.0,0.237,0.0,0.0,0.0,0.0,0.0,0.0,0.0,0.0,19.363,1.735,0.469,26.499,65.385,107.867
2018-08-15 10:00:00,16.166,1.188,0.891,1.027,0.0,0.237,0.0,0.0,0.0,0.0,0.0,0.0,0.0,0.0,19.51,1.731,0.412,26.695,66.225,103.533
2018-08-15 10:15:00,16.157,1.195,0.897,1.033,0.0,0.24,0.0,0.0,0.0,0.0,0.0,0.0,0.0,0.0,19.522,1.719,0.473,26.687,65.06,101.0
2018-08-15 10:30:00,16.053,1.201,0.902,1.041,0.0,0.237,0.0,0.0,0.0,0.0,0.0,0.0,0.0,0.0,19.434,1.718,0.435,26.429,64.198,104.867
2018-08-15 10:45:00,16.147,1.197,0.899,1.037,0.0,0.237,0.0,0.0,0.0,0.0,0.0,0.0,0.0,0.0,19.517,1.717,0.523,26.338,64.218,104.867
2018-08-15 11:00:00,16.1,1.203,0.904,1.042,0.0,0.24,0.0,0.0,0.0,0.0,0.0,0.0,0.0,0.0,19.489,1.716,0.443,26.463,65.404,106.267
2018-08-15 11:15:00,16.505,1.199,0.902,1.039,0.0,0.58,0.0,0.307,0.0,0.362,0.0,0.0,0.0,0.0,20.895,1.719,0.515,26.613,66.659,113.867
2018-08-15 11:30:00,16.465,1.227,0.924,1.061,0.0,0.456,0.0,0.195,0.0,0.229,0.0,0.0,0.0,0.0,20.557,1.725,0.364,26.631,66.929,118.636
2018-08-15 11:45:00,15.953,1.173,0.871,1.005,0.565,0.237,0.315,0.0,0.361,0.0,0.0,0.0,0.0,0.0,20.48,1.735,0.311,26.475,65.375,113.0
2018-08-15 12:00:00,16.085,0.843,0.568,0.645,1.388,0.475,0.936,0.207,1.068,0.248,0.0,0.0,0.0,0.0,22.463,1.744,0.427,26.325,64.663,112.933
2018-08-15 12:15:00,16.549,1.242,0.942,1.07,1.407,0.823,0.964,0.515,1.095,0.612,0.0,0.0,0.0,0.0,25.22,1.751,0.323,26.361,65.967,110.8
2018-08-15 12:30:00,16.161,1.024,0.743,0.845,1.387,0.538,0.95,0.266,1.079,0.317,0.0,0.0,0.0,0.0,23.31,1.751,0.338,26.327,66.323,108.067
2018-08-15 12:45:00,16.323,1.248,0.945,1.08,1.416,0.618,0.981,0.337,1.107,0.401,0.0,0.0,0.0,0.0,24.456,1.75,0.291,26.191,66.205,108.267
2018-08-15 13:00:00,16.781,1.025,0.745,0.848,1.393,0.7,0.967,0.415,1.09,0.487,0.0,0.0,0.0,0.0,24.451,1.723,0.395,26.459,66.351,106.6
2018-08-15 13:15:00,16.712,0.813,0.546,0.621,1.365,0.819,0.947,0.525,1.068,0.62,0.0,0.0,0.0,0.0,24.036,1.707,0.533,26.462,66.597,106.538
2018-08-15 13:30:00,16.621,0.789,0.513,0.595,1.361,0.657,0.933,0.377,1.057,0.449,0.0,0.0,0.0,0.0,23.353,1.717,0.38,26.22,66.761,106.467
2018-08-15 13:45:00,16.033,1.221,0.923,1.051,1.395,0.445,0.961,0.188,1.083,0.223,0.0,0.0,0.0,0.0,23.522,1.72,0.409,26.327,66.945,97.267
2018-08-15 14:00:00,15.931,1.166,0.877,0.995,1.333,0.44,0.909,0.184,1.031,0.219,0.0,0.0,0.0,0.0,23.083,1.733,0.456,26.017,66.851,96.4
2018-08-15 14:15:00,16.163,1.045,0.76,0.867,1.357,0.59,0.929,0.313,1.049,0.372,0.0,0.0,0.0,0.0,23.446,1.731,0.557,25.977,67.292,99.667
2018-08-15 14:30:00,16.016,1.212,0.913,1.043,1.396,0.397,0.967,0.141,1.089,0.169,0.0,0.0,0.0,0.0,23.343,1.721,0.454,25.935,67.388,108.333
2018-08-15 14:45:00,16.331,1.226,0.927,1.054,1.395,0.633,0.961,0.351,1.082,0.415,0.0,0.0,0.0,0.0,24.375,1.725,0.343,25.967,67.014,107.667
2018-08-15 15:00:00,16.175,1.239,0.938,1.064,1.415,0.461,0.977,0.197,1.101,0.231,0.0,0.0,0.0,0.0,23.798,1.731,0.457,26.335,68.176,109.833
2018-08-15 15:15:00,16.337,1.243,0.943,1.063,1.385,0.633,0.953,0.352,1.071,0.413,0.0,0.0,0.0,0.0,24.393,1.732,0.583,26.327,67.545,113.067
2018-08-15 15:30:00,15.847,1.221,0.921,1.044,1.366,0.403,0.932,0.149,1.054,0.174,0.0,0.0,0.0,0.0,23.111,1.737,0.557,25.951,67.38,122.0
2018-08-15 15:45:00,16.132,1.219,0.917,1.043,1.379,0.604,0.939,0.319,1.063,0.381,0.0,0.0,0.0,0.0,23.999,1.741,0.483,25.868,67.238,106.769
2018-08-15 16:00:00,15.785,1.219,0.916,1.039,1.369,0.567,0.933,0.29,1.052,0.345,0.0,0.0,0.0,0.0,23.514,1.729,0.449,25.84,67.408,101.615
2018-08-15 16:15:00,15.842,1.227,0.931,1.053,1.365,0.691,0.937,0.406,1.056,0.478,0.0,0.0,0.0,0.0,23.987,1.603,0.509,25.927,69.388,100.067
2018-08-15 16:30:00,15.643,1.202,0.905,1.034,1.333,0.94,0.904,0.627,1.028,0.747,0.0,0.0,0.0,0.0,24.364,1.559,0.539,26.006,69.652,103.667
2018-08-15 16:45:00,11.513,1.138,0.837,0.971,1.305,0.573,0.867,0.297,0.997,0.361,0.0,0.0,0.0,0.0,18.86,1.568,0.605,25.736,68.173,112.067
2018-08-15 17:00:00,0.389,0.987,0.688,0.801,1.288,0.599,0.845,0.317,0.978,0.383,0.0,0.0,0.0,0.0,7.275,1.211,0.409,26.556,65.672,111.133
2018-08-15 17:15:00,0.551,0.934,0.648,0.751,1.274,0.753,0.842,0.455,0.971,0.547,0.0,0.0,0.0,0.0,7.727,1.457,0.241,27.516,64.183,50.667
2018-08-15 17:30:00,0.51,0.954,0.667,0.77,1.291,0.716,0.859,0.423,0.986,0.507,0.0,0.0,0.0,0.0,7.683,1.257,0.213,27.888,61.549,33.4
2018-08-15 17:45:00,0.407,0.959,0.667,0.769,1.294,0.606,0.855,0.335,0.983,0.405,0.0,0.0,0.0,0.0,7.28,1.524,0.184,28.255,62.565,48.867
2018-08-15 18:00:00,0.002,1.113,0.818,0.947,1.287,0.01,0.859,0.0,0.979,0.0,0.0,0.0,0.0,0.0,6.015,1.181,0.195,28.165,62.011,3.0
2018-08-15 18:15:00,0.001,0.488,0.234,0.269,1.247,0.01,0.825,0.0,0.943,0.0,0.0,0.0,0.0,0.0,4.017,0.829,0.128,28.253,61.371,3.0
2018-08-15 18:30:00,0.001,0.546,0.284,0.327,1.264,0.01,0.835,0.0,0.951,0.0,0.0,0.0,0.0,0.0,4.218,0.37,0.162,28.333,61.047,3.0
2018-08-15 18:45:00,0.001,0.379,0.127,0.148,1.237,0.01,0.81,0.0,0.923,0.0,0.0,0.0,0.0,0.0,3.634,0.37,0.152,28.403,60.691,3.0
2018-08-15 19:00:00,0.003,0.517,0.256,0.294,1.231,0.01,0.805,0.0,0.917,0.0,0.0,0.0,0.0,0.0,4.033,0.37,0.131,28.468,60.519,3.0
2018-08-15 19:15:00,0.0,0.434,0.179,0.207,1.219,0.01,0.79,0.0,0.902,0.0,0.0,0.0,0.0,0.0,3.741,0.377,0.153,28.507,60.421,3.0
2018-08-15 19:30:00,0.002,0.437,0.182,0.207,1.251,0.01,0.817,0.0,0.927,0.0,0.0,0.0,0.0,0.0,3.833,0.363,0.069,28.555,60.4,2.2
2018-08-15 19:45:00,0.001,0.493,0.234,0.268,1.234,0.01,0.814,0.0,0.921,0.0,0.0,0.0,0.0,0.0,3.974,0.0,0.064,28.583,60.356,0.0
2018-08-15 20:00:00,0.001,0.358,0.109,0.126,1.235,0.01,0.811,0.0,0.919,0.0,0.0,0.0,0.0,0.0,3.569,0.0,0.03,28.578,60.197,0.0
2018-08-15 20:15:00,0.002,0.455,0.201,0.229,1.242,0.01,0.813,0.0,0.92,0.0,0.0,0.0,0.0,0.0,3.872,0.0,0.03,28.624,60.342,0.0
2018-08-15 20:30:00,0.001,0.444,0.189,0.217,1.227,0.01,0.803,0.0,0.907,0.0,0.0,0.0,0.0,0.0,3.797,0.0,0.045,28.681,59.878,0.0
2018-08-15 20:45:00,0.001,0.382,0.13,0.15,1.243,0.01,0.819,0.0,0.925,0.0,0.0,0.0,0.0,0.0,3.659,0.0,0.069,28.711,59.775,0.0
2018-08-15 21:00:00,0.001,0.497,0.235,0.268,1.253,0.01,0.825,0.0,0.927,0.0,0.0,0.0,0.0,0.0,4.015,0.0,0.039,28.727,59.651,0.0
2018-08-15 21:15:00,0.0,0.353,0.103,0.118,1.261,0.01,0.823,0.0,0.929,0.0,0.0,0.0,0.0,0.0,3.598,0.0,0.03,28.739,59.601,0.0
2018-08-15 21:30:00,0.001,0.469,0.209,0.239,1.248,0.01,0.821,0.0,0.923,0.0,0.0,0.0,0.0,0.0,3.919,0.0,0.03,28.775,59.557,0.0
2018-08-15 21:45:00,0.001,0.431,0.176,0.201,1.259,0.01,0.833,0.0,0.939,0.0,0.0,0.0,0.0,0.0,3.851,0.0,0.07,28.795,59.509,0.0
2018-08-15 22:00:00,0.001,0.537,0.275,0.313,1.259,0.01,0.834,0.0,0.939,0.0,0.0,0.0,0.0,0.0,4.168,0.0,0.052,28.812,59.497,0.0
2018-08-15 22:15:00,0.0,0.427,0.173,0.197,1.267,0.01,0.837,0.0,0.941,0.0,0.0,0.0,0.0,0.0,3.853,0.0,0.033,28.829,59.49,0.0
2018-08-15 22:30:00,0.001,0.437,0.179,0.206,1.253,0.01,0.825,0.0,0.931,0.0,0.0,0.0,0.0,0.0,3.842,0.0,0.03,28.85,59.524,0.0
2018-08-15 22:45:00,0.0,0.431,0.175,0.2,1.255,0.01,0.828,0.0,0.932,0.0,0.0,0.0,0.0,0.0,3.831,0.0,0.058,28.871,59.541,0.0
2018-08-15 23:00:00,0.0,0.523,0.261,0.298,1.25,0.01,0.822,0.0,0.927,0.0,0.0,0.0,0.0,0.0,4.092,0.0,0.069,28.873,59.571,0.0
2018-08-15 23:15:00,0.001,0.393,0.141,0.161,1.261,0.01,0.824,0.0,0.931,0.0,0.0,0.0,0.0,0.0,3.722,0.0,0.03,28.882,59.582,0.0
2018-08-15 23:30:00,0.001,0.473,0.213,0.243,1.243,0.01,0.811,0.0,0.916,0.0,0.0,0.0,0.0,0.0,3.911,0.0,0.03,28.878,59.469,0.0
2018-08-15 23:45:00,0.104,0.193,0.008,0.009,1.234,0.303,0.799,0.085,0.909,0.104,0.0,0.0,0.0,0.0,3.749,0.0,0.04,28.918,59.437,0.0
2018-08-16 00:00:00,0.991,0.0,0.0,0.0,1.255,1.187,0.815,0.842,0.924,0.989,0.0,0.0,0.0,0.0,7.003,0.0,0.071,28.93,59.335,0.0
2018-08-16 00:15:00,1.003,0.0,0.0,0.0,1.259,1.191,0.832,0.861,0.935,0.999,0.0,0.0,0.0,0.0,7.082,0.0,0.045,28.927,59.301,0.0
2018-08-16 00:30:00,0.979,0.0,0.0,0.0,1.229,1.161,0.799,0.835,0.907,0.977,0.0,0.0,0.0,0.0,6.887,0.0,0.03,28.966,59.283,0.0
2018-08-16 00:45:00,0.957,0.0,0.0,0.0,1.225,1.136,0.797,0.811,0.905,0.952,0.0,0.0,0.0,0.0,6.782,0.0,0.03,29.001,59.357,0.0
2018-08-16 01:00:00,0.961,0.0,0.0,0.0,1.244,1.139,0.807,0.813,0.917,0.958,0.0,0.0,0.0,0.0,6.839,0.0,0.065,28.991,59.403,0.0
2018-08-16 01:15:00,0.951,0.0,0.0,0.0,1.229,1.129,0.795,0.803,0.905,0.946,0.0,0.0,0.0,0.0,6.759,0.0,0.063,28.989,59.417,0.0
2018-08-16 01:30:00,0.951,0.0,0.0,0.0,1.234,1.129,0.801,0.803,0.91,0.948,0.0,0.0,0.0,0.0,6.776,0.0,0.033,28.981,59.373,0.0
2018-08-16 01:45:00,0.789,0.0,0.0,0.0,1.223,0.975,0.791,0.669,0.899,0.786,0.0,0.0,0.0,0.0,6.133,0.0,0.033,28.998,59.359,0.0
2018-08-16 02:00:00,0.979,0.0,0.0,0.0,1.251,1.169,0.812,0.835,0.921,0.975,0.0,0.0,0.0,0.0,6.942,0.0,0.051,28.99,59.295,0.0
2018-08-16 02:15:00,0.983,0.0,0.0,0.0,1.229,1.17,0.797,0.841,0.903,0.979,0.0,0.0,0.0,0.0,6.902,0.0,0.07,28.971,59.175,0.0
2018-08-16 02:30:00,0.982,0.0,0.0,0.0,1.229,1.17,0.791,0.843,0.9,0.977,0.0,0.0,0.0,0.0,6.892,0.0,0.045,28.978,59.693,0.0
2018-08-16 02:45:00,1.001,0.0,0.0,0.0,1.252,1.188,0.816,0.861,0.922,0.997,0.0,0.0,0.0,0.0,7.037,0.0,0.033,29.06,58.949,0.0
2018-08-16 03:00:00,1.013,0.0,0.0,0.0,1.283,1.199,0.846,0.871,0.954,1.011,0.0,0.0,0.0,0.0,7.177,0.0,0.035,29.153,58.735,0.0
2018-08-16 03:15:00,1.001,0.0,0.0,0.0,1.263,1.185,0.83,0.857,0.937,0.996,0.0,0.0,0.0,0.0,7.069,0.0,0.069,29.227,58.671,0.0
2018-08-16 03:30:00,0.999,0.0,0.0,0.0,1.267,1.18,0.837,0.855,0.944,0.993,0.0,0.0,0.0,0.0,7.075,0.0,0.06,29.38,58.621,0.0
2018-08-16 03:45:00,1.015,0.0,0.0,0.0,1.265,1.199,0.832,0.873,0.941,1.011,0.0,0.0,0.0,0.0,7.136,0.0,0.03,29.42,58.557,0.0
2018-08-16 04:00:00,1.013,0.0,0.0,0.0,1.251,1.197,0.825,0.876,0.928,1.009,0.0,0.0,0.0,0.0,7.1,0.0,0.031,29.593,58.553,0.0
2018-08-16 04:15:00,1.003,0.0,0.0,0.0,1.237,1.183,0.811,0.863,0.919,0.997,0.0,0.0,0.0,0.0,7.012,0.0,0.053,29.627,58.517,0.0
2018-08-16 04:30:00,1.004,0.0,0.0,0.0,1.251,1.187,0.827,0.865,0.933,1.003,0.0,0.0,0.0,0.0,7.069,0.0,0.07,29.76,58.557,0.0
2018-08-16 04:45:00,1.025,0.0,0.0,0.0,1.263,1.209,0.833,0.882,0.941,1.021,0.0,0.0,0.0,0.0,7.173,0.0,0.035,29.7,58.515,0.0
2018-08-16 05:00:00,0.994,0.0,0.0,0.0,1.243,1.18,0.814,0.855,0.92,0.991,0.0,0.0,0.0,0.0,6.997,0.0,0.031,29.654,58.438,0.0
2018-08-16 05:15:00,0.994,0.0,0.0,0.0,1.247,1.184,0.811,0.85,0.919,0.991,0.0,0.0,0.0,0.0,6.997,0.0,0.041,29.247,58.435,0.0
2018-08-16 05:30:00,1.009,0.0,0.0,0.0,1.243,1.205,0.805,0.865,0.914,1.007,0.0,0.0,0.0,0.0,7.047,0.0,0.075,29.792,58.442,0.0
2018-08-16 05:45:00,0.083,0.298,0.055,0.064,1.258,0.319,0.819,0.07,0.931,0.082,0.0,0.0,0.0,0.0,3.979,0.0,0.054,29.773,58.435,0.0
2018-08-16 06:00:00,0.0,0.924,0.637,0.73,0.19,0.237,0.124,0.0,0.141,0.0,0.0,0.0,0.0,0.0,2.984,0.0,0.116,29.461,58.601,2.333
2018-08-16 06:15:00,0.287,1.117,0.825,0.939,0.0,0.509,0.0,0.244,0.0,0.285,0.0,0.0,0.0,0.0,4.205,0.0,0.305,29.153,59.844,2.8
2018-08-16 06:30:00,0.571,1.129,0.841,0.958,0.0,0.778,0.0,0.482,0.0,0.569,0.0,0.0,0.0,0.0,5.327,0.025,0.233,29.166,59.539,4.8
2018-08-16 06:45:00,0.729,1.135,0.851,0.964,0.0,0.934,0.0,0.618,0.0,0.727,0.0,0.0,0.0,0.0,5.958,0.371,0.215,29.145,59.658,87.0
2018-08-16 07:00:00,1.041,1.139,0.855,0.969,0.0,1.231,0.0,0.887,0.0,1.039,0.0,0.0,0.0,0.0,7.162,0.314,0.071,29.225,60.469,100.0
2018-08-16 07:15:00,1.034,1.139,0.851,0.971,0.0,1.219,0.0,0.873,0.0,1.031,0.0,0.0,0.0,0.0,7.119,0.307,0.072,29.292,60.323,100.462
2018-08-16 07:30:00,3.288,1.135,0.843,0.964,0.0,0.642,0.0,0.363,0.0,0.431,0.0,0.0,0.0,0.0,7.667,0.365,0.202,29.327,60.507,102.0
2018-08-16 07:45:00,16.287,1.134,0.853,0.973,0.0,1.23,0.0,0.901,0.0,1.052,0.0,0.0,0.0,0.0,22.429,0.611,0.311,27.953,63.979,103.4
2018-08-16 08:00:00,16.274,1.137,0.855,0.979,0.0,0.997,0.0,0.698,0.0,0.819,0.0,0.0,0.0,0.0,21.76,1.327,0.339,26.969,65.871,106.133
2018-08-16 08:15:00,16.183,1.155,0.861,0.987,0.0,1.016,0.0,0.708,0.0,0.828,0.0,0.0,0.0,0.0,21.738,1.355,0.324,26.567,66.713,108.333
2018-08-16 08:30:00,16.074,1.188,0.895,1.019,0.0,1.035,0.0,0.721,0.0,0.847,0.0,0.0,0.0,0.0,21.779,1.346,0.36,26.353,66.633,107.4
2018-08-16 08:45:00,16.147,1.154,0.863,0.989,0.0,0.999,0.0,0.687,0.0,0.807,0.0,0.0,0.0,0.0,21.645,1.336,0.393,26.322,67.089,107.0
2018-08-16 09:00:00,16.201,1.157,0.866,0.992,0.0,1.015,0.0,0.707,0.0,0.825,0.0,0.0,0.0,0.0,21.762,1.344,0.409,26.367,67.846,106.667
2018-08-16 09:15:00,16.124,1.18,0.887,1.01,0.0,0.854,0.0,0.562,0.0,0.651,0.0,0.0,0.0,0.0,21.269,1.351,0.473,26.189,68.574,107.6
2018-08-16 09:30:00,15.457,1.151,0.861,0.985,0.0,0.23,0.0,0.0,0.0,0.0,0.0,0.0,0.0,0.0,18.683,1.333,0.417,25.952,68.41,104.067
2018-08-16 09:45:00,15.511,1.164,0.87,0.997,0.0,0.231,0.0,0.0,0.0,0.0,0.0,0.0,0.0,0.0,18.774,1.344,0.501,25.865,68.399,98.667
2018-08-16 10:00:00,15.441,1.169,0.874,1.003,0.0,0.236,0.0,0.0,0.0,0.0,0.0,0.0,0.0,0.0,18.723,1.343,0.463,26.261,69.071,102.867
2018-08-16 10:15:00,15.296,1.169,0.871,0.997,0.0,0.24,0.0,0.0,0.0,0.0,0.0,0.0,0.0,0.0,18.573,1.367,0.494,26.314,67.653,102.2
2018-08-16 10:30:00,15.417,1.16,0.861,0.989,0.0,0.237,0.0,0.0,0.0,0.0,0.0,0.0,0.0,0.0,18.664,1.39,0.537,25.941,66.865,102.867
2018-08-16 10:45:00,15.491,1.165,0.867,0.994,0.0,0.237,0.0,0.0,0.0,0.0,0.0,0.0,0.0,0.0,18.753,1.368,0.477,25.854,67.283,103.933
2018-08-16 11:00:00,15.666,1.177,0.881,1.005,0.0,0.237,0.0,0.0,0.0,0.0,0.0,0.0,0.0,0.0,18.967,1.363,0.521,25.914,68.057,103.933
2018-08-16 11:15:00,16.043,1.183,0.885,1.009,0.0,0.505,0.0,0.235,0.0,0.28,0.0,0.0,0.0,0.0,20.141,1.366,0.534,26.265,69.466,108.538
2018-08-16 11:30:00,15.939,1.185,0.883,1.011,0.0,0.444,0.0,0.183,0.0,0.217,0.0,0.0,0.0,0.0,19.863,1.371,0.437,26.422,69.238,111.889
2018-08-16 11:45:00,15.631,1.109,0.81,0.932,0.635,0.238,0.355,0.0,0.41,0.0,0.0,0.0,0.0,0.0,20.121,1.385,0.335,26.155,68.203,106.867
2018-08-16 12:00:00,15.891,1.092,0.799,0.915,1.472,0.44,0.988,0.161,1.129,0.194,0.0,0.0,0.0,0.0,21.729,1.388,0.38,26.128,67.198,104.667
2018-08-16 12:15:00,16.001,1.189,0.893,1.017,1.381,0.551,0.937,0.274,1.064,0.33,0.0,0.0,0.0,0.0,23.638,1.391,0.405,25.869,65.84,106.6
2018-08-16 12:30:00,16.162,0.633,0.366,0.419,1.367,0.571,0.925,0.291,1.052,0.35,0.0,0.0,0.0,0.0,22.135,1.392,0.401,25.847,66.512,112.667
2018-08-16 12:45:00,16.087,0.795,0.515,0.594,1.375,0.551,0.931,0.271,1.058,0.327,0.0,0.0,0.0,0.0,22.503,1.388,0.503,25.824,66.424,116.0
2018-08-16 13:00:00,16.553,0.667,0.403,0.459,1.347,0.569,0.917,0.293,1.04,0.349,0.0,0.0,0.0,0.0,22.596,1.366,0.521,25.783,66.147,108.2
2018-08-16 13:15:00,16.429,0.905,0.623,0.715,1.351,0.529,0.923,0.256,1.047,0.307,0.0,0.0,0.0,0.0,23.083,1.355,0.353,25.777,65.855,107.154
2018-08-16 13:30:00,16.243,1.217,0.914,1.045,1.374,0.393,0.938,0.138,1.064,0.166,0.0,0.0,0.0,0.0,23.491,1.358,0.459,25.692,65.177,104.933
2018-08-16 13:45:00,16.365,0.907,0.629,0.716,1.388,0.527,0.949,0.253,1.075,0.303,0.0,0.0,0.0,0.0,23.112,1.393,0.414,25.69,65.272,101.364
2018-08-16 14:00:00,16.479,1.023,0.737,0.839,1.378,0.513,0.941,0.24,1.067,0.289,0.0,0.0,0.0,0.0,23.507,1.548,0.461,25.646,65.172,105.933
2018-08-16 14:15:00,16.556,0.703,0.44,0.501,1.375,0.599,0.942,0.318,1.064,0.381,0.0,0.0,0.0,0.0,22.879,1.71,0.501,25.697,65.251,109.533
2018-08-16 14:30:00,16.393,0.999,0.708,0.81,1.407,0.455,0.967,0.189,1.089,0.225,0.0,0.0,0.0,0.0,23.242,1.712,0.47,25.738,65.035,109.385
2018-08-16 14:45:00,16.494,0.656,0.389,0.447,1.373,0.605,0.938,0.323,1.059,0.386,0.0,0.0,0.0,0.0,22.669,1.715,0.377,25.831,65.575,104.667
2018-08-16 15:00:00,16.149,0.995,0.705,0.806,1.389,0.475,0.951,0.208,1.073,0.25,0.0,0.0,0.0,0.0,23.001,1.719,0.389,25.969,67.194,103.467
2018-08-16 15:15:00,16.216,1.009,0.713,0.817,1.356,0.643,0.922,0.357,1.045,0.423,0.0,0.0,0.0,0.0,23.501,1.72,0.855,26.38,68.551,104.8
2018-08-16 15:30:00,16.106,1.227,0.923,1.047,1.405,0.466,0.966,0.199,1.085,0.235,0.0,0.0,0.0,0.0,23.658,1.721,0.424,26.465,69.566,103.4
2018-08-16 15:45:00,16.095,1.237,0.936,1.057,1.388,0.494,0.955,0.227,1.071,0.268,0.0,0.0,0.0,0.0,23.727,2.057,0.38,26.084,68.787,103.267
2018-08-16 16:00:00,15.933,1.235,0.934,1.057,1.388,0.376,0.953,0.123,1.068,0.145,0.0,0.0,0.0,0.0,23.213,2.115,0.408,25.686,68.475,108.0
2018-08-16 16:15:00,16.016,1.232,0.929,1.052,1.407,0.381,0.965,0.123,1.082,0.147,0.0,0.0,0.0,0.0,23.333,1.913,0.507,25.619,68.665,108.0
2018-08-16 16:30:00,16.021,0.849,0.568,0.647,1.376,0.553,0.929,0.274,1.053,0.327,0.0,0.0,0.0,0.0,22.597,1.752,0.427,25.534,68.725,108.667
2018-08-16 16:45:00,12.299,1.085,0.784,0.897,1.371,0.372,0.933,0.118,1.055,0.141,0.0,0.0,0.0,0.0,19.057,1.74,0.315,25.601,69.013,107.385
2018-08-16 17:00:00,13.999,1.028,0.739,0.841,1.389,0.601,0.956,0.32,1.077,0.382,0.0,0.0,0.0,0.0,21.333,1.715,0.284,25.826,68.039,95.533
2018-08-16 17:15:00,15.76,1.232,0.937,1.06,1.392,0.401,0.959,0.143,1.077,0.17,0.0,0.0,0.0,0.0,23.132,1.051,0.185,25.473,66.306,9.733
2018-08-16 17:30:00,15.565,1.224,0.927,1.049,1.369,0.237,0.941,0.0,1.057,0.0,0.0,0.0,0.0,0.0,22.371,1.297,0.164,25.277,64.499,59.467
2018-08-16 17:45:00,15.583,1.219,0.925,1.047,1.383,0.225,0.951,0.0,1.066,0.0,0.0,0.0,0.0,0.0,22.399,1.196,0.166,25.306,64.502,37.533
2018-08-16 18:00:00,15.567,1.03,0.747,0.843,1.383,0.01,0.952,0.0,1.06,0.0,0.0,0.0,0.0,0.0,21.591,1.009,0.191,25.6,65.798,3.0
2018-08-16 18:15:00,15.471,0.24,0.0,0.0,0.646,0.01,0.255,0.0,0.287,0.0,0.0,0.0,0.0,0.0,16.909,1.013,0.192,25.553,66.965,3.0
2018-08-16 18:30:00,15.451,0.24,0.0,0.0,0.373,0.01,0.0,0.0,0.0,0.0,0.0,0.0,0.0,0.0,16.073,1.017,0.169,24.971,67.323,3.0
2018-08-16 18:45:00,15.493,0.24,0.0,0.0,0.376,0.01,0.0,0.0,0.0,0.0,0.0,0.0,0.0,0.0,16.119,1.018,0.138,25.237,68.001,3.0
2018-08-16 19:00:00,15.423,0.24,0.0,0.0,1.097,0.01,0.66,0.0,0.744,0.0,0.0,0.0,0.0,0.0,18.174,1.021,0.158,25.015,66.513,3.0
2018-08-16 19:15:00,15.433,0.241,0.0,0.0,0.776,0.01,0.377,0.0,0.421,0.0,0.0,0.0,0.0,0.0,17.258,0.553,0.105,24.752,65.913,3.0
2018-08-16 19:30:00,15.42,0.24,0.0,0.0,0.737,0.01,0.343,0.0,0.384,0.0,0.0,0.0,0.0,0.0,17.134,0.0,0.07,24.769,67.097,1.2
2018-08-16 19:45:00,15.468,0.24,0.0,0.0,0.605,0.01,0.219,0.0,0.245,0.0,0.0,0.0,0.0,0.0,16.786,0.0,0.07,24.689,66.737,0.0
2018-08-16 20:00:00,11.351,0.237,0.0,0.0,0.822,0.01,0.41,0.0,0.461,0.0,0.0,0.0,0.0,0.0,13.291,0.0,0.083,24.768,67.171,0.0
2018-08-16 20:15:00,0.0,0.382,0.129,0.145,1.312,0.01,0.877,0.0,0.975,0.0,0.0,0.0,0.0,0.0,3.83,0.0,0.109,25.603,62.924,0.0
2018-08-16 20:30:00,0.0,0.328,0.081,0.092,1.307,0.01,0.879,0.0,0.976,0.0,0.0,0.0,0.0,0.0,3.673,0.0,0.075,26.316,60.147,0.0
2018-08-16 20:45:00,0.001,0.385,0.137,0.155,1.311,0.01,0.891,0.0,0.987,0.0,0.0,0.0,0.0,0.0,3.875,0.0,0.069,26.664,58.285,0.0
2018-08-16 21:00:00,0.001,0.322,0.076,0.086,1.331,0.01,0.903,0.0,1.005,0.0,0.0,0.0,0.0,0.0,3.735,0.0,0.079,26.925,57.379,0.0
2018-08-16 21:15:00,0.001,0.273,0.031,0.034,1.293,0.01,0.868,0.0,0.967,0.0,0.0,0.0,0.0,0.0,3.477,0.0,0.11,27.376,57.274,0.0
2018-08-16 21:30:00,0.0,0.301,0.057,0.065,1.285,0.01,0.862,0.0,0.963,0.0,0.0,0.0,0.0,0.0,3.543,0.0,0.079,27.247,56.934,0.0
2018-08-16 21:45:00,0.001,0.289,0.045,0.051,1.278,0.01,0.857,0.0,0.954,0.0,0.0,0.0,0.0,0.0,3.483,0.0,0.07,27.354,56.895,0.0
2018-08-16 22:00:00,0.0,0.345,0.097,0.11,1.291,0.01,0.864,0.0,0.965,0.0,0.0,0.0,0.0,0.0,3.681,0.0,0.07,27.455,56.857,0.0
2018-08-16 22:15:00,0.0,0.366,0.117,0.133,1.257,0.01,0.831,0.0,0.933,0.0,0.0,0.0,0.0,0.0,3.646,0.0,0.108,27.555,56.9,0.0
2018-08-16 22:30:00,0.0,0.365,0.115,0.131,1.264,0.01,0.836,0.0,0.939,0.0,0.0,0.0,0.0,0.0,3.66,0.0,0.092,27.624,56.992,0.0
2018-08-16 22:45:00,0.001,0.24,0.0,0.0,1.25,0.01,0.822,0.0,0.925,0.0,0.0,0.0,0.0,0.0,3.248,0.0,0.07,27.69,57.447,0.0
2018-08-16 23:00:00,0.0,0.365,0.115,0.131,1.273,0.01,0.837,0.0,0.942,0.0,0.0,0.0,0.0,0.0,3.673,0.0,0.07,27.733,57.275,0.0
2018-08-16 23:15:00,0.0,0.359,0.109,0.124,1.261,0.01,0.829,0.0,0.933,0.0,0.0,0.0,0.0,0.0,3.625,0.0,0.097,27.754,57.241,0.0
2018-08-16 23:30:00,0.001,0.361,0.111,0.127,1.267,0.01,0.832,0.0,0.937,0.0,0.0,0.0,0.0,0.0,3.645,0.0,0.105,27.798,57.272,0.0
2018-08-16 23:45:00,0.055,0.195,0.0,0.0,1.286,0.249,0.85,0.043,0.955,0.053,0.0,0.0,0.0,0.0,3.685,0.0,0.07,27.843,57.275,0.0
2018-08-17 00:00:00,0.779,0.0,0.0,0.0,1.274,0.983,0.845,0.659,0.945,0.774,0.0,0.0,0.0,0.0,6.259,0.0,0.07,27.885,57.341,0.0
2018-08-17 00:15:00,0.779,0.0,0.0,0.0,1.261,0.983,0.827,0.664,0.932,0.773,0.0,0.0,0.0,0.0,6.219,0.0,0.083,27.927,57.439,0.0
2018-08-17 00:30:00,0.769,0.0,0.0,0.0,1.262,0.978,0.829,0.657,0.931,0.766,0.0,0.0,0.0,0.0,6.192,0.0,0.11,27.961,57.501,0.0
2018-08-17 00:45:00,0.999,0.0,0.0,0.0,1.264,1.205,0.825,0.865,0.93,0.996,0.0,0.0,0.0,0.0,7.085,0.0,0.079,28.054,57.542,0.0
2018-08-17 01:00:00,0.578,0.0,0.0,0.0,1.261,0.791,0.825,0.492,0.93,0.575,0.0,0.0,0.0,0.0,5.451,0.0,0.07,28.287,57.542,0.0
2018-08-17 01:15:00,0.76,0.0,0.0,0.0,1.245,0.965,0.808,0.643,0.915,0.757,0.0,0.0,0.0,0.0,6.093,0.0,0.07,28.64,57.585,0.0
2018-08-17 01:30:00,0.571,0.0,0.0,0.0,1.266,0.787,0.821,0.481,0.928,0.567,0.0,0.0,0.0,0.0,5.421,0.0,0.11,28.113,57.678,0.0
2018-08-17 01:45:00,0.747,0.0,0.0,0.0,1.246,0.957,0.809,0.637,0.916,0.743,0.0,0.0,0.0,0.0,6.054,0.0,0.093,28.119,57.737,0.0
2018-08-17 02:00:00,0.691,0.0,0.0,0.0,1.242,0.901,0.803,0.583,0.909,0.687,0.0,0.0,0.0,0.0,5.816,0.0,0.071,28.139,57.854,0.0
2018-08-17 02:15:00,0.599,0.0,0.0,0.0,1.241,0.812,0.801,0.505,0.908,0.593,0.0,0.0,0.0,0.0,5.459,0.0,0.07,28.169,57.897,0.0
2018-08-17 02:30:00,0.436,0.0,0.0,0.0,1.251,0.66,0.808,0.367,0.913,0.434,0.0,0.0,0.0,0.0,4.869,0.0,0.094,28.185,57.893,0.0
2018-08-17 02:45:00,0.573,0.0,0.0,0.0,1.233,0.789,0.793,0.483,0.899,0.569,0.0,0.0,0.0,0.0,5.339,0.0,0.109,28.209,57.949,0.0
2018-08-17 03:00:00,0.763,0.0,0.0,0.0,1.239,0.972,0.798,0.645,0.906,0.758,0.0,0.0,0.0,0.0,6.081,0.0,0.07,28.245,58.36,0.0
2018-08-17 03:15:00,0.798,0.0,0.0,0.0,1.258,1.009,0.815,0.683,0.923,0.795,0.0,0.0,0.0,0.0,6.281,0.0,0.07,28.266,58.465,0.0
2018-08-17 03:30:00,0.586,0.0,0.0,0.0,1.267,0.807,0.819,0.497,0.928,0.585,0.0,0.0,0.0,0.0,5.489,0.0,0.079,28.259,58.125,0.0
2018-08-17 03:45:00,0.753,0.0,0.0,0.0,1.242,0.965,0.799,0.635,0.909,0.751,0.0,0.0,0.0,0.0,6.055,0.0,0.112,28.289,58.158,0.0
2018-08-17 04:00:00,0.567,0.0,0.0,0.0,1.247,0.783,0.807,0.478,0.915,0.565,0.0,0.0,0.0,0.0,5.361,0.0,0.087,28.322,58.189,0.0
2018-08-17 04:15:00,0.565,0.0,0.0,0.0,1.247,0.783,0.809,0.475,0.919,0.563,0.0,0.0,0.0,0.0,5.363,0.0,0.07,28.319,58.187,0.0
2018-08-17 04:30:00,0.566,0.0,0.0,0.0,1.255,0.787,0.81,0.475,0.921,0.565,0.0,0.0,0.0,0.0,5.378,0.0,0.07,28.349,58.217,0.0
2018-08-17 04:45:00,0.763,0.0,0.0,0.0,1.237,0.975,0.801,0.646,0.909,0.76,0.0,0.0,0.0,0.0,6.091,0.0,0.1,28.363,58.237,0.0
2018-08-17 05:00:00,0.755,0.0,0.0,0.0,1.237,0.965,0.8,0.639,0.909,0.752,0.0,0.0,0.0,0.0,6.057,0.0,0.102,28.393,58.199,0.0
2018-08-17 05:15:00,0.754,0.0,0.0,0.0,1.236,0.963,0.803,0.637,0.911,0.751,0.0,0.0,0.0,0.0,6.054,0.0,0.07,28.398,58.201,0.0
2018-08-17 05:30:00,0.741,0.0,0.0,0.0,1.255,0.953,0.815,0.633,0.923,0.738,0.0,0.0,0.0,0.0,6.058,0.0,0.07,28.423,58.197,0.0
2018-08-17 05:45:00,0.0,0.235,0.0,0.0,1.241,0.237,0.81,0.0,0.917,0.0,0.0,0.0,0.0,0.0,3.441,0.0,0.086,28.427,58.166,0.0
2018-08-17 06:00:00,0.0,0.924,0.638,0.725,0.208,0.237,0.137,0.0,0.155,0.0,0.0,0.0,0.0,0.0,3.023,0.015,0.181,28.448,58.162,3.308
2018-08-17 06:15:00,0.296,1.135,0.844,0.95,0.0,0.521,0.0,0.253,0.0,0.294,0.0,0.0,0.0,0.0,4.293,0.0,0.102,28.462,58.271,3.0
2018-08-17 06:30:00,1.055,1.195,0.908,1.017,0.0,1.241,0.0,0.906,0.0,1.052,0.0,0.0,0.0,0.0,7.375,0.0,0.08,28.506,58.408,3.0
2018-08-17 06:45:00,1.055,1.163,0.879,0.994,0.0,1.264,0.0,0.929,0.0,1.076,0.0,0.0,0.0,0.0,6.606,0.0,0.08,28.52,58.48,3.0
2018-08-17 07:00:00,,,,,,,,,,,,,,,,,,,,
2018-08-17 07:15:00,,,,,,,,,,,,,,,,,,,,
2018-08-17 07:30:00,,,,,,,,,,,,,,,,,,,,
2018-08-17 07:45:00,,,,,,,,,,,,,,,,,,,,
2018-08-17 08:00:00,,,,,,,,,,,,,,,,,,,,
2018-08-17 08:15:00,,,,,,,,,,,,,,,,,,,,
2018-08-17 08:30:00,,,,,,,,,,,,,,,,,,,,
2018-08-17 08:45:00,,,,,,,,,,,,,,,,,,,,
2018-08-17 09:00:00,,,,,,,,,,,,,,,,,,,,
2018-08-17 09:15:00,,,,,,,,,,,,,,,,,,,,
2018-08-17 09:30:00,,,,,,,,,,,,,,,,,,,,
2018-08-17 09:45:00,,,,,,,,,,,,,,,,,,,,
2018-08-17 10:00:00,,,,,,,,,,,,,,,,,,,,
2018-08-17 10:15:00,,,,,,,,,,,,,,,,,,,,
2018-08-17 10:30:00,,,,,,,,,,,,,,,,,,,,
2018-08-17 10:45:00,,,,,,,,,,,,,,,,,,,,
2018-08-17 11:00:00,,,,,,,,,,,,,,,,,,,,
2018-08-17 11:15:00,,,,,,,,,,,,,,,,,,,,
2018-08-17 11:30:00,,,,,,,,,,,,,,,,,,,,
2018-08-17 11:45:00,,,,,,,,,,,,,,,,,,,,
2018-08-17 12:00:00,15.835,1.222,0.923,1.062,1.402,0.24,0.955,0.0,1.09,0.0,0.0,0.0,0.0,0.0,22.73,2.085,0.43,25.472,67.347,109.0
2018-08-17 12:15:00,16.267,1.233,0.935,1.077,1.387,0.705,0.954,0.413,1.081,0.494,0.0,0.0,0.0,0.0,24.547,2.111,0.513,25.422,67.737,109.0
2018-08-17 12:30:00,16.398,0.821,0.549,0.633,1.38,0.824,0.944,0.52,1.076,0.62,0.0,0.0,0.0,0.0,23.766,2.113,0.512,25.455,68.637,109.0
2018-08-17 12:45:00,16.289,1.017,0.729,0.835,1.373,0.733,0.939,0.439,1.068,0.525,0.0,0.0,0.0,0.0,23.947,2.111,0.465,25.464,68.501,109.0
2018-08-17 13:00:00,16.737,1.023,0.741,0.844,1.366,0.677,0.945,0.399,1.067,0.472,0.0,0.0,0.0,0.0,24.27,2.047,0.474,25.388,68.477,107.2
2018-08-17 13:15:00,16.66,0.521,0.271,0.311,1.325,0.789,0.909,0.502,1.031,0.595,0.0,0.0,0.0,0.0,22.915,2.084,0.571,25.463,69.413,107.538
2018-08-17 13:30:00,16.697,0.966,0.684,0.78,1.38,0.966,0.951,0.659,1.076,0.773,0.0,0.0,0.0,0.0,24.933,2.087,0.754,25.533,69.969,107.0
2018-08-17 13:45:00,16.433,0.638,0.379,0.432,1.344,0.893,0.921,0.604,1.044,0.702,0.0,0.0,0.0,0.0,23.389,2.085,0.883,25.563,70.031,107.0
2018-08-17 14:00:00,15.267,1.179,0.881,1.013,1.329,0.227,0.907,0.0,1.032,0.0,0.0,0.0,0.0,0.0,21.836,2.131,0.688,25.396,69.969,107.0
2018-08-17 14:15:00,15.681,1.196,0.899,1.027,1.365,0.231,0.937,0.0,1.061,0.0,0.0,0.0,0.0,0.0,22.397,2.203,0.652,25.322,71.021,107.133
2018-08-17 14:30:00,16.291,0.743,0.479,0.547,1.339,0.885,0.913,0.581,1.032,0.691,0.0,0.0,0.0,0.0,23.499,2.105,0.58,25.288,70.684,107.0
2018-08-17 14:45:00,16.447,0.427,0.181,0.21,1.314,0.834,0.885,0.533,1.011,0.638,0.0,0.0,0.0,0.0,22.479,2.097,0.519,25.197,70.169,107.667
2018-08-17 15:00:00,15.945,1.14,0.845,0.971,1.363,0.355,0.937,0.113,1.058,0.134,0.0,0.0,0.0,0.0,22.862,2.1,0.462,25.147,69.339,107.533
2018-08-17 15:15:00,16.185,0.833,0.563,0.645,1.377,0.678,0.946,0.393,1.067,0.469,0.0,0.0,0.0,0.0,23.155,1.736,0.481,25.193,69.751,107.231
2018-08-17 15:30:00,16.638,0.235,0.0,0.0,1.306,0.997,0.879,0.683,1.001,0.81,0.0,0.0,0.0,0.0,22.549,1.851,0.485,25.196,69.796,107.0
2018-08-17 15:45:00,16.777,0.24,0.0,0.0,1.298,1.204,0.871,0.873,0.994,1.029,0.0,0.0,0.0,0.0,23.286,2.042,0.545,,,
2018-08-17 16:00:00,16.676,0.65,0.383,0.438,1.333,0.895,0.906,0.601,1.029,0.701,0.0,0.0,0.0,0.0,23.613,2.09,0.457,,,
2018-08-17 16:15:00,16.361,1.227,0.929,1.057,1.387,0.755,0.955,0.471,1.076,0.552,0.0,0.0,0.0,0.0,24.769,1.825,0.35,,,
2018-08-17 16:30:00,16.141,1.223,0.921,1.055,1.37,0.679,0.933,0.393,1.059,0.469,0.0,0.0,0.0,0.0,24.244,1.757,0.317,,,
2018-08-17 16:45:00,12.353,1.216,0.918,1.046,1.365,0.481,0.932,0.217,1.054,0.257,0.0,0.0,0.0,0.0,19.839,1.772,0.379,,,
2018-08-17 17:00:00,0.323,1.214,0.918,1.049,1.369,0.54,0.937,0.268,1.063,0.322,0.0,0.0,0.0,0.0,8.003,1.749,0.243,,,
2018-08-17 17:15:00,0.455,1.019,0.735,0.838,1.375,0.67,0.939,0.379,1.06,0.453,0.0,0.0,0.0,0.0,7.75,2.018,0.231,,,
2018-08-17 17:30:00,0.557,1.181,0.882,1.009,1.355,0.764,0.929,0.464,1.049,0.553,0.0,0.0,0.0,0.0,8.743,2.089,0.216,28.278,57.749,102.929
2018-08-17 17:45:00,0.438,1.001,0.712,0.815,1.34,0.644,0.915,0.365,1.033,0.437,0.0,0.0,0.0,0.0,7.7,2.147,0.286,27.792,60.947,101.0
2018-08-17 18:00:00,0.001,1.17,0.87,0.994,1.347,0.01,0.915,0.0,1.037,0.0,0.0,0.0,0.0,0.0,6.343,2.1,0.192,27.773,61.102,101.933
2018-08-17 18:15:00,0.001,0.441,0.187,0.214,1.329,0.01,0.893,0.0,1.019,0.0,0.0,0.0,0.0,0.0,4.095,2.109,0.213,27.809,60.011,102.0
2018-08-17 18:30:00,0.0,0.48,0.221,0.254,1.308,0.01,0.874,0.0,0.995,0.0,0.0,0.0,0.0,0.0,4.142,1.935,0.225,27.884,58.991,101.0
2018-08-17 18:45:00,0.001,0.523,0.258,0.297,1.309,0.01,0.871,0.0,0.991,0.0,0.0,0.0,0.0,0.0,4.259,1.933,0.261,27.962,59.406,101.0
2018-08-17 19:00:00,0.0,0.621,0.347,0.399,1.329,0.01,0.89,0.0,1.007,0.0,0.0,0.0,0.0,0.0,4.605,1.937,0.212,28.48,59.538,101.0
2018-08-17 19:15:00,0.0,0.539,0.274,0.314,1.302,0.01,0.867,0.0,0.982,0.0,0.0,0.0,0.0,0.0,4.287,1.948,0.124,28.159,59.398,101.769
2018-08-17 19:30:00,0.0,0.522,0.256,0.295,1.312,0.01,0.873,0.0,0.989,0.0,0.0,0.0,0.0,0.0,4.257,1.955,0.137,28.229,59.365,102.067
2018-08-17 19:45:00,0.0,0.561,0.293,0.337,1.296,0.01,0.869,0.0,0.983,0.0,0.0,0.0,0.0,0.0,4.349,1.727,0.213,28.288,59.271,58.133
2018-08-17 20:00:00,0.001,0.565,0.3,0.343,1.308,0.01,0.875,0.0,0.989,0.0,0.0,0.0,0.0,0.0,4.391,0.171,0.03,28.292,58.951,0.133
2018-08-17 20:15:00,0.0,0.45,0.191,0.217,1.291,0.01,0.863,0.0,0.971,0.0,0.0,0.0,0.0,0.0,3.993,0.0,0.049,28.268,59.21,0.0
2018-08-17 20:30:00,0.0,0.544,0.28,0.318,1.293,0.01,0.865,0.0,0.967,0.0,0.0,0.0,0.0,0.0,4.277,0.0,0.07,28.246,59.373,0.0
2018-08-17 20:45:00,0.0,0.481,0.221,0.25,1.291,0.01,0.86,0.0,0.965,0.0,0.0,0.0,0.0,0.0,4.078,0.0,0.069,28.225,59.463,0.0
2018-08-17 21:00:00,0.0,0.523,0.259,0.294,1.303,0.01,0.863,0.0,0.971,0.0,0.0,0.0,0.0,0.0,4.223,0.0,0.07,28.223,59.507,0.0
2018-08-17 21:15:00,0.0,0.381,0.13,0.147,1.287,0.01,0.853,0.0,0.959,0.0,0.0,0.0,0.0,0.0,3.767,0.0,0.07,28.235,59.603,0.0
2018-08-17 21:30:00,0.001,0.482,0.223,0.251,1.28,0.01,0.851,0.0,0.952,0.0,0.0,0.0,0.0,0.0,4.049,0.0,0.07,28.234,59.705,0.0
2018-08-17 21:45:00,0.001,0.539,0.275,0.309,1.299,0.01,0.867,0.0,0.969,0.0,0.0,0.0,0.0,0.0,4.27,0.0,0.07,28.237,59.763,0.0
2018-08-17 22:00:00,0.0,0.526,0.263,0.296,1.284,0.01,0.857,0.0,0.956,0.0,0.0,0.0,0.0,0.0,4.192,0.0,0.069,28.252,59.823,0.0
2018-08-17 22:15:00,0.0,0.418,0.165,0.185,1.28,0.01,0.852,0.0,0.953,0.0,0.0,0.0,0.0,0.0,3.863,0.0,0.069,28.261,59.909,0.0
2018-08-17 22:30:00,0.0,0.486,0.228,0.257,1.286,0.01,0.858,0.0,0.959,0.0,0.0,0.0,0.0,0.0,4.085,0.0,0.069,28.274,59.94,0.0
2018-08-17 22:45:00,0.001,0.525,0.263,0.296,1.296,0.01,0.86,0.0,0.966,0.0,0.0,0.0,0.0,0.0,4.217,0.0,0.07,28.282,60.181,0.0
2018-08-17 23:00:00,0.0,0.403,0.149,0.169,1.277,0.01,0.843,0.0,0.949,0.0,0.0,0.0,0.0,0.0,3.799,0.0,0.069,28.291,60.753,0.0
2018-08-17 23:15:00,0.0,0.49,0.231,0.26,1.272,0.01,0.843,0.0,0.947,0.0,0.0,0.0,0.0,0.0,4.053,0.0,0.068,28.295,60.221,0.0
2018-08-17 23:30:00,0.0,0.489,0.229,0.26,1.278,0.01,0.849,0.0,0.952,0.0,0.0,0.0,0.0,0.0,4.067,0.0,0.069,28.303,60.164,0.0
2018-08-17 23:45:00,0.001,0.34,0.135,0.153,1.281,0.201,0.845,0.0,0.953,0.0,0.0,0.0,0.0,0.0,3.908,0.0,0.069,28.326,60.177,0.0
2018-08-18 00:00:00,0.923,0.0,0.0,0.0,1.287,1.129,0.854,0.797,0.957,0.919,0.0,0.0,0.0,0.0,6.867,0.0,0.067,28.32,60.23,0.0
2018-08-18 00:15:00,1.013,0.0,0.0,0.0,1.283,1.218,0.85,0.886,0.953,1.01,0.0,0.0,0.0,0.0,7.212,0.0,0.066,28.345,60.195,0.0
2018-08-18 00:30:00,0.821,0.0,0.0,0.0,1.283,1.031,0.847,0.711,0.953,0.818,0.0,0.0,0.0,0.0,6.464,0.0,0.067,28.351,60.247,0.0
2018-08-18 00:45:00,1.025,0.0,0.0,0.0,1.286,1.229,0.846,0.884,0.953,1.023,0.0,0.0,0.0,0.0,7.247,0.0,0.068,28.389,60.256,0.0
2018-08-18 01:00:00,0.811,0.0,0.0,0.0,1.286,1.015,0.851,0.7,0.956,0.81,0.0,0.0,0.0,0.0,6.429,0.0,0.053,28.39,60.339,0.0
2018-08-18 01:15:00,0.809,0.0,0.0,0.0,1.271,1.016,0.831,0.699,0.941,0.807,0.0,0.0,0.0,0.0,6.373,0.0,0.03,28.398,60.342,0.0
2018-08-18 01:30:00,0.801,0.0,0.0,0.0,1.261,1.009,0.821,0.689,0.929,0.796,0.0,0.0,0.0,0.0,6.307,0.0,0.03,28.416,60.347,0.0
2018-08-18 01:45:00,0.822,0.0,0.0,0.0,1.292,1.037,0.85,0.707,0.957,0.819,0.0,0.0,0.0,0.0,6.483,0.0,0.03,28.426,60.393,0.0
2018-08-18 02:00:00,0.799,0.0,0.0,0.0,1.274,1.008,0.831,0.684,0.939,0.795,0.0,0.0,0.0,0.0,6.33,0.0,0.069,28.417,60.455,0.0
2018-08-18 02:15:00,0.775,0.0,0.0,0.0,1.267,0.987,0.824,0.661,0.931,0.773,0.0,0.0,0.0,0.0,6.218,0.0,0.073,28.432,60.402,0.0
2018-08-18 02:30:00,0.681,0.0,0.0,0.0,1.263,0.897,0.818,0.586,0.926,0.679,0.0,0.0,0.0,0.0,5.851,0.0,0.068,28.448,60.447,0.0
2018-08-18 02:45:00,0.871,0.0,0.0,0.0,1.273,1.087,0.823,0.741,0.931,0.868,0.0,0.0,0.0,0.0,6.595,0.0,0.068,28.45,60.49,0.0
2018-08-18 03:00:00,0.946,0.0,0.0,0.0,1.253,1.155,0.808,0.807,0.917,0.944,0.0,0.0,0.0,0.0,6.829,0.0,0.069,28.461,60.517,0.0
2018-08-18 03:15:00,0.697,0.0,0.0,0.0,1.265,0.912,0.821,0.593,0.929,0.692,0.0,0.0,0.0,0.0,5.91,0.0,0.063,28.477,60.511,0.0
2018-08-18 03:30:00,0.709,0.0,0.0,0.0,1.265,0.926,0.819,0.604,0.929,0.708,0.0,0.0,0.0,0.0,5.96,0.0,0.03,28.496,60.549,0.0
2018-08-18 03:45:00,0.783,0.0,0.0,0.0,1.274,0.999,0.827,0.667,0.935,0.779,0.0,0.0,0.0,0.0,6.263,0.0,0.03,28.484,60.561,0.0
2018-08-18 04:00:00,0.997,0.0,0.0,0.0,1.261,1.198,0.829,0.861,0.935,0.99,0.0,0.0,0.0,0.0,7.071,0.0,0.03,28.48,60.579,0.0
2018-08-18 04:15:00,0.805,0.0,0.0,0.0,1.274,1.013,0.841,0.699,0.947,0.803,0.0,0.0,0.0,0.0,6.381,0.0,0.063,28.503,60.532,0.0
2018-08-18 04:30:00,0.801,0.0,0.0,0.0,1.28,1.011,0.845,0.689,0.951,0.801,0.0,0.0,0.0,0.0,6.378,0.0,0.069,28.519,60.479,0.0
2018-08-18 04:45:00,1.013,0.0,0.0,0.0,1.29,1.215,0.852,0.875,0.956,1.009,0.0,0.0,0.0,0.0,7.209,0.0,0.067,28.526,60.512,0.0
2018-08-18 05:00:00,0.787,0.0,0.0,0.0,1.279,0.994,0.847,0.679,0.951,0.785,0.0,0.0,0.0,0.0,6.321,0.0,0.067,28.538,60.457,0.0
2018-08-18 05:15:00,0.792,0.0,0.0,0.0,1.265,0.999,0.834,0.681,0.935,0.791,0.0,0.0,0.0,0.0,6.297,0.0,0.069,28.549,60.473,0.0
2018-08-18 05:30:00,0.791,0.001,0.0,0.0,1.251,0.999,0.819,0.681,0.924,0.788,0.0,0.0,0.0,0.0,6.254,0.0,0.067,28.554,60.522,0.0
2018-08-18 05:45:00,0.013,0.417,0.165,0.187,1.282,0.252,0.852,0.011,0.953,0.013,0.0,0.0,0.0,0.0,4.144,0.0,0.066,28.562,60.538,0.0
2018-08-18 06:00:00,0.149,0.949,0.663,0.749,0.179,0.379,0.119,0.127,0.133,0.149,0.0,0.0,0.0,0.0,3.596,0.0,0.069,28.562,60.595,0.0
2018-08-18 06:15:00,0.637,1.141,0.853,0.958,0.0,0.848,0.0,0.547,0.0,0.634,0.0,0.0,0.0,0.0,5.618,0.0,0.069,28.567,60.604,0.0
2018-08-18 06:30:00,0.937,1.165,0.879,0.983,0.0,1.133,0.0,0.807,0.0,0.931,0.0,0.0,0.0,0.0,6.836,0.0,0.067,28.585,60.625,0.0
2018-08-18 06:45:00,0.289,1.135,0.851,0.963,0.0,0.507,0.0,0.248,0.0,0.288,0.0,0.0,0.0,0.0,4.281,0.0,0.07,28.607,60.679,0.0
2018-08-18 07:00:00,1.027,1.16,0.871,0.982,0.0,1.22,0.0,0.889,0.0,1.023,0.0,0.0,0.0,0.0,7.171,0.0,0.04,28.62,60.767,0.0
2018-08-18 07:15:00,1.02,1.148,0.863,0.977,0.0,1.204,0.0,0.881,0.0,1.017,0.0,0.0,0.0,0.0,7.111,0.0,0.03,28.631,60.825,0.0
2018-08-18 07:30:00,1.042,1.15,0.865,0.984,0.0,1.222,0.0,0.899,0.0,1.039,0.0,0.0,0.0,0.0,7.201,0.0,0.03,28.656,60.765,0.0
2018-08-18 07:45:00,1.049,1.151,0.861,0.983,0.0,1.223,0.0,0.901,0.0,1.045,0.0,0.0,0.0,0.0,7.215,0.0,0.038,28.65,60.839,0.0
2018-08-18 08:00:00,1.054,1.161,0.877,1.004,0.0,1.223,0.0,0.904,0.0,1.049,0.0,0.0,0.0,0.0,7.271,0.0,0.07,28.64,60.883,0.0
2018-08-18 08:15:00,1.044,1.157,0.872,1.001,0.0,1.218,0.0,0.886,0.0,1.041,0.0,0.0,0.0,0.0,7.219,0.0,0.07,28.642,60.886,0.0
2018-08-18 08:30:00,1.01,1.199,0.917,1.045,0.0,1.177,0.0,0.851,0.0,1.007,0.0,0.0,0.0,0.0,7.207,0.0,0.07,28.67,60.883,0.0
2018-08-18 08:45:00,1.053,1.173,0.896,1.02,0.0,1.221,0.0,0.899,0.0,1.05,0.0,0.0,0.0,0.0,7.313,0.0,0.07,28.712,60.894,0.0
2018-08-18 09:00:00,0.848,1.163,0.881,1.01,0.0,1.029,0.0,0.722,0.0,0.845,0.0,0.0,0.0,0.0,6.499,0.0,0.069,28.719,61.188,0.0
2018-08-18 09:15:00,1.085,1.19,0.906,1.035,0.0,1.254,0.0,0.921,0.0,1.081,0.0,0.0,0.0,0.0,7.471,0.0,0.069,28.734,61.348,0.0
2018-08-18 09:30:00,1.063,1.195,0.909,1.045,0.0,1.224,0.0,0.895,0.0,1.059,0.0,0.0,0.0,0.0,7.389,0.0,0.07,28.744,61.165,0.0
2018-08-18 09:45:00,1.058,1.178,0.893,1.03,0.0,1.219,0.0,0.889,0.0,1.055,0.0,0.0,0.0,0.0,7.323,0.0,0.069,28.76,61.258,0.0
2018-08-18 10:00:00,0.861,1.195,0.911,1.046,0.0,1.038,0.0,0.728,0.0,0.859,0.0,0.0,0.0,0.0,6.638,0.0,0.069,28.766,61.403,0.0
2018-08-18 10:15:00,1.075,1.189,0.907,1.04,0.0,1.245,0.0,0.909,0.0,1.069,0.0,0.0,0.0,0.0,7.435,0.0,0.141,28.773,61.681,2.267
2018-08-18 10:30:00,0.859,1.203,0.922,1.061,0.0,1.032,0.0,0.727,0.0,0.855,0.0,0.0,0.0,0.0,6.659,0.47,0.141,28.793,62.667,42.0
2018-08-18 10:45:00,1.089,1.192,0.907,1.043,0.0,1.249,0.0,0.922,0.0,1.085,0.0,0.0,0.0,0.0,7.488,1.015,0.14,28.863,64.955,104.533
2018-08-18 11:00:00,1.02,1.2,0.909,1.045,0.0,1.191,0.0,0.861,0.0,1.016,0.0,0.0,0.0,0.0,7.243,0.74,0.157,28.944,64.909,101.067
2018-08-18 11:15:00,0.918,1.213,0.922,1.055,0.0,1.103,0.0,0.783,0.0,0.915,0.0,0.0,0.0,0.0,6.909,0.74,0.221,29.168,64.103,100.0
2018-08-18 11:30:00,1.073,1.215,0.919,1.055,0.0,1.249,0.0,0.915,0.0,1.069,0.0,0.0,0.0,0.0,7.496,0.74,0.221,29.309,63.608,100.0
2018-08-18 11:45:00,0.539,1.152,0.862,0.989,0.599,0.743,0.337,0.459,0.388,0.535,0.0,0.0,0.0,0.0,6.602,0.74,0.22,29.211,63.05,100.0
2018-08-18 12:00:00,0.182,1.067,0.775,0.887,1.371,0.41,0.925,0.154,1.055,0.181,0.0,0.0,0.0,0.0,7.007,0.75,0.193,29.252,62.607,100.0
2018-08-18 12:15:00,0.353,1.222,0.917,1.049,1.387,0.576,0.943,0.297,1.072,0.352,0.0,0.0,0.0,0.0,8.169,0.75,0.171,29.277,62.254,100.0
2018-08-18 12:30:00,0.348,1.214,0.913,1.041,1.368,0.567,0.933,0.289,1.056,0.346,0.0,0.0,0.0,0.0,8.076,0.75,0.151,29.315,62.112,100.0
2018-08-18 12:45:00,0.442,1.213,0.915,1.045,1.367,0.657,0.933,0.369,1.06,0.439,0.0,0.0,0.0,0.0,8.439,0.75,0.149,29.35,61.709,100.0
2018-08-18 13:00:00,0.395,1.215,0.916,1.048,1.393,0.612,0.957,0.327,1.086,0.392,0.0,0.0,0.0,0.0,8.342,0.745,0.152,29.383,61.561,100.0
2018-08-18 13:15:00,0.513,1.225,0.925,1.057,1.371,0.724,0.942,0.428,1.069,0.509,0.0,0.0,0.0,0.0,8.764,0.74,0.197,29.432,61.544,100.0
2018-08-18 13:30:00,0.441,1.211,0.913,1.045,1.361,0.653,0.932,0.365,1.059,0.437,0.0,0.0,0.0,0.0,8.417,0.74,0.195,29.463,61.361,99.467
2018-08-18 13:45:00,0.404,1.216,0.915,1.049,1.368,0.617,0.938,0.334,1.064,0.401,0.0,0.0,0.0,0.0,8.307,0.74,0.191,29.487,61.271,99.6
2018-08-18 14:00:00,0.482,1.229,0.929,1.063,1.397,0.695,0.961,0.404,1.091,0.48,0.0,0.0,0.0,0.0,8.73,0.74,0.168,29.507,61.077,99.0
2018-08-18 14:15:00,0.528,1.224,0.922,1.055,1.379,0.737,0.947,0.441,1.075,0.524,0.0,0.0,0.0,0.0,8.833,0.74,0.158,29.536,61.224,99.267
2018-08-18 14:30:00,0.449,1.218,0.917,1.049,1.37,0.663,0.94,0.373,1.067,0.448,0.0,0.0,0.0,0.0,8.493,0.74,0.16,29.571,61.18,99.6
2018-08-18 14:45:00,0.447,1.225,0.925,1.056,1.387,0.662,0.955,0.375,1.079,0.444,0.0,0.0,0.0,0.0,8.556,0.74,0.17,29.614,61.209,99.0
2018-08-18 15:00:00,0.55,1.216,0.915,1.046,1.379,0.763,0.945,0.465,1.071,0.549,0.0,0.0,0.0,0.0,8.898,0.74,0.19,29.643,61.404,99.467
2018-08-18 15:15:00,0.456,1.231,0.926,1.058,1.382,0.673,0.948,0.381,1.075,0.455,0.0,0.0,0.0,0.0,8.584,0.74,0.187,29.663,61.169,100.0
2018-08-18 15:30:00,0.419,1.207,0.902,1.038,1.365,0.634,0.931,0.347,1.061,0.417,0.0,0.0,0.0,0.0,8.321,0.741,0.195,29.682,61.33,100.0
2018-08-18 15:45:00,0.521,1.207,0.905,1.038,1.355,0.732,0.922,0.433,1.05,0.517,0.0,0.0,0.0,0.0,8.68,0.741,0.213,29.699,61.251,99.067
2018-08-18 16:00:00,0.437,1.203,0.902,1.037,1.373,0.656,0.935,0.366,1.063,0.435,0.0,0.0,0.0,0.0,8.408,0.557,0.107,29.704,61.229,74.333
2018-08-18 16:15:00,0.557,1.024,0.73,0.831,1.351,0.769,0.912,0.463,1.04,0.553,0.0,0.0,0.0,0.0,8.23,0.0,0.069,29.667,61.267,0.6
2018-08-18 16:30:00,0.455,1.201,0.893,1.02,1.353,0.675,0.91,0.377,1.039,0.454,0.0,0.0,0.0,0.0,8.377,0.0,0.071,29.629,61.503,0.0
2018-08-18 16:45:00,0.403,1.143,0.844,0.961,1.365,0.627,0.915,0.336,1.043,0.399,0.0,0.0,0.0,0.0,8.035,0.0,0.068,29.57,61.675,0.0
2018-08-18 17:00:00,0.518,0.837,0.552,0.635,1.289,0.735,0.845,0.425,0.971,0.516,0.0,0.0,0.0,0.0,7.323,0.0,0.07,29.522,61.832,0.0
2018-08-18 17:15:00,0.414,1.091,0.785,0.909,1.269,0.631,0.831,0.336,0.953,0.41,0.0,0.0,0.0,0.0,7.629,0.0,0.069,29.489,61.949,0.0
2018-08-18 17:30:00,0.453,0.945,0.659,0.757,1.267,0.667,0.837,0.374,0.957,0.45,0.0,0.0,0.0,0.0,7.366,0.0,0.068,29.445,62.229,0.0
2018-08-18 17:45:00,0.485,0.952,0.664,0.757,1.296,0.691,0.858,0.403,0.977,0.481,0.0,0.0,0.0,0.0,7.564,0.0,0.069,29.394,62.226,0.0
2018-08-18 18:00:00,0.001,1.098,0.801,0.915,1.295,0.01,0.861,0.0,0.978,0.0,0.0,0.0,0.0,0.0,5.959,0.0,0.069,29.364,61.997,0.0
2018-08-18 18:15:00,0.002,0.396,0.145,0.165,1.257,0.01,0.822,0.0,0.939,0.0,0.0,0.0,0.0,0.0,3.735,0.0,0.067,29.36,62.46,0.0
2018-08-18 18:30:00,0.0,0.511,0.247,0.283,1.254,0.01,0.819,0.0,0.934,0.0,0.0,0.0,0.0,0.0,4.057,0.0,0.067,29.353,62.128,0.0
2018-08-18 18:45:00,0.001,0.428,0.172,0.197,1.27,0.01,0.831,0.0,0.944,0.0,0.0,0.0,0.0,0.0,3.852,0.0,0.067,29.36,62.4,0.0
2018-08-18 19:00:00,0.0,0.618,0.347,0.395,1.261,0.01,0.828,0.0,0.939,0.0,0.0,0.0,0.0,0.0,4.399,0.0,0.069,29.359,62.622,0.0
2018-08-18 19:15:00,0.0,0.487,0.226,0.259,1.262,0.01,0.827,0.0,0.938,0.0,0.0,0.0,0.0,0.0,4.008,0.0,0.068,29.347,62.547,0.0
2018-08-18 19:30:00,0.001,0.47,0.211,0.239,1.259,0.01,0.827,0.0,0.937,0.0,0.0,0.0,0.0,0.0,3.954,0.0,0.067,29.32,62.529,0.0
2018-08-18 19:45:00,0.0,0.529,0.266,0.302,1.275,0.01,0.839,0.0,0.948,0.0,0.0,0.0,0.0,0.0,4.17,0.0,0.067,29.307,62.38,0.0
2018-08-18 20:00:00,0.0,0.554,0.287,0.326,1.269,0.01,0.835,0.0,0.94,0.0,0.0,0.0,0.0,0.0,4.221,0.0,0.068,29.319,62.103,0.0
2018-08-18 20:15:00,0.001,0.499,0.237,0.271,1.243,0.01,0.811,0.0,0.915,0.0,0.0,0.0,0.0,0.0,3.986,0.0,0.067,29.311,61.954,0.0
2018-08-18 20:30:00,0.0,0.507,0.245,0.276,1.255,0.01,0.821,0.0,0.925,0.0,0.0,0.0,0.0,0.0,4.039,0.0,0.066,29.315,61.935,0.0
2018-08-18 20:45:00,0.001,0.399,0.145,0.164,1.265,0.01,0.83,0.0,0.931,0.0,0.0,0.0,0.0,0.0,3.746,0.0,0.068,29.315,61.966,0.0
2018-08-18 21:00:00,0.0,0.523,0.261,0.293,1.252,0.01,0.826,0.0,0.922,0.0,0.0,0.0,0.0,0.0,4.087,0.0,0.067,29.313,61.969,0.0
2018-08-18 21:15:00,0.0,0.525,0.26,0.293,1.262,0.01,0.833,0.0,0.931,0.0,0.0,0.0,0.0,0.0,4.113,0.0,0.067,29.329,61.991,0.0
2018-08-18 21:30:00,0.0,0.553,0.285,0.321,1.264,0.01,0.831,0.0,0.927,0.0,0.0,0.0,0.0,0.0,4.191,0.0,0.067,29.335,61.982,0.0
2018-08-18 21:45:00,0.001,0.397,0.144,0.162,1.263,0.01,0.826,0.0,0.922,0.0,0.0,0.0,0.0,0.0,3.725,0.0,0.068,29.332,62.191,0.0
2018-08-18 22:00:00,0.0,0.583,0.313,0.351,1.266,0.01,0.833,0.0,0.927,0.0,0.0,0.0,0.0,0.0,4.281,0.0,0.067,29.34,62.215,0.0
2018-08-18 22:15:00,0.0,0.552,0.281,0.317,1.261,0.01,0.825,0.0,0.923,0.0,0.0,0.0,0.0,0.0,4.169,0.0,0.068,29.362,62.323,0.0
2018-08-18 22:30:00,0.0,0.483,0.225,0.253,1.264,0.01,0.836,0.0,0.933,0.0,0.0,0.0,0.0,0.0,4.003,0.0,0.07,29.36,62.141,0.0
2018-08-18 22:45:00,0.0,0.461,0.204,0.23,1.251,0.01,0.827,0.0,0.923,0.0,0.0,0.0,0.0,0.0,3.905,0.0,0.065,29.363,62.205,0.0
2018-08-18 23:00:00,0.0,0.597,0.33,0.37,1.255,0.01,0.835,0.0,0.929,0.0,0.0,0.0,0.0,0.0,4.325,0.0,0.057,29.361,62.208,0.0
2018-08-18 23:15:00,0.0,0.494,0.236,0.264,1.254,0.01,0.831,0.0,0.925,0.0,0.0,0.0,0.0,0.0,4.014,0.0,0.03,29.381,62.311,0.0
2018-08-18 23:30:00,0.001,0.493,0.233,0.262,1.269,0.01,0.84,0.0,0.936,0.0,0.0,0.0,0.0,0.0,4.044,0.0,0.03,29.382,62.329,0.0
2018-08-18 23:45:00,0.185,0.489,0.281,0.315,1.266,0.382,0.839,0.153,0.935,0.184,0.0,0.0,0.0,0.0,5.029,0.0,0.03,29.377,62.372,0.0
2018-08-19 00:00:00,0.979,0.0,0.0,0.0,1.274,1.19,0.847,0.839,0.942,0.977,0.0,0.0,0.0,0.0,7.047,0.0,0.053,29.373,62.392,0.0
2018-08-19 00:15:00,0.933,0.0,0.0,0.0,1.287,1.145,0.857,0.807,0.95,0.929,0.0,0.0,0.0,0.0,6.909,0.0,0.069,29.366,62.477,0.0
2018-08-19 00:30:00,0.882,0.0,0.0,0.0,1.275,1.091,0.848,0.765,0.943,0.88,0.0,0.0,0.0,0.0,6.685,0.0,0.068,29.374,62.51,0.0
2018-08-19 00:45:00,0.715,0.0,0.0,0.0,1.277,0.927,0.845,0.619,0.941,0.712,0.0,0.0,0.0,0.0,6.035,0.0,0.065,29.37,62.613,0.0
2018-08-19 01:00:00,0.802,0.0,0.0,0.0,1.28,1.019,0.848,0.697,0.945,0.799,0.0,0.0,0.0,0.0,6.391,0.0,0.065,29.379,62.617,0.0
2018-08-19 01:15:00,0.817,0.0,0.0,0.0,1.284,1.036,0.845,0.712,0.942,0.814,0.0,0.0,0.0,0.0,6.45,0.0,0.065,29.389,62.559,0.0
2018-08-19 01:30:00,0.793,0.0,0.0,0.0,1.273,1.004,0.839,0.685,0.936,0.789,0.0,0.0,0.0,0.0,6.319,0.0,0.031,29.38,62.62,0.0
2018-08-19 01:45:00,0.797,0.0,0.0,0.0,1.276,1.011,0.845,0.691,0.939,0.795,0.0,0.0,0.0,0.0,6.353,0.0,0.03,29.411,62.523,0.0
2018-08-19 02:00:00,0.793,0.0,0.0,0.0,1.274,1.004,0.844,0.685,0.939,0.789,0.0,0.0,0.0,0.0,6.327,0.0,0.03,29.417,62.541,0.0
2018-08-19 02:15:00,0.999,0.0,0.0,0.0,1.287,1.212,0.847,0.861,0.945,0.995,0.0,0.0,0.0,0.0,7.147,0.0,0.05,29.413,62.56,0.0
2018-08-19 02:30:00,0.79,0.0,0.0,0.0,1.268,1.004,0.833,0.683,0.929,0.788,0.0,0.0,0.0,0.0,6.294,0.0,0.07,29.399,62.573,0.0
2018-08-19 02:45:00,0.803,0.0,0.0,0.0,1.278,1.025,0.842,0.7,0.937,0.799,0.0,0.0,0.0,0.0,6.384,0.0,0.07,29.394,62.537,0.0
2018-08-19 03:00:00,0.808,0.0,0.0,0.0,1.275,1.025,0.839,0.701,0.935,0.805,0.0,0.0,0.0,0.0,6.388,0.0,0.068,29.384,62.545,0.0
2018-08-19 03:15:00,1.019,0.0,0.0,0.0,1.293,1.231,0.853,0.887,0.949,1.014,0.0,0.0,0.0,0.0,7.247,0.0,0.068,29.382,62.453,0.0
2018-08-19 03:30:00,1.009,0.0,0.0,0.0,1.291,1.215,0.855,0.878,0.947,1.004,0.0,0.0,0.0,0.0,7.199,0.0,0.066,29.401,62.386,0.0
2018-08-19 03:45:00,0.801,0.0,0.0,0.0,1.282,1.017,0.845,0.695,0.939,0.797,0.0,0.0,0.0,0.0,6.376,0.0,0.067,29.41,62.382,0.0
2018-08-19 04:00:00,0.78,0.0,0.0,0.0,1.283,0.998,0.845,0.673,0.937,0.776,0.0,0.0,0.0,0.0,6.292,0.0,0.066,29.43,62.301,0.0
2018-08-19 04:15:00,0.502,0.0,0.0,0.0,1.282,0.731,0.843,0.433,0.937,0.499,0.0,0.0,0.0,0.0,5.227,0.0,0.065,29.419,62.289,0.0
2018-08-19 04:30:00,0.986,0.0,0.0,0.0,1.284,1.201,0.85,0.854,0.941,0.983,0.0,0.0,0.0,0.0,7.099,0.0,0.067,29.412,62.281,0.0
2018-08-19 04:45:00,0.803,0.0,0.0,0.0,1.277,1.022,0.844,0.7,0.934,0.799,0.0,0.0,0.0,0.0,6.379,0.0,0.057,29.402,62.262,0.0
2018-08-19 05:00:00,1.006,0.0,0.0,0.0,1.286,1.219,0.852,0.877,0.943,1.001,0.0,0.0,0.0,0.0,7.185,0.0,0.03,29.414,62.282,0.0
2018-08-19 05:15:00,0.817,0.0,0.0,0.0,1.286,1.035,0.849,0.715,0.938,0.814,0.0,0.0,0.0,0.0,6.455,0.0,0.03,29.422,62.263,0.0
2018-08-19 05:30:00,0.684,0.003,0.0,0.0,1.262,0.903,0.831,0.596,0.92,0.681,0.0,0.0,0.0,0.0,5.881,0.0,0.03,29.425,62.26,0.0
2018-08-19 05:45:00,0.001,0.425,0.171,0.19,1.265,0.237,0.841,0.0,0.927,0.0,0.0,0.0,0.0,0.0,4.058,0.0,0.059,29.448,62.265,0.0
2018-08-19 06:00:00,0.401,0.97,0.681,0.757,0.193,0.629,0.128,0.343,0.141,0.397,0.0,0.0,0.0,0.0,4.639,0.0,0.07,29.445,62.281,0.0
2018-08-19 06:15:00,0.474,1.164,0.87,0.965,0.0,0.695,0.0,0.402,0.0,0.471,0.0,0.0,0.0,0.0,5.042,0.0,0.07,29.444,62.314,0.0
2018-08-19 06:30:00,0.805,1.179,0.891,0.987,0.0,1.018,0.0,0.696,0.0,0.803,0.0,0.0,0.0,0.0,6.381,0.0,0.069,29.455,62.425,0.0
2018-08-19 06:45:00,1.035,1.189,0.902,1.001,0.0,1.237,0.0,0.904,0.0,1.031,0.0,0.0,0.0,0.0,7.299,0.0,0.066,29.467,62.499,0.0
2018-08-19 07:00:00,1.029,1.188,0.903,1.003,0.0,1.227,0.0,0.896,0.0,1.024,0.0,0.0,0.0,0.0,7.269,0.0,0.07,29.473,62.595,0.0
2018-08-19 07:15:00,1.026,1.201,0.917,1.015,0.0,1.219,0.0,0.893,0.0,1.019,0.0,0.0,0.0,0.0,7.289,0.0,0.069,29.495,62.541,0.0
2018-08-19 07:30:00,1.035,1.192,0.907,1.008,0.0,1.226,0.0,0.902,0.0,1.031,0.0,0.0,0.0,0.0,7.301,0.0,0.069,29.5,62.56,0.0
2018-08-19 07:45:00,0.92,1.159,0.878,0.979,0.0,1.115,0.0,0.807,0.0,0.917,0.0,0.0,0.0,0.0,6.774,0.0,0.071,29.509,62.643,0.133
2018-08-19 08:00:00,0.742,1.144,0.867,0.968,0.0,0.943,0.0,0.643,0.0,0.74,0.0,0.0,0.0,0.0,6.047,0.649,0.057,29.512,62.703,2.615
2018-08-19 08:15:00,0.821,1.147,0.869,0.973,0.0,1.014,0.0,0.707,0.0,0.817,0.0,0.0,0.0,0.0,6.347,0.812,0.03,29.504,62.737,3.0
2018-08-19 08:30:00,0.815,1.173,0.893,0.995,0.0,1.015,0.0,0.701,0.0,0.811,0.0,0.0,0.0,0.0,6.404,0.815,0.03,29.519,62.763,3.0
2018-08-19 08:45:00,0.763,1.161,0.881,0.984,0.0,0.964,0.0,0.662,0.0,0.763,0.0,0.0,0.0,0.0,6.178,0.81,0.03,29.541,62.812,3.0
2018-08-19 09:00:00,1.006,1.145,0.864,0.971,0.0,1.195,0.0,0.863,0.0,1.003,0.0,0.0,0.0,0.0,7.047,0.806,0.063,29.541,62.849,3.0
2018-08-19 09:15:00,1.004,1.137,0.857,0.962,0.0,1.195,0.0,0.863,0.0,1.001,0.0,0.0,0.0,0.0,7.019,0.813,0.069,29.537,62.879,3.0
2018-08-19 09:30:00,0.141,1.166,0.876,0.984,0.0,0.37,0.0,0.12,0.0,0.139,0.0,0.0,0.0,0.0,3.796,0.831,0.07,29.547,62.904,3.0
2018-08-19 09:45:00,0.755,1.201,0.911,1.019,0.0,0.967,0.0,0.649,0.0,0.752,0.0,0.0,0.0,0.0,6.255,0.837,0.07,29.587,62.903,3.0
2018-08-19 10:00:00,1.038,1.179,0.889,0.998,0.0,1.232,0.0,0.895,0.0,1.035,0.0,0.0,0.0,0.0,7.266,0.831,0.069,29.601,62.883,3.0
2018-08-19 10:15:00,1.028,1.158,0.87,0.981,0.0,1.216,0.0,0.886,0.0,1.025,0.0,0.0,0.0,0.0,7.163,0.83,0.069,29.593,62.969,3.0
2018-08-19 10:30:00,0.831,1.186,0.893,1.003,0.0,1.031,0.0,0.716,0.0,0.829,0.0,0.0,0.0,0.0,6.49,0.834,0.07,29.598,63.163,3.0
2018-08-19 10:45:00,0.663,1.181,0.887,0.997,0.0,0.874,0.0,0.569,0.0,0.659,0.0,0.0,0.0,0.0,5.83,0.837,0.069,29.625,62.978,3.0
2018-08-19 11:00:00,0.82,1.211,0.917,1.023,0.0,1.018,0.0,0.702,0.0,0.813,0.0,0.0,0.0,0.0,6.505,0.833,0.07,29.631,63.169,3.0
2018-08-19 11:15:00,0.815,1.185,0.892,1.0,0.0,1.018,0.0,0.699,0.0,0.811,0.0,0.0,0.0,0.0,6.421,0.833,0.07,29.661,63.537,3.0
2018-08-19 11:30:00,0.737,1.189,0.895,1.004,0.0,0.95,0.0,0.634,0.0,0.735,0.0,0.0,0.0,0.0,6.145,0.832,0.069,29.673,63.622,3.0
2018-08-19 11:45:00,0.235,0.977,0.693,0.78,0.564,0.462,0.311,0.201,0.353,0.234,0.0,0.0,0.0,0.0,4.809,0.837,0.068,29.679,63.184,3.0
2018-08-19 12:00:00,0.389,0.8,0.527,0.592,1.356,0.609,0.913,0.33,1.027,0.387,0.0,0.0,0.0,0.0,6.931,0.839,0.067,29.661,63.148,2.462
2018-08-19 12:15:00,0.442,1.199,0.907,1.015,1.353,0.661,0.917,0.374,1.034,0.44,0.0,0.0,0.0,0.0,8.343,0.031,0.068,29.683,63.179,0.067
2018-08-19 12:30:00,0.363,1.183,0.889,1.001,1.359,0.587,0.917,0.305,1.033,0.361,0.0,0.0,0.0,0.0,7.996,0.0,0.043,29.69,63.105,0.0
2018-08-19 12:45:00,0.443,1.009,0.729,0.815,1.359,0.661,0.926,0.371,1.037,0.44,0.0,0.0,0.0,0.0,7.79,0.0,0.03,29.691,62.913,0.0
2018-08-19 13:00:00,0.527,1.195,0.901,1.003,1.373,0.745,0.943,0.449,1.052,0.523,0.0,0.0,0.0,0.0,8.712,0.0,0.03,29.697,62.727,0.0
2018-08-19 13:15:00,0.504,1.049,0.765,0.852,1.374,0.723,0.942,0.432,1.052,0.503,0.0,0.0,0.0,0.0,8.195,0.0,0.035,29.718,62.652,0.0
2018-08-19 13:30:00,0.499,1.168,0.879,0.979,1.402,0.72,0.966,0.425,1.078,0.497,0.0,0.0,0.0,0.0,8.613,0.0,0.07,29.734,62.595,0.0
2018-08-19 13:45:00,0.542,1.076,0.789,0.88,1.361,0.76,0.931,0.465,1.04,0.539,0.0,0.0,0.0,0.0,8.383,0.0,0.07,29.725,62.613,0.0
2018-08-19 14:00:00,0.562,1.017,0.733,0.819,1.371,0.779,0.937,0.479,1.048,0.559,0.0,0.0,0.0,0.0,8.304,0.0,0.068,29.721,62.636,0.0
2018-08-19 14:15:00,0.475,1.219,0.92,1.027,1.389,0.697,0.954,0.403,1.063,0.471,0.0,0.0,0.0,0.0,8.617,0.0,0.069,29.714,62.661,0.0
2018-08-19 14:30:00,0.424,1.219,0.922,1.03,1.385,0.645,0.951,0.361,1.061,0.419,0.0,0.0,0.0,0.0,8.418,0.0,0.069,29.712,62.6,0.0
2018-08-19 14:45:00,0.601,1.009,0.724,0.809,1.371,0.817,0.935,0.511,1.047,0.596,0.0,0.0,0.0,0.0,8.42,0.0,0.069,29.703,62.553,0.0
2018-08-19 15:00:00,0.466,1.002,0.726,0.811,1.353,0.685,0.93,0.399,1.037,0.465,0.0,0.0,0.0,0.0,7.874,0.0,0.067,29.737,62.51,0.0
2018-08-19 15:15:00,0.534,0.989,0.711,0.797,1.358,0.75,0.927,0.451,1.037,0.531,0.0,0.0,0.0,0.0,8.085,0.0,0.067,29.745,62.418,0.0
2018-08-19 15:30:00,0.397,1.038,0.749,0.837,1.341,0.619,0.907,0.336,1.018,0.395,0.0,0.0,0.0,0.0,7.635,0.0,0.068,29.714,62.376,0.0
2018-08-19 15:45:00,0.594,1.135,0.838,0.941,1.34,0.809,0.907,0.506,1.017,0.591,0.0,0.0,0.0,0.0,8.679,0.0,0.073,29.71,62.329,0.0
2018-08-19 16:00:00,0.405,1.019,0.73,0.813,1.362,0.632,0.925,0.345,1.029,0.403,0.0,0.0,0.0,0.0,7.665,0.0,0.069,29.714,62.189,0.0
2018-08-19 16:15:00,0.541,1.2,0.893,0.998,1.365,0.767,0.922,0.462,1.031,0.537,0.0,0.0,0.0,0.0,8.715,0.0,0.069,29.719,62.333,0.0
2018-08-19 16:30:00,0.455,1.019,0.725,0.808,1.361,0.681,0.921,0.389,1.027,0.454,0.0,0.0,0.0,0.0,7.839,0.0,0.056,29.732,61.961,0.0
2018-08-19 16:45:00,0.533,1.229,0.926,1.029,1.389,0.755,0.951,0.455,1.053,0.53,0.0,0.0,0.0,0.0,8.85,0.0,0.03,29.738,61.802,0.0
2018-08-19 17:00:00,0.516,1.017,0.728,0.808,1.379,0.742,0.94,0.444,1.043,0.513,0.0,0.0,0.0,0.0,8.129,0.0,0.03,29.768,61.852,0.0
2018-08-19 17:15:00,0.519,1.208,0.912,1.009,1.363,0.741,0.935,0.445,1.035,0.515,0.0,0.0,0.0,0.0,8.682,0.0,0.03,29.787,61.825,0.0
2018-08-19 17:30:00,0.465,0.853,0.576,0.643,1.36,0.687,0.93,0.396,1.031,0.461,0.0,0.0,0.0,0.0,7.402,0.0,0.062,29.797,61.783,0.0
2018-08-19 17:45:00,0.569,1.148,0.852,0.947,1.341,0.781,0.915,0.487,1.011,0.567,0.0,0.0,0.0,0.0,8.618,0.0,0.07,29.78,61.792,0.0
2018-08-19 18:00:00,0.001,1.058,0.767,0.853,1.343,0.01,0.911,0.0,1.003,0.0,0.0,0.0,0.0,0.0,5.945,0.0,0.069,29.776,61.778,0.0
2018-08-19 18:15:00,0.0,0.377,0.129,0.145,1.289,0.01,0.869,0.0,0.959,0.0,0.0,0.0,0.0,0.0,3.778,0.0,0.065,29.779,61.811,0.0
2018-08-19 18:30:00,0.001,0.436,0.183,0.203,1.303,0.01,0.879,0.0,0.965,0.0,0.0,0.0,0.0,0.0,3.98,0.0,0.069,29.79,61.827,0.0
2018-08-19 18:45:00,0.001,0.593,0.325,0.362,1.299,0.01,0.875,0.0,0.953,0.0,0.0,0.0,0.0,0.0,4.418,0.0,0.067,29.794,61.861,0.0
2018-08-19 19:00:00,0.001,0.498,0.237,0.262,1.299,0.01,0.876,0.0,0.953,0.0,0.0,0.0,0.0,0.0,4.136,0.0,0.066,29.81,61.85,0.0
2018-08-19 19:15:00,0.001,0.555,0.289,0.319,1.323,0.01,0.887,0.0,0.966,0.0,0.0,0.0,0.0,0.0,4.35,0.0,0.068,29.803,61.828,0.0
2018-08-19 19:30:00,0.0,0.567,0.301,0.331,1.305,0.01,0.877,0.0,0.952,0.0,0.0,0.0,0.0,0.0,4.343,0.0,0.067,29.793,61.845,0.0
2018-08-19 19:45:00,0.001,0.398,0.145,0.159,1.291,0.01,0.863,0.0,0.937,0.0,0.0,0.0,0.0,0.0,3.805,0.0,0.065,29.796,61.808,0.0
2018-08-19 20:00:00,0.001,0.515,0.257,0.28,1.296,0.01,0.871,0.0,0.943,0.0,0.0,0.0,0.0,0.0,4.173,0.0,0.069,29.8,61.776,0.0
2018-08-19 20:15:00,0.001,0.512,0.251,0.276,1.312,0.01,0.883,0.0,0.956,0.0,0.0,0.0,0.0,0.0,4.2,0.0,0.067,29.818,61.757,0.0
2018-08-19 20:30:00,0.0,0.524,0.261,0.287,1.301,0.01,0.877,0.0,0.951,0.0,0.0,0.0,0.0,0.0,4.211,0.0,0.068,29.833,61.735,0.0
2018-08-19 20:45:00,0.0,0.594,0.327,0.357,1.307,0.01,0.883,0.0,0.955,0.0,0.0,0.0,0.0,0.0,4.433,0.0,0.035,29.84,61.781,0.0
2018-08-19 21:00:00,0.001,0.575,0.31,0.339,1.321,0.01,0.896,0.0,0.969,0.0,0.0,0.0,0.0,0.0,4.421,0.0,0.03,29.839,61.795,0.0
2018-08-19 21:15:00,0.001,0.475,0.219,0.241,1.291,0.01,0.877,0.0,0.952,0.0,0.0,0.0,0.0,0.0,4.066,0.0,0.03,29.845,61.803,0.0
2018-08-19 21:30:00,0.0,0.522,0.262,0.289,1.301,0.01,0.885,0.0,0.96,0.0,0.0,0.0,0.0,0.0,4.229,0.0,0.044,29.857,61.782,0.0
2018-08-19 21:45:00,0.0,0.58,0.318,0.347,1.299,0.01,0.883,0.0,0.953,0.0,0.0,0.0,0.0,0.0,4.389,0.0,0.07,29.859,61.783,0.0
2018-08-19 22:00:00,0.0,0.523,0.265,0.289,1.312,0.01,0.891,0.0,0.965,0.0,0.0,0.0,0.0,0.0,4.255,0.0,0.067,29.862,61.788,0.0
2018-08-19 22:15:00,0.0,0.503,0.245,0.269,1.292,0.01,0.875,0.0,0.947,0.0,0.0,0.0,0.0,0.0,4.141,0.0,0.067,29.851,61.746,0.0
2018-08-19 22:30:00,0.001,0.518,0.257,0.282,1.301,0.01,0.88,0.0,0.952,0.0,0.0,0.0,0.0,0.0,4.201,0.0,0.067,29.834,61.657,0.0
2018-08-19 22:45:00,0.001,0.45,0.194,0.213,1.294,0.01,0.871,0.0,0.943,0.0,0.0,0.0,0.0,0.0,3.975,0.0,0.068,29.861,61.538,0.0
2018-08-19 23:00:00,0.001,0.559,0.296,0.325,1.319,0.01,0.891,0.0,0.967,0.0,0.0,0.0,0.0,0.0,4.368,0.0,0.068,29.859,61.457,0.0
2018-08-19 23:15:00,0.001,0.563,0.298,0.327,1.299,0.01,0.873,0.0,0.947,0.0,0.0,0.0,0.0,0.0,4.319,0.0,0.068,29.851,61.399,0.0
2018-08-19 23:30:00,0.001,0.462,0.207,0.228,1.281,0.01,0.867,0.0,0.941,0.0,0.0,0.0,0.0,0.0,3.997,0.0,0.068,29.865,61.325,0.0
2018-08-19 23:45:00,0.107,0.289,0.097,0.107,1.275,0.299,0.857,0.09,0.935,0.105,0.0,0.0,0.0,0.0,4.161,0.0,0.067,29.859,61.31,0.0
2018-08-20 00:00:00,0.994,0.0,0.0,0.0,1.319,1.211,0.893,0.864,0.972,0.989,0.0,0.0,0.0,0.0,7.243,0.0,0.067,29.868,61.297,0.0
2018-08-20 00:15:00,1.001,0.0,0.0,0.0,1.3,1.215,0.877,0.883,0.954,0.995,0.0,0.0,0.0,0.0,7.225,0.0,0.066,29.889,61.301,0.0
2018-08-20 00:30:00,0.806,0.0,0.0,0.0,1.296,1.025,0.871,0.711,0.949,0.802,0.0,0.0,0.0,0.0,6.461,0.0,0.068,29.903,61.351,0.0
2018-08-20 00:45:00,0.451,0.0,0.0,0.0,1.299,0.681,0.869,0.395,0.948,0.45,0.0,0.0,0.0,0.0,5.093,0.0,0.068,29.924,61.401,0.0
2018-08-20 01:00:00,0.988,0.0,0.0,0.0,1.304,1.199,0.876,0.865,0.954,0.981,0.0,0.0,0.0,0.0,7.167,0.0,0.059,29.944,61.538,0.0
2018-08-20 01:15:00,0.8,0.0,0.0,0.0,1.287,1.01,0.873,0.702,0.952,0.796,0.0,0.0,0.0,0.0,6.421,0.0,0.03,29.952,61.656,0.0
2018-08-20 01:30:00,0.847,0.0,0.0,0.0,1.297,1.06,0.877,0.739,0.955,0.844,0.0,0.0,0.0,0.0,6.618,0.0,0.03,29.951,61.717,0.0
2018-08-20 01:45:00,0.657,0.0,0.0,0.0,1.304,0.877,0.875,0.578,0.958,0.655,0.0,0.0,0.0,0.0,5.905,0.0,0.03,29.962,61.879,0.0
2018-08-20 02:00:00,0.787,0.0,0.0,0.0,1.291,1.001,0.871,0.689,0.951,0.785,0.0,0.0,0.0,0.0,6.376,0.0,0.057,29.98,61.898,0.0
2018-08-20 02:15:00,0.978,0.0,0.0,0.0,1.299,1.184,0.877,0.853,0.957,0.975,0.0,0.0,0.0,0.0,7.123,0.0,0.068,29.987,62.435,0.0
2018-08-20 02:30:00,0.815,0.0,0.0,0.0,1.309,1.029,0.881,0.715,0.965,0.812,0.0,0.0,0.0,0.0,6.525,0.0,0.069,29.98,62.8,0.0
2018-08-20 02:45:00,0.795,0.0,0.0,0.0,1.292,1.009,0.867,0.693,0.951,0.792,0.0,0.0,0.0,0.0,6.4,0.0,0.069,29.981,62.163,0.0
2018-08-20 03:00:00,0.985,0.0,0.0,0.0,1.297,1.193,0.873,0.858,0.955,0.98,0.0,0.0,0.0,0.0,7.141,0.0,0.069,29.983,62.211,0.0
2018-08-20 03:15:00,0.813,0.0,0.0,0.0,1.293,1.025,0.869,0.715,0.953,0.81,0.0,0.0,0.0,0.0,6.477,0.0,0.07,30.027,62.265,0.0
2018-08-20 03:30:00,0.808,0.0,0.0,0.0,1.305,1.023,0.874,0.711,0.962,0.804,0.0,0.0,0.0,0.0,6.487,0.0,0.067,30.053,62.337,0.0
2018-08-20 03:45:00,1.005,0.0,0.0,0.0,1.294,1.211,0.871,0.877,0.957,1.0,0.0,0.0,0.0,0.0,7.216,0.0,0.068,30.1,62.416,0.0
2018-08-20 04:00:00,0.805,0.0,0.0,0.0,1.283,1.017,0.858,0.703,0.947,0.803,0.0,0.0,0.0,0.0,6.416,0.0,0.071,30.022,62.443,0.0
2018-08-20 04:15:00,0.841,0.0,0.0,0.0,1.277,1.053,0.857,0.735,0.945,0.839,0.0,0.0,0.0,0.0,6.547,0.0,0.067,29.996,62.408,0.0
2018-08-20 04:30:00,0.78,0.0,0.0,0.0,1.3,0.997,0.874,0.68,0.962,0.777,0.0,0.0,0.0,0.0,6.369,0.0,0.066,29.993,62.431,0.0
2018-08-20 04:45:00,0.767,0.0,0.0,0.0,1.287,0.985,0.864,0.665,0.952,0.765,0.0,0.0,0.0,0.0,6.285,0.0,0.069,30.024,62.449,0.0
2018-08-20 05:00:00,0.929,0.0,0.0,0.0,1.289,1.14,0.871,0.808,0.957,0.925,0.0,0.0,0.0,0.0,6.919,0.0,0.066,30.2,62.495,0.0
2018-08-20 05:15:00,0.833,0.0,0.0,0.0,1.289,1.045,0.867,0.726,0.954,0.829,0.0,0.0,0.0,0.0,6.543,0.0,0.069,30.367,62.465,0.0
2018-08-20 05:30:00,0.788,0.0,0.0,0.0,1.303,1.006,0.875,0.689,0.963,0.784,0.0,0.0,0.0,0.0,6.407,0.0,0.069,30.354,62.503,0.0
2018-08-20 05:45:00,0.074,0.349,0.108,0.121,1.273,0.309,0.849,0.065,0.936,0.073,0.0,0.0,0.0,0.0,4.157,0.0,0.069,30.353,62.511,0.0
2018-08-20 06:00:00,0.001,0.903,0.619,0.689,0.251,0.237,0.168,0.0,0.186,0.0,0.0,0.0,0.0,0.0,3.054,0.0,0.069,30.4,62.602,0.733
2018-08-20 06:15:00,0.0,1.135,0.847,0.946,0.0,0.24,0.0,0.0,0.0,0.0,0.0,0.0,0.0,0.0,3.168,0.186,0.146,30.613,63.273,37.6
2018-08-20 06:30:00,0.0,1.139,0.86,0.959,0.0,0.237,0.0,0.0,0.0,0.0,0.0,0.0,0.0,0.0,3.195,0.322,0.117,30.833,63.461,3.0
2018-08-20 06:45:00,0.104,1.134,0.854,0.961,0.0,0.337,0.0,0.087,0.0,0.104,0.0,0.0,0.0,0.0,3.581,0.364,0.143,30.793,63.734,3.0
2018-08-20 07:00:00,0.134,1.144,0.857,0.966,0.0,0.366,0.0,0.115,0.0,0.133,0.0,0.0,0.0,0.0,3.715,0.379,0.207,30.8,63.504,3.0
2018-08-20 07:15:00,0.435,1.163,0.875,0.989,0.0,0.657,0.0,0.37,0.0,0.435,0.0,0.0,0.0,0.0,4.925,0.376,0.193,30.78,63.465,3.0
2018-08-20 07:30:00,5.869,1.169,0.879,0.995,0.0,0.967,0.0,0.645,0.0,0.761,0.0,0.0,0.0,0.0,11.286,0.641,0.249,30.083,63.499,49.267
2018-08-20 07:45:00,16.481,1.191,0.91,1.026,0.0,1.269,0.0,0.936,0.0,1.081,0.0,0.0,0.0,0.0,22.895,1.569,0.47,28.447,64.728,102.308
2018-08-20 08:00:00,16.603,1.186,0.91,1.027,0.0,1.262,0.0,0.933,0.0,1.081,0.0,0.0,0.0,0.0,23.002,1.682,0.529,27.615,66.475,102.4
2018-08-20 08:15:00,16.56,1.178,0.903,1.022,0.0,1.241,0.0,0.917,0.0,1.066,0.0,0.0,0.0,0.0,22.887,1.684,0.539,27.446,68.445,103.0
2018-08-20 08:30:00,16.599,1.169,0.897,1.017,0.0,1.247,0.0,0.928,0.0,1.075,0.0,0.0,0.0,0.0,22.933,1.673,0.425,27.336,69.551,102.0
2018-08-20 08:45:00,16.586,1.166,0.891,1.013,0.0,1.243,0.0,0.919,0.0,1.069,0.0,0.0,0.0,0.0,22.888,1.689,0.389,27.286,69.517,102.8
2018-08-20 09:00:00,16.783,1.173,0.898,1.022,0.0,1.291,0.0,0.959,0.0,1.115,0.0,0.0,0.0,0.0,23.242,1.78,0.585,26.957,69.43,102.733
2018-08-20 09:15:00,16.892,1.173,0.892,1.019,0.0,1.257,0.0,0.926,0.0,1.079,0.0,0.0,0.075,0.0,23.312,2.111,0.591,26.954,68.725,102.533
2018-08-20 09:30:00,18.485,1.193,0.912,1.035,0.0,1.272,0.0,0.941,0.0,1.091,0.0,0.0,1.683,0.0,26.613,2.416,0.449,27.168,69.251,100.2
2018-08-20 09:45:00,17.796,1.191,0.911,1.037,0.0,1.263,0.0,0.935,0.0,1.087,0.0,0.0,0.967,0.0,25.186,2.394,0.583,27.034,70.122,100.467
2018-08-20 10:00:00,17.843,1.203,0.919,1.039,0.0,1.292,0.0,0.952,0.0,1.105,0.0,0.0,0.988,0.0,25.34,2.432,0.503,26.821,69.261,102.333
2018-08-20 10:15:00,17.834,1.205,0.921,1.038,0.0,1.295,0.0,0.96,0.0,1.108,0.0,0.0,0.955,0.0,25.316,2.439,0.471,26.588,68.307,102.4
2018-08-20 10:30:00,17.957,1.214,0.928,1.049,0.0,1.293,0.0,0.957,0.0,1.105,0.0,0.0,0.899,0.0,25.403,2.437,0.555,26.513,68.376,102.0
2018-08-20 10:45:00,18.125,1.198,0.911,1.033,0.0,1.279,0.0,0.943,0.0,1.095,0.0,0.0,1.182,0.0,25.766,2.435,0.53,26.616,69.628,102.267
2018-08-20 11:00:00,17.013,1.202,0.919,1.039,0.0,0.653,0.0,0.379,0.0,0.441,0.0,0.0,0.706,0.0,22.353,2.373,0.425,26.709,69.338,104.0
2018-08-20 11:15:00,15.893,1.184,0.899,1.023,0.0,0.231,0.0,0.0,0.0,0.0,0.0,0.0,0.0,0.0,19.229,2.055,0.618,26.568,69.248,104.667
2018-08-20 11:30:00,16.162,1.187,0.9,1.023,0.0,0.417,0.0,0.161,0.0,0.19,0.0,0.0,0.0,0.0,20.041,2.069,0.721,26.662,70.461,104.667
2018-08-20 11:45:00,15.79,1.19,0.9,1.025,0.561,0.304,0.313,0.059,0.359,0.069,0.0,0.0,0.0,0.0,20.571,2.097,0.651,26.729,70.491,105.308
2018-08-20 12:00:00,16.303,1.211,0.919,1.043,1.175,0.67,0.738,0.383,0.843,0.451,0.0,0.0,0.0,0.0,23.735,2.117,0.623,26.411,68.781,106.0
2018-08-20 12:15:00,16.129,1.22,0.927,1.053,1.371,0.49,0.929,0.225,1.057,0.265,0.0,0.0,0.0,0.0,23.667,2.129,0.594,26.265,68.169,104.933
2018-08-20 12:30:00,16.48,1.229,0.936,1.063,1.383,0.803,0.947,0.501,1.071,0.591,0.0,0.0,0.0,0.0,25.005,2.129,0.607,26.26,68.099,111.8
2018-08-20 12:45:00,16.247,1.24,0.946,1.073,1.381,0.585,0.945,0.307,1.071,0.363,0.0,0.0,0.0,0.0,24.157,2.121,0.619,26.252,67.999,113.267
2018-08-20 13:00:00,16.778,1.241,0.961,1.083,1.397,0.751,0.976,0.463,1.094,0.544,0.0,0.0,0.0,0.0,25.287,2.072,0.591,26.18,67.638,110.538
2018-08-20 13:15:00,16.576,1.224,0.948,1.069,1.357,0.518,0.946,0.259,1.067,0.305,0.0,0.0,0.0,0.0,24.269,2.04,0.513,26.16,67.668,109.846
2018-08-20 13:30:00,16.653,1.243,0.964,1.085,1.385,0.759,0.973,0.473,1.091,0.555,0.0,0.0,0.0,0.0,25.181,2.054,0.649,26.153,67.721,109.333
2018-08-20 13:45:00,16.488,1.238,0.955,1.075,1.387,0.615,0.969,0.345,1.089,0.406,0.0,0.0,0.0,0.0,24.567,2.065,0.589,26.131,67.301,112.533
2018-08-20 14:00:00,17.56,1.246,0.963,1.084,1.405,1.037,0.988,0.723,1.105,0.843,0.0,0.0,0.527,0.0,27.481,2.245,0.811,26.345,68.629,108.533
2018-08-20 14:15:00,17.765,1.256,0.975,1.094,1.392,0.793,0.978,0.509,1.092,0.587,0.0,0.0,0.782,0.0,27.222,2.444,0.82,26.369,67.841,106.467
2018-08-20 14:30:00,17.349,1.225,0.945,1.065,1.382,0.66,0.967,0.383,1.081,0.449,0.0,0.0,0.774,0.0,26.279,2.418,0.59,26.282,67.938,112.333
2018-08-20 14:45:00,17.356,1.253,0.966,1.089,1.402,0.722,0.981,0.438,1.101,0.514,0.0,0.0,0.67,0.0,26.493,2.475,0.585,26.218,68.075,113.867
2018-08-20 15:00:00,16.881,1.217,0.935,1.055,1.361,0.605,0.943,0.335,1.062,0.395,0.0,0.0,0.665,0.0,25.453,2.427,0.587,26.82,68.277,110.4
2018-08-20 15:15:00,16.688,1.04,0.758,0.862,1.369,1.04,0.951,0.72,1.07,0.85,0.0,0.0,0.037,0.0,25.385,2.277,0.757,26.387,68.635,109.467
2018-08-20 15:30:00,16.768,0.612,0.357,0.405,1.355,1.242,0.936,0.909,1.053,1.061,0.0,0.0,0.0,0.0,24.697,2.125,0.604,26.471,69.277,109.067
2018-08-20 15:45:00,16.706,0.651,0.385,0.439,1.348,1.034,0.923,0.719,1.043,0.84,0.0,0.0,0.0,0.0,24.088,2.089,0.667,26.201,70.065,113.6
2018-08-20 16:00:00,16.291,1.218,0.919,1.044,1.353,0.763,0.935,0.477,1.049,0.556,0.0,0.0,0.0,0.0,24.604,2.118,0.615,26.14,69.716,111.0
2018-08-20 16:15:00,16.137,1.234,0.941,1.06,1.362,0.738,0.941,0.451,1.053,0.531,0.0,0.0,0.0,0.0,24.447,2.1,0.467,26.322,70.087,105.2
2018-08-20 16:30:00,16.125,1.246,0.947,1.07,1.365,0.859,0.939,0.551,1.057,0.652,0.0,0.0,0.0,0.0,24.81,2.125,0.595,26.292,69.343,105.846
2018-08-20 16:45:00,12.58,1.237,0.937,1.064,1.375,0.996,0.949,0.677,1.067,0.796,0.0,0.0,0.0,0.0,21.678,2.112,0.546,26.059,69.301,105.467
2018-08-20 17:00:00,0.521,1.207,0.907,1.035,1.345,0.728,0.924,0.438,1.043,0.519,0.0,0.0,0.0,0.0,8.665,1.707,0.468,26.957,66.997,90.467
2018-08-20 17:15:00,0.413,1.207,0.903,1.03,1.341,0.625,0.92,0.343,1.037,0.409,0.0,0.0,0.0,0.0,8.228,1.269,0.274,28.001,64.529,47.067
2018-08-20 17:30:00,0.502,1.211,0.907,1.033,1.361,0.718,0.931,0.421,1.047,0.5,0.0,0.0,0.0,0.0,8.63,1.331,0.198,28.271,63.321,10.462
2018-08-20 17:45:00,0.401,1.196,0.894,1.019,1.341,0.607,0.919,0.334,1.035,0.4,0.0,0.0,0.0,0.0,8.145,1.814,0.163,28.375,64.851,76.0
2018-08-20 18:00:00,0.001,1.179,0.879,1.002,1.333,0.01,0.911,0.0,1.024,0.0,0.0,0.0,0.0,0.0,6.339,1.201,0.133,28.466,64.171,5.067
2018-08-20 18:15:00,0.001,0.5,0.245,0.28,1.289,0.01,0.871,0.0,0.98,0.0,0.0,0.0,0.0,0.0,4.177,1.184,0.136,28.512,63.263,3.0
2018-08-20 18:30:00,0.0,0.528,0.267,0.304,1.311,0.01,0.888,0.0,0.997,0.0,0.0,0.0,0.0,0.0,4.306,1.192,0.233,28.603,63.355,3.0
2018-08-20 18:45:00,0.0,0.667,0.394,0.447,1.303,0.01,0.883,0.0,0.986,0.0,0.0,0.0,0.0,0.0,4.689,1.197,0.19,28.71,63.673,3.0
2018-08-20 19:00:00,0.0,0.603,0.332,0.375,1.288,0.01,0.865,0.0,0.965,0.0,0.0,0.0,0.0,0.0,4.437,0.522,0.18,28.761,63.402,3.0
2018-08-20 19:15:00,0.001,0.633,0.361,0.409,1.297,0.01,0.873,0.0,0.97,0.0,0.0,0.0,0.0,0.0,4.553,0.0,0.172,28.809,63.319,3.0
2018-08-20 19:30:00,0.001,0.499,0.239,0.268,1.305,0.01,0.882,0.0,0.976,0.0,0.0,0.0,0.0,0.0,4.179,0.0,0.163,28.847,63.426,3.0
2018-08-20 19:45:00,0.0,0.612,0.345,0.387,1.293,0.01,0.879,0.0,0.969,0.0,0.0,0.0,0.0,0.0,4.496,0.003,0.159,28.878,63.168,3.0
2018-08-20 20:00:00,0.001,0.507,0.252,0.28,1.289,0.01,0.883,0.0,0.974,0.0,0.0,0.0,0.0,0.0,4.197,0.0,0.095,28.919,62.736,1.2
2018-08-20 20:15:00,0.001,0.591,0.323,0.362,1.291,0.01,0.875,0.0,0.961,0.0,0.0,0.0,0.0,0.0,4.414,0.0,0.07,28.955,62.494,0.0
2018-08-20 20:30:00,0.0,0.489,0.23,0.256,1.311,0.01,0.893,0.0,0.977,0.0,0.0,0.0,0.0,0.0,4.165,0.0,0.07,28.949,62.299,0.0
2018-08-20 20:45:00,0.0,0.583,0.319,0.357,1.293,0.01,0.885,0.0,0.969,0.0,0.0,0.0,0.0,0.0,4.416,0.0,0.07,28.96,62.263,0.0
2018-08-20 21:00:00,0.0,0.491,0.235,0.263,1.29,0.01,0.885,0.0,0.968,0.0,0.0,0.0,0.0,0.0,4.141,0.0,0.07,29.022,62.151,0.0
2018-08-20 21:15:00,0.0,0.535,0.275,0.306,1.287,0.01,0.876,0.0,0.961,0.0,0.0,0.0,0.0,0.0,4.25,0.0,0.07,29.14,61.969,0.0
2018-08-20 21:30:00,0.001,0.531,0.271,0.302,1.305,0.01,0.888,0.0,0.972,0.0,0.0,0.0,0.0,0.0,4.279,0.0,0.07,29.447,61.905,0.0
2018-08-20 21:45:00,0.0,0.482,0.225,0.249,1.287,0.01,0.874,0.0,0.956,0.0,0.0,0.0,0.0,0.0,4.083,0.0,0.07,29.687,61.893,0.0
2018-08-20 22:00:00,0.001,0.501,0.241,0.268,1.294,0.01,0.877,0.0,0.961,0.0,0.0,0.0,0.0,0.0,4.153,0.0,0.07,29.509,61.837,0.0
2018-08-20 22:15:00,0.001,0.6,0.331,0.37,1.302,0.01,0.885,0.0,0.967,0.0,0.0,0.0,0.0,0.0,4.467,0.0,0.07,29.128,61.8,0.0
2018-08-20 22:30:00,0.001,0.487,0.229,0.254,1.309,0.01,0.889,0.0,0.975,0.0,0.0,0.0,0.0,0.0,4.155,0.0,0.047,29.14,61.789,0.0
2018-08-20 22:45:00,0.0,0.487,0.224,0.249,1.296,0.01,0.877,0.0,0.961,0.0,0.0,0.0,0.0,0.0,4.105,0.0,0.04,29.164,61.705,0.0
2018-08-20 23:00:00,0.0,0.599,0.33,0.369,1.304,0.01,0.893,0.0,0.977,0.0,0.0,0.0,0.0,0.0,4.481,0.0,0.039,29.154,61.715,0.0
2018-08-20 23:15:00,0.001,0.46,0.207,0.233,1.269,0.01,0.869,0.0,0.953,0.0,0.0,0.0,0.0,0.0,4.002,0.0,0.049,29.169,61.795,0.0
2018-08-20 23:30:00,0.001,0.539,0.282,0.316,1.283,0.01,0.873,0.0,0.96,0.0,0.0,0.0,0.0,0.0,4.264,0.0,0.071,29.197,61.723,0.0
2018-08-20 23:45:00,0.098,0.805,0.559,0.628,1.303,0.287,0.886,0.082,0.974,0.098,0.0,0.0,0.0,0.0,5.721,0.0,0.07,29.212,61.745,0.0
2018-08-21 00:00:00,0.995,0.0,0.0,0.0,1.304,1.197,0.885,0.859,0.973,0.993,0.0,0.0,0.0,0.0,7.205,0.0,0.072,29.239,61.824,0.0
2018-08-21 00:15:00,0.804,0.0,0.0,0.0,1.304,1.019,0.875,0.691,0.966,0.801,0.0,0.0,0.0,0.0,6.46,0.0,0.059,29.258,61.818,0.0
2018-08-21 00:30:00,0.955,0.0,0.0,0.0,1.305,1.164,0.875,0.828,0.967,0.951,0.0,0.0,0.0,0.0,7.046,0.0,0.039,29.299,61.798,0.0
2018-08-21 00:45:00,0.82,0.0,0.0,0.0,1.299,1.033,0.875,0.709,0.965,0.816,0.0,0.0,0.0,0.0,6.517,0.0,0.04,29.313,61.753,0.0
2018-08-21 01:00:00,0.622,0.0,0.0,0.0,1.272,0.831,0.856,0.536,0.947,0.621,0.0,0.0,0.0,0.0,5.685,0.0,0.043,29.331,61.623,0.0
2018-08-21 01:15:00,1.022,0.0,0.0,0.0,1.308,1.224,0.887,0.888,0.978,1.019,0.0,0.0,0.0,0.0,7.326,0.0,0.079,29.357,61.653,0.0
2018-08-21 01:30:00,0.779,0.0,0.0,0.0,1.283,0.987,0.863,0.669,0.957,0.777,0.0,0.0,0.0,0.0,6.316,0.0,0.079,29.365,61.63,0.0
2018-08-21 01:45:00,0.798,0.0,0.0,0.0,1.286,1.003,0.863,0.687,0.956,0.796,0.0,0.0,0.0,0.0,6.389,0.0,0.077,29.385,61.617,0.0
2018-08-21 02:00:00,0.806,0.0,0.0,0.0,1.292,1.014,0.869,0.697,0.961,0.803,0.0,0.0,0.0,0.0,6.442,0.0,0.076,29.4,61.64,0.0
2018-08-21 02:15:00,1.044,0.0,0.0,0.0,1.312,1.243,0.891,0.911,0.985,1.039,0.0,0.0,0.0,0.0,7.426,0.0,0.073,29.416,61.685,0.0
2018-08-21 02:30:00,0.941,0.0,0.0,0.0,1.292,1.139,0.877,0.821,0.967,0.937,0.0,0.0,0.0,0.0,6.974,0.0,0.074,29.428,61.603,0.0
2018-08-21 02:45:00,0.826,0.0,0.0,0.0,1.287,1.029,0.871,0.719,0.964,0.823,0.0,0.0,0.0,0.0,6.519,0.0,0.072,29.428,61.567,0.0
2018-08-21 03:00:00,0.824,0.0,0.0,0.0,1.278,1.023,0.863,0.715,0.957,0.82,0.0,0.0,0.0,0.0,6.479,0.0,0.073,29.402,61.614,0.0
2018-08-21 03:15:00,0.679,0.0,0.0,0.0,1.293,0.889,0.872,0.589,0.966,0.675,0.0,0.0,0.0,0.0,5.963,0.0,0.073,29.38,61.814,0.0
2018-08-21 03:30:00,1.015,0.0,0.0,0.0,1.291,1.213,0.875,0.881,0.967,1.01,0.0,0.0,0.0,0.0,7.251,0.0,0.074,29.389,61.863,0.0
2018-08-21 03:45:00,0.81,0.0,0.0,0.0,1.287,1.011,0.871,0.705,0.967,0.807,0.0,0.0,0.0,0.0,6.458,0.0,0.076,29.401,61.989,0.0
2018-08-21 04:00:00,0.741,0.0,0.0,0.0,1.273,0.945,0.856,0.637,0.951,0.737,0.0,0.0,0.0,0.0,6.14,0.0,0.072,29.405,61.946,0.0
2018-08-21 04:15:00,0.813,0.0,0.0,0.0,1.289,1.021,0.869,0.703,0.965,0.811,0.0,0.0,0.0,0.0,6.471,0.0,0.072,29.415,61.96,0.0
2018-08-21 04:30:00,0.804,0.0,0.0,0.0,1.285,1.009,0.87,0.694,0.962,0.802,0.0,0.0,0.0,0.0,6.425,0.0,0.073,29.429,62.19,0.0
2018-08-21 04:45:00,0.963,0.0,0.0,0.0,1.277,1.159,0.863,0.829,0.955,0.958,0.0,0.0,0.0,0.0,7.002,0.0,0.073,29.444,62.22,0.0
2018-08-21 05:00:00,0.817,0.0,0.0,0.0,1.275,1.021,0.861,0.715,0.954,0.816,0.0,0.0,0.0,0.0,6.46,0.0,0.073,29.45,62.224,0.0
2018-08-21 05:15:00,0.83,0.0,0.0,0.0,1.293,1.033,0.874,0.721,0.968,0.825,0.0,0.0,0.0,0.0,6.544,0.0,0.074,29.449,62.203,0.0
2018-08-21 05:30:00,1.007,0.0,0.0,0.0,1.288,1.201,0.866,0.869,0.957,1.001,0.0,0.0,0.0,0.0,7.189,0.0,0.075,29.418,62.595,0.0
2018-08-21 05:45:00,0.11,0.351,0.12,0.135,1.256,0.343,0.836,0.095,0.929,0.109,0.0,0.0,0.0,0.0,4.285,0.0,0.075,29.415,62.185,0.133
2018-08-21 06:00:00,0.001,1.023,0.735,0.826,0.238,0.24,0.159,0.0,0.177,0.0,0.0,0.0,0.0,0.0,3.399,0.0,0.151,29.425,62.595,2.667
2018-08-21 06:15:00,0.494,1.159,0.877,0.977,0.0,0.711,0.0,0.43,0.0,0.493,0.0,0.0,0.0,0.0,5.141,0.0,0.084,29.477,62.235,3.0
2018-08-21 06:30:00,1.065,1.18,0.902,1.005,0.0,1.249,0.0,0.925,0.0,1.061,0.0,0.0,0.0,0.0,7.387,0.328,0.125,29.525,62.319,3.0
2018-08-21 06:45:00,1.085,1.18,0.899,1.009,0.0,1.264,0.0,0.942,0.0,1.082,0.0,0.0,0.0,0.0,7.461,0.291,0.127,29.566,62.347,3.0
2018-08-21 07:00:00,1.092,1.203,0.92,1.032,0.0,1.268,0.0,0.942,0.0,1.087,0.0,0.0,0.0,0.0,7.545,0.29,0.233,29.587,62.779,3.0
2018-08-21 07:15:00,1.089,1.163,0.878,0.997,0.0,1.251,0.0,0.934,0.0,1.083,0.0,0.0,0.0,0.0,7.395,0.37,0.305,29.625,63.245,3.0
2018-08-21 07:30:00,4.045,1.151,0.865,0.987,0.0,1.249,0.0,0.929,0.0,1.085,0.0,0.0,0.0,0.0,10.311,0.369,0.365,29.543,63.647,3.6
2018-08-21 07:45:00,16.538,1.167,0.885,1.007,0.0,1.265,0.0,0.951,0.0,1.103,0.0,0.0,0.0,0.0,22.915,0.883,0.705,28.087,65.831,83.733
2018-08-21 08:00:00,16.803,1.169,0.899,1.023,0.0,1.279,0.0,0.97,0.0,1.122,0.0,0.0,0.0,0.0,23.263,1.363,0.433,27.342,67.422,105.333
2018-08-21 08:15:00,16.613,1.177,0.899,1.028,0.0,1.282,0.0,0.973,0.0,1.124,0.0,0.0,0.0,0.0,23.095,1.677,0.434,26.921,67.732,106.308
2018-08-21 08:30:00,16.814,1.171,0.89,1.019,0.0,1.238,0.0,0.923,0.0,1.075,0.0,0.0,0.0,0.0,23.131,1.698,0.479,26.738,67.319,106.0
2018-08-21 08:45:00,16.753,1.178,0.898,1.025,0.0,1.055,0.0,0.753,0.0,0.873,0.0,0.0,0.0,0.0,22.534,1.688,0.381,26.442,66.615,106.0
2018-08-21 09:00:00,16.833,1.191,0.912,1.043,0.0,1.067,0.0,0.759,0.0,0.887,0.0,0.0,0.0,0.0,22.693,1.678,0.483,26.395,66.791,105.2
2018-08-21 09:15:00,16.939,1.193,0.906,1.035,0.0,1.236,0.0,0.904,0.0,1.057,0.0,0.0,0.0,0.0,23.27,1.705,0.444,26.282,66.255,107.692
2018-08-21 09:30:00,16.837,1.189,0.903,1.031,0.0,0.941,0.0,0.635,0.0,0.748,0.0,0.0,0.0,0.0,22.283,1.645,0.442,26.263,66.538,107.333
2018-08-21 09:45:00,17.038,1.187,0.896,1.026,0.0,1.265,0.0,0.919,0.0,1.078,0.0,0.0,0.0,0.0,23.41,1.642,0.547,26.328,66.912,108.0
2018-08-21 10:00:00,16.664,1.199,0.907,1.038,0.0,0.97,0.0,0.659,0.0,0.77,0.0,0.0,0.0,0.0,22.207,1.697,0.424,26.261,67.279,107.133
2018-08-21 10:15:00,16.763,1.206,0.919,1.049,0.0,0.985,0.0,0.678,0.0,0.788,0.0,0.0,0.0,0.0,22.388,1.768,0.512,26.314,67.971,107.133
2018-08-21 10:30:00,16.929,1.207,0.919,1.049,0.0,1.187,0.0,0.867,0.0,0.999,0.0,0.0,0.0,0.0,23.157,2.34,0.555,26.43,68.093,108.0
2018-08-21 10:45:00,15.988,1.195,0.909,1.04,0.0,0.233,0.0,0.0,0.0,0.0,0.0,0.0,0.0,0.0,19.364,2.405,0.552,26.366,68.641,107.4
2018-08-21 11:00:00,16.447,1.209,0.921,1.053,0.0,0.755,0.0,0.468,0.0,0.55,0.0,0.0,0.0,0.0,21.403,2.071,0.469,26.335,69.042,107.933
2018-08-21 11:15:00,15.759,1.196,0.907,1.039,0.0,0.234,0.0,0.0,0.0,0.0,0.0,0.0,0.0,0.0,19.135,2.071,0.596,26.433,70.359,107.333
2018-08-21 11:30:00,15.675,1.185,0.892,1.023,0.0,0.237,0.0,0.0,0.0,0.0,0.0,0.0,0.0,0.0,19.013,1.737,0.516,26.213,68.604,107.733
2018-08-21 11:45:00,15.626,1.199,0.9,1.035,0.385,0.24,0.141,0.0,0.164,0.0,0.0,0.0,0.0,0.0,19.689,1.749,0.556,26.291,68.269,109.0
2018-08-21 12:00:00,15.967,1.021,0.733,0.837,1.166,0.487,0.727,0.219,0.834,0.259,0.0,0.0,0.0,0.0,22.249,1.761,0.569,26.035,68.388,109.467
2018-08-21 12:15:00,16.083,1.227,0.923,1.053,1.391,0.66,0.951,0.373,1.075,0.443,0.0,0.0,0.0,0.0,24.18,1.766,0.538,25.847,67.43,109.667
2018-08-21 12:30:00,15.963,1.245,0.937,1.069,1.389,0.521,0.954,0.251,1.075,0.295,0.0,0.0,0.0,0.0,23.7,1.763,0.458,25.806,67.608,109.077
2018-08-21 12:45:00,16.212,1.254,0.949,1.079,1.406,0.628,0.971,0.345,1.1,0.407,0.0,0.0,0.0,0.0,24.352,1.757,0.408,25.768,67.624,109.133
2018-08-21 13:00:00,16.739,1.253,0.958,1.085,1.389,0.641,0.971,0.364,1.093,0.425,0.0,0.0,0.0,0.0,24.917,2.063,0.41,25.76,68.197,108.667
2018-08-21 13:15:00,16.657,1.249,0.955,1.081,1.388,0.435,0.97,0.181,1.089,0.211,0.0,0.0,0.0,0.0,24.217,2.027,0.421,25.779,68.15,108.667
2018-08-21 13:30:00,16.564,1.246,0.945,1.073,1.376,0.588,0.951,0.311,1.076,0.37,0.0,0.0,0.0,0.0,24.501,1.713,0.474,25.678,67.443,107.8
2018-08-21 13:45:00,16.473,1.237,0.936,1.065,1.395,0.569,0.967,0.292,1.089,0.348,0.0,0.0,0.0,0.0,24.371,1.718,0.447,25.669,67.644,108.0
2018-08-21 14:00:00,16.757,1.254,0.955,1.083,1.395,0.465,0.973,0.205,1.09,0.239,0.0,0.0,0.367,0.0,24.785,1.86,0.454,25.803,68.121,107.267
2018-08-21 14:15:00,16.572,1.247,0.952,1.077,1.379,0.556,0.955,0.283,1.074,0.339,0.0,0.0,0.396,0.0,24.829,2.057,0.473,25.77,67.309,108.733
2018-08-21 14:30:00,16.845,1.228,0.93,1.056,1.372,0.491,0.946,0.225,1.065,0.269,0.0,0.0,0.721,0.0,25.148,1.489,0.449,25.617,67.482,114.267
2018-08-21 14:45:00,17.143,1.244,0.944,1.073,1.4,0.447,0.967,0.183,1.087,0.218,0.0,0.0,0.779,0.0,25.485,1.527,0.388,25.571,67.741,114.8
2018-08-21 15:00:00,17.386,1.245,0.943,1.072,1.415,0.533,0.985,0.262,1.103,0.31,0.0,0.0,0.82,0.0,26.075,1.55,0.493,25.575,67.965,115.0
2018-08-21 15:15:00,17.335,1.243,0.943,1.069,1.397,0.615,0.968,0.335,1.085,0.395,0.0,0.0,0.781,0.0,26.166,1.471,0.489,25.573,68.273,115.0
2018-08-21 15:30:00,16.96,1.249,0.951,1.077,1.407,0.524,0.98,0.256,1.095,0.299,0.0,0.0,0.673,0.0,25.471,1.471,0.411,25.571,68.37,115.0
2018-08-21 15:45:00,16.9,1.271,0.97,1.099,1.426,0.759,0.995,0.461,1.113,0.545,0.0,0.0,0.15,0.0,25.688,1.581,0.481,25.698,69.485,115.0
2018-08-21 16:00:00,16.334,1.249,0.949,1.075,1.387,0.602,0.958,0.326,1.074,0.381,0.0,0.0,0.0,0.0,24.335,2.101,0.385,25.923,70.566,115.0
2018-08-21 16:15:00,16.807,1.256,0.958,1.086,1.393,0.901,0.968,0.601,1.085,0.701,0.0,0.0,0.0,0.0,25.757,1.907,0.589,26.225,71.068,114.692
2018-08-21 16:30:00,16.248,1.245,0.943,1.076,1.409,0.787,0.971,0.489,1.096,0.581,0.0,0.0,0.0,0.0,24.844,1.935,0.541,25.855,69.245,114.733
2018-08-21 16:45:00,12.862,1.238,0.943,1.068,1.383,1.041,0.951,0.723,1.074,0.851,0.0,0.0,0.0,0.0,22.133,1.841,0.403,25.849,69.361,115.143
2018-08-21 17:00:00,0.447,1.239,0.943,1.074,1.369,0.655,0.943,0.38,1.065,0.446,0.0,0.0,0.0,0.0,8.562,1.734,0.271,26.929,66.145,111.143
2018-08-21 17:15:00,0.397,1.225,0.93,1.059,1.371,0.605,0.951,0.333,1.07,0.393,0.0,0.0,0.0,0.0,8.333,1.685,0.17,27.585,64.836,107.0
2018-08-21 17:30:00,0.467,1.224,0.925,1.053,1.391,0.679,0.963,0.393,1.082,0.463,0.0,0.0,0.0,0.0,8.642,1.78,0.185,28.011,63.211,95.933
2018-08-21 17:45:00,0.385,1.215,0.913,1.037,1.359,0.6,0.931,0.321,1.049,0.381,0.0,0.0,0.0,0.0,8.191,1.334,0.22,28.478,62.712,6.846
2018-08-21 18:00:00,0.021,1.215,0.909,1.035,1.383,0.033,0.949,0.017,1.065,0.02,0.0,0.0,0.0,0.0,6.646,1.195,0.175,28.163,62.057,3.0
2018-08-21 18:15:00,0.0,0.533,0.274,0.312,1.317,0.01,0.884,0.0,0.999,0.0,0.0,0.0,0.0,0.0,4.329,1.269,0.121,28.245,61.537,14.867
2018-08-21 18:30:00,0.001,0.448,0.193,0.219,1.325,0.01,0.887,0.0,1.002,0.0,0.0,0.0,0.0,0.0,4.085,1.199,0.174,28.327,61.179,5.133
2018-08-21 18:45:00,0.0,0.65,0.377,0.425,1.334,0.01,0.902,0.0,1.003,0.0,0.0,0.0,0.0,0.0,4.701,1.198,0.11,28.394,60.865,3.0
2018-08-21 19:00:00,0.001,0.568,0.303,0.34,1.317,0.01,0.883,0.0,0.983,0.0,0.0,0.0,0.0,0.0,4.405,0.463,0.256,28.453,60.789,2.8
2018-08-21 19:15:00,0.0,0.567,0.299,0.338,1.326,0.01,0.884,0.0,0.986,0.0,0.0,0.0,0.0,0.0,4.41,0.115,0.111,28.501,60.592,0.2
2018-08-21 19:30:00,0.0,0.408,0.154,0.171,1.313,0.01,0.873,0.0,0.973,0.0,0.0,0.0,0.0,0.0,3.903,0.0,0.11,28.521,60.421,0.0
2018-08-21 19:45:00,0.003,0.521,0.261,0.293,1.298,0.01,0.871,0.0,0.97,0.0,0.0,0.0,0.0,0.0,4.225,0.0,0.106,28.563,60.261,0.0
2018-08-21 20:00:00,0.0,0.554,0.292,0.329,1.299,0.01,0.879,0.0,0.976,0.0,0.0,0.0,0.0,0.0,4.338,0.0,0.107,28.628,60.022,0.0
2018-08-21 20:15:00,0.0,0.407,0.155,0.174,1.314,0.01,0.884,0.0,0.979,0.0,0.0,0.0,0.0,0.0,3.923,0.0,0.094,28.62,60.309,0.0
2018-08-21 20:30:00,0.001,0.521,0.261,0.291,1.301,0.01,0.879,0.0,0.967,0.0,0.0,0.0,0.0,0.0,4.231,0.0,0.07,28.639,60.226,0.0
2018-08-21 20:45:00,0.001,0.575,0.315,0.348,1.304,0.01,0.885,0.0,0.969,0.0,0.0,0.0,0.0,0.0,4.407,0.0,0.07,28.681,59.941,0.0
2018-08-21 21:00:00,0.001,0.489,0.232,0.259,1.288,0.01,0.867,0.0,0.957,0.0,0.0,0.0,0.0,0.0,4.103,0.0,0.07,28.727,59.912,0.0
2018-08-21 21:15:00,0.001,0.518,0.256,0.287,1.318,0.01,0.887,0.0,0.977,0.0,0.0,0.0,0.0,0.0,4.254,0.0,0.105,28.757,59.878,0.0
2018-08-21 21:30:00,0.001,0.521,0.259,0.291,1.297,0.01,0.869,0.0,0.959,0.0,0.0,0.0,0.0,0.0,4.207,0.0,0.111,28.758,59.885,0.0
2018-08-21 21:45:00,0.001,0.507,0.246,0.275,1.3,0.01,0.872,0.0,0.961,0.0,0.0,0.0,0.0,0.0,4.172,0.0,0.11,28.799,59.854,0.0
2018-08-21 22:00:00,0.0,0.483,0.225,0.251,1.311,0.01,0.883,0.0,0.973,0.0,0.0,0.0,0.0,0.0,4.137,0.0,0.107,28.827,59.857,0.0
2018-08-21 22:15:00,0.001,0.455,0.199,0.222,1.296,0.01,0.875,0.0,0.965,0.0,0.0,0.0,0.0,0.0,4.022,0.0,0.072,28.844,59.854,0.0
2018-08-21 22:30:00,0.001,0.565,0.302,0.337,1.305,0.01,0.883,0.0,0.974,0.0,0.0,0.0,0.0,0.0,4.377,0.0,0.07,28.877,59.864,0.0
2018-08-21 22:45:00,0.001,0.559,0.295,0.331,1.307,0.01,0.883,0.0,0.974,0.0,0.0,0.0,0.0,0.0,4.359,0.0,0.07,28.89,59.863,0.0
2018-08-21 23:00:00,0.001,0.489,0.232,0.258,1.314,0.01,0.883,0.0,0.973,0.0,0.0,0.0,0.0,0.0,4.159,0.0,0.097,28.899,59.911,0.0
2018-08-21 23:15:00,0.001,0.457,0.202,0.225,1.301,0.01,0.877,0.0,0.966,0.0,0.0,0.0,0.0,0.0,4.039,0.0,0.11,28.91,59.945,0.0
2018-08-21 23:30:00,0.001,0.533,0.273,0.304,1.307,0.01,0.882,0.0,0.969,0.0,0.0,0.0,0.0,0.0,4.279,0.0,0.109,28.934,60.006,0.0
2018-08-21 23:45:00,0.109,0.765,0.524,0.584,1.327,0.291,0.903,0.093,0.991,0.109,0.0,0.0,0.0,0.0,5.696,0.0,0.11,28.948,60.167,0.0
2018-08-22 00:00:00,0.999,0.0,0.0,0.0,1.297,1.201,0.869,0.865,0.959,0.995,0.0,0.0,0.0,0.0,7.184,0.0,0.109,28.933,60.285,0.0
2018-08-22 00:15:00,1.009,0.0,0.0,0.0,1.279,1.209,0.851,0.88,0.945,1.003,0.0,0.0,0.0,0.0,7.176,0.0,0.107,28.948,60.388,0.0
2018-08-22 00:30:00,1.006,0.0,0.0,0.0,1.285,1.208,0.857,0.881,0.946,1.005,0.0,0.0,0.0,0.0,7.188,0.0,0.109,28.932,60.361,0.0
2018-08-22 00:45:00,0.985,0.0,0.0,0.0,1.287,1.183,0.857,0.857,0.948,0.981,0.0,0.0,0.0,0.0,7.097,0.0,0.109,28.92,60.251,0.0
2018-08-22 01:00:00,0.998,0.0,0.0,0.0,1.297,1.196,0.859,0.865,0.954,0.993,0.0,0.0,0.0,0.0,7.163,0.0,0.109,28.923,60.153,0.0
2018-08-22 01:15:00,0.985,0.0,0.0,0.0,1.281,1.18,0.854,0.857,0.949,0.982,0.0,0.0,0.0,0.0,7.087,0.0,0.103,28.951,60.215,0.0
2018-08-22 01:30:00,0.685,0.0,0.0,0.0,1.291,0.889,0.863,0.593,0.959,0.682,0.0,0.0,0.0,0.0,5.961,0.0,0.106,28.956,59.827,0.0
2018-08-22 01:45:00,0.981,0.0,0.0,0.0,1.296,1.176,0.869,0.849,0.962,0.975,0.0,0.0,0.0,0.0,7.109,0.0,0.109,29.106,59.911,0.0
2018-08-22 02:00:00,0.795,0.0,0.0,0.0,1.306,1.0,0.873,0.687,0.965,0.791,0.0,0.0,0.0,0.0,6.417,0.0,0.108,29.3,60.034,0.0
2018-08-22 02:15:00,1.021,0.0,0.0,0.0,1.286,1.222,0.857,0.889,0.951,1.016,0.0,0.0,0.0,0.0,7.243,0.0,0.105,29.12,60.1,0.0
2018-08-22 02:30:00,0.997,0.0,0.0,0.0,1.285,1.194,0.854,0.863,0.951,0.993,0.0,0.0,0.0,0.0,7.136,0.0,0.107,29.218,60.348,0.0
2018-08-22 02:45:00,0.984,0.0,0.0,0.0,1.261,1.179,0.832,0.851,0.927,0.981,0.0,0.0,0.0,0.0,7.015,0.0,0.075,29.593,60.593,0.0
2018-08-22 03:00:00,0.815,0.0,0.0,0.0,1.281,1.017,0.85,0.705,0.948,0.814,0.0,0.0,0.0,0.0,6.431,0.0,0.07,29.127,60.62,0.0
2018-08-22 03:15:00,0.939,0.0,0.0,0.0,1.26,1.136,0.834,0.81,0.93,0.936,0.0,0.0,0.0,0.0,6.845,0.0,0.07,29.149,60.76,0.0
2018-08-22 03:30:00,0.979,0.0,0.0,0.0,1.256,1.171,0.833,0.846,0.929,0.975,0.0,0.0,0.0,0.0,6.989,0.0,0.086,29.134,60.7,0.0
2018-08-22 03:45:00,0.99,0.0,0.0,0.0,1.267,1.185,0.839,0.856,0.934,0.987,0.0,0.0,0.0,0.0,7.057,0.0,0.111,29.127,60.446,0.0
2018-08-22 04:00:00,0.988,0.0,0.0,0.0,1.256,1.181,0.834,0.857,0.928,0.985,0.0,0.0,0.0,0.0,7.029,0.0,0.105,29.1,60.213,0.0
2018-08-22 04:15:00,0.975,0.0,0.0,0.0,1.262,1.177,0.829,0.841,0.923,0.973,0.0,0.0,0.0,0.0,6.98,0.0,0.103,29.104,60.257,0.0
2018-08-22 04:30:00,1.004,0.0,0.0,0.0,1.264,1.205,0.828,0.867,0.923,1.0,0.0,0.0,0.0,0.0,7.092,0.0,0.073,29.555,60.236,0.0
2018-08-22 04:45:00,0.801,0.0,0.0,0.0,1.279,1.014,0.839,0.694,0.937,0.799,0.0,0.0,0.0,0.0,6.363,0.0,0.07,29.123,59.996,0.0
2018-08-22 05:00:00,0.984,0.0,0.0,0.0,1.257,1.183,0.823,0.853,0.919,0.98,0.0,0.0,0.0,0.0,6.999,0.0,0.07,29.163,59.871,0.0
2018-08-22 05:15:00,0.984,0.0,0.0,0.0,1.257,1.183,0.825,0.855,0.921,0.981,0.0,0.0,0.0,0.0,7.007,0.0,0.104,29.197,59.729,0.0
2018-08-22 05:30:00,0.781,0.0,0.0,0.0,1.258,0.987,0.828,0.676,0.922,0.779,0.0,0.0,0.0,0.0,6.231,0.0,0.11,29.211,59.701,0.0
2018-08-22 05:45:00,0.044,0.747,0.477,0.534,1.311,0.283,0.877,0.038,0.969,0.044,0.0,0.0,0.0,0.0,5.324,0.0,0.109,29.224,59.823,0.333
2018-08-22 06:00:00,0.238,1.158,0.866,0.963,0.254,0.465,0.173,0.204,0.189,0.236,0.0,0.0,0.0,0.0,4.746,0.011,0.186,29.254,59.962,2.8
2018-08-22 06:15:00,0.572,1.158,0.86,0.965,0.0,0.789,0.0,0.487,0.0,0.569,0.0,0.0,0.0,0.0,5.4,0.0,0.091,29.255,60.308,3.0
2018-08-22 06:30:00,1.055,1.17,0.876,0.987,0.0,1.255,0.0,0.913,0.0,1.053,0.0,0.0,0.0,0.0,7.309,0.303,0.129,29.272,60.307,3.0
2018-08-22 06:45:00,1.055,1.167,0.877,0.988,0.0,1.247,0.0,0.912,0.0,1.053,0.0,0.0,0.0,0.0,7.299,0.369,0.139,29.257,60.431,3.0
2018-08-22 07:00:00,1.047,1.155,0.865,0.983,0.0,1.229,0.0,0.893,0.0,1.042,0.0,0.0,0.0,0.0,7.215,0.367,0.154,29.268,60.358,3.0
2018-08-22 07:15:00,1.091,1.171,0.879,1.001,0.0,1.265,0.0,0.93,0.0,1.087,0.0,0.0,0.0,0.0,7.425,0.645,0.17,,,
2018-08-22 07:30:00,3.897,1.175,0.879,1.007,0.0,1.233,0.0,0.897,0.0,1.059,0.0,0.0,0.0,0.0,10.147,1.513,0.247,,,
2018-08-22 07:45:00,16.303,1.157,0.867,0.991,0.0,1.025,0.0,0.718,0.0,0.835,0.0,0.0,0.0,0.0,21.897,1.569,0.301,27.798,62.363,105.083
2018-08-22 08:00:00,16.622,1.169,0.887,1.009,0.0,0.979,0.0,0.684,0.0,0.791,0.0,0.0,0.0,0.0,22.141,1.697,0.325,26.977,63.537,105.133
2018-08-22 08:15:00,16.507,1.175,0.887,1.011,0.0,1.028,0.0,0.718,0.0,0.837,0.0,0.0,0.0,0.0,22.163,1.698,0.401,26.595,63.915,106.867
2018-08-22 08:30:00,16.893,1.181,0.89,1.018,0.0,1.221,0.0,0.891,0.0,1.042,0.0,0.0,0.0,0.0,23.135,1.697,0.404,26.542,64.483,111.133
2018-08-22 08:45:00,16.954,1.189,0.897,1.024,0.0,1.243,0.0,0.913,0.0,1.066,0.0,0.0,0.0,0.0,23.285,1.698,0.404,26.611,65.508,112.933
2018-08-22 09:00:00,16.869,1.206,0.917,1.042,0.0,1.08,0.0,0.771,0.0,0.891,0.0,0.0,0.0,0.0,22.777,1.689,0.405,26.437,64.751,113.733
2018-08-22 09:15:00,16.221,1.205,0.909,1.039,0.0,0.518,0.0,0.254,0.0,0.297,0.0,0.0,0.0,0.0,20.444,1.737,0.493,26.315,65.021,107.231
2018-08-22 09:30:00,16.152,1.201,0.905,1.037,0.0,0.237,0.0,0.0,0.0,0.0,0.0,0.0,0.0,0.0,19.532,1.741,0.499,26.314,65.299,105.0
2018-08-22 09:45:00,16.029,1.195,0.904,1.033,0.0,0.237,0.0,0.0,0.0,0.0,0.0,0.0,0.0,0.0,19.399,1.731,0.569,26.23,64.669,105.0
2018-08-22 10:00:00,16.204,1.196,0.907,1.037,0.0,0.237,0.0,0.0,0.0,0.0,0.0,0.0,0.0,0.0,19.581,1.706,0.533,26.156,64.561,102.6
2018-08-22 10:15:00,16.359,1.211,0.917,1.048,0.0,0.239,0.0,0.0,0.0,0.0,0.0,0.0,0.0,0.0,19.773,1.731,0.578,26.271,65.984,100.933
2018-08-22 10:30:00,16.437,1.22,0.924,1.054,0.0,0.678,0.0,0.262,0.0,0.309,0.0,0.002,0.001,0.001,17.349,1.729,0.559,26.516,67.446,100.385
2018-08-22 10:45:00,16.251,1.214,0.925,1.056,0.0,0.237,0.0,0.0,0.0,0.0,0.0,0.0,0.0,0.0,19.682,1.703,0.647,26.432,66.203,103.0
2018-08-22 11:00:00,16.215,1.209,0.918,1.048,0.0,0.237,0.0,0.0,0.0,0.0,0.0,0.0,0.0,0.0,19.627,1.72,0.501,26.261,65.573,105.2
2018-08-22 11:15:00,16.21,1.21,0.919,1.048,0.0,0.24,0.0,0.0,0.0,0.0,0.0,0.0,0.0,0.0,19.627,1.697,0.523,26.251,65.398,112.933
2018-08-22 11:30:00,16.197,1.217,0.919,1.054,0.0,0.237,0.0,0.0,0.0,0.0,0.0,0.0,0.0,0.0,19.625,1.712,0.421,26.229,65.898,105.333
2018-08-22 11:45:00,16.095,1.215,0.915,1.051,0.537,0.237,0.298,0.0,0.341,0.0,0.0,0.0,0.0,0.0,20.689,1.731,0.422,26.247,66.081,105.6
2018-08-22 12:00:00,16.529,0.841,0.565,0.645,1.384,0.603,0.938,0.323,1.069,0.383,0.0,0.0,0.0,0.0,23.28,1.745,0.505,26.174,65.525,105.933
2018-08-22 12:15:00,16.565,1.268,0.969,1.099,1.433,0.625,0.993,0.339,1.116,0.403,0.0,0.0,0.0,0.0,24.808,1.735,0.587,26.005,64.908,105.462
2018-08-22 12:30:00,16.379,1.257,0.959,1.092,1.413,0.458,0.976,0.194,1.102,0.232,0.0,0.0,0.0,0.0,24.062,1.737,0.449,25.702,64.822,105.0
2018-08-22 12:45:00,16.494,1.253,0.96,1.091,1.401,0.623,0.971,0.341,1.093,0.405,0.0,0.0,0.0,0.0,24.633,1.733,0.537,25.638,65.298,105.077
2018-08-22 13:00:00,16.817,1.241,0.953,1.075,1.405,0.648,0.987,0.369,1.101,0.433,0.0,0.0,0.0,0.0,25.029,1.915,0.642,25.701,66.661,104.533
2018-08-22 13:15:00,16.638,1.243,0.954,1.077,1.4,0.564,0.976,0.292,1.089,0.341,0.0,0.0,0.0,0.0,24.573,2.06,0.995,25.756,68.283,104.533
2018-08-22 13:30:00,17.347,1.251,0.957,1.082,1.429,0.652,1.005,0.369,1.119,0.435,0.0,0.0,0.734,0.0,26.379,2.407,0.875,25.604,67.892,105.923
2018-08-22 13:45:00,17.333,1.256,0.961,1.085,1.402,0.501,0.977,0.237,1.091,0.277,0.0,0.0,0.7,0.0,25.821,2.571,0.997,25.622,68.031,110.067
2018-08-22 14:00:00,17.47,1.269,0.976,1.104,1.442,0.593,1.013,0.315,1.129,0.371,0.0,0.0,0.693,0.0,26.376,2.628,0.795,25.791,69.144,115.733
2018-08-22 14:15:00,17.736,1.27,0.978,1.106,1.422,0.589,1.001,0.319,1.113,0.37,0.0,0.0,0.839,0.0,26.743,2.628,0.971,25.733,68.971,119.133
2018-08-22 14:30:00,17.652,1.09,0.812,0.917,1.411,0.608,0.99,0.332,1.099,0.389,0.0,0.0,0.898,0.0,26.199,2.621,1.042,25.632,68.415,119.4
2018-08-22 14:45:00,17.64,1.215,0.923,1.044,1.405,0.571,0.981,0.301,1.095,0.353,0.0,0.0,0.895,0.0,26.423,2.624,1.006,25.67,69.217,119.667
2018-08-22 15:00:00,17.231,1.234,0.945,1.073,1.415,0.545,0.983,0.273,1.099,0.32,0.0,0.0,0.793,0.0,25.91,2.641,0.936,25.604,68.618,119.692
2018-08-22 15:15:00,16.113,1.223,0.929,1.061,1.394,0.637,0.966,0.356,1.083,0.419,0.0,0.0,0.341,0.0,24.523,2.646,0.885,25.563,69.003,120.0
2018-08-22 15:30:00,15.637,1.181,0.89,1.021,1.336,0.375,0.905,0.123,1.022,0.145,0.0,0.0,0.417,0.0,23.053,2.667,0.885,25.517,69.187,119.8
2018-08-22 15:45:00,16.093,0.669,0.406,0.466,1.292,0.782,0.858,0.475,0.982,0.574,0.0,0.0,0.508,0.0,23.105,2.559,0.964,25.549,71.772,114.067
2018-08-22 16:00:00,15.286,1.157,0.863,0.992,1.328,0.293,0.893,0.047,1.018,0.056,0.0,0.0,0.291,0.0,22.223,2.486,0.878,25.367,72.527,112.2
2018-08-22 16:15:00,15.251,1.138,0.856,0.988,1.285,0.612,0.869,0.334,0.993,0.404,0.0,0.0,0.258,0.0,22.988,2.431,0.894,25.437,72.243,111.0
2018-08-22 16:30:00,15.125,1.126,0.846,0.978,1.284,0.389,0.864,0.136,0.987,0.167,0.0,0.0,0.364,0.0,22.265,2.432,0.924,25.359,71.357,111.0
2018-08-22 16:45:00,12.393,1.156,0.872,1.001,1.315,0.637,0.891,0.355,1.014,0.428,0.0,0.0,0.383,0.0,20.443,2.441,0.787,25.396,72.931,103.467
2018-08-22 17:00:00,1.1,1.178,0.891,1.02,1.319,0.708,0.894,0.417,1.015,0.496,0.0,0.0,0.603,0.0,9.641,2.465,0.781,26.172,71.508,99.0
2018-08-22 17:15:00,0.937,0.981,0.701,0.802,1.302,0.622,0.878,0.339,0.998,0.408,0.0,0.0,0.529,0.0,8.497,2.465,0.844,26.771,71.268,97.667
2018-08-22 17:30:00,1.049,0.987,0.701,0.802,1.311,0.681,0.885,0.393,1.007,0.471,0.0,0.0,0.577,0.0,8.862,2.465,0.627,27.453,71.585,97.267
2018-08-22 17:45:00,1.237,0.977,0.691,0.791,1.327,0.791,0.901,0.489,1.021,0.585,0.0,0.0,0.651,0.0,9.46,2.181,0.552,27.345,70.818,97.077
2018-08-22 18:00:00,0.628,1.045,0.75,0.863,1.297,0.01,0.879,0.0,0.999,0.0,0.0,0.0,0.625,0.0,7.095,2.203,0.562,27.276,68.028,96.231
2018-08-22 18:15:00,0.645,0.232,0.0,0.0,1.255,0.01,0.842,0.0,0.96,0.0,0.0,0.0,0.642,0.0,4.585,2.045,0.545,27.521,66.703,95.0
2018-08-22 18:30:00,0.662,0.381,0.133,0.151,1.264,0.01,0.845,0.0,0.959,0.0,0.0,0.0,0.661,0.0,5.066,2.107,0.556,27.797,65.384,95.0
2018-08-22 18:45:00,0.624,0.484,0.225,0.257,1.281,0.01,0.857,0.0,0.969,0.0,0.0,0.0,0.622,0.0,5.329,2.064,0.369,28.153,64.475,93.8
2018-08-22 19:00:00,0.0,0.367,0.118,0.135,1.267,0.01,0.846,0.0,0.954,0.0,0.0,0.0,0.0,0.0,3.697,1.769,0.137,28.224,64.211,94.2
2018-08-22 19:15:00,0.0,0.354,0.106,0.12,1.265,0.01,0.843,0.0,0.948,0.0,0.0,0.0,0.0,0.0,3.646,1.581,0.09,27.726,64.962,80.067
2018-08-22 19:30:00,0.0,0.361,0.111,0.125,1.276,0.01,0.845,0.0,0.951,0.0,0.0,0.0,0.0,0.0,3.679,1.215,0.041,27.769,64.175,4.733
2018-08-22 19:45:00,0.0,0.355,0.107,0.122,1.259,0.01,0.839,0.0,0.945,0.0,0.0,0.0,0.0,0.0,3.639,1.193,0.073,27.904,62.514,3.0
2018-08-22 20:00:00,0.0,0.353,0.105,0.119,1.247,0.01,0.831,0.0,0.935,0.0,0.0,0.0,0.0,0.0,3.601,1.19,0.07,28.098,62.21,3.0
2018-08-22 20:15:00,0.0,0.357,0.109,0.124,1.263,0.01,0.841,0.0,0.943,0.0,0.0,0.0,0.0,0.0,3.647,0.673,0.07,28.303,62.176,1.0
2018-08-22 20:30:00,0.0,0.361,0.111,0.126,1.275,0.01,0.849,0.0,0.949,0.0,0.0,0.0,0.0,0.0,3.68,0.0,0.07,28.206,62.154,0.0
2018-08-22 20:45:00,0.0,0.24,0.0,0.0,1.257,0.01,0.837,0.0,0.933,0.0,0.0,0.0,0.0,0.0,3.276,0.0,0.075,28.252,62.229,0.0
2018-08-22 21:00:00,0.0,0.323,0.077,0.087,1.255,0.01,0.84,0.0,0.932,0.0,0.0,0.0,0.0,0.0,3.525,0.0,0.07,28.285,62.23,0.0
2018-08-22 21:15:00,0.001,0.261,0.019,0.021,1.259,0.01,0.842,0.0,0.934,0.0,0.0,0.0,0.0,0.0,3.347,0.0,0.051,28.314,62.213,0.0
2018-08-22 21:30:00,0.0,0.337,0.09,0.101,1.281,0.01,0.857,0.0,0.951,0.0,0.0,0.0,0.0,0.0,3.627,0.0,0.04,28.332,62.169,0.0
2018-08-22 21:45:00,0.001,0.24,0.0,0.0,1.269,0.01,0.849,0.0,0.94,0.0,0.0,0.0,0.0,0.0,3.308,0.0,0.04,28.373,62.38,0.0
2018-08-22 22:00:00,0.001,0.351,0.103,0.115,1.272,0.01,0.853,0.0,0.947,0.0,0.0,0.0,0.0,0.0,3.65,0.0,0.048,28.401,62.161,0.0
2018-08-22 22:15:00,0.0,0.327,0.081,0.092,1.268,0.01,0.854,0.0,0.948,0.0,0.0,0.0,0.0,0.0,3.581,0.0,0.073,28.432,62.057,0.0
2018-08-22 22:30:00,0.001,0.318,0.073,0.081,1.285,0.01,0.866,0.0,0.963,0.0,0.0,0.0,0.0,0.0,3.596,0.0,0.07,28.449,62.137,0.0
2018-08-22 22:45:00,0.0,0.275,0.033,0.037,1.263,0.01,0.853,0.0,0.951,0.0,0.0,0.0,0.0,0.0,3.422,0.0,0.07,28.472,62.016,0.0
2018-08-22 23:00:00,0.0,0.322,0.077,0.087,1.271,0.01,0.861,0.0,0.957,0.0,0.0,0.0,0.0,0.0,3.585,0.0,0.07,28.506,61.907,0.0
2018-08-22 23:15:00,0.0,0.273,0.031,0.035,1.276,0.01,0.855,0.0,0.955,0.0,0.0,0.0,0.0,0.0,3.435,0.0,0.07,28.543,61.911,0.0
2018-08-22 23:30:00,0.0,0.343,0.096,0.108,1.271,0.01,0.855,0.0,0.951,0.0,0.0,0.0,0.0,0.0,3.634,0.0,0.052,28.557,61.914,0.0
2018-08-22 23:45:00,0.098,0.197,0.0,0.0,1.261,0.29,0.838,0.081,0.935,0.097,0.0,0.0,0.0,0.0,3.797,0.0,0.039,28.58,61.925,0.0
2018-08-23 00:00:00,1.018,0.0,0.0,0.0,1.293,1.223,0.871,0.883,0.966,1.015,0.0,0.0,0.0,0.0,7.269,0.0,0.041,28.615,61.911,0.0
2018-08-23 00:15:00,0.84,0.0,0.0,0.0,1.303,1.049,0.877,0.733,0.973,0.837,0.0,0.0,0.0,0.0,6.613,0.0,0.048,28.637,61.863,0.0
2018-08-23 00:30:00,0.997,0.0,0.0,0.0,1.263,1.191,0.84,0.863,0.937,0.993,0.0,0.0,0.0,0.0,7.084,0.0,0.071,28.644,61.824,0.0
2018-08-23 00:45:00,0.801,0.0,0.0,0.0,1.262,1.003,0.837,0.692,0.935,0.795,0.0,0.0,0.0,0.0,6.325,0.0,0.07,28.649,61.813,0.0
2018-08-23 01:00:00,0.819,0.0,0.0,0.0,1.267,1.023,0.844,0.711,0.941,0.815,0.0,0.0,0.0,0.0,6.421,0.0,0.07,28.667,61.689,0.0
2018-08-23 01:15:00,0.82,0.0,0.0,0.0,1.303,1.028,0.873,0.713,0.971,0.816,0.0,0.0,0.0,0.0,6.524,0.0,0.07,28.665,61.614,0.0
2018-08-23 01:30:00,0.8,0.0,0.0,0.0,1.265,1.008,0.839,0.692,0.936,0.799,0.0,0.0,0.0,0.0,6.339,0.0,0.07,28.667,61.617,0.0
2018-08-23 01:45:00,0.611,0.0,0.0,0.0,1.257,0.82,0.837,0.529,0.935,0.611,0.0,0.0,0.0,0.0,5.599,0.0,0.07,28.654,61.656,0.0
2018-08-23 02:00:00,0.811,0.0,0.0,0.0,1.283,1.015,0.862,0.705,0.957,0.808,0.0,0.0,0.0,0.0,6.441,0.0,0.07,28.67,61.558,0.0
2018-08-23 02:15:00,0.807,0.0,0.0,0.0,1.264,1.009,0.847,0.698,0.943,0.805,0.0,0.0,0.0,0.0,6.375,0.0,0.07,28.676,61.457,0.0
2018-08-23 02:30:00,0.601,0.0,0.0,0.0,1.275,0.811,0.857,0.519,0.952,0.598,0.0,0.0,0.0,0.0,5.613,0.0,0.07,28.675,61.421,0.0
2018-08-23 02:45:00,0.792,0.0,0.0,0.0,1.26,0.995,0.842,0.683,0.939,0.789,0.0,0.0,0.0,0.0,6.301,0.0,0.042,28.715,61.315,0.0
2018-08-23 03:00:00,0.823,0.0,0.0,0.0,1.279,1.031,0.856,0.716,0.953,0.819,0.0,0.0,0.0,0.0,6.478,0.0,0.04,28.748,61.169,0.0
2018-08-23 03:15:00,0.811,0.0,0.0,0.0,1.268,1.017,0.847,0.705,0.942,0.809,0.0,0.0,0.0,0.0,6.399,0.0,0.039,28.717,61.205,0.0
2018-08-23 03:30:00,0.713,0.0,0.0,0.0,1.253,0.917,0.834,0.617,0.931,0.709,0.0,0.0,0.0,0.0,5.973,0.0,0.057,28.736,61.265,0.0
2018-08-23 03:45:00,0.688,0.0,0.0,0.0,1.27,0.899,0.848,0.596,0.944,0.686,0.0,0.0,0.0,0.0,5.931,0.0,0.07,28.778,60.999,0.0
2018-08-23 04:00:00,0.813,0.0,0.0,0.0,1.283,1.019,0.857,0.705,0.954,0.809,0.0,0.0,0.0,0.0,6.441,0.0,0.07,28.79,60.871,0.0
2018-08-23 04:15:00,0.586,0.0,0.0,0.0,1.27,0.795,0.849,0.503,0.946,0.583,0.0,0.0,0.0,0.0,5.532,0.0,0.07,28.8,60.836,0.0
2018-08-23 04:30:00,0.929,0.0,0.0,0.0,1.283,1.132,0.861,0.805,0.957,0.926,0.0,0.0,0.0,0.0,6.894,0.0,0.07,28.81,60.757,0.0
2018-08-23 04:45:00,0.65,0.0,0.0,0.0,1.261,0.859,0.839,0.559,0.936,0.646,0.0,0.0,0.0,0.0,5.749,0.0,0.049,28.789,60.822,0.0
2018-08-23 05:00:00,0.799,0.0,0.0,0.0,1.283,1.003,0.857,0.691,0.953,0.795,0.0,0.0,0.0,0.0,6.381,0.0,0.04,28.787,60.886,0.0
2018-08-23 05:15:00,0.769,0.0,0.0,0.0,1.259,0.965,0.843,0.66,0.938,0.766,0.0,0.0,0.0,0.0,6.199,0.0,0.04,28.793,60.909,0.0
2018-08-23 05:30:00,0.779,0.0,0.0,0.0,1.27,0.989,0.841,0.669,0.939,0.775,0.0,0.0,0.0,0.0,6.261,0.0,0.055,28.795,60.855,0.0
2018-08-23 05:45:00,0.052,0.231,0.0,0.0,1.239,0.288,0.811,0.045,0.911,0.052,0.0,0.0,0.0,0.0,3.629,0.0,0.071,28.806,60.802,0.0
2018-08-23 06:00:00,0.155,0.923,0.639,0.72,0.225,0.388,0.148,0.132,0.167,0.154,0.0,0.0,0.0,0.0,3.651,0.0,0.143,28.817,60.806,2.067
2018-08-23 06:15:00,0.47,1.169,0.874,0.979,0.0,0.687,0.0,0.397,0.0,0.467,0.0,0.0,0.0,0.0,5.043,0.0,0.086,28.822,60.911,3.0
2018-08-23 06:30:00,0.465,1.18,0.889,0.997,0.0,0.682,0.0,0.394,0.0,0.465,0.0,0.0,0.0,0.0,5.073,0.0,0.08,28.834,61.253,3.0
2018-08-23 06:45:00,0.525,1.169,0.885,0.994,0.0,0.739,0.0,0.446,0.0,0.525,0.0,0.0,0.0,0.0,5.283,0.0,0.08,28.855,61.301,3.0
2018-08-23 07:00:00,0.573,1.171,0.885,0.996,0.0,0.783,0.0,0.486,0.0,0.572,0.0,0.0,0.0,0.0,5.467,0.017,0.102,28.877,61.326,3.0
2018-08-23 07:15:00,0.452,1.168,0.877,0.999,0.0,0.665,0.0,0.38,0.0,0.449,0.0,0.0,0.0,0.0,4.989,0.368,0.167,28.9,61.567,3.0
2018-08-23 07:30:00,3.62,1.16,0.865,0.992,0.0,0.827,0.0,0.52,0.0,0.617,0.0,0.0,0.0,0.0,8.602,0.549,0.251,28.836,62.208,41.267
2018-08-23 07:45:00,16.376,1.193,0.912,1.036,0.0,1.056,0.0,0.737,0.0,0.863,0.0,0.0,0.0,0.0,22.173,1.355,0.279,27.651,67.341,104.667
2018-08-23 08:00:00,16.896,1.168,0.886,1.015,0.0,1.272,0.0,0.935,0.0,1.097,0.0,0.0,0.0,0.0,23.27,1.684,0.447,26.703,67.615,103.933
2018-08-23 08:15:00,16.513,1.175,0.887,1.015,0.0,1.044,0.0,0.735,0.0,0.861,0.0,0.0,0.0,0.0,22.231,1.707,0.46,26.379,67.375,104.8
2018-08-23 08:30:00,16.45,1.181,0.895,1.023,0.0,1.034,0.0,0.731,0.0,0.853,0.0,0.0,0.0,0.0,22.167,1.7,0.589,26.297,67.925,103.6
2018-08-23 08:45:00,16.824,1.181,0.9,1.027,0.0,1.253,0.0,0.929,0.0,1.081,0.0,0.0,0.0,0.0,23.195,1.661,0.647,26.419,67.357,103.0
2018-08-23 09:00:00,16.85,1.198,0.909,1.04,0.0,1.209,0.0,0.888,0.0,1.031,0.0,0.0,0.0,0.0,23.125,1.697,0.679,26.365,67.504,102.933
2018-08-23 09:15:00,16.774,1.201,0.915,1.042,0.0,1.103,0.0,0.791,0.0,0.918,0.0,0.0,0.0,0.0,22.743,1.701,0.488,26.267,67.754,101.333
2018-08-23 09:30:00,16.903,1.197,0.902,1.034,0.0,1.025,0.0,0.711,0.0,0.831,0.0,0.0,0.0,0.0,22.603,1.796,0.58,26.533,67.792,103.067
2018-08-23 09:45:00,17.311,1.243,0.95,1.082,0.0,1.305,0.0,0.961,0.0,1.121,0.0,0.0,0.0,0.0,23.973,1.811,0.639,26.527,68.183,104.533
2018-08-23 10:00:00,16.75,1.234,0.941,1.075,0.0,1.052,0.0,0.739,0.0,0.861,0.0,0.0,0.0,0.0,22.653,1.721,0.576,25.91,68.215,107.182
2018-08-23 10:15:00,17.252,1.246,0.953,1.085,0.0,1.309,0.0,0.966,0.0,1.122,0.0,0.0,0.0,0.0,23.933,1.775,0.43,25.722,68.537,107.6
2018-08-23 10:30:00,17.055,1.215,0.925,1.059,0.0,1.018,0.0,0.707,0.0,0.827,0.0,0.0,0.0,0.0,22.805,2.066,0.527,25.657,68.157,103.133
2018-08-23 10:45:00,16.911,1.213,0.921,1.055,0.0,1.018,0.0,0.705,0.0,0.827,0.0,0.0,0.0,0.0,22.649,2.062,0.608,25.583,68.365,105.067
2018-08-23 11:00:00,17.217,1.212,0.921,1.053,0.0,1.09,0.0,0.775,0.0,0.903,0.0,0.0,0.0,0.0,23.171,2.062,0.501,25.578,68.311,105.231
2018-08-23 11:15:00,17.207,1.221,0.929,1.061,0.0,1.246,0.0,0.912,0.0,1.063,0.0,0.0,0.0,0.0,23.64,2.062,0.529,25.673,68.205,104.933
2018-08-23 11:30:00,16.908,1.241,0.947,1.081,0.0,1.071,0.0,0.755,0.0,0.886,0.0,0.0,0.0,0.0,22.889,2.077,0.504,25.612,68.034,105.462
2018-08-23 11:45:00,16.702,1.238,0.941,1.08,0.557,0.913,0.314,0.607,0.359,0.717,0.0,0.0,0.0,0.0,23.429,2.099,0.531,25.553,69.107,105.4
2018-08-23 12:00:00,16.411,1.243,0.948,1.084,1.391,0.633,0.949,0.355,1.076,0.417,0.0,0.0,0.0,0.0,24.506,2.103,0.582,25.574,69.059,105.467
2018-08-23 12:15:00,16.769,1.259,0.963,1.1,1.399,0.979,0.966,0.663,1.093,0.781,0.0,0.0,0.0,0.0,25.973,2.101,0.685,25.715,70.601,105.6
2018-08-23 12:30:00,16.947,1.266,0.97,1.105,1.424,1.065,0.991,0.733,1.116,0.858,0.0,0.0,0.0,0.0,26.476,2.101,0.733,25.775,70.687,105.933
2018-08-23 12:45:00,16.327,1.265,0.969,1.103,1.407,0.743,0.978,0.452,1.104,0.532,0.0,0.0,0.0,0.0,24.88,2.096,0.747,25.672,69.947,105.0
2018-08-23 13:00:00,16.851,1.234,0.944,1.074,1.383,0.612,0.965,0.341,1.086,0.398,0.0,0.0,0.0,0.0,24.889,2.069,0.562,25.502,69.172,104.067
2018-08-23 13:15:00,16.744,1.253,0.963,1.089,1.394,0.8,0.973,0.507,1.09,0.594,0.0,0.0,0.0,0.0,25.407,2.111,0.489,25.489,68.651,104.267
2018-08-23 13:30:00,16.737,1.266,0.972,1.101,1.396,0.868,0.975,0.569,1.096,0.665,0.0,0.0,0.0,0.0,25.646,2.458,0.519,25.582,69.749,103.923
2018-08-23 13:45:00,17.334,1.239,0.945,1.073,1.391,0.545,0.969,0.279,1.088,0.33,0.0,0.0,0.921,0.0,26.113,2.457,0.806,25.487,69.032,105.667
2018-08-23 14:00:00,17.821,1.265,0.976,1.101,1.417,0.885,0.997,0.582,1.113,0.683,0.0,0.0,0.923,0.0,27.765,2.449,0.963,25.44,68.56,106.6
2018-08-23 14:15:00,17.557,1.273,0.983,1.111,1.431,0.595,1.005,0.323,1.127,0.378,0.0,0.0,0.845,0.0,26.629,2.451,0.941,25.482,68.73,108.0
2018-08-23 14:30:00,17.595,1.262,0.975,1.105,1.412,0.732,0.996,0.448,1.115,0.525,0.0,0.0,0.789,0.0,26.953,2.449,0.924,25.443,68.531,108.267
2018-08-23 14:45:00,17.594,1.275,0.983,1.114,1.422,0.771,1.003,0.479,1.123,0.563,0.0,0.0,0.633,0.0,26.961,2.453,0.917,25.435,68.23,108.0
2018-08-23 15:00:00,17.221,1.287,0.995,1.125,1.462,0.679,1.035,0.393,1.156,0.46,0.0,0.0,0.429,0.0,26.243,2.123,0.94,25.483,67.993,103.4
2018-08-23 15:15:00,17.799,1.284,0.99,1.115,1.434,0.807,1.01,0.513,1.125,0.597,0.0,0.0,0.895,0.0,27.57,2.439,0.851,25.499,68.626,105.2
2018-08-23 15:30:00,17.341,1.283,0.986,1.113,1.414,0.681,0.988,0.396,1.105,0.465,0.0,0.0,0.776,0.0,26.548,2.467,0.471,25.441,68.509,105.2
2018-08-23 15:45:00,17.227,1.27,0.971,1.105,1.424,0.683,0.995,0.399,1.115,0.467,0.0,0.0,0.734,0.0,26.393,2.473,0.563,25.43,68.321,105.533
2018-08-23 16:00:00,16.515,1.275,0.978,1.109,1.42,0.714,0.99,0.427,1.113,0.5,0.0,0.0,0.009,0.0,25.049,2.354,0.54,25.504,69.382,105.6
2018-08-23 16:15:00,16.469,1.278,0.981,1.111,1.421,0.807,0.998,0.507,1.115,0.601,0.0,0.0,0.0,0.0,25.287,2.076,0.665,25.473,69.524,109.733
2018-08-23 16:30:00,16.018,1.239,0.939,1.074,1.394,0.622,0.964,0.343,1.087,0.407,0.0,0.0,0.0,0.0,24.088,2.089,0.661,25.459,70.101,97.933
2018-08-23 16:45:00,12.451,1.233,0.934,1.071,1.388,0.645,0.958,0.359,1.081,0.432,0.0,0.0,0.0,0.0,20.55,2.096,0.504,25.334,69.231,103.2
2018-08-23 17:00:00,0.546,1.23,0.924,1.063,1.392,0.759,0.951,0.455,1.079,0.542,0.0,0.0,0.0,0.0,8.94,2.124,0.335,26.095,66.441,107.667
2018-08-23 17:15:00,0.387,1.223,0.913,1.053,1.365,0.605,0.926,0.322,1.057,0.386,0.0,0.0,0.0,0.0,8.237,2.135,0.255,26.695,66.863,107.2
2018-08-23 17:30:00,1.585,1.011,0.718,0.823,1.349,0.698,0.911,0.401,1.034,0.482,0.0,0.0,0.0,1.099,10.111,2.136,0.176,27.187,65.684,101.867
2018-08-23 17:45:00,1.234,1.201,0.895,1.025,1.343,0.728,0.902,0.425,1.026,0.511,0.0,0.0,0.0,0.721,10.01,2.231,0.137,27.426,66.061,103.0
2018-08-23 18:00:00,0.0,1.081,0.783,0.895,1.369,0.01,0.921,0.0,1.045,0.0,0.0,0.0,0.0,0.0,6.106,1.193,0.093,27.693,65.467,31.0
2018-08-23 18:15:00,0.001,0.24,0.0,0.0,1.301,0.01,0.869,0.0,0.983,0.0,0.0,0.0,0.0,0.0,3.403,0.0,0.07,27.804,64.542,0.0
2018-08-23 18:30:00,0.0,0.24,0.0,0.0,1.3,0.01,0.87,0.0,0.978,0.0,0.0,0.0,0.0,0.0,3.398,0.0,0.07,27.865,63.945,0.0
2018-08-23 18:45:00,0.0,0.24,0.0,0.0,1.281,0.01,0.851,0.0,0.958,0.0,0.0,0.0,0.0,0.0,3.341,0.0,0.07,27.905,63.631,0.0
2018-08-23 19:00:00,0.0,0.24,0.0,0.0,1.315,0.01,0.878,0.0,0.983,0.0,0.0,0.0,0.0,0.0,3.426,0.0,0.071,27.937,63.552,0.0
2018-08-23 19:15:00,0.002,0.362,0.11,0.126,1.247,0.01,0.815,0.0,0.925,0.0,0.0,0.0,0.0,0.0,3.597,0.0,0.07,27.953,63.472,0.0
2018-08-23 19:30:00,0.002,0.24,0.0,0.0,1.185,0.01,0.761,0.0,0.874,0.0,0.0,0.0,0.0,0.0,3.071,0.0,0.071,27.95,63.26,0.0
2018-08-23 19:45:00,0.0,0.237,0.0,0.0,1.203,0.01,0.773,0.0,0.883,0.0,0.0,0.0,0.0,0.0,3.106,0.0,0.069,27.985,63.215,0.0
2018-08-23 20:00:00,0.0,0.24,0.0,0.0,1.201,0.01,0.78,0.0,0.882,0.0,0.0,0.0,0.0,0.0,3.113,0.0,0.07,28.253,63.102,0.0
2018-08-23 20:15:00,0.001,0.24,0.0,0.0,1.202,0.01,0.779,0.0,0.883,0.0,0.0,0.0,0.0,0.0,3.115,0.0,0.041,28.615,62.919,0.0
2018-08-23 20:30:00,0.001,0.24,0.0,0.0,1.225,0.01,0.792,0.0,0.896,0.0,0.0,0.0,0.0,0.0,3.164,0.0,0.04,28.101,62.827,0.0
2018-08-23 20:45:00,0.0,0.241,0.0,0.0,1.207,0.01,0.78,0.0,0.881,0.0,0.0,0.0,0.0,0.0,3.12,0.0,0.04,28.111,62.751,0.0
2018-08-23 21:00:00,0.001,0.247,0.0,0.0,1.214,0.01,0.785,0.0,0.886,0.0,0.0,0.0,0.0,0.0,3.143,0.0,0.058,28.125,62.755,0.0
2018-08-23 21:15:00,0.0,0.24,0.0,0.0,1.222,0.01,0.801,0.0,0.9,0.0,0.0,0.0,0.0,0.0,3.173,0.0,0.072,28.162,62.7,0.0
2018-08-23 21:30:00,0.0,0.332,0.084,0.097,1.244,0.01,0.815,0.0,0.915,0.0,0.0,0.0,0.0,0.0,3.497,0.0,0.075,28.185,62.665,0.0
2018-08-23 21:45:00,0.001,0.24,0.0,0.0,1.219,0.01,0.799,0.0,0.895,0.0,0.0,0.0,0.0,0.0,3.165,0.0,0.056,28.21,62.615,0.0
2018-08-23 22:00:00,0.0,0.24,0.0,0.0,1.216,0.01,0.793,0.0,0.893,0.0,0.0,0.0,0.0,0.0,3.152,0.0,0.04,28.231,62.465,0.0
2018-08-23 22:15:00,0.001,0.24,0.0,0.0,1.217,0.01,0.793,0.0,0.895,0.0,0.0,0.0,0.0,0.0,3.156,0.0,0.04,28.25,62.47,0.0
2018-08-23 22:30:00,0.0,0.24,0.0,0.0,1.239,0.01,0.809,0.0,0.911,0.0,0.0,0.0,0.0,0.0,3.209,0.0,0.045,28.281,62.45,0.0
2018-08-23 22:45:00,0.001,0.354,0.104,0.119,1.239,0.01,0.813,0.0,0.914,0.0,0.0,0.0,0.0,0.0,3.554,0.0,0.075,28.315,62.401,0.0
2018-08-23 23:00:00,0.001,0.34,0.091,0.105,1.23,0.01,0.803,0.0,0.905,0.0,0.0,0.0,0.0,0.0,3.485,0.0,0.07,28.325,62.425,0.0
2018-08-23 23:15:00,0.0,0.242,0.0,0.0,1.228,0.01,0.797,0.0,0.898,0.0,0.0,0.0,0.0,0.0,3.175,0.0,0.07,28.345,62.399,0.0
2018-08-23 23:30:00,0.001,0.242,0.0,0.0,1.241,0.01,0.808,0.0,0.911,0.0,0.0,0.0,0.0,0.0,3.213,0.0,0.071,28.369,62.417,0.0
2018-08-23 23:45:00,0.135,0.197,0.0,0.0,1.232,0.317,0.8,0.109,0.903,0.133,0.0,0.0,0.0,0.0,3.827,0.0,0.07,28.379,62.491,0.0
2018-08-24 00:00:00,0.955,0.0,0.0,0.0,1.267,1.161,0.835,0.814,0.933,0.952,0.0,0.0,0.0,0.0,6.917,0.0,0.071,28.393,62.476,0.0
2018-08-24 00:15:00,0.961,0.0,0.0,0.0,1.27,1.166,0.835,0.824,0.933,0.957,0.0,0.0,0.0,0.0,6.945,0.0,0.071,28.397,62.462,0.0
2018-08-24 00:30:00,1.003,0.0,0.0,0.0,1.288,1.213,0.847,0.865,0.945,0.995,0.0,0.0,0.0,0.0,7.157,0.0,0.07,28.41,62.477,0.0
2018-08-24 00:45:00,0.982,0.0,0.0,0.0,1.27,1.187,0.834,0.843,0.932,0.979,0.0,0.0,0.0,0.0,7.027,0.0,0.071,28.427,62.384,0.0
2018-08-24 01:00:00,0.995,0.0,0.0,0.0,1.283,1.201,0.845,0.855,0.942,0.988,0.0,0.0,0.0,0.0,7.108,0.0,0.065,28.428,62.348,0.0
2018-08-24 01:15:00,0.992,0.0,0.0,0.0,1.278,1.194,0.843,0.854,0.941,0.987,0.0,0.0,0.0,0.0,7.09,0.0,0.04,28.437,62.292,0.0
2018-08-24 01:30:00,0.977,0.0,0.0,0.0,1.277,1.175,0.843,0.837,0.944,0.974,0.0,0.0,0.0,0.0,7.026,0.0,0.041,28.452,62.165,0.0
2018-08-24 01:45:00,0.982,0.0,0.0,0.0,1.266,1.183,0.836,0.848,0.935,0.978,0.0,0.0,0.0,0.0,7.028,0.0,0.04,28.462,62.232,0.0
2018-08-24 02:00:00,0.983,0.0,0.0,0.0,1.264,1.183,0.835,0.847,0.932,0.981,0.0,0.0,0.0,0.0,7.025,0.0,0.063,28.474,62.461,0.0
2018-08-24 02:15:00,0.991,0.0,0.0,0.0,1.282,1.192,0.848,0.853,0.949,0.987,0.0,0.0,0.0,0.0,7.101,0.0,0.07,28.485,62.499,0.0
2018-08-24 02:30:00,0.993,0.0,0.0,0.0,1.265,1.194,0.833,0.855,0.931,0.987,0.0,0.0,0.0,0.0,7.059,0.0,0.07,28.496,62.077,0.0
2018-08-24 02:45:00,0.983,0.0,0.0,0.0,1.258,1.187,0.825,0.847,0.925,0.978,0.0,0.0,0.0,0.0,7.003,0.0,0.07,28.503,62.376,0.0
2018-08-24 03:00:00,0.985,0.0,0.0,0.0,1.263,1.19,0.827,0.847,0.929,0.982,0.0,0.0,0.0,0.0,7.024,0.0,0.07,28.51,61.94,0.0
2018-08-24 03:15:00,0.993,0.0,0.0,0.0,1.284,1.201,0.845,0.852,0.947,0.989,0.0,0.0,0.0,0.0,7.11,0.0,0.073,28.514,61.881,0.0
2018-08-24 03:30:00,0.971,0.0,0.0,0.0,1.265,1.175,0.829,0.829,0.93,0.967,0.0,0.0,0.0,0.0,6.965,0.0,0.071,28.525,61.848,0.0
2018-08-24 03:45:00,0.992,0.0,0.0,0.0,1.269,1.198,0.836,0.854,0.935,0.987,0.0,0.0,0.0,0.0,7.072,0.0,0.04,28.532,61.841,0.0
2018-08-24 04:00:00,0.793,0.0,0.0,0.0,1.263,1.003,0.831,0.681,0.931,0.791,0.0,0.0,0.0,0.0,6.293,0.0,0.039,28.548,61.795,0.0
2018-08-24 04:15:00,0.993,0.0,0.0,0.0,1.286,1.195,0.85,0.855,0.95,0.989,0.0,0.0,0.0,0.0,7.119,0.0,0.04,28.561,61.775,0.0
2018-08-24 04:30:00,0.991,0.0,0.0,0.0,1.264,1.19,0.835,0.855,0.933,0.988,0.0,0.0,0.0,0.0,7.056,0.0,0.063,28.568,61.771,0.0
2018-08-24 04:45:00,1.003,0.0,0.0,0.0,1.273,1.203,0.842,0.869,0.94,0.999,0.0,0.0,0.0,0.0,7.129,0.0,0.072,28.571,61.739,0.0
2018-08-24 05:00:00,1.006,0.0,0.0,0.0,1.27,1.205,0.835,0.869,0.935,1.001,0.0,0.0,0.0,0.0,7.122,0.0,0.07,28.582,61.67,0.0
2018-08-24 05:15:00,1.0,0.0,0.0,0.0,1.248,1.195,0.82,0.867,0.921,0.996,0.0,0.0,0.0,0.0,7.047,0.0,0.07,28.582,61.569,0.0
2018-08-24 05:30:00,0.8,0.0,0.0,0.0,1.263,1.004,0.836,0.696,0.935,0.795,0.0,0.0,0.0,0.0,6.329,0.0,0.071,28.582,61.532,0.0
2018-08-24 05:45:00,0.069,0.293,0.06,0.068,1.251,0.303,0.824,0.059,0.921,0.068,0.0,0.0,0.0,0.0,3.917,0.0,0.07,28.581,61.495,0.0
2018-08-24 06:00:00,0.153,0.854,0.57,0.642,0.297,0.386,0.193,0.129,0.217,0.151,0.0,0.0,0.0,0.0,3.592,0.0,0.068,28.594,61.521,17.571
2018-08-24 06:15:00,0.389,1.125,0.835,0.937,0.0,0.609,0.0,0.329,0.0,0.387,0.0,0.0,0.0,0.0,4.611,0.189,0.095,28.634,61.535,15.4
2018-08-24 06:30:00,0.451,1.131,0.845,0.951,0.0,0.669,0.0,0.382,0.0,0.45,0.0,0.0,0.0,0.0,4.878,0.0,0.041,28.676,61.679,3.0
2018-08-24 06:45:00,0.597,1.138,0.855,0.965,0.0,0.807,0.0,0.503,0.0,0.595,0.0,0.0,0.0,0.0,5.459,0.0,0.058,28.693,61.818,3.0
2018-08-24 07:00:00,0.575,1.129,0.849,0.961,0.0,0.785,0.0,0.486,0.0,0.573,0.0,0.0,0.0,0.0,5.357,0.0,0.099,28.708,62.245,3.0
2018-08-24 07:15:00,0.494,1.134,0.841,0.961,0.0,0.711,0.0,0.415,0.0,0.493,0.0,0.0,0.0,0.0,5.049,0.0,0.133,28.72,62.279,3.0
2018-08-24 07:30:00,3.245,1.151,0.855,0.981,0.0,0.752,0.0,0.447,0.0,0.539,0.0,0.0,0.0,0.0,7.971,0.0,0.128,28.635,62.388,5.467
2018-08-24 07:45:00,16.135,1.16,0.873,0.997,0.0,1.245,0.0,0.905,0.0,1.055,0.0,0.0,0.0,0.0,22.37,0.467,0.153,27.162,64.519,85.867
2018-08-24 08:00:00,16.217,1.161,0.881,1.001,0.0,0.929,0.0,0.633,0.0,0.731,0.0,0.0,0.0,0.0,21.553,1.349,0.253,26.304,66.595,104.154
2018-08-24 08:15:00,16.483,1.159,0.872,0.998,0.0,1.256,0.0,0.931,0.0,1.082,0.0,0.0,0.0,0.0,22.782,1.696,0.347,26.22,68.095,104.133
2018-08-24 08:30:00,15.905,1.203,0.915,1.038,0.0,0.866,0.0,0.579,0.0,0.675,0.0,0.0,0.0,0.0,21.181,1.705,0.313,25.879,67.5,105.0
2018-08-24 08:45:00,15.725,1.175,0.885,1.012,0.0,0.647,0.0,0.377,0.0,0.44,0.0,0.0,0.0,0.0,20.262,1.708,0.451,25.724,68.28,105.0
2018-08-24 09:00:00,16.133,1.186,0.898,1.027,0.0,0.907,0.0,0.609,0.0,0.723,0.0,0.0,0.0,0.0,21.483,1.697,0.323,25.655,68.85,105.0
2018-08-24 09:15:00,15.973,1.204,0.917,1.045,0.0,0.783,0.0,0.498,0.0,0.587,0.0,0.0,0.0,0.0,21.008,1.685,0.321,25.555,69.081,105.0
2018-08-24 09:30:00,16.338,1.205,0.907,1.037,0.0,0.849,0.0,0.551,0.0,0.654,0.0,0.0,0.0,0.0,21.541,1.734,0.301,25.565,69.371,105.467
2018-08-24 09:45:00,16.187,1.193,0.897,1.028,0.0,0.859,0.0,0.554,0.0,0.661,0.0,0.0,0.0,0.0,21.38,1.74,0.337,25.489,69.426,105.6
2018-08-24 10:00:00,16.033,1.213,0.921,1.049,0.0,0.72,0.0,0.435,0.0,0.511,0.0,0.0,0.0,0.0,20.883,1.74,0.436,25.505,69.52,105.0
2018-08-24 10:15:00,16.45,1.207,0.913,1.043,0.0,0.905,0.0,0.598,0.0,0.706,0.0,0.0,0.0,0.0,21.821,1.733,0.4,25.484,69.39,105.0
2018-08-24 10:30:00,16.198,1.199,0.905,1.035,0.0,0.735,0.0,0.444,0.0,0.525,0.0,0.0,0.0,0.0,21.041,1.726,0.381,25.497,69.437,104.533
2018-08-24 10:45:00,16.521,1.208,0.916,1.049,0.0,0.96,0.0,0.649,0.0,0.764,0.0,0.0,0.0,0.0,22.067,1.73,0.43,25.503,69.289,105.0
2018-08-24 11:00:00,16.448,1.219,0.922,1.053,0.0,0.753,0.0,0.465,0.0,0.546,0.0,0.0,0.0,0.0,21.407,1.723,0.347,25.463,68.941,105.0
2018-08-24 11:15:00,16.421,1.189,0.898,1.027,0.0,0.826,0.0,0.526,0.0,0.625,0.0,0.0,0.0,0.0,21.512,1.701,0.365,25.437,68.828,105.2
2018-08-24 11:30:00,16.558,1.209,0.912,1.045,0.0,0.955,0.0,0.645,0.0,0.759,0.0,0.0,0.0,0.0,22.083,1.751,0.352,25.431,68.885,106.0
2018-08-24 11:45:00,16.31,1.201,0.903,1.041,0.523,0.835,0.286,0.531,0.33,0.629,0.0,0.0,0.0,0.0,22.589,1.749,0.363,25.514,69.342,106.0
2018-08-24 12:00:00,16.181,1.212,0.909,1.044,1.371,0.666,0.92,0.379,1.053,0.451,0.0,0.0,0.0,0.0,24.186,1.827,0.352,25.339,68.142,109.667
2018-08-24 12:15:00,15.94,1.242,0.934,1.068,1.399,0.237,0.949,0.0,1.079,0.0,0.0,0.0,0.0,0.0,22.848,1.965,0.295,25.284,68.163,115.286
2018-08-24 12:30:00,15.723,1.224,0.916,1.055,1.389,0.24,0.938,0.0,1.075,0.0,0.0,0.0,0.0,0.0,22.559,1.958,0.365,25.318,67.779,115.0
2018-08-24 12:45:00,15.928,1.231,0.922,1.063,1.373,0.405,0.927,0.147,1.063,0.177,0.0,0.0,0.0,0.0,23.236,1.953,0.368,25.294,67.546,112.6
2018-08-24 13:00:00,16.262,1.223,0.922,1.059,1.364,0.444,0.931,0.18,1.061,0.217,0.0,0.0,0.0,0.0,23.664,2.063,0.369,25.319,68.634,105.2
2018-08-24 13:15:00,16.159,1.211,0.916,1.049,1.364,0.372,0.932,0.12,1.06,0.143,0.0,0.0,0.0,0.0,23.327,2.25,0.373,25.217,68.208,105.0
2018-08-24 13:30:00,15.918,1.223,0.922,1.055,1.387,0.399,0.947,0.139,1.075,0.168,0.0,0.0,0.0,0.0,23.233,2.265,0.501,25.281,68.189,105.667
2018-08-24 13:45:00,16.097,1.203,0.904,1.036,1.345,0.397,0.913,0.141,1.036,0.168,0.0,0.0,0.0,0.0,23.239,2.267,0.362,25.82,68.42,105.4
2018-08-24 14:00:00,16.035,1.227,0.923,1.057,1.383,0.397,0.951,0.141,1.072,0.168,0.0,0.0,0.0,0.0,23.355,2.403,0.394,25.84,68.385,105.2
2018-08-24 14:15:00,16.303,1.247,0.946,1.077,1.413,0.435,0.975,0.173,1.098,0.205,0.0,0.0,0.0,0.0,23.871,2.643,0.497,25.221,68.732,105.667
2018-08-24 14:30:00,16.122,1.245,0.946,1.077,1.389,0.442,0.959,0.181,1.079,0.215,0.0,0.0,0.0,0.0,23.656,2.641,0.677,25.273,69.095,105.867
2018-08-24 14:45:00,15.956,1.227,0.927,1.057,1.323,0.397,0.895,0.142,1.009,0.167,0.0,0.0,0.0,0.0,23.1,2.643,0.731,25.137,68.448,105.4
2018-08-24 15:00:00,16.111,1.021,0.735,0.841,0.979,0.535,0.567,0.263,0.646,0.313,0.0,0.0,0.0,0.0,22.011,2.655,0.75,25.207,69.209,106.0
2018-08-24 15:15:00,16.175,1.233,0.925,1.055,1.385,0.506,0.937,0.235,1.064,0.278,0.0,0.0,0.0,0.0,23.792,2.657,0.767,25.193,68.815,106.0
2018-08-24 15:30:00,16.189,1.252,0.946,1.075,1.395,0.533,0.957,0.262,1.081,0.31,0.0,0.0,0.0,0.0,23.998,2.655,0.697,25.135,68.377,106.0
2018-08-24 15:45:00,16.329,1.049,0.758,0.862,1.189,0.562,0.767,0.287,0.861,0.341,0.0,0.0,0.0,0.0,23.005,2.655,0.456,25.323,69.042,106.0
2018-08-24 16:00:00,16.063,1.248,0.939,1.069,1.401,0.467,0.963,0.2,1.081,0.237,0.0,0.0,0.0,0.0,23.667,2.503,0.526,25.316,69.165,105.615
2018-08-24 16:15:00,16.311,1.251,0.943,1.075,1.392,0.682,0.957,0.389,1.073,0.466,0.0,0.0,0.0,0.0,24.539,2.289,0.443,25.313,70.439,106.0
2018-08-24 16:30:00,16.402,1.259,0.949,1.079,2.228,1.206,1.522,0.722,1.711,0.857,0.0,0.002,0.001,0.001,23.009,2.177,0.365,25.233,70.052,105.8
2018-08-24 16:45:00,12.615,1.232,0.927,1.058,1.365,0.766,0.943,0.471,1.054,0.557,0.0,0.0,0.0,0.0,20.989,2.075,0.33,25.253,71.005,105.0
2018-08-24 17:00:00,0.377,1.124,0.816,0.959,1.248,0.585,0.819,0.304,0.943,0.375,0.0,0.0,0.0,0.0,7.548,2.077,0.368,26.239,69.509,103.133
2018-08-24 17:15:00,0.352,0.929,0.637,0.745,1.264,0.568,0.831,0.283,0.95,0.348,0.0,0.0,0.0,0.0,6.907,2.09,0.309,27.16,65.581,101.267
2018-08-24 17:30:00,0.407,0.947,0.658,0.762,1.276,0.617,0.847,0.328,0.963,0.401,0.0,0.0,0.0,0.0,7.207,2.1,0.189,27.334,62.561,94.333
2018-08-24 17:45:00,0.401,1.136,0.834,0.961,1.293,0.613,0.863,0.323,0.975,0.395,0.0,0.0,0.0,0.0,7.793,1.704,0.514,27.523,62.391,56.4
2018-08-24 18:00:00,0.003,1.009,0.715,0.823,1.283,0.011,0.851,0.0,0.961,0.0,0.0,0.0,0.0,0.0,5.656,1.389,0.499,27.687,63.284,32.4
2018-08-24 18:15:00,0.001,0.24,0.0,0.0,1.245,0.01,0.815,0.0,0.925,0.0,0.0,0.0,0.0,0.0,3.235,1.221,0.115,27.774,63.007,5.0
2018-08-24 18:30:00,0.002,0.24,0.0,0.0,1.226,0.01,0.803,0.0,0.907,0.0,0.0,0.0,0.0,0.0,3.189,1.183,0.183,27.797,62.754,3.0
2018-08-24 18:45:00,0.003,0.377,0.127,0.145,1.236,0.01,0.811,0.0,0.911,0.0,0.0,0.0,0.0,0.0,3.621,0.719,0.145,27.823,62.791,3.0
2018-08-24 19:00:00,0.003,0.24,0.0,0.0,1.247,0.01,0.813,0.0,0.913,0.0,0.0,0.0,0.0,0.0,3.225,0.0,0.1,27.883,63.139,3.0
2018-08-24 19:15:00,0.003,0.355,0.105,0.121,1.239,0.01,0.811,0.0,0.907,0.0,0.0,0.0,0.0,0.0,3.551,0.0,0.1,27.929,63.281,3.0
2018-08-24 19:30:00,0.001,0.338,0.089,0.102,1.247,0.01,0.817,0.0,0.913,0.0,0.0,0.0,0.0,0.0,3.517,0.0,0.115,27.953,63.023,1.2
2018-08-24 19:45:00,0.0,0.242,0.0,0.0,1.231,0.01,0.804,0.0,0.903,0.0,0.0,0.0,0.0,0.0,3.189,0.0,0.07,27.995,62.518,0.0
2018-08-24 20:00:00,0.0,0.24,0.0,0.0,1.242,0.01,0.817,0.0,0.914,0.0,0.0,0.0,0.0,0.0,3.223,0.0,0.07,28.038,62.344,0.0
2018-08-24 20:15:00,0.0,0.24,0.0,0.0,1.222,0.01,0.807,0.0,0.901,0.0,0.0,0.0,0.0,0.0,3.181,0.0,0.07,28.2,62.331,0.0
2018-08-24 20:30:00,0.0,0.24,0.0,0.0,1.227,0.01,0.811,0.0,0.904,0.0,0.0,0.0,0.0,0.0,3.193,0.0,0.07,28.22,62.249,0.0
2018-08-24 20:45:00,0.003,0.359,0.11,0.125,1.242,0.01,0.826,0.0,0.916,0.0,0.0,0.0,0.0,0.0,3.591,0.0,0.052,28.315,62.255,0.0
2018-08-24 21:00:00,0.0,0.24,0.0,0.0,1.245,0.01,0.823,0.0,0.915,0.0,0.0,0.0,0.0,0.0,3.233,0.0,0.033,28.489,62.452,0.0
2018-08-24 21:15:00,0.0,0.24,0.0,0.0,1.229,0.01,0.811,0.0,0.901,0.0,0.0,0.0,0.0,0.0,3.191,0.0,0.033,28.117,61.904,0.0
2018-08-24 21:30:00,0.0,0.346,0.097,0.111,1.239,0.01,0.817,0.0,0.907,0.0,0.0,0.0,0.0,0.0,3.528,0.0,0.039,28.149,61.836,0.0
2018-08-24 21:45:00,0.0,0.24,0.0,0.0,1.233,0.01,0.819,0.0,0.903,0.0,0.0,0.0,0.0,0.0,3.205,0.0,0.071,28.169,61.811,0.0
2018-08-24 22:00:00,0.0,0.24,0.0,0.0,1.239,0.01,0.819,0.0,0.901,0.0,0.0,0.0,0.0,0.0,3.209,0.0,0.07,28.171,61.812,0.0
2018-08-24 22:15:00,0.001,0.24,0.0,0.0,1.228,0.01,0.805,0.0,0.891,0.0,0.0,0.0,0.0,0.0,3.175,0.0,0.074,28.183,61.83,0.0
2018-08-24 22:30:00,0.0,0.305,0.059,0.068,1.233,0.01,0.809,0.0,0.895,0.0,0.0,0.0,0.0,0.0,3.377,0.0,0.07,28.207,61.834,0.0
2018-08-24 22:45:00,0.001,0.293,0.049,0.055,1.253,0.01,0.823,0.0,0.91,0.0,0.0,0.0,0.0,0.0,3.393,0.0,0.045,28.222,61.833,0.0
2018-08-24 23:00:00,0.001,0.241,0.0,0.0,1.233,0.01,0.805,0.0,0.893,0.0,0.0,0.0,0.0,0.0,3.182,0.0,0.033,28.24,61.84,0.0
2018-08-24 23:15:00,0.0,0.363,0.112,0.128,1.241,0.01,0.815,0.0,0.903,0.0,0.0,0.0,0.0,0.0,3.571,0.0,0.035,28.252,61.867,0.0
2018-08-24 23:30:00,0.001,0.237,0.0,0.0,1.236,0.01,0.81,0.0,0.901,0.0,0.0,0.0,0.0,0.0,3.195,0.0,0.047,28.272,61.812,0.0
2018-08-24 23:45:00,0.091,0.215,0.0,0.0,1.247,0.273,0.815,0.073,0.909,0.091,0.0,0.0,0.0,0.0,3.713,0.0,0.071,28.257,61.938,0.0
2018-08-25 00:00:00,0.948,0.0,0.0,0.0,1.237,1.152,0.809,0.804,0.897,0.944,0.0,0.0,0.0,0.0,6.791,0.0,0.071,28.276,61.959,0.0
2018-08-25 00:15:00,0.97,0.0,0.0,0.0,1.237,1.172,0.809,0.833,0.895,0.964,0.0,0.0,0.0,0.0,6.881,0.0,0.071,28.304,61.868,0.0
2018-08-25 00:30:00,0.976,0.0,0.0,0.0,1.233,1.174,0.802,0.838,0.891,0.971,0.0,0.0,0.0,0.0,6.885,0.0,0.071,28.329,61.755,0.0
2018-08-25 00:45:00,0.803,0.0,0.0,0.0,1.277,1.014,0.841,0.694,0.931,0.8,0.0,0.0,0.0,0.0,6.359,0.0,0.07,28.326,61.728,0.0
2018-08-25 01:00:00,0.981,0.0,0.0,0.0,1.255,1.179,0.834,0.849,0.92,0.979,0.0,0.0,0.0,0.0,6.997,0.0,0.036,28.327,61.756,0.0
2018-08-25 01:15:00,0.757,0.0,0.0,0.0,1.258,0.963,0.834,0.654,0.922,0.755,0.0,0.0,0.0,0.0,6.144,0.0,0.034,28.327,61.786,0.0
2018-08-25 01:30:00,0.803,0.0,0.0,0.0,1.265,1.01,0.835,0.687,0.923,0.798,0.0,0.0,0.0,0.0,6.32,0.0,0.032,28.35,61.741,0.0
2018-08-25 01:45:00,0.971,0.0,0.0,0.0,1.28,1.174,0.842,0.829,0.931,0.968,0.0,0.0,0.0,0.0,6.995,0.0,0.051,28.37,61.727,0.0
2018-08-25 02:00:00,0.778,0.0,0.0,0.0,1.255,0.985,0.818,0.665,0.907,0.775,0.0,0.0,0.0,0.0,6.184,0.001,0.071,28.38,61.707,0.0
2018-08-25 02:15:00,0.991,0.0,0.0,0.0,1.269,1.197,0.834,0.85,0.921,0.987,0.0,0.0,0.0,0.0,7.049,0.0,0.07,28.373,61.759,0.0
2018-08-25 02:30:00,0.795,0.0,0.0,0.0,1.276,1.007,0.835,0.681,0.924,0.791,0.0,0.0,0.0,0.0,6.309,0.0,0.07,28.377,61.718,0.0
2018-08-25 02:45:00,0.987,0.0,0.0,0.0,1.252,1.177,0.825,0.847,0.913,0.983,0.0,0.0,0.0,0.0,6.985,0.0,0.041,28.398,61.686,0.0
2018-08-25 03:00:00,0.809,0.0,0.0,0.0,1.241,1.007,0.821,0.698,0.911,0.804,0.0,0.0,0.0,0.0,6.29,0.0,0.031,28.4,61.707,0.0
2018-08-25 03:15:00,0.987,0.0,0.0,0.0,1.241,1.172,0.817,0.845,0.907,0.981,0.0,0.0,0.0,0.0,6.95,0.0,0.031,28.4,61.7,0.0
2018-08-25 03:30:00,0.895,0.0,0.0,0.0,1.267,1.096,0.837,0.769,0.926,0.893,0.0,0.0,0.0,0.0,6.683,0.0,0.052,28.409,61.723,0.0
2018-08-25 03:45:00,0.911,0.0,0.0,0.0,1.253,1.111,0.827,0.789,0.914,0.909,0.0,0.0,0.0,0.0,6.713,0.0,0.071,28.426,61.666,0.0
2018-08-25 04:00:00,0.965,0.0,0.0,0.0,1.227,1.157,0.799,0.827,0.888,0.961,0.0,0.0,0.0,0.0,6.823,0.0,0.07,28.439,61.59,0.0
2018-08-25 04:15:00,0.977,0.0,0.0,0.0,1.236,1.171,0.809,0.84,0.898,0.974,0.0,0.0,0.0,0.0,6.905,0.0,0.07,28.439,61.587,0.0
2018-08-25 04:30:00,0.986,0.0,0.0,0.0,1.257,1.177,0.825,0.845,0.913,0.982,0.0,0.0,0.0,0.0,6.985,0.0,0.07,28.441,61.575,0.0
2018-08-25 04:45:00,0.771,0.0,0.0,0.0,1.227,0.973,0.798,0.661,0.889,0.769,0.0,0.0,0.0,0.0,6.088,0.0,0.052,28.448,61.545,0.0
2018-08-25 05:00:00,0.969,0.0,0.0,0.0,1.236,1.167,0.809,0.836,0.899,0.967,0.0,0.0,0.0,0.0,6.883,0.0,0.035,28.485,61.479,0.0
2018-08-25 05:15:00,0.775,0.0,0.0,0.0,1.256,0.983,0.823,0.667,0.909,0.772,0.0,0.0,0.0,0.0,6.185,0.0,0.033,28.513,61.444,0.0
2018-08-25 05:30:00,0.804,0.0,0.0,0.0,1.267,1.019,0.827,0.693,0.917,0.801,0.0,0.0,0.0,0.0,6.327,0.0,0.041,28.529,61.421,0.0
2018-08-25 05:45:00,0.129,0.266,0.047,0.053,1.243,0.363,0.811,0.111,0.899,0.128,0.0,0.0,0.0,0.0,4.051,0.0,0.071,28.529,61.405,0.0
2018-08-25 06:00:00,0.288,0.862,0.575,0.645,0.274,0.516,0.178,0.245,0.199,0.285,0.0,0.0,0.0,0.0,4.067,0.0,0.07,28.539,61.436,0.0
2018-08-25 06:15:00,0.828,1.139,0.841,0.937,0.0,1.044,0.0,0.717,0.0,0.826,0.0,0.0,0.0,0.0,6.332,0.0,0.07,28.551,61.476,0.0
2018-08-25 06:30:00,0.997,1.142,0.848,0.948,0.0,1.197,0.0,0.854,0.0,0.993,0.0,0.0,0.0,0.0,6.979,0.0,0.07,28.57,61.498,0.0
2018-08-25 06:45:00,0.853,1.167,0.879,0.981,0.0,1.043,0.0,0.719,0.0,0.849,0.0,0.0,0.0,0.0,6.491,0.0,0.059,28.547,61.691,0.0
2018-08-25 07:00:00,0.927,1.161,0.872,0.975,0.0,1.116,0.0,0.795,0.0,0.923,0.0,0.0,0.0,0.0,6.77,0.0,0.036,28.545,61.761,0.0
2018-08-25 07:15:00,0.791,1.169,0.884,0.988,0.0,0.98,0.0,0.672,0.0,0.788,0.0,0.0,0.0,0.0,6.272,0.0,0.035,28.547,61.814,0.0
2018-08-25 07:30:00,1.011,1.189,0.901,1.007,0.0,1.185,0.0,0.858,0.0,1.008,0.0,0.0,0.0,0.0,7.159,0.0,0.037,28.562,61.818,0.0
2018-08-25 07:45:00,1.037,1.169,0.882,0.995,0.0,1.203,0.0,0.882,0.0,1.033,0.0,0.0,0.0,0.0,7.201,0.0,0.072,28.557,61.909,0.0
2018-08-25 08:00:00,1.029,1.175,0.889,1.004,0.0,1.191,0.0,0.865,0.0,1.023,0.0,0.0,0.0,0.0,7.177,0.0,0.07,28.575,61.919,0.0
2018-08-25 08:15:00,1.034,1.188,0.905,1.018,0.0,1.198,0.0,0.869,0.0,1.03,0.0,0.0,0.0,0.0,7.242,0.0,0.07,28.575,62.062,0.0
2018-08-25 08:30:00,1.055,1.155,0.871,0.989,0.0,1.222,0.0,0.892,0.0,1.053,0.0,0.0,0.0,0.0,7.236,0.0,0.07,28.588,62.487,0.0
2018-08-25 08:45:00,1.048,1.143,0.856,0.979,0.0,1.207,0.0,0.879,0.0,1.043,0.0,0.0,0.0,0.0,7.155,0.0,0.07,28.595,62.027,0.0
2018-08-25 09:00:00,1.057,1.14,0.853,0.981,0.0,1.214,0.0,0.884,0.0,1.053,0.0,0.0,0.0,0.0,7.182,0.0,0.045,28.623,62.424,0.0
2018-08-25 09:15:00,1.057,1.193,0.907,1.035,0.0,1.213,0.0,0.882,0.0,1.054,0.0,0.0,0.0,0.0,7.34,0.0,0.035,28.65,62.336,0.0
2018-08-25 09:30:00,1.054,1.158,0.862,0.993,0.0,1.216,0.0,0.876,0.0,1.05,0.0,0.0,0.0,0.0,7.209,0.0,0.037,28.673,62.203,0.0
2018-08-25 09:45:00,0.837,1.153,0.86,0.991,0.0,1.013,0.0,0.697,0.0,0.833,0.0,0.0,0.0,0.0,6.383,0.0,0.047,28.672,62.167,0.0
2018-08-25 10:00:00,0.597,1.183,0.891,1.016,0.0,0.793,0.0,0.495,0.0,0.597,0.0,0.0,0.0,0.0,5.572,0.0,0.07,28.676,62.341,0.0
2018-08-25 10:15:00,0.614,1.161,0.875,0.999,0.0,0.813,0.0,0.512,0.0,0.611,0.0,0.0,0.0,0.0,5.585,0.0,0.07,28.69,62.427,0.0
2018-08-25 10:30:00,1.049,1.161,0.873,0.999,0.0,1.218,0.0,0.88,0.0,1.045,0.0,0.0,0.0,0.0,7.225,0.0,0.07,28.676,62.567,0.0
2018-08-25 10:45:00,1.066,1.165,0.875,1.005,0.0,1.231,0.0,0.895,0.0,1.061,0.0,0.0,0.0,0.0,7.299,0.0,0.07,28.667,62.699,0.0
2018-08-25 11:00:00,1.091,1.176,0.887,1.015,0.0,1.253,0.0,0.919,0.0,1.089,0.0,0.0,0.0,0.0,7.429,0.0,0.07,28.681,62.767,0.0
2018-08-25 11:15:00,1.077,1.177,0.887,1.014,0.0,1.233,0.0,0.903,0.0,1.071,0.0,0.0,0.0,0.0,7.361,0.0,0.07,28.691,62.839,0.0
2018-08-25 11:30:00,1.08,1.177,0.887,1.016,0.0,1.239,0.0,0.908,0.0,1.075,0.0,0.0,0.0,0.0,7.382,0.0,0.07,28.681,62.814,0.0
2018-08-25 11:45:00,0.557,1.107,0.82,0.939,0.524,0.753,0.287,0.469,0.332,0.555,0.0,0.0,0.0,0.0,6.344,0.0,0.07,28.68,62.868,0.0
2018-08-25 12:00:00,0.198,0.741,0.472,0.539,1.333,0.426,0.89,0.167,1.027,0.197,0.0,0.0,0.0,0.0,5.991,0.0,0.064,28.686,62.912,0.0
2018-08-25 12:15:00,0.164,1.183,0.891,1.016,1.351,0.393,0.916,0.137,1.046,0.164,0.0,0.0,0.0,0.0,7.261,0.0,0.037,28.691,62.887,0.0
2018-08-25 12:30:00,0.433,1.001,0.716,0.82,1.335,0.642,0.904,0.357,1.034,0.43,0.0,0.0,0.0,0.0,7.672,0.0,0.033,28.809,62.606,0.0
2018-08-25 12:45:00,0.41,0.991,0.705,0.81,1.338,0.624,0.906,0.341,1.035,0.409,0.0,0.0,0.0,0.0,7.568,0.0,0.034,28.772,62.617,0.0
2018-08-25 13:00:00,0.485,0.988,0.702,0.803,1.348,0.699,0.91,0.403,1.039,0.482,0.0,0.0,0.0,0.0,7.858,0.0,0.059,28.75,62.657,0.0
2018-08-25 13:15:00,0.414,0.996,0.711,0.806,1.335,0.631,0.903,0.347,1.029,0.412,0.0,0.0,0.0,0.0,7.585,0.0,0.07,28.739,62.675,0.0
2018-08-25 13:30:00,0.509,1.003,0.711,0.813,1.338,0.721,0.901,0.422,1.028,0.507,0.0,0.0,0.0,0.0,7.953,0.0,0.07,28.748,62.665,0.0
2018-08-25 13:45:00,0.407,0.877,0.596,0.676,1.346,0.624,0.911,0.341,1.036,0.405,0.0,0.0,0.0,0.0,7.219,0.0,0.047,28.766,62.634,0.0
2018-08-25 14:00:00,0.523,1.122,0.822,0.939,1.361,0.737,0.921,0.437,1.046,0.519,0.0,0.0,0.0,0.0,8.427,0.0,0.033,28.785,62.685,0.0
2018-08-25 14:15:00,0.391,0.84,0.561,0.637,1.341,0.609,0.908,0.325,1.033,0.389,0.0,0.0,0.0,0.0,7.034,0.0,0.033,28.796,62.634,0.0
2018-08-25 14:30:00,0.503,1.135,0.835,0.956,1.365,0.717,0.928,0.42,1.051,0.501,0.0,0.0,0.0,0.0,8.412,0.0,0.049,28.818,62.667,0.0
2018-08-25 14:45:00,0.456,0.84,0.561,0.636,1.33,0.671,0.891,0.38,1.019,0.453,0.0,0.0,0.0,0.0,7.235,0.0,0.071,28.825,62.703,0.0
2018-08-25 15:00:00,0.432,1.101,0.809,0.913,1.373,0.654,0.93,0.363,1.053,0.43,0.0,0.0,0.0,0.0,8.059,0.0,0.07,28.83,62.751,0.0
2018-08-25 15:15:00,0.488,1.097,0.8,0.91,1.337,0.701,0.898,0.407,1.026,0.484,0.0,0.0,0.0,0.0,8.147,0.0,0.07,28.815,62.823,0.0
2018-08-25 15:30:00,0.357,0.988,0.698,0.798,1.342,0.577,0.903,0.297,1.031,0.355,0.0,0.0,0.0,0.0,7.348,0.0,0.041,28.845,62.796,0.0
2018-08-25 15:45:00,0.448,0.877,0.593,0.683,1.277,0.659,0.844,0.37,0.973,0.446,0.0,0.0,0.0,0.0,7.171,0.0,0.037,28.87,62.801,0.0
2018-08-25 16:00:00,0.49,0.653,0.383,0.444,1.277,0.704,0.836,0.407,0.964,0.487,0.0,0.0,0.0,0.0,6.645,0.0,0.035,28.857,62.725,0.0
2018-08-25 16:15:00,0.517,0.939,0.647,0.746,1.278,0.73,0.837,0.429,0.963,0.516,0.0,0.0,0.0,0.0,7.603,0.0,0.057,28.858,62.762,0.0
2018-08-25 16:30:00,0.394,0.893,0.607,0.694,1.282,0.612,0.841,0.327,0.967,0.391,0.0,0.0,0.0,0.0,7.008,0.0,0.069,28.858,62.721,0.0
2018-08-25 16:45:00,0.48,0.84,0.555,0.633,1.282,0.698,0.839,0.399,0.963,0.477,0.0,0.0,0.0,0.0,7.167,0.0,0.07,28.867,62.645,0.0
2018-08-25 17:00:00,0.415,0.973,0.681,0.771,1.301,0.637,0.857,0.345,0.98,0.415,0.0,0.0,0.0,0.0,7.375,0.0,0.07,28.88,62.595,0.0
2018-08-25 17:15:00,0.376,0.958,0.663,0.754,1.285,0.596,0.846,0.312,0.965,0.373,0.0,0.0,0.0,0.0,7.129,0.0,0.07,28.904,62.589,0.0
2018-08-25 17:30:00,0.421,0.905,0.617,0.701,1.283,0.639,0.846,0.35,0.967,0.416,0.0,0.0,0.0,0.0,7.143,0.0,0.07,28.921,62.501,0.0
2018-08-25 17:45:00,0.465,0.845,0.56,0.636,1.293,0.687,0.848,0.391,0.968,0.462,0.0,0.0,0.0,0.0,7.155,0.0,0.07,28.893,62.57,0.0
2018-08-25 18:00:00,0.042,0.957,0.667,0.764,1.279,0.06,0.843,0.036,0.961,0.042,0.0,0.0,0.0,0.0,5.65,0.0,0.037,28.891,62.599,0.0
2018-08-25 18:15:00,0.001,0.24,0.0,0.0,1.238,0.01,0.803,0.0,0.918,0.0,0.0,0.0,0.0,0.0,3.21,0.0,0.031,28.911,62.65,0.0
2018-08-25 18:30:00,0.0,0.24,0.0,0.0,1.233,0.01,0.803,0.0,0.915,0.0,0.0,0.0,0.0,0.0,3.201,0.0,0.033,28.945,62.673,0.0
2018-08-25 18:45:00,0.0,0.24,0.0,0.0,1.241,0.01,0.803,0.0,0.916,0.0,0.0,0.0,0.0,0.0,3.21,0.0,0.054,28.946,62.761,0.0
2018-08-25 19:00:00,0.0,0.24,0.0,0.0,1.236,0.01,0.805,0.0,0.911,0.0,0.0,0.0,0.0,0.0,3.202,0.0,0.07,28.922,62.939,0.0
2018-08-25 19:15:00,0.001,0.24,0.0,0.0,1.223,0.01,0.789,0.0,0.898,0.0,0.0,0.0,0.0,0.0,3.16,0.0,0.07,28.927,62.979,0.0
2018-08-25 19:30:00,0.0,0.365,0.115,0.13,1.234,0.01,0.803,0.0,0.908,0.0,0.0,0.0,0.0,0.0,3.565,0.0,0.07,28.924,63.435,0.0
2018-08-25 19:45:00,0.001,0.24,0.0,0.0,1.247,0.01,0.813,0.0,0.918,0.0,0.0,0.0,0.0,0.0,3.228,0.0,0.07,28.932,63.203,0.0
2018-08-25 20:00:00,0.001,0.367,0.118,0.133,1.234,0.01,0.801,0.0,0.905,0.0,0.0,0.0,0.0,0.0,3.569,0.0,0.07,28.929,63.142,0.0
2018-08-25 20:15:00,0.0,0.24,0.0,0.0,1.21,0.01,0.775,0.0,0.883,0.0,0.0,0.0,0.0,0.0,3.117,0.0,0.035,28.913,63.168,0.0
2018-08-25 20:30:00,0.0,0.242,0.0,0.0,1.217,0.01,0.781,0.0,0.889,0.0,0.0,0.0,0.0,0.0,3.14,0.0,0.033,28.942,63.165,0.0
2018-08-25 20:45:00,0.001,0.361,0.105,0.119,1.233,0.01,0.793,0.0,0.9,0.0,0.0,0.0,0.0,0.0,3.522,0.0,0.035,28.959,63.201,0.0
2018-08-25 21:00:00,0.001,0.244,0.0,0.0,1.219,0.01,0.787,0.0,0.893,0.0,0.0,0.0,0.0,0.0,3.153,0.0,0.053,28.956,63.327,0.0
2018-08-25 21:15:00,0.0,0.351,0.102,0.117,1.214,0.01,0.779,0.0,0.887,0.0,0.0,0.0,0.0,0.0,3.459,0.0,0.07,28.976,63.369,0.0
2018-08-25 21:30:00,0.0,0.334,0.086,0.099,1.22,0.01,0.791,0.0,0.898,0.0,0.0,0.0,0.0,0.0,3.439,0.0,0.07,28.973,63.403,0.0
2018-08-25 21:45:00,0.001,0.24,0.0,0.0,1.209,0.01,0.781,0.0,0.886,0.0,0.0,0.0,0.0,0.0,3.127,0.0,0.07,28.975,63.439,0.0
2018-08-25 22:00:00,0.0,0.349,0.101,0.115,1.21,0.01,0.783,0.0,0.888,0.0,0.0,0.0,0.0,0.0,3.457,0.0,0.07,28.976,63.422,0.0
2018-08-25 22:15:00,0.0,0.24,0.0,0.0,1.211,0.01,0.782,0.0,0.889,0.0,0.0,0.0,0.0,0.0,3.133,0.0,0.07,28.974,63.439,0.0
2018-08-25 22:30:00,0.001,0.339,0.091,0.103,1.233,0.01,0.797,0.0,0.906,0.0,0.0,0.0,0.0,0.0,3.481,0.0,0.07,28.972,63.474,0.0
2018-08-25 22:45:00,0.0,0.24,0.0,0.0,1.207,0.01,0.778,0.0,0.885,0.0,0.0,0.0,0.0,0.0,3.121,0.0,0.07,28.981,63.463,0.0
2018-08-25 23:00:00,0.001,0.303,0.057,0.066,1.207,0.01,0.776,0.0,0.881,0.0,0.0,0.0,0.0,0.0,3.301,0.0,0.07,28.979,63.412,0.0
2018-08-25 23:15:00,0.0,0.292,0.048,0.055,1.228,0.01,0.788,0.0,0.896,0.0,0.0,0.0,0.0,0.0,3.317,0.0,0.036,28.981,63.416,0.0
2018-08-25 23:30:00,0.001,0.24,0.0,0.0,1.215,0.01,0.779,0.0,0.886,0.0,0.0,0.0,0.0,0.0,3.131,0.0,0.035,28.987,63.495,0.0
2018-08-25 23:45:00,0.121,0.212,0.0,0.0,1.215,0.293,0.783,0.097,0.889,0.118,0.0,0.0,0.0,0.0,3.729,0.0,0.033,28.985,63.482,0.0
2018-08-26 00:00:00,0.977,0.0,0.0,0.0,1.261,1.181,0.826,0.835,0.929,0.971,0.0,0.0,0.0,0.0,6.981,0.0,0.053,28.997,63.387,0.0
2018-08-26 00:15:00,0.998,0.0,0.0,0.0,1.262,1.205,0.82,0.859,0.928,0.995,0.0,0.0,0.0,0.0,7.067,0.0,0.071,28.997,63.289,0.0
2018-08-26 00:30:00,0.982,0.0,0.0,0.0,1.257,1.187,0.825,0.845,0.924,0.976,0.0,0.0,0.0,0.0,6.996,0.0,0.07,28.988,63.253,0.0
2018-08-26 00:45:00,0.783,0.0,0.0,0.0,1.249,0.993,0.817,0.679,0.916,0.781,0.0,0.0,0.0,0.0,6.218,0.0,0.07,28.983,63.212,0.0
2018-08-26 01:00:00,0.976,0.0,0.0,0.0,1.231,1.175,0.797,0.847,0.897,0.971,0.0,0.0,0.0,0.0,6.894,0.0,0.07,28.989,63.239,0.0
2018-08-26 01:15:00,0.998,0.0,0.0,0.0,1.244,1.198,0.803,0.868,0.909,0.991,0.0,0.0,0.0,0.0,7.011,0.0,0.052,28.988,62.947,0.0
2018-08-26 01:30:00,0.783,0.0,0.0,0.0,1.229,0.988,0.793,0.681,0.898,0.781,0.0,0.0,0.0,0.0,6.154,0.0,0.032,29.146,62.793,0.0
2018-08-26 01:45:00,0.992,0.0,0.0,0.0,1.24,1.196,0.804,0.864,0.906,0.99,0.0,0.0,0.0,0.0,6.992,0.0,0.033,29.22,62.602,0.0
2018-08-26 02:00:00,0.788,0.0,0.0,0.0,1.253,0.995,0.816,0.681,0.919,0.783,0.0,0.0,0.0,0.0,6.236,0.0,0.037,29.307,62.529,0.0
2018-08-26 02:15:00,0.784,0.0,0.0,0.0,1.257,0.998,0.813,0.676,0.917,0.783,0.0,0.0,0.0,0.0,6.228,0.0,0.071,29.447,62.445,0.0
2018-08-26 02:30:00,0.783,0.0,0.0,0.0,1.246,0.994,0.804,0.676,0.909,0.78,0.0,0.0,0.0,0.0,6.193,0.0,0.07,29.48,62.397,0.0
2018-08-26 02:45:00,0.765,0.0,0.0,0.0,1.235,0.977,0.793,0.657,0.899,0.761,0.0,0.0,0.0,0.0,6.088,0.0,0.07,29.507,62.351,0.0
2018-08-26 03:00:00,0.967,0.0,0.0,0.0,1.239,1.176,0.797,0.832,0.9,0.963,0.0,0.0,0.0,0.0,6.873,0.0,0.07,29.66,62.399,0.0
2018-08-26 03:15:00,0.981,0.0,0.0,0.0,1.257,1.192,0.808,0.846,0.914,0.977,0.0,0.0,0.0,0.0,6.975,0.0,0.07,29.785,62.481,0.0
2018-08-26 03:30:00,0.957,0.0,0.0,0.0,1.261,1.166,0.817,0.823,0.921,0.954,0.0,0.0,0.0,0.0,6.899,0.0,0.073,29.8,62.512,0.0
2018-08-26 03:45:00,0.766,0.0,0.0,0.0,1.244,0.978,0.801,0.66,0.906,0.763,0.0,0.0,0.0,0.0,6.118,0.0,0.07,29.713,62.604,0.0
2018-08-26 04:00:00,0.767,0.0,0.0,0.0,1.257,0.983,0.81,0.659,0.915,0.763,0.0,0.0,0.0,0.0,6.153,0.0,0.037,29.733,62.654,0.0
2018-08-26 04:15:00,0.775,0.0,0.0,0.0,1.248,0.991,0.807,0.667,0.909,0.77,0.0,0.0,0.0,0.0,6.167,0.0,0.033,29.64,62.697,0.0
2018-08-26 04:30:00,0.779,0.0,0.0,0.0,1.248,0.995,0.807,0.671,0.908,0.775,0.0,0.0,0.0,0.0,6.183,0.0,0.031,29.667,62.747,0.0
2018-08-26 04:45:00,0.973,0.0,0.0,0.0,1.246,1.186,0.803,0.838,0.907,0.969,0.0,0.0,0.0,0.0,6.923,0.0,0.051,29.767,62.743,0.0
2018-08-26 05:00:00,0.775,0.0,0.0,0.0,1.249,0.991,0.805,0.663,0.909,0.77,0.0,0.0,0.0,0.0,6.163,0.0,0.07,29.893,62.718,0.0
2018-08-26 05:15:00,0.967,0.0,0.0,0.0,1.243,1.178,0.804,0.835,0.903,0.962,0.0,0.0,0.0,0.0,6.892,0.0,0.07,29.319,62.718,0.0
2018-08-26 05:30:00,0.771,0.0,0.0,0.0,1.23,0.983,0.789,0.663,0.894,0.765,0.0,0.0,0.0,0.0,6.094,0.0,0.071,29.368,62.695,0.0
2018-08-26 05:45:00,0.102,0.249,0.019,0.023,1.229,0.336,0.79,0.089,0.892,0.101,0.0,0.0,0.0,0.0,3.829,0.0,0.07,29.42,62.679,0.0
2018-08-26 06:00:00,0.279,0.862,0.574,0.645,0.267,0.511,0.173,0.24,0.194,0.277,0.0,0.0,0.0,0.0,4.022,0.0,0.062,29.473,62.715,0.0
2018-08-26 06:15:00,0.989,1.123,0.828,0.925,0.0,1.197,0.0,0.855,0.0,0.985,0.0,0.0,0.0,0.0,6.903,0.0,0.037,29.833,62.676,0.0
2018-08-26 06:30:00,0.765,1.155,0.861,0.961,0.0,0.973,0.0,0.651,0.0,0.761,0.0,0.0,0.0,0.0,6.125,0.0,0.037,29.833,62.628,0.0
2018-08-26 06:45:00,0.771,1.159,0.871,0.969,0.0,0.974,0.0,0.657,0.0,0.767,0.0,0.0,0.0,0.0,6.168,0.0,0.038,29.82,62.597,0.0
2018-08-26 07:00:00,0.99,1.17,0.879,0.983,0.0,1.185,0.0,0.845,0.0,0.985,0.0,0.0,0.0,0.0,7.036,0.0,0.069,29.424,62.571,0.0
2018-08-26 07:15:00,0.979,1.173,0.884,0.988,0.0,1.165,0.0,0.835,0.0,0.973,0.0,0.0,0.0,0.0,6.997,0.0,0.07,29.108,62.559,1.667
2018-08-26 07:30:00,0.995,1.172,0.882,0.989,0.0,1.183,0.0,0.849,0.0,0.991,0.0,0.0,0.0,0.0,7.06,0.118,0.07,29.11,62.537,33.933
2018-08-26 07:45:00,1.002,1.172,0.884,0.99,0.0,1.191,0.0,0.861,0.0,0.998,0.0,0.0,0.0,0.0,7.098,0.04,0.07,29.607,62.24,8.267
2018-08-26 08:00:00,0.999,1.162,0.877,0.985,0.0,1.183,0.0,0.858,0.0,0.994,0.0,0.0,0.0,0.0,7.059,0.0,0.07,29.527,62.232,4.0
2018-08-26 08:15:00,0.986,1.165,0.883,0.991,0.0,1.162,0.0,0.845,0.0,0.985,0.0,0.0,0.0,0.0,7.015,0.0,0.049,29.573,62.221,4.0
2018-08-26 08:30:00,0.978,1.163,0.883,0.994,0.0,1.149,0.0,0.834,0.0,0.973,0.0,0.0,0.0,0.0,6.974,0.0,0.039,29.587,62.254,4.0
2018-08-26 08:45:00,0.809,1.153,0.867,0.979,0.0,0.995,0.0,0.691,0.0,0.807,0.0,0.0,0.0,0.0,6.301,0.0,0.039,29.8,62.379,4.0
2018-08-26 09:00:00,0.972,1.175,0.887,1.0,0.0,1.145,0.0,0.819,0.0,0.967,0.0,0.0,0.0,0.0,6.966,0.0,0.05,29.873,62.569,4.0
2018-08-26 09:15:00,1.011,1.182,0.896,1.006,0.0,1.184,0.0,0.861,0.0,1.006,0.0,0.0,0.0,0.0,7.146,0.0,0.071,29.793,62.624,4.0
2018-08-26 09:30:00,1.0,1.167,0.883,0.994,0.0,1.173,0.0,0.851,0.0,0.996,0.0,0.0,0.0,0.0,7.064,0.0,0.069,29.113,62.895,4.0
2018-08-26 09:45:00,1.035,1.179,0.892,1.005,0.0,1.209,0.0,0.884,0.0,1.032,0.0,0.0,0.0,0.0,7.235,0.0,0.07,29.139,63.139,4.0
2018-08-26 10:00:00,1.032,1.171,0.884,1.0,0.0,1.201,0.0,0.883,0.0,1.027,0.0,0.0,0.0,0.0,7.199,0.0,0.07,29.154,63.346,4.0
2018-08-26 10:15:00,1.027,1.199,0.913,1.028,0.0,1.195,0.0,0.877,0.0,1.023,0.0,0.0,0.0,0.0,7.261,0.0,0.07,29.183,63.277,4.0
2018-08-26 10:30:00,1.016,1.199,0.913,1.03,0.0,1.184,0.0,0.865,0.0,1.012,0.0,0.0,0.0,0.0,7.218,0.0,0.055,29.2,63.389,4.0
2018-08-26 10:45:00,1.055,1.176,0.883,1.005,0.0,1.231,0.0,0.901,0.0,1.051,0.0,0.0,0.0,0.0,7.304,0.0,0.039,29.215,63.541,4.0
2018-08-26 11:00:00,1.041,1.157,0.864,0.987,0.0,1.217,0.0,0.889,0.0,1.037,0.0,0.0,0.0,0.0,7.192,0.0,0.039,29.196,63.587,4.0
2018-08-26 11:15:00,1.059,1.187,0.892,1.013,0.0,1.233,0.0,0.905,0.0,1.055,0.0,0.0,0.0,0.0,7.345,0.0,0.041,29.169,63.576,4.0
2018-08-26 11:30:00,1.063,1.189,0.897,1.015,0.0,1.235,0.0,0.914,0.0,1.059,0.0,0.0,0.0,0.0,7.373,0.0,0.073,29.135,63.636,4.0
2018-08-26 11:45:00,0.617,1.145,0.85,0.964,0.493,0.819,0.266,0.528,0.303,0.614,0.0,0.0,0.0,0.0,6.599,0.0,0.07,29.124,63.757,4.0
2018-08-26 12:00:00,0.201,0.757,0.487,0.548,1.321,0.427,0.884,0.171,1.003,0.199,0.0,0.0,0.0,0.0,5.997,0.0,0.07,29.181,64.423,3.8
2018-08-26 12:15:00,0.315,1.173,0.883,0.996,1.335,0.536,0.905,0.265,1.019,0.314,0.0,0.0,0.0,0.0,7.741,0.0,0.285,29.238,65.945,3.333
2018-08-26 12:30:00,0.352,0.986,0.707,0.798,1.325,0.57,0.896,0.295,1.014,0.351,0.0,0.0,0.0,0.0,7.293,0.0,0.513,29.269,65.886,4.0
2018-08-26 12:45:00,0.497,0.968,0.686,0.777,1.322,0.711,0.887,0.415,1.005,0.494,0.0,0.0,0.0,0.0,7.761,0.0,0.078,29.28,65.985,3.615
2018-08-26 13:00:00,0.39,0.842,0.565,0.642,1.291,0.606,0.862,0.326,0.98,0.387,0.0,0.0,0.0,0.0,6.891,0.0,0.07,29.239,66.485,3.667
2018-08-26 13:15:00,0.522,1.085,0.795,0.903,1.309,0.731,0.88,0.437,0.996,0.518,0.0,0.0,0.0,0.0,8.175,0.0,0.07,29.2,66.773,4.0
2018-08-26 13:30:00,0.425,0.777,0.503,0.573,1.278,0.641,0.849,0.354,0.969,0.422,0.0,0.0,0.0,0.0,6.789,0.0,0.07,29.183,66.042,4.0
2018-08-26 13:45:00,0.419,1.051,0.762,0.865,1.327,0.638,0.892,0.349,1.01,0.418,0.0,0.0,0.0,0.0,7.731,0.0,0.07,29.205,65.494,1.6
2018-08-26 14:00:00,0.526,0.883,0.603,0.68,1.297,0.739,0.868,0.443,0.982,0.522,0.0,0.0,0.0,0.0,7.543,0.0,0.07,29.242,64.397,0.0
2018-08-26 14:15:00,0.382,1.051,0.767,0.86,1.341,0.602,0.914,0.323,1.023,0.381,0.0,0.0,0.0,0.0,7.645,0.0,0.07,29.257,64.115,0.0
2018-08-26 14:30:00,0.526,1.124,0.835,0.933,1.355,0.743,0.923,0.445,1.031,0.521,0.0,0.0,0.0,0.0,8.437,0.0,0.057,29.283,64.085,0.0
2018-08-26 14:45:00,0.392,0.992,0.704,0.795,1.364,0.612,0.938,0.33,1.045,0.39,0.0,0.0,0.0,0.0,7.562,0.0,0.035,29.293,63.953,0.0
2018-08-26 15:00:00,0.5,0.995,0.709,0.793,1.329,0.717,0.903,0.422,1.011,0.496,0.0,0.0,0.0,0.0,7.873,0.0,0.037,29.312,63.886,0.0
2018-08-26 15:15:00,0.445,0.984,0.701,0.787,1.347,0.666,0.915,0.376,1.026,0.443,0.0,0.0,0.0,0.0,7.691,0.0,0.033,29.325,63.893,0.0
2018-08-26 15:30:00,0.445,0.973,0.689,0.776,1.326,0.663,0.897,0.373,1.008,0.442,0.0,0.0,0.0,0.0,7.592,0.0,0.065,29.335,63.887,0.0
2018-08-26 15:45:00,0.457,0.979,0.693,0.779,1.31,0.673,0.878,0.384,0.989,0.454,0.0,0.0,0.0,0.0,7.596,0.0,0.071,29.347,63.867,0.0
2018-08-26 16:00:00,0.443,0.925,0.641,0.717,1.305,0.664,0.873,0.376,0.985,0.441,0.0,0.0,0.0,0.0,7.369,0.0,0.07,29.359,63.773,0.0
2018-08-26 16:15:00,0.481,0.857,0.574,0.646,1.307,0.699,0.875,0.405,0.985,0.478,0.0,0.0,0.0,0.0,7.305,0.0,0.07,29.348,63.747,0.0
2018-08-26 16:30:00,0.515,0.993,0.705,0.787,1.334,0.735,0.897,0.435,1.007,0.512,0.0,0.0,0.0,0.0,7.921,0.0,0.07,29.347,63.72,0.0
2018-08-26 16:45:00,0.376,0.997,0.711,0.799,1.309,0.599,0.875,0.317,0.985,0.375,0.0,0.0,0.0,0.0,7.343,0.0,0.045,29.373,63.621,0.0
2018-08-26 17:00:00,0.482,1.139,0.846,0.94,1.321,0.703,0.889,0.41,0.994,0.481,0.0,0.0,0.0,0.0,8.204,0.0,0.035,29.383,63.557,0.0
2018-08-26 17:15:00,0.445,0.819,0.547,0.61,1.326,0.67,0.889,0.377,0.997,0.443,0.0,0.0,0.0,0.0,7.123,0.0,0.035,29.395,63.585,0.0
2018-08-26 17:30:00,0.541,0.989,0.707,0.784,1.317,0.756,0.887,0.461,0.993,0.538,0.0,0.0,0.0,0.0,7.972,0.0,0.048,29.394,63.531,0.0
2018-08-26 17:45:00,0.375,0.984,0.701,0.776,1.317,0.6,0.888,0.321,0.989,0.373,0.0,0.0,0.0,0.0,7.323,0.0,0.071,29.393,63.635,0.0
2018-08-26 18:00:00,0.001,1.045,0.76,0.842,1.316,0.019,0.887,0.001,0.983,0.001,0.0,0.0,0.0,0.0,5.855,0.0,0.07,29.358,63.779,0.0
2018-08-26 18:15:00,0.0,0.24,0.0,0.0,1.289,0.01,0.852,0.0,0.951,0.0,0.0,0.0,0.0,0.0,3.342,0.0,0.07,29.355,63.835,0.0
2018-08-26 18:30:00,0.002,0.241,0.0,0.0,1.252,0.01,0.817,0.0,0.913,0.0,0.0,0.0,0.0,0.0,3.234,0.0,0.07,29.351,63.873,0.0
2018-08-26 18:45:00,0.001,0.24,0.0,0.0,1.249,0.01,0.817,0.0,0.909,0.0,0.0,0.0,0.0,0.0,3.227,0.0,0.07,29.349,63.916,0.0
2018-08-26 19:00:00,0.001,0.365,0.116,0.129,1.254,0.01,0.821,0.0,0.912,0.0,0.0,0.0,0.0,0.0,3.608,0.0,0.07,29.348,63.918,0.0
2018-08-26 19:15:00,0.0,0.358,0.107,0.119,1.263,0.01,0.827,0.0,0.918,0.0,0.0,0.0,0.0,0.0,3.603,0.0,0.07,29.357,63.895,0.0
2018-08-26 19:30:00,0.0,0.245,0.0,0.0,1.244,0.01,0.811,0.0,0.9,0.0,0.0,0.0,0.0,0.0,3.21,0.0,0.07,29.362,63.907,0.0
2018-08-26 19:45:00,0.0,0.364,0.111,0.123,1.247,0.01,0.817,0.0,0.905,0.0,0.0,0.0,0.0,0.0,3.576,0.0,0.07,29.36,63.885,0.0
2018-08-26 20:00:00,0.001,0.368,0.111,0.124,1.251,0.01,0.817,0.0,0.905,0.0,0.0,0.0,0.0,0.0,3.586,0.0,0.07,29.357,63.856,0.0
2018-08-26 20:15:00,0.0,0.344,0.096,0.107,1.245,0.01,0.819,0.0,0.905,0.0,0.0,0.0,0.0,0.0,3.527,0.0,0.065,29.326,63.752,0.0
2018-08-26 20:30:00,0.0,0.24,0.0,0.0,1.236,0.01,0.816,0.0,0.902,0.0,0.0,0.0,0.0,0.0,3.204,0.0,0.035,29.326,63.622,0.0
2018-08-26 20:45:00,0.001,0.355,0.109,0.12,1.231,0.01,0.812,0.0,0.899,0.0,0.0,0.0,0.0,0.0,3.537,0.0,0.033,29.333,63.494,0.0
2018-08-26 21:00:00,0.0,0.351,0.103,0.115,1.235,0.01,0.815,0.0,0.903,0.0,0.0,0.0,0.0,0.0,3.533,0.0,0.033,29.347,63.451,0.0
2018-08-26 21:15:00,0.0,0.241,0.0,0.0,1.229,0.01,0.801,0.0,0.893,0.0,0.0,0.0,0.0,0.0,3.174,0.0,0.057,29.381,63.364,0.0
2018-08-26 21:30:00,0.0,0.335,0.089,0.099,1.219,0.01,0.795,0.0,0.883,0.0,0.0,0.0,0.0,0.0,3.43,0.0,0.07,29.407,63.271,0.0
2018-08-26 21:45:00,0.0,0.24,0.0,0.0,1.217,0.01,0.793,0.0,0.883,0.0,0.0,0.0,0.0,0.0,3.143,0.0,0.07,29.411,63.197,0.0
2018-08-26 22:00:00,0.001,0.343,0.097,0.107,1.225,0.01,0.799,0.0,0.887,0.0,0.0,0.0,0.0,0.0,3.469,0.0,0.049,29.409,63.235,0.0
2018-08-26 22:15:00,0.0,0.24,0.0,0.0,1.24,0.01,0.809,0.0,0.9,0.0,0.0,0.0,0.0,0.0,3.199,0.0,0.033,29.406,63.202,0.0
2018-08-26 22:30:00,0.0,0.354,0.105,0.117,1.253,0.01,0.824,0.0,0.916,0.0,0.0,0.0,0.0,0.0,3.579,0.0,0.035,29.402,63.148,0.0
2018-08-26 22:45:00,0.0,0.357,0.107,0.119,1.251,0.01,0.821,0.0,0.912,0.0,0.0,0.0,0.0,0.0,3.578,0.0,0.043,29.395,63.138,0.0
2018-08-26 23:00:00,0.0,0.247,0.0,0.0,1.244,0.01,0.809,0.0,0.902,0.0,0.0,0.0,0.0,0.0,3.213,0.0,0.07,29.409,63.183,0.0
2018-08-26 23:15:00,0.0,0.354,0.106,0.119,1.257,0.01,0.829,0.0,0.923,0.0,0.0,0.0,0.0,0.0,3.598,0.0,0.07,29.419,62.914,0.0
2018-08-26 23:30:00,0.0,0.353,0.105,0.118,1.247,0.01,0.828,0.0,0.919,0.0,0.0,0.0,0.0,0.0,3.58,0.0,0.071,29.415,62.883,0.0
2018-08-26 23:45:00,0.119,0.201,0.0,0.0,1.249,0.301,0.822,0.099,0.919,0.118,0.0,0.0,0.0,0.0,3.828,0.0,0.07,29.408,62.802,0.0
2018-08-27 00:00:00,0.988,0.0,0.0,0.0,1.271,1.197,0.838,0.854,0.936,0.984,0.0,0.0,0.0,0.0,7.068,0.0,0.071,29.422,62.819,0.0
2018-08-27 00:15:00,0.979,0.0,0.0,0.0,1.241,1.177,0.812,0.851,0.907,0.975,0.0,0.0,0.0,0.0,6.943,0.0,0.071,29.44,62.779,0.0
2018-08-27 00:30:00,0.977,0.0,0.0,0.0,1.244,1.165,0.821,0.847,0.913,0.971,0.0,0.0,0.0,0.0,6.938,0.0,0.07,29.418,62.709,0.0
2018-08-27 00:45:00,0.907,0.0,0.0,0.0,1.219,1.093,0.792,0.775,0.887,0.902,0.0,0.0,0.0,0.0,6.575,0.0,0.07,29.38,62.619,0.0
2018-08-27 01:00:00,0.769,0.0,0.0,0.0,1.219,0.963,0.791,0.659,0.887,0.765,0.0,0.0,0.0,0.0,6.052,0.0,0.07,29.386,62.449,0.0
2018-08-27 01:15:00,0.865,0.0,0.0,0.0,1.231,1.059,0.809,0.738,0.905,0.863,0.0,0.0,0.0,0.0,6.469,0.0,0.074,29.39,62.208,0.0
2018-08-27 01:30:00,0.71,0.0,0.0,0.0,1.217,0.914,0.792,0.606,0.887,0.709,0.0,0.0,0.0,0.0,5.835,0.0,0.035,29.383,62.164,0.0
2018-08-27 01:45:00,0.723,0.0,0.0,0.0,1.179,0.923,0.755,0.62,0.853,0.719,0.0,0.0,0.0,0.0,5.772,0.0,0.033,29.383,61.797,0.0
2018-08-27 02:00:00,0.923,0.0,0.0,0.0,1.207,1.123,0.775,0.793,0.872,0.917,0.0,0.0,0.0,0.0,6.61,0.0,0.035,29.395,61.618,0.0
2018-08-27 02:15:00,0.925,0.0,0.0,0.0,1.196,1.123,0.767,0.801,0.864,0.921,0.0,0.0,0.0,0.0,6.597,0.001,0.049,29.383,61.531,0.0
2018-08-27 02:30:00,0.748,0.0,0.0,0.0,1.193,0.955,0.766,0.647,0.862,0.744,0.0,0.0,0.0,0.0,5.915,0.0,0.069,29.367,61.521,0.0
2018-08-27 02:45:00,0.758,0.0,0.0,0.0,1.197,0.965,0.769,0.653,0.863,0.754,0.0,0.0,0.0,0.0,5.96,0.0,0.071,29.372,61.45,0.0
2018-08-27 03:00:00,0.933,0.0,0.0,0.0,1.207,1.136,0.777,0.805,0.873,0.929,0.0,0.0,0.0,0.0,6.659,0.0,0.069,29.368,61.379,0.0
2018-08-27 03:15:00,0.957,0.0,0.0,0.0,1.215,1.161,0.785,0.831,0.878,0.954,0.0,0.0,0.0,0.0,6.782,0.0,0.07,29.364,61.299,0.0
2018-08-27 03:30:00,0.957,0.0,0.0,0.0,1.234,1.163,0.799,0.831,0.891,0.952,0.0,0.0,0.0,0.0,6.827,0.0,0.043,29.324,61.315,0.0
2018-08-27 03:45:00,0.705,0.0,0.0,0.0,1.225,0.915,0.791,0.607,0.884,0.702,0.0,0.0,0.0,0.0,5.829,0.0,0.035,29.324,61.213,0.0
2018-08-27 04:00:00,0.787,0.0,0.0,0.0,1.242,1.003,0.804,0.677,0.898,0.785,0.0,0.0,0.0,0.0,6.195,0.0,0.033,29.373,61.053,0.0
2018-08-27 04:15:00,0.751,0.0,0.0,0.0,1.228,0.961,0.797,0.647,0.889,0.748,0.0,0.0,0.0,0.0,6.019,0.0,0.047,29.388,61.347,0.0
2018-08-27 04:30:00,0.822,0.0,0.0,0.0,1.239,1.033,0.811,0.712,0.903,0.818,0.0,0.0,0.0,0.0,6.337,0.0,0.07,29.373,60.972,0.0
2018-08-27 04:45:00,0.918,0.0,0.0,0.0,1.244,1.127,0.813,0.797,0.905,0.913,0.0,0.0,0.0,0.0,6.716,0.0,0.072,29.372,60.963,0.0
2018-08-27 05:00:00,0.952,0.0,0.0,0.0,1.236,1.155,0.811,0.829,0.9,0.945,0.0,0.0,0.0,0.0,6.829,0.0,0.07,29.371,60.958,0.0
2018-08-27 05:15:00,0.761,0.0,0.0,0.0,1.231,0.969,0.801,0.659,0.891,0.756,0.0,0.0,0.0,0.0,6.069,0.0,0.07,29.347,60.823,0.0
2018-08-27 05:30:00,0.938,0.0,0.0,0.0,1.233,1.145,0.805,0.813,0.896,0.934,0.0,0.0,0.0,0.0,6.764,0.0,0.07,29.325,60.687,0.0
2018-08-27 05:45:00,0.084,0.225,0.0,0.0,1.221,0.321,0.789,0.073,0.884,0.083,0.0,0.0,0.0,0.0,3.679,0.0,0.07,29.327,60.591,0.0
2018-08-27 06:00:00,0.234,0.839,0.564,0.631,0.259,0.459,0.168,0.198,0.188,0.233,0.0,0.0,0.0,0.0,3.773,0.0,0.091,29.357,60.592,0.6
2018-08-27 06:15:00,0.741,1.129,0.841,0.937,0.0,0.937,0.0,0.629,0.0,0.738,0.0,0.0,0.0,0.0,5.953,0.0,0.063,29.412,60.859,0.154
2018-08-27 06:30:00,0.964,1.178,0.888,0.987,0.0,1.154,0.0,0.823,0.0,0.96,0.0,0.0,0.0,0.0,6.954,0.0,0.04,29.465,61.118,2.385
2018-08-27 06:45:00,0.785,1.146,0.857,0.961,0.0,0.983,0.0,0.669,0.0,0.781,0.0,0.0,0.0,0.0,6.183,0.0,0.06,29.509,61.168,3.0
2018-08-27 07:00:00,0.987,1.158,0.87,0.979,0.0,1.173,0.0,0.843,0.0,0.984,0.0,0.0,0.0,0.0,6.995,0.229,0.079,29.484,61.351,3.0
2018-08-27 07:15:00,0.971,1.164,0.87,0.986,0.0,1.152,0.0,0.821,0.0,0.967,0.0,0.0,0.0,0.0,6.931,0.36,0.073,29.483,61.611,3.0
2018-08-27 07:30:00,3.702,1.171,0.88,1.002,0.0,1.157,0.0,0.821,0.0,0.977,0.0,0.0,0.0,0.0,9.71,0.452,0.121,29.441,61.607,4.933
2018-08-27 07:45:00,15.751,1.185,0.895,1.019,0.0,1.207,0.0,0.877,0.0,1.028,0.0,0.0,0.0,0.0,21.962,1.228,0.331,27.786,64.155,83.615
2018-08-27 08:00:00,15.851,1.189,0.906,1.026,0.0,1.209,0.0,0.886,0.0,1.035,0.0,0.0,0.0,0.0,22.102,1.592,0.475,26.672,66.389,104.0
2018-08-27 08:15:00,16.389,1.157,0.871,0.999,0.0,1.23,0.0,0.905,0.0,1.055,0.0,0.0,0.0,0.0,22.605,1.631,0.374,26.412,66.751,105.667
2018-08-27 08:30:00,16.199,1.135,0.844,0.971,0.0,1.269,0.0,0.933,0.0,1.079,0.0,0.0,0.0,0.0,22.429,1.743,0.477,26.683,68.121,109.0
2018-08-27 08:45:00,16.129,1.153,0.862,0.993,0.0,1.262,0.0,0.931,0.0,1.075,0.0,0.0,0.0,0.0,22.405,1.696,0.45,26.22,70.231,108.385
2018-08-27 09:00:00,15.553,1.154,0.865,0.995,0.0,0.787,0.0,0.507,0.0,0.583,0.0,0.0,0.0,0.0,20.445,1.781,0.575,26.187,70.884,107.933
2018-08-27 09:15:00,15.637,1.177,0.889,1.02,0.0,0.739,0.0,0.46,0.0,0.539,0.0,0.0,0.0,0.0,20.461,1.677,0.557,26.124,71.935,107.733
2018-08-27 09:30:00,15.626,1.163,0.876,1.007,0.0,0.734,0.0,0.451,0.0,0.53,0.0,0.0,0.0,0.0,20.388,1.676,0.419,26.363,71.841,106.533
2018-08-27 09:45:00,15.895,1.168,0.873,1.007,0.0,0.995,0.0,0.681,0.0,0.801,0.0,0.0,0.0,0.0,21.419,1.708,0.433,26.068,72.203,104.733
2018-08-27 10:00:00,15.127,1.153,0.86,0.992,0.0,0.227,0.0,0.0,0.0,0.0,0.0,0.0,0.0,0.0,18.359,1.7,0.431,25.822,71.614,104.308
2018-08-27 10:15:00,15.358,1.15,0.858,0.99,0.0,0.234,0.0,0.0,0.0,0.0,0.0,0.0,0.0,0.0,18.59,1.713,0.439,25.661,70.907,105.0
2018-08-27 10:30:00,15.381,1.158,0.861,0.993,0.0,0.24,0.0,0.0,0.0,0.0,0.0,0.0,0.0,0.0,18.634,1.763,0.448,25.55,70.964,105.0
2018-08-27 10:45:00,15.631,1.17,0.877,1.007,0.0,0.237,0.0,0.0,0.0,0.0,0.0,0.0,0.0,0.0,18.922,1.715,0.485,25.613,71.441,105.0
2018-08-27 11:00:00,15.907,1.175,0.881,1.011,0.0,0.237,0.0,0.0,0.0,0.0,0.0,0.0,0.0,0.0,19.211,1.714,0.559,25.517,69.845,105.0
2018-08-27 11:15:00,15.556,1.177,0.881,1.011,0.0,0.237,0.0,0.0,0.0,0.0,0.0,0.0,0.0,0.0,18.863,1.927,0.537,25.401,68.761,108.8
2018-08-27 11:30:00,15.599,1.173,0.873,1.004,0.0,0.24,0.0,0.0,0.0,0.0,0.0,0.0,0.0,0.0,18.889,2.254,0.635,25.677,69.115,115.667
2018-08-27 11:45:00,15.725,1.16,0.861,0.997,0.479,0.501,0.25,0.233,0.293,0.28,0.0,0.0,0.0,0.0,20.781,2.407,0.641,25.765,71.202,118.467
2018-08-27 12:00:00,15.741,1.187,0.891,1.025,1.344,0.565,0.899,0.292,1.035,0.347,0.0,0.0,0.0,0.0,23.326,2.403,0.599,25.733,70.437,107.133
2018-08-27 12:15:00,15.471,1.202,0.904,1.036,1.367,0.437,0.928,0.176,1.06,0.209,0.0,0.0,0.0,0.0,22.79,2.412,0.497,25.627,69.627,109.667
2018-08-27 12:30:00,15.346,1.186,0.887,1.021,1.359,0.489,0.914,0.218,1.052,0.262,0.0,0.0,0.0,0.0,22.735,2.414,0.607,25.376,69.541,108.667
2018-08-27 12:45:00,15.393,1.183,0.882,1.017,1.337,0.392,0.895,0.134,1.032,0.164,0.0,0.0,0.0,0.0,22.43,2.415,0.563,25.293,68.211,100.933
2018-08-27 13:00:00,16.04,1.203,0.912,1.041,1.095,0.393,0.682,0.14,0.778,0.165,0.0,0.0,0.0,0.0,22.448,2.307,0.545,25.242,68.217,104.667
2018-08-27 13:15:00,16.441,1.213,0.922,1.049,1.383,0.441,0.947,0.18,1.071,0.213,0.0,0.0,0.0,0.0,23.86,2.069,0.446,25.317,68.68,101.533
2018-08-27 13:30:00,16.187,1.211,0.917,1.045,1.143,0.435,0.721,0.174,0.817,0.207,0.0,0.0,0.0,0.0,22.857,2.08,0.47,25.309,68.179,107.0
2018-08-27 13:45:00,15.811,1.209,0.911,1.039,1.353,0.434,0.917,0.173,1.037,0.207,0.0,0.0,0.0,0.0,23.091,2.088,0.582,25.21,68.122,110.133
2018-08-27 14:00:00,16.115,1.22,0.922,1.051,1.367,0.421,0.935,0.163,1.055,0.193,0.0,0.0,0.0,0.0,23.441,2.085,0.727,25.301,69.017,110.8
2018-08-27 14:15:00,16.321,1.015,0.729,0.832,0.999,0.608,0.585,0.325,0.662,0.387,0.0,0.0,0.0,0.0,22.464,2.082,0.645,25.353,69.31,106.133
2018-08-27 14:30:00,15.994,1.201,0.906,1.031,1.168,0.305,0.749,0.06,0.845,0.072,0.0,0.0,0.0,0.0,22.331,2.047,0.627,25.329,68.536,107.733
2018-08-27 14:45:00,16.1,1.222,0.922,1.051,1.372,0.541,0.937,0.269,1.054,0.317,0.0,0.0,0.0,0.0,23.784,2.075,0.643,25.263,68.38,121.8
2018-08-27 15:00:00,16.053,1.223,0.923,1.051,1.365,0.399,0.939,0.142,1.05,0.169,0.0,0.0,0.0,0.0,23.313,2.079,0.641,25.243,68.673,123.8
2018-08-27 15:15:00,15.909,1.222,0.923,1.053,1.387,0.555,0.954,0.28,1.07,0.331,0.0,0.0,0.0,0.0,23.685,2.08,0.693,25.33,68.974,120.0
2018-08-27 15:30:00,15.459,1.193,0.892,1.015,1.335,0.461,0.903,0.196,1.019,0.237,0.0,0.0,0.0,0.0,22.709,2.143,0.519,25.185,67.658,119.667
2018-08-27 15:45:00,14.902,1.176,0.875,1.003,1.138,0.237,0.722,0.0,0.817,0.0,0.0,0.0,0.0,0.0,20.871,2.273,0.646,25.143,68.248,118.333
2018-08-27 16:00:00,5.349,1.119,0.824,0.957,1.203,0.539,0.775,0.264,0.897,0.323,0.0,0.0,0.0,0.0,12.249,2.247,0.506,25.489,70.395,112.333
2018-08-27 16:15:00,0.411,0.733,0.459,0.541,1.225,0.621,0.791,0.331,0.922,0.409,0.0,0.0,0.0,0.0,6.443,2.249,0.661,26.81,67.088,107.133
2018-08-27 16:30:00,0.414,0.899,0.605,0.713,1.232,0.621,0.799,0.332,0.929,0.409,0.0,0.0,0.0,0.0,6.953,2.274,0.684,27.341,63.411,106.267
2018-08-27 16:45:00,0.745,0.804,0.514,0.605,1.243,0.598,0.811,0.314,0.936,0.383,0.0,0.358,0.0,0.0,7.311,2.179,0.522,27.543,60.536,107.0
2018-08-27 17:00:00,0.948,0.905,0.609,0.712,1.265,0.697,0.821,0.396,0.949,0.482,0.0,0.464,0.0,0.0,8.248,2.047,0.327,27.411,61.845,103.133
2018-08-27 17:15:00,0.451,0.939,0.645,0.744,1.256,0.663,0.819,0.371,0.941,0.447,0.0,0.0,0.0,0.0,7.277,1.945,0.106,27.539,60.961,98.6
2018-08-27 17:30:00,0.38,0.851,0.566,0.652,1.254,0.597,0.824,0.313,0.944,0.379,0.0,0.0,0.0,0.0,6.761,1.515,0.075,27.785,60.633,56.333
2018-08-27 17:45:00,0.491,1.038,0.741,0.853,1.264,0.699,0.838,0.404,0.955,0.488,0.0,0.0,0.0,0.0,7.772,1.428,0.045,27.933,60.144,60.867
2018-08-27 18:00:00,0.002,0.977,0.689,0.793,1.274,0.01,0.84,0.0,0.957,0.0,0.0,0.0,0.0,0.0,5.542,1.493,0.075,28.299,61.989,28.133
2018-08-27 18:15:00,0.0,0.24,0.0,0.0,1.222,0.01,0.794,0.0,0.905,0.0,0.0,0.0,0.0,0.0,3.171,1.173,0.07,28.521,62.29,2.2
2018-08-27 18:30:00,0.001,0.24,0.0,0.0,1.209,0.01,0.779,0.0,0.89,0.0,0.0,0.0,0.0,0.0,3.129,0.0,0.07,28.113,61.935,0.0
2018-08-27 18:45:00,0.0,0.24,0.0,0.0,1.211,0.01,0.781,0.0,0.889,0.0,0.0,0.0,0.0,0.0,3.131,0.0,0.07,28.276,61.689,0.0
2018-08-27 19:00:00,0.0,0.242,0.0,0.0,1.233,0.01,0.793,0.0,0.899,0.0,0.0,0.0,0.0,0.0,3.177,0.0,0.07,28.733,61.555,0.0
2018-08-27 19:15:00,0.0,0.24,0.0,0.0,1.215,0.01,0.787,0.0,0.893,0.0,0.0,0.0,0.0,0.0,3.145,0.0,0.047,28.123,61.467,0.0
2018-08-27 19:30:00,0.0,0.24,0.0,0.0,1.223,0.01,0.798,0.0,0.897,0.0,0.0,0.0,0.0,0.0,3.168,0.0,0.04,28.155,61.407,0.0
2018-08-27 19:45:00,0.001,0.24,0.0,0.0,1.221,0.01,0.797,0.0,0.896,0.0,0.0,0.0,0.0,0.0,3.165,0.0,0.04,28.179,61.347,0.0
2018-08-27 20:00:00,0.0,0.24,0.0,0.0,1.233,0.01,0.807,0.0,0.905,0.0,0.0,0.0,0.0,0.0,3.195,0.0,0.053,28.188,61.269,0.0
2018-08-27 20:15:00,0.0,0.24,0.0,0.0,1.212,0.01,0.792,0.0,0.889,0.0,0.0,0.0,0.0,0.0,3.143,0.0,0.073,28.208,61.229,0.0
2018-08-27 20:30:00,0.0,0.24,0.0,0.0,1.218,0.01,0.792,0.0,0.886,0.0,0.0,0.0,0.0,0.0,3.146,0.0,0.07,28.247,61.144,0.0
2018-08-27 20:45:00,0.0,0.241,0.0,0.0,1.221,0.01,0.794,0.0,0.891,0.0,0.0,0.0,0.0,0.0,3.157,0.0,0.071,28.269,61.129,0.0
2018-08-27 21:00:00,0.001,0.243,0.0,0.0,1.231,0.01,0.798,0.0,0.895,0.0,0.0,0.0,0.0,0.0,3.177,0.0,0.041,28.304,61.475,0.0
2018-08-27 21:15:00,0.0,0.245,0.0,0.0,1.217,0.01,0.789,0.0,0.883,0.0,0.0,0.0,0.0,0.0,3.145,0.0,0.04,28.31,61.246,0.0
2018-08-27 21:30:00,0.0,0.245,0.0,0.0,1.209,0.01,0.78,0.0,0.875,0.0,0.0,0.0,0.0,0.0,3.119,0.0,0.04,28.316,61.267,0.0
2018-08-27 21:45:00,0.0,0.24,0.0,0.0,1.222,0.01,0.793,0.0,0.883,0.0,0.0,0.0,0.0,0.0,3.148,0.0,0.066,28.358,61.145,0.0
2018-08-27 22:00:00,0.0,0.24,0.0,0.0,1.213,0.01,0.789,0.0,0.875,0.0,0.0,0.0,0.0,0.0,3.127,0.0,0.07,28.391,61.004,0.0
2018-08-27 22:15:00,0.0,0.24,0.0,0.0,1.207,0.01,0.789,0.0,0.874,0.0,0.0,0.0,0.0,0.0,3.119,0.0,0.07,28.412,61.256,0.0
2018-08-27 22:30:00,0.0,0.24,0.0,0.0,1.203,0.01,0.782,0.0,0.87,0.0,0.0,0.0,0.0,0.0,3.105,0.0,0.07,28.424,61.131,0.0
2018-08-27 22:45:00,0.0,0.24,0.0,0.0,1.214,0.01,0.789,0.0,0.875,0.0,0.0,0.0,0.0,0.0,3.128,0.0,0.07,28.434,61.224,0.0
2018-08-27 23:00:00,0.001,0.24,0.0,0.0,1.203,0.01,0.781,0.0,0.869,0.0,0.0,0.0,0.0,0.0,3.103,0.0,0.07,28.435,61.299,0.0
2018-08-27 23:15:00,0.001,0.24,0.0,0.0,1.203,0.01,0.776,0.0,0.866,0.0,0.0,0.0,0.0,0.0,3.096,0.0,0.063,28.452,61.375,0.0
2018-08-27 23:30:00,0.001,0.24,0.0,0.0,1.216,0.01,0.78,0.0,0.875,0.0,0.0,0.0,0.0,0.0,3.122,0.0,0.04,28.473,61.409,0.0
2018-08-27 23:45:00,0.091,0.206,0.0,0.0,1.201,0.274,0.772,0.073,0.866,0.09,0.0,0.0,0.0,0.0,3.574,0.0,0.044,28.48,61.435,0.0
2018-08-28 00:00:00,0.921,0.0,0.0,0.0,1.201,1.124,0.772,0.773,0.867,0.915,0.0,0.0,0.0,0.0,6.574,0.0,0.04,28.488,61.419,0.0
2018-08-28 00:15:00,0.932,0.0,0.0,0.0,1.201,1.133,0.769,0.793,0.863,0.927,0.0,0.0,0.0,0.0,6.617,0.0,0.068,28.493,61.486,0.0
2018-08-28 00:30:00,0.951,0.0,0.0,0.0,1.219,1.151,0.781,0.81,0.879,0.946,0.0,0.0,0.0,0.0,6.737,0.0,0.07,28.47,61.592,0.0
2018-08-28 00:45:00,0.939,0.0,0.0,0.0,1.21,1.14,0.777,0.796,0.872,0.935,0.0,0.0,0.0,0.0,6.67,0.0,0.07,28.445,61.61,0.0
2018-08-28 01:00:00,0.955,0.0,0.0,0.0,1.232,1.155,0.795,0.807,0.892,0.951,0.0,0.0,0.0,0.0,6.787,0.0,0.07,28.427,61.545,0.0
2018-08-28 01:15:00,0.945,0.0,0.0,0.0,1.22,1.145,0.782,0.799,0.879,0.941,0.0,0.0,0.0,0.0,6.711,0.0,0.07,28.432,61.394,0.0
2018-08-28 01:30:00,0.971,0.0,0.0,0.0,1.241,1.177,0.799,0.825,0.895,0.969,0.0,0.0,0.0,0.0,6.877,0.0,0.066,28.449,61.285,0.0
2018-08-28 01:45:00,0.966,0.0,0.0,0.0,1.222,1.173,0.781,0.821,0.877,0.963,0.0,0.0,0.0,0.0,6.803,0.0,0.04,28.443,61.171,0.0
2018-08-28 02:00:00,0.967,0.0,0.0,0.0,1.222,1.166,0.789,0.82,0.885,0.962,0.0,0.0,0.0,0.0,6.81,0.0,0.04,28.447,61.182,0.0
2018-08-28 02:15:00,0.968,0.0,0.0,0.0,1.229,1.173,0.795,0.823,0.892,0.966,0.0,0.0,0.0,0.0,6.846,0.0,0.04,28.443,60.879,0.0
2018-08-28 02:30:00,1.029,0.0,0.0,0.0,1.324,1.249,0.856,0.873,0.957,1.027,0.0,0.0,0.0,0.0,6.827,0.0,0.064,28.453,60.759,0.0
2018-08-28 02:45:00,0.959,0.0,0.0,0.0,1.245,1.17,0.803,0.813,0.899,0.955,0.0,0.0,0.0,0.0,6.845,0.0,0.071,28.473,60.627,0.0
2018-08-28 03:00:00,0.976,0.0,0.0,0.0,1.259,1.189,0.811,0.827,0.909,0.973,0.0,0.0,0.0,0.0,6.943,0.0,0.07,28.479,60.543,0.0
2018-08-28 03:15:00,0.967,0.0,0.0,0.0,1.243,1.178,0.803,0.823,0.896,0.963,0.0,0.0,0.0,0.0,6.873,0.0,0.073,28.48,60.42,0.0
2018-08-28 03:30:00,0.958,0.0,0.0,0.0,1.245,1.168,0.805,0.812,0.899,0.955,0.0,0.0,0.0,0.0,6.841,0.0,0.07,28.475,60.281,0.0
2018-08-28 03:45:00,0.965,0.0,0.0,0.0,1.237,1.165,0.809,0.819,0.902,0.959,0.0,0.0,0.0,0.0,6.856,0.0,0.07,28.485,60.23,0.0
2018-08-28 04:00:00,0.965,0.0,0.0,0.0,1.251,1.167,0.819,0.817,0.914,0.96,0.0,0.0,0.0,0.0,6.893,0.0,0.07,28.495,60.158,0.0
2018-08-28 04:15:00,0.966,0.0,0.0,0.0,1.242,1.168,0.815,0.823,0.907,0.963,0.0,0.0,0.0,0.0,6.884,0.0,0.068,28.541,60.204,0.0
2018-08-28 04:30:00,0.958,0.0,0.0,0.0,1.237,1.156,0.811,0.813,0.906,0.954,0.0,0.0,0.0,0.0,6.835,0.0,0.04,28.559,59.903,0.0
2018-08-28 04:45:00,0.959,0.0,0.0,0.0,1.245,1.158,0.817,0.813,0.913,0.954,0.0,0.0,0.0,0.0,6.859,0.0,0.039,28.57,59.859,0.0
2018-08-28 05:00:00,0.944,0.0,0.0,0.0,1.227,1.143,0.805,0.801,0.897,0.942,0.0,0.0,0.0,0.0,6.759,0.0,0.037,28.602,59.779,0.0
2018-08-28 05:15:00,0.934,0.0,0.0,0.0,1.223,1.131,0.801,0.79,0.894,0.929,0.0,0.0,0.0,0.0,6.702,0.0,0.059,28.605,59.759,0.0
2018-08-28 05:30:00,0.95,0.0,0.0,0.0,1.228,1.147,0.809,0.808,0.901,0.946,0.0,0.0,0.0,0.0,6.789,0.0,0.071,28.617,59.784,0.0
2018-08-28 05:45:00,0.112,0.218,0.0,0.0,1.226,0.346,0.8,0.095,0.891,0.111,0.0,0.0,0.0,0.0,3.799,0.0,0.07,28.607,59.751,0.0
2018-08-28 06:00:00,0.284,0.853,0.571,0.643,0.281,0.509,0.184,0.243,0.205,0.284,0.0,0.0,0.0,0.0,4.057,0.0,0.151,28.608,59.863,2.4
2018-08-28 06:15:00,0.429,1.135,0.833,0.941,0.0,0.647,0.0,0.363,0.0,0.428,0.0,0.0,0.0,0.0,4.775,0.0,0.08,28.676,60.358,3.0
2018-08-28 06:30:00,0.491,1.139,0.839,0.947,0.0,0.708,0.0,0.41,0.0,0.489,0.0,0.0,0.0,0.0,5.024,0.0,0.08,28.684,60.603,3.0
2018-08-28 06:45:00,0.459,1.137,0.841,0.953,0.0,0.673,0.0,0.382,0.0,0.457,0.0,0.0,0.0,0.0,4.901,0.027,0.203,28.679,60.764,3.0
2018-08-28 07:00:00,0.539,1.15,0.854,0.971,0.0,0.747,0.0,0.448,0.0,0.536,0.0,0.0,0.0,0.0,5.245,0.147,0.211,28.702,61.145,3.0
2018-08-28 07:15:00,0.429,1.138,0.841,0.967,0.0,0.642,0.0,0.357,0.0,0.427,0.0,0.0,0.0,0.0,4.801,0.36,0.253,28.72,61.571,3.0
2018-08-28 07:30:00,0.601,1.144,0.847,0.976,0.0,0.811,0.0,0.5,0.0,0.598,0.0,0.0,0.0,0.0,5.476,0.731,0.315,28.75,61.685,6.923
2018-08-28 07:45:00,0.107,1.133,0.833,0.964,0.0,0.339,0.0,0.089,0.0,0.106,0.0,0.0,0.0,0.0,3.571,1.089,0.487,28.691,61.858,86.786
2018-08-28 08:00:00,0.823,1.135,0.841,0.972,0.0,1.015,0.0,0.695,0.0,0.817,0.0,0.0,0.0,0.0,6.299,1.401,0.465,28.74,59.988,101.643
2018-08-28 08:15:00,1.049,1.139,0.843,0.975,0.0,1.228,0.0,0.89,0.0,1.043,0.0,0.0,0.0,0.0,7.167,1.629,0.335,28.635,57.552,100.0
2018-08-28 08:30:00,1.042,1.135,0.839,0.974,0.0,1.216,0.0,0.88,0.0,1.037,0.0,0.0,0.0,0.0,7.123,1.688,0.452,28.068,57.157,100.538
2018-08-28 08:45:00,1.053,1.144,0.849,0.983,0.0,1.221,0.0,0.893,0.0,1.047,0.0,0.0,0.0,0.0,7.19,1.692,0.556,27.585,57.771,100.867
2018-08-28 09:00:00,1.121,1.146,0.848,0.984,0.0,1.007,0.0,0.695,0.0,0.821,0.0,0.0,0.0,0.297,6.918,1.782,0.465,27.554,57.203,101.267
2018-08-28 09:15:00,5.071,1.145,0.849,0.985,0.0,0.745,0.0,0.461,0.0,0.549,0.0,0.0,0.0,1.269,11.075,2.043,0.505,27.255,59.609,102.333
2018-08-28 09:30:00,6.587,1.163,0.871,1.003,0.0,0.733,0.0,0.449,0.0,0.533,0.0,0.0,0.0,1.345,12.685,2.035,0.483,26.749,63.807,103.933
2018-08-28 09:45:00,6.855,1.161,0.872,1.005,0.0,1.01,0.0,0.7,0.0,0.825,0.0,0.0,0.0,1.351,13.78,2.037,0.518,26.757,61.457,104.6
2018-08-28 10:00:00,6.194,1.167,0.87,1.007,0.0,0.372,0.0,0.127,0.0,0.152,0.0,0.0,0.0,1.373,11.261,2.071,0.415,26.914,61.969,105.0
2018-08-28 10:15:00,6.035,1.168,0.872,1.005,0.0,0.229,0.0,0.0,0.0,0.0,0.0,0.0,0.0,1.376,10.685,2.061,0.331,27.114,63.109,105.0
2018-08-28 10:30:00,6.037,1.169,0.872,1.009,0.0,0.237,0.0,0.0,0.0,0.0,0.0,0.0,0.0,1.382,10.705,2.063,0.323,27.32,61.58,105.0
2018-08-28 10:45:00,6.063,1.184,0.889,1.023,0.0,0.24,0.0,0.0,0.0,0.0,0.0,0.0,0.0,1.408,10.806,2.067,0.383,26.938,60.061,105.0
2018-08-28 11:00:00,6.061,1.199,0.905,1.037,0.0,0.237,0.0,0.0,0.0,0.0,0.0,0.0,0.0,1.398,10.837,2.074,0.462,26.883,58.875,105.0
2018-08-28 11:15:00,6.078,1.187,0.891,1.023,0.0,0.237,0.0,0.0,0.0,0.0,0.0,0.0,0.0,1.405,10.822,2.093,0.447,27.21,60.385,105.2
2018-08-28 11:30:00,6.315,1.203,0.906,1.037,0.0,0.448,0.0,0.185,0.0,0.223,0.0,0.0,0.0,1.414,11.731,2.103,0.503,27.235,60.506,105.467
2018-08-28 11:45:00,5.834,1.212,0.909,1.047,0.519,0.923,0.282,0.603,0.327,0.719,0.0,0.0,0.0,0.433,12.807,1.911,0.671,27.263,60.815,105.0
2018-08-28 12:00:00,5.477,1.232,0.93,1.066,1.379,1.0,0.93,0.68,1.066,0.801,0.0,0.0,0.0,0.0,14.561,1.753,0.451,27.271,59.677,105.133
2018-08-28 12:15:00,5.742,1.238,0.934,1.072,1.372,1.252,0.934,0.915,1.065,1.072,0.0,0.0,0.0,0.0,15.595,1.757,0.427,26.92,58.194,105.533
2018-08-28 12:30:00,5.759,1.247,0.941,1.075,1.398,1.281,0.952,0.941,1.088,1.101,0.0,0.0,0.0,0.0,15.782,1.757,0.421,26.874,58.029,106.0
2018-08-28 12:45:00,5.752,1.246,0.941,1.076,1.383,1.263,0.95,0.932,1.077,1.087,0.0,0.0,0.0,0.0,15.707,1.75,0.526,26.896,57.767,105.333
2018-08-28 13:00:00,5.702,1.248,0.949,1.085,1.365,1.221,0.941,0.899,1.061,1.049,0.0,0.0,0.0,0.0,15.52,1.741,0.649,26.907,57.663,105.267
2018-08-28 13:15:00,5.493,1.241,0.947,1.079,1.367,1.018,0.947,0.716,1.066,0.833,0.0,0.0,0.0,0.0,14.706,1.719,0.569,26.845,56.379,105.0
2018-08-28 13:30:00,5.751,1.237,0.935,1.067,1.382,1.263,0.953,0.923,1.075,1.08,0.0,0.0,0.0,0.0,15.665,1.958,0.661,26.909,58.599,105.0
2018-08-28 13:45:00,5.395,1.249,0.949,1.083,1.388,1.291,0.964,0.959,1.085,1.112,0.0,0.0,0.0,0.0,15.474,2.089,0.664,27.323,59.704,104.333
2018-08-28 14:00:00,4.96,1.266,0.969,1.101,1.387,1.309,0.967,0.981,1.087,1.134,0.0,0.0,0.0,0.0,15.161,2.081,0.643,26.873,59.892,104.4
2018-08-28 14:15:00,4.948,1.245,0.946,1.079,1.384,1.309,0.958,0.973,1.078,1.13,0.0,0.0,0.0,0.0,15.05,2.085,0.694,26.807,60.346,104.733
2018-08-28 14:30:00,5.33,1.249,0.951,1.081,1.391,1.281,0.971,0.946,1.086,1.102,0.0,0.0,0.406,0.0,15.794,2.245,0.702,26.652,59.028,105.0
2018-08-28 14:45:00,6.715,1.239,0.943,1.073,1.39,1.28,0.969,0.947,1.085,1.101,0.0,0.0,1.793,0.0,18.535,2.467,0.639,26.644,58.727,104.867
2018-08-28 15:00:00,6.739,1.241,0.941,1.07,1.374,1.273,0.951,0.939,1.067,1.092,0.0,0.0,1.823,0.0,18.51,2.495,0.547,26.459,59.815,107.0
2018-08-28 15:15:00,6.747,1.235,0.929,1.063,1.403,1.269,0.971,0.928,1.091,1.088,0.0,0.0,1.837,0.0,18.559,2.67,0.759,26.674,58.878,112.667
2018-08-28 15:30:00,5.531,1.263,0.964,1.095,1.377,1.199,0.953,0.874,1.072,1.018,0.0,0.0,0.691,0.0,16.038,2.444,0.707,26.692,57.74,112.133
2018-08-28 15:45:00,4.793,1.252,0.948,1.081,1.383,1.158,0.957,0.833,1.075,0.968,0.0,0.0,0.0,0.0,14.447,2.287,0.713,26.603,57.535,111.8
2018-08-28 16:00:00,4.692,1.253,0.948,1.083,1.383,1.066,0.958,0.754,1.079,0.873,0.0,0.0,0.0,0.0,14.088,2.262,0.576,26.813,59.143,110.667
2018-08-28 16:15:00,4.933,1.248,0.945,1.074,1.389,1.301,0.961,0.971,1.08,1.114,0.0,0.0,0.0,0.0,15.017,2.255,0.567,27.384,59.279,110.867
2018-08-28 16:30:00,4.931,1.245,0.938,1.069,1.365,1.275,0.935,0.944,1.055,1.093,0.0,0.0,0.0,0.0,14.852,2.289,0.644,27.757,60.342,112.267
2018-08-28 16:45:00,4.053,1.196,0.893,1.023,1.355,1.227,0.929,0.903,1.049,1.052,0.0,0.0,0.0,0.0,13.681,2.274,0.544,28.145,61.173,110.667
2018-08-28 17:00:00,2.874,1.109,0.811,0.949,1.238,0.708,0.815,0.43,0.943,0.51,0.0,0.0,0.0,0.0,10.387,2.037,0.371,28.279,60.185,107.133
2018-08-28 17:15:00,4.837,1.105,0.81,0.944,1.253,1.171,0.829,0.837,0.951,0.995,0.0,0.0,0.0,0.0,13.733,1.892,0.411,27.957,63.221,101.8
2018-08-28 17:30:00,4.839,1.14,0.841,0.971,1.255,1.187,0.833,0.857,0.951,1.007,0.0,0.0,0.0,0.0,13.879,1.548,0.275,27.627,63.594,12.538
2018-08-28 17:45:00,4.859,1.146,0.847,0.976,1.255,1.183,0.835,0.855,0.95,1.006,0.0,0.0,0.0,0.0,13.912,1.641,0.218,27.459,61.179,56.467
2018-08-28 18:00:00,3.865,1.117,0.817,0.948,1.269,0.044,0.846,0.025,0.962,0.029,0.0,0.0,0.0,0.0,9.923,1.609,0.219,27.294,61.217,13.467
2018-08-28 18:15:00,3.851,1.105,0.803,0.931,1.283,0.01,0.851,0.0,0.965,0.0,0.0,0.0,0.0,0.0,9.798,1.401,0.211,27.267,62.598,20.133
2018-08-28 18:30:00,3.836,1.111,0.81,0.931,1.267,0.01,0.843,0.0,0.947,0.0,0.0,0.0,0.0,0.0,9.755,1.233,0.165,27.241,62.993,5.077
2018-08-28 18:45:00,3.846,1.104,0.807,0.925,1.262,0.01,0.843,0.0,0.944,0.0,0.0,0.0,0.0,0.0,9.741,1.189,0.158,27.299,61.259,3.0
2018-08-28 19:00:00,3.865,1.103,0.808,0.922,1.253,0.01,0.833,0.0,0.934,0.0,0.0,0.0,0.0,0.0,9.727,1.189,0.144,27.463,62.716,3.0
2018-08-28 19:15:00,3.849,1.103,0.806,0.922,1.287,0.01,0.861,0.0,0.961,0.0,0.0,0.0,0.0,0.0,9.801,0.933,0.072,27.166,64.832,1.4
2018-08-28 19:30:00,3.853,1.11,0.812,0.925,0.935,0.01,0.533,0.0,0.596,0.0,0.0,0.0,0.0,0.0,8.774,0.0,0.081,27.253,62.684,0.0
2018-08-28 19:45:00,3.857,1.103,0.811,0.923,0.902,0.01,0.495,0.0,0.559,0.0,0.0,0.0,0.0,0.0,8.661,0.0,0.08,27.413,62.918,0.0
2018-08-28 20:00:00,1.805,1.104,0.805,0.915,0.63,0.01,0.237,0.0,0.267,0.0,0.0,0.0,0.0,0.0,5.773,0.0,0.08,27.329,63.493,0.0
2018-08-28 20:15:00,0.0,0.24,0.0,0.0,1.225,0.01,0.788,0.0,0.895,0.0,0.0,0.0,0.0,0.0,3.158,0.0,0.08,27.624,60.791,0.0
2018-08-28 20:30:00,0.001,0.24,0.0,0.0,1.208,0.01,0.779,0.0,0.884,0.0,0.0,0.0,0.0,0.0,3.121,0.0,0.08,27.805,58.954,0.0
2018-08-28 20:45:00,0.0,0.24,0.0,0.0,1.209,0.01,0.785,0.0,0.888,0.0,0.0,0.0,0.0,0.0,3.132,0.0,0.08,27.881,57.685,0.0
2018-08-28 21:00:00,0.0,0.24,0.0,0.0,1.197,0.01,0.782,0.0,0.882,0.0,0.0,0.0,0.0,0.0,3.111,0.0,0.08,27.931,56.837,0.0
2018-08-28 21:15:00,0.001,0.24,0.0,0.0,1.21,0.01,0.793,0.0,0.894,0.0,0.0,0.0,0.0,0.0,3.147,0.0,0.08,27.963,56.443,0.0
2018-08-28 21:30:00,0.0,0.24,0.0,0.0,1.199,0.01,0.785,0.0,0.887,0.0,0.0,0.0,0.0,0.0,3.122,0.0,0.08,28.036,56.045,0.0
2018-08-28 21:45:00,0.0,0.24,0.0,0.0,1.2,0.01,0.781,0.0,0.882,0.0,0.0,0.0,0.0,0.0,3.113,0.0,0.079,28.147,56.356,0.0
2018-08-28 22:00:00,0.0,0.24,0.0,0.0,1.214,0.01,0.786,0.0,0.889,0.0,0.0,0.0,0.0,0.0,3.139,0.0,0.084,28.333,56.587,0.0
2018-08-28 22:15:00,0.0,0.24,0.0,0.0,1.205,0.01,0.777,0.0,0.881,0.0,0.0,0.0,0.0,0.0,3.113,0.0,0.08,28.515,56.316,0.0
2018-08-28 22:30:00,0.001,0.24,0.0,0.0,1.201,0.01,0.771,0.0,0.877,0.0,0.0,0.0,0.0,0.0,3.099,0.0,0.08,28.607,56.29,0.0
2018-08-28 22:45:00,0.001,0.24,0.0,0.0,1.209,0.01,0.776,0.0,0.882,0.0,0.0,0.0,0.0,0.0,3.118,0.0,0.045,28.75,56.426,0.0
2018-08-28 23:00:00,0.001,0.24,0.0,0.0,1.217,0.01,0.776,0.0,0.881,0.0,0.0,0.0,0.0,0.0,3.125,0.0,0.042,28.459,56.612,0.0
2018-08-28 23:15:00,0.001,0.245,0.0,0.0,1.217,0.01,0.775,0.0,0.881,0.0,0.0,0.0,0.0,0.0,3.129,0.0,0.041,28.141,56.711,0.0
2018-08-28 23:30:00,0.0,0.244,0.0,0.0,1.204,0.01,0.769,0.0,0.875,0.0,0.0,0.0,0.0,0.0,3.102,0.0,0.052,28.143,56.897,0.0
2018-08-28 23:45:00,0.0,0.215,0.0,0.0,1.224,0.177,0.79,0.0,0.891,0.0,0.0,0.0,0.0,0.0,3.298,0.0,0.08,28.159,57.379,0.0
2018-08-29 00:00:00,0.85,0.0,0.0,0.0,1.275,1.059,0.832,0.721,0.935,0.847,0.0,0.0,0.0,0.0,6.518,0.0,0.084,28.173,57.219,0.0
2018-08-29 00:15:00,0.983,0.0,0.0,0.0,1.265,1.184,0.824,0.843,0.925,0.979,0.0,0.0,0.0,0.0,7.001,0.0,0.081,28.187,57.305,0.0
2018-08-29 00:30:00,0.982,0.0,0.0,0.0,1.263,1.186,0.817,0.842,0.923,0.977,0.0,0.0,0.0,0.0,6.99,0.0,0.08,28.192,57.426,0.0
2018-08-29 00:45:00,0.771,0.0,0.0,0.0,1.261,0.979,0.817,0.661,0.921,0.768,0.0,0.0,0.0,0.0,6.177,0.0,0.08,28.225,57.481,0.0
2018-08-29 01:00:00,0.989,0.0,0.0,0.0,1.285,1.195,0.834,0.848,0.938,0.984,0.0,0.0,0.0,0.0,7.073,0.0,0.053,28.228,57.569,0.0
2018-08-29 01:15:00,0.773,0.0,0.0,0.0,1.259,0.983,0.812,0.662,0.917,0.771,0.0,0.0,0.0,0.0,6.176,0.0,0.041,28.225,57.676,0.0
2018-08-29 01:30:00,0.973,0.0,0.0,0.0,1.264,1.179,0.816,0.831,0.921,0.969,0.0,0.0,0.0,0.0,6.953,0.0,0.041,28.243,57.754,0.0
2018-08-29 01:45:00,0.77,0.0,0.0,0.0,1.259,0.981,0.812,0.657,0.917,0.767,0.0,0.0,0.0,0.0,6.164,0.0,0.047,28.245,57.812,0.0
2018-08-29 02:00:00,0.989,0.0,0.0,0.0,1.277,1.195,0.833,0.852,0.936,0.985,0.0,0.0,0.0,0.0,7.068,0.0,0.08,28.276,57.825,0.0
2018-08-29 02:15:00,0.775,0.0,0.0,0.0,1.261,0.985,0.821,0.665,0.924,0.77,0.0,0.0,0.0,0.0,6.203,0.0,0.08,28.29,57.857,0.0
2018-08-29 02:30:00,0.975,0.0,0.0,0.0,1.267,1.175,0.83,0.841,0.932,0.972,0.0,0.0,0.0,0.0,6.991,0.0,0.08,28.283,57.944,0.0
2018-08-29 02:45:00,0.985,0.0,0.0,0.0,1.282,1.187,0.838,0.85,0.941,0.981,0.0,0.0,0.0,0.0,7.063,0.0,0.08,28.299,58.147,0.0
2018-08-29 03:00:00,0.976,0.0,0.0,0.0,1.265,1.171,0.825,0.839,0.931,0.973,0.0,0.0,0.0,0.0,6.98,0.0,0.08,28.317,58.109,0.0
2018-08-29 03:15:00,0.777,0.0,0.0,0.0,1.251,0.981,0.812,0.666,0.919,0.773,0.0,0.0,0.0,0.0,6.179,0.0,0.08,28.305,58.228,0.0
2018-08-29 03:30:00,0.974,0.0,0.0,0.0,1.254,1.175,0.811,0.834,0.918,0.969,0.0,0.0,0.0,0.0,6.936,0.0,0.082,28.315,58.15,0.0
2018-08-29 03:45:00,0.979,0.0,0.0,0.0,1.272,1.184,0.826,0.838,0.933,0.975,0.0,0.0,0.0,0.0,7.008,0.0,0.079,28.315,58.142,0.0
2018-08-29 04:00:00,0.962,0.0,0.0,0.0,1.261,1.163,0.818,0.82,0.923,0.958,0.0,0.0,0.0,0.0,6.905,0.0,0.041,28.32,58.226,0.0
2018-08-29 04:15:00,0.78,0.0,0.0,0.0,1.252,0.986,0.813,0.669,0.919,0.777,0.0,0.0,0.0,0.0,6.197,0.0,0.041,28.334,58.138,0.0
2018-08-29 04:30:00,0.976,0.0,0.0,0.0,1.255,1.175,0.815,0.839,0.92,0.971,0.0,0.0,0.0,0.0,6.951,0.0,0.04,28.338,58.135,0.0
2018-08-29 04:45:00,0.779,0.0,0.0,0.0,1.262,0.988,0.821,0.664,0.927,0.776,0.0,0.0,0.0,0.0,6.217,0.0,0.059,28.343,58.17,0.0
2018-08-29 05:00:00,0.769,0.0,0.0,0.0,1.239,0.973,0.806,0.657,0.912,0.763,0.0,0.0,0.0,0.0,6.119,0.0,0.08,28.35,58.219,0.0
2018-08-29 05:15:00,0.783,0.0,0.0,0.0,1.255,0.987,0.826,0.674,0.927,0.78,0.0,0.0,0.0,0.0,6.231,0.0,0.08,28.355,58.217,0.0
2018-08-29 05:30:00,0.976,0.0,0.0,0.0,1.262,1.176,0.835,0.844,0.934,0.973,0.0,0.0,0.0,0.0,7.001,0.0,0.08,28.359,58.185,0.133
2018-08-29 05:45:00,0.162,0.211,0.0,0.0,1.259,0.395,0.822,0.139,0.924,0.161,0.0,0.0,0.0,0.0,4.073,0.0,0.08,28.351,58.312,2.6
2018-08-29 06:00:00,0.143,0.835,0.552,0.621,0.318,0.375,0.208,0.121,0.235,0.141,0.0,0.0,0.0,0.0,3.55,0.0,0.132,28.376,58.397,3.0
2018-08-29 06:15:00,0.668,1.15,0.856,0.958,0.0,0.879,0.0,0.567,0.0,0.667,0.0,0.0,0.0,0.0,5.745,0.0,0.05,28.434,58.614,3.0
2018-08-29 06:30:00,0.429,1.141,0.853,0.958,0.0,0.649,0.0,0.361,0.0,0.427,0.0,0.0,0.0,0.0,4.817,0.111,0.05,28.455,58.78,3.0
2018-08-29 06:45:00,0.578,1.117,0.837,0.946,0.0,0.787,0.0,0.487,0.0,0.576,0.0,0.0,0.0,0.0,5.327,1.162,0.117,28.45,58.917,3.0
2018-08-29 07:00:00,0.409,1.129,0.843,0.957,0.0,0.624,0.0,0.344,0.0,0.407,0.0,0.0,0.0,0.0,4.713,1.169,0.171,28.489,59.274,3.0
2018-08-29 07:15:00,1.003,1.133,0.852,0.967,0.0,1.189,0.0,0.853,0.0,0.997,0.0,0.0,0.0,0.0,6.993,1.163,0.166,28.537,59.623,3.0
2018-08-29 07:30:00,2.378,1.152,0.862,0.981,0.0,1.242,0.0,0.901,0.0,1.049,0.0,0.0,0.0,0.0,8.566,1.27,0.223,28.493,59.571,67.067
2018-08-29 07:45:00,4.884,1.134,0.85,0.969,0.0,1.237,0.0,0.91,0.0,1.052,0.0,0.0,0.0,0.0,11.036,1.505,0.286,28.055,60.964,104.538
2018-08-29 08:00:00,4.855,1.139,0.857,0.978,0.0,1.218,0.0,0.9,0.0,1.039,0.0,0.0,0.0,0.0,10.985,1.793,0.404,27.987,61.119,104.0
2018-08-29 08:15:00,4.835,1.136,0.85,0.976,0.0,1.192,0.0,0.872,0.0,1.016,0.0,0.0,0.0,0.0,10.877,1.727,0.47,27.457,59.324,104.6
2018-08-29 08:30:00,4.931,1.14,0.853,0.982,0.0,1.319,0.0,0.971,0.0,1.127,0.0,0.0,0.0,0.0,10.767,1.715,0.414,27.172,58.898,104.385
2018-08-29 08:45:00,4.851,1.15,0.865,0.995,0.0,1.211,0.0,0.888,0.0,1.035,0.0,0.0,0.0,0.0,10.996,1.703,0.314,27.648,59.021,104.0
2018-08-29 09:00:00,4.847,1.155,0.871,0.999,0.0,1.227,0.0,0.901,0.0,1.047,0.0,0.0,0.0,0.0,11.048,1.691,0.308,27.407,58.98,104.0
2018-08-29 09:15:00,4.821,1.163,0.879,1.004,0.0,1.195,0.0,0.873,0.0,1.017,0.0,0.0,0.0,0.0,10.953,1.686,0.351,26.977,57.959,103.933
2018-08-29 09:30:00,3.853,1.173,0.885,1.016,0.0,0.269,0.0,0.036,0.0,0.042,0.0,0.0,0.0,0.0,7.273,1.691,0.45,27.19,58.225,102.133
2018-08-29 09:45:00,3.82,1.18,0.887,1.018,0.0,0.237,0.0,0.0,0.0,0.0,0.0,0.0,0.0,0.0,7.141,1.721,0.538,27.286,57.543,106.929
2018-08-29 10:00:00,3.819,1.182,0.893,1.017,0.0,0.24,0.0,0.0,0.0,0.0,0.0,0.0,0.0,0.0,7.151,1.732,0.538,27.307,57.264,107.643
2018-08-29 10:15:00,3.814,1.185,0.894,1.018,0.0,0.237,0.0,0.0,0.0,0.0,0.0,0.0,0.0,0.0,7.148,1.734,0.545,27.355,57.62,104.867
2018-08-29 10:30:00,4.013,1.187,0.899,1.023,0.0,0.422,0.0,0.164,0.0,0.195,0.0,0.0,0.0,0.0,7.903,1.751,0.56,27.231,57.259,107.067
2018-08-29 10:45:00,3.939,1.191,0.904,1.03,0.0,0.351,0.0,0.101,0.0,0.119,0.0,0.0,0.0,0.0,7.635,1.937,0.699,26.99,56.415,112.2
2018-08-29 11:00:00,3.912,1.196,0.908,1.033,0.0,0.307,0.0,0.059,0.0,0.071,0.0,0.0,0.0,0.0,7.487,1.906,0.737,27.203,57.237,109.0
2018-08-29 11:15:00,4.633,1.206,0.919,1.043,0.0,0.993,0.0,0.678,0.0,0.798,0.0,0.0,0.0,0.0,10.27,1.904,0.567,27.248,58.757,109.2
2018-08-29 11:30:00,5.969,1.213,0.92,1.047,0.0,1.047,0.0,0.723,0.0,0.851,0.0,0.0,0.0,1.26,13.031,2.255,0.56,27.292,57.845,113.467
2018-08-29 11:45:00,5.226,1.201,0.905,1.033,0.481,0.237,0.255,0.0,0.294,0.0,0.0,0.0,0.0,1.394,11.025,2.285,0.551,27.186,57.35,110.933
2018-08-29 12:00:00,5.639,1.209,0.911,1.039,1.157,0.611,0.72,0.331,0.824,0.391,0.0,0.0,0.0,1.403,14.234,2.305,0.591,27.374,57.287,110.267
2018-08-29 12:15:00,5.263,1.219,0.923,1.049,1.377,1.089,0.929,0.761,1.057,0.893,0.0,0.0,0.0,0.524,15.086,2.089,0.565,27.525,57.779,110.0
2018-08-29 12:30:00,4.572,1.215,0.915,1.044,1.371,0.945,0.925,0.635,1.055,0.746,0.0,0.0,0.0,0.0,13.423,1.942,0.516,27.581,57.387,111.0
2018-08-29 12:45:00,4.702,1.227,0.93,1.057,1.403,1.069,0.957,0.742,1.088,0.872,0.0,0.0,0.0,0.0,14.047,1.934,0.515,27.392,56.663,111.0
2018-08-29 13:00:00,4.527,1.223,0.934,1.059,1.369,0.909,0.937,0.613,1.065,0.711,0.0,0.0,0.0,0.0,13.346,1.923,0.531,27.378,56.711,109.6
2018-08-29 13:15:00,4.811,1.221,0.931,1.057,1.381,1.176,0.955,0.856,1.079,0.994,0.0,0.0,0.0,0.0,14.46,1.753,0.501,27.333,56.447,103.667
2018-08-29 13:30:00,4.331,1.22,0.927,1.055,1.371,0.721,0.942,0.441,1.067,0.517,0.0,0.0,0.0,0.0,12.591,1.713,0.482,27.17,56.551,103.267
2018-08-29 13:45:00,4.911,1.215,0.921,1.049,1.366,1.27,0.927,0.931,1.056,1.09,0.0,0.0,0.0,0.0,14.737,1.731,0.485,27.175,57.521,104.0
2018-08-29 14:00:00,4.339,1.222,0.926,1.053,1.359,0.717,0.926,0.439,1.053,0.511,0.0,0.0,0.0,0.0,12.544,1.737,0.527,27.176,58.273,104.0
2018-08-29 14:15:00,4.963,1.239,0.944,1.071,1.366,1.313,0.934,0.977,1.059,1.125,0.0,0.0,0.0,0.0,14.99,1.735,0.659,27.271,59.062,103.333
2018-08-29 14:30:00,4.909,1.222,0.929,1.054,1.377,1.263,0.945,0.927,1.069,1.079,0.0,0.0,0.0,0.0,14.774,1.987,0.595,27.573,60.007,104.8
2018-08-29 14:45:00,5.563,1.234,0.937,1.06,1.403,1.091,0.963,0.774,1.089,0.896,0.0,0.0,0.0,0.832,15.842,2.099,0.741,27.562,59.667,104.6
2018-08-29 15:00:00,6.305,1.231,0.936,1.061,1.377,1.275,0.946,0.947,1.069,1.095,0.0,0.0,0.0,1.376,17.618,2.096,0.814,27.721,60.277,106.667
2018-08-29 15:15:00,6.116,1.243,0.957,1.082,1.385,1.075,0.959,0.77,1.078,0.889,0.0,0.0,0.0,1.407,16.96,2.097,0.497,27.585,58.615,100.8
2018-08-29 15:30:00,6.194,1.255,0.962,1.086,1.401,1.12,0.965,0.802,1.083,0.923,0.0,0.0,0.0,1.433,17.225,2.101,0.543,27.394,58.643,101.0
2018-08-29 15:45:00,6.296,1.233,0.941,1.066,1.376,1.243,0.947,0.911,1.065,1.051,0.0,0.0,0.0,1.416,17.546,2.103,0.645,27.458,59.536,108.133
2018-08-29 16:00:00,6.171,1.236,0.953,1.077,1.371,1.12,0.952,0.807,1.066,0.938,0.0,0.0,0.0,1.409,17.099,2.082,0.582,27.394,59.204,114.333
2018-08-29 16:15:00,6.105,1.259,0.984,1.107,1.373,1.07,0.964,0.775,1.078,0.891,0.0,0.0,0.0,1.402,17.007,2.035,0.645,27.443,59.462,111.133
2018-08-29 16:30:00,6.156,1.254,0.971,1.091,1.404,1.095,0.984,0.794,1.095,0.906,0.0,0.0,0.0,1.427,17.178,2.046,0.517,27.285,57.918,111.533
2018-08-29 16:45:00,5.193,1.236,0.951,1.076,1.399,0.98,0.975,0.677,1.088,0.785,0.0,0.0,0.0,1.423,15.781,2.076,0.623,27.305,57.395,117.0
2018-08-29 17:00:00,2.001,1.226,0.927,1.056,1.384,0.791,0.949,0.495,1.067,0.581,0.0,0.0,0.0,1.415,11.892,2.103,0.737,27.441,57.565,111.636
2018-08-29 17:15:00,1.766,1.221,0.927,1.053,1.387,0.57,0.955,0.295,1.072,0.351,0.0,0.0,0.0,1.413,11.01,2.101,0.553,27.419,58.402,108.6
2018-08-29 17:30:00,1.171,1.019,0.733,0.835,1.407,0.523,0.968,0.247,1.083,0.295,0.0,0.0,0.0,0.874,9.155,1.974,0.601,27.49,59.153,31.067
2018-08-29 17:45:00,0.595,1.009,0.723,0.827,1.36,0.801,0.928,0.495,1.045,0.591,0.0,0.0,0.0,0.0,8.374,1.811,0.48,27.708,58.156,18.467
2018-08-29 18:00:00,0.032,1.135,0.835,0.949,1.366,0.053,0.934,0.027,1.052,0.031,0.0,0.0,0.0,0.0,6.413,2.017,0.24,27.79,58.747,94.2
2018-08-29 18:15:00,0.0,0.237,0.0,0.0,1.321,0.01,0.888,0.0,1.003,0.0,0.0,0.0,0.0,0.0,3.46,1.488,0.223,27.614,60.281,3.0
2018-08-29 18:30:00,0.0,0.243,0.0,0.0,1.333,0.01,0.895,0.0,1.006,0.0,0.0,0.0,0.0,0.0,3.487,1.377,0.151,27.559,60.32,3.0
2018-08-29 18:45:00,0.001,0.375,0.127,0.144,1.305,0.01,0.871,0.0,0.978,0.0,0.0,0.0,0.0,0.0,3.812,1.359,0.133,27.508,60.288,3.0
2018-08-29 19:00:00,0.0,0.381,0.127,0.145,1.319,0.01,0.881,0.0,0.989,0.0,0.0,0.0,0.0,0.0,3.851,1.397,0.21,27.46,59.979,3.0
2018-08-29 19:15:00,0.0,0.237,0.0,0.0,1.323,0.01,0.886,0.0,0.989,0.0,0.0,0.0,0.0,0.0,3.445,1.375,0.193,27.45,59.949,3.0
2018-08-29 19:30:00,0.001,0.354,0.103,0.118,1.319,0.01,0.88,0.0,0.986,0.0,0.0,0.0,0.0,0.0,3.771,1.381,0.117,27.519,59.886,3.0
2018-08-29 19:45:00,0.0,0.359,0.11,0.126,1.291,0.01,0.861,0.0,0.965,0.0,0.0,0.0,0.0,0.0,3.722,1.367,0.181,27.682,59.389,3.0
2018-08-29 20:00:00,0.0,0.349,0.101,0.115,1.295,0.01,0.871,0.0,0.972,0.0,0.0,0.0,0.0,0.0,3.714,1.349,0.168,27.786,58.987,3.0
2018-08-29 20:15:00,0.0,0.357,0.108,0.123,1.289,0.01,0.863,0.0,0.959,0.0,0.0,0.0,0.0,0.0,3.708,1.36,0.16,27.848,58.459,3.0
2018-08-29 20:30:00,0.0,0.24,0.0,0.0,1.293,0.01,0.863,0.0,0.961,0.0,0.0,0.0,0.0,0.0,3.367,0.421,0.094,27.91,58.452,0.8
2018-08-29 20:45:00,0.0,0.349,0.103,0.117,1.266,0.01,0.846,0.0,0.943,0.0,0.0,0.0,0.0,0.0,3.634,0.0,0.073,27.953,58.401,0.0
2018-08-29 21:00:00,0.0,0.24,0.0,0.0,1.259,0.01,0.833,0.0,0.933,0.0,0.0,0.0,0.0,0.0,3.275,0.0,0.07,27.982,58.403,0.0
2018-08-29 21:15:00,0.0,0.24,0.0,0.0,1.269,0.01,0.836,0.0,0.935,0.0,0.0,0.0,0.0,0.0,3.289,0.0,0.07,28.01,58.523,0.0
2018-08-29 21:30:00,0.001,0.24,0.0,0.0,1.252,0.01,0.822,0.0,0.924,0.0,0.0,0.0,0.0,0.0,3.249,0.0,0.073,28.093,58.566,0.0
2018-08-29 21:45:00,0.001,0.24,0.0,0.0,1.276,0.01,0.841,0.0,0.94,0.0,0.0,0.0,0.0,0.0,3.308,0.0,0.078,28.36,58.596,0.0
2018-08-29 22:00:00,0.0,0.241,0.0,0.0,1.251,0.01,0.817,0.0,0.913,0.0,0.0,0.0,0.0,0.0,3.232,0.0,0.071,28.573,58.663,0.0
2018-08-29 22:15:00,0.001,0.347,0.098,0.111,1.277,0.01,0.841,0.0,0.94,0.0,0.0,0.0,0.0,0.0,3.625,0.0,0.07,28.6,58.713,0.0
2018-08-29 22:30:00,0.0,0.24,0.0,0.0,1.245,0.01,0.813,0.0,0.911,0.0,0.0,0.0,0.0,0.0,3.219,0.0,0.071,28.407,58.695,0.0
2018-08-29 22:45:00,0.0,0.24,0.0,0.0,1.251,0.01,0.821,0.0,0.915,0.0,0.0,0.0,0.0,0.0,3.236,0.0,0.07,28.119,58.706,0.0
2018-08-29 23:00:00,0.0,0.24,0.0,0.0,1.265,0.01,0.831,0.0,0.925,0.0,0.0,0.0,0.0,0.0,3.271,0.0,0.07,28.128,58.707,0.0
2018-08-29 23:15:00,0.0,0.24,0.0,0.0,1.279,0.01,0.844,0.0,0.937,0.0,0.0,0.0,0.0,0.0,3.311,0.0,0.053,28.136,58.765,0.0
2018-08-29 23:30:00,0.0,0.24,0.0,0.0,1.252,0.01,0.821,0.0,0.914,0.0,0.0,0.0,0.0,0.0,3.237,0.0,0.031,28.165,58.769,0.0
2018-08-29 23:45:00,0.036,0.22,0.0,0.0,1.241,0.213,0.806,0.029,0.903,0.035,0.0,0.0,0.0,0.0,3.482,0.0,0.03,28.185,58.762,0.0
2018-08-30 00:00:00,0.925,0.0,0.0,0.0,1.257,1.133,0.818,0.781,0.915,0.922,0.0,0.0,0.0,0.0,6.751,0.0,0.031,28.194,58.803,0.0
2018-08-30 00:15:00,0.96,0.0,0.0,0.0,1.246,1.162,0.806,0.819,0.905,0.957,0.0,0.0,0.0,0.0,6.854,0.0,0.068,28.209,58.831,0.0
2018-08-30 00:30:00,0.954,0.0,0.0,0.0,1.233,1.152,0.793,0.815,0.893,0.951,0.0,0.0,0.0,0.0,6.791,0.0,0.07,28.222,58.858,0.0
2018-08-30 00:45:00,0.947,0.0,0.0,0.0,1.241,1.145,0.797,0.806,0.897,0.945,0.0,0.0,0.0,0.0,6.778,0.0,0.07,28.228,58.831,0.0
2018-08-30 01:00:00,0.768,0.0,0.0,0.0,1.249,0.975,0.799,0.651,0.904,0.763,0.0,0.0,0.0,0.0,6.109,0.0,0.07,28.243,58.805,0.0
2018-08-30 01:15:00,0.943,0.0,0.0,0.0,1.238,1.135,0.804,0.804,0.905,0.937,0.0,0.0,0.0,0.0,6.765,0.0,0.07,28.245,58.794,0.0
2018-08-30 01:30:00,0.95,0.0,0.0,0.0,1.229,1.143,0.793,0.813,0.896,0.948,0.0,0.0,0.0,0.0,6.773,0.0,0.07,28.26,58.743,0.0
2018-08-30 01:45:00,0.905,0.0,0.0,0.0,1.231,1.101,0.795,0.778,0.896,0.903,0.0,0.0,0.0,0.0,6.611,0.0,0.07,28.271,58.645,0.0
2018-08-30 02:00:00,0.875,0.0,0.0,0.0,1.257,1.08,0.816,0.753,0.916,0.872,0.0,0.0,0.0,0.0,6.569,0.0,0.063,28.272,58.513,0.0
2018-08-30 02:15:00,0.759,0.0,0.0,0.0,1.233,0.963,0.794,0.645,0.894,0.757,0.0,0.0,0.0,0.0,6.044,0.0,0.03,28.281,58.482,0.0
2018-08-30 02:30:00,0.765,0.0,0.0,0.0,1.235,0.969,0.796,0.653,0.896,0.762,0.0,0.0,0.0,0.0,6.075,0.0,0.031,28.294,58.398,0.0
2018-08-30 02:45:00,0.942,0.0,0.0,0.0,1.24,1.143,0.8,0.803,0.901,0.939,0.0,0.0,0.0,0.0,6.768,0.0,0.032,28.321,58.356,0.0
2018-08-30 03:00:00,0.754,0.0,0.0,0.0,1.258,0.965,0.809,0.638,0.916,0.751,0.0,0.0,0.0,0.0,6.091,0.0,0.056,28.338,58.405,0.0
2018-08-30 03:15:00,0.943,0.0,0.0,0.0,1.235,1.139,0.798,0.803,0.901,0.939,0.0,0.0,0.0,0.0,6.758,0.0,0.07,28.337,58.393,0.0
2018-08-30 03:30:00,0.953,0.0,0.0,0.0,1.231,1.145,0.799,0.815,0.9,0.949,0.0,0.0,0.0,0.0,6.793,0.0,0.07,28.34,58.405,0.0
2018-08-30 03:45:00,0.799,0.0,0.0,0.0,1.239,1.001,0.805,0.682,0.905,0.799,0.0,0.0,0.0,0.0,6.231,0.0,0.073,28.356,58.385,0.0
2018-08-30 04:00:00,0.927,0.0,0.0,0.0,1.243,1.125,0.813,0.797,0.913,0.923,0.0,0.0,0.0,0.0,6.741,0.0,0.07,28.367,58.367,0.0
2018-08-30 04:15:00,0.763,0.0,0.0,0.0,1.234,0.963,0.804,0.653,0.905,0.761,0.0,0.0,0.0,0.0,6.081,0.0,0.07,28.376,58.364,0.0
2018-08-30 04:30:00,0.754,0.0,0.0,0.0,1.228,0.954,0.8,0.641,0.9,0.749,0.0,0.0,0.0,0.0,6.026,0.0,0.057,28.381,58.387,0.0
2018-08-30 04:45:00,0.966,0.0,0.0,0.0,1.242,1.163,0.809,0.825,0.911,0.96,0.0,0.0,0.0,0.0,6.876,0.0,0.03,28.402,58.399,0.0
2018-08-30 05:00:00,0.755,0.0,0.0,0.0,1.225,0.957,0.793,0.643,0.896,0.753,0.0,0.0,0.0,0.0,6.023,0.0,0.031,28.427,58.401,0.0
2018-08-30 05:15:00,0.77,0.0,0.0,0.0,1.236,0.982,0.793,0.656,0.894,0.767,0.0,0.0,0.0,0.0,6.098,0.0,0.03,28.431,58.452,0.0
2018-08-30 05:30:00,0.743,0.0,0.0,0.0,1.232,0.957,0.787,0.629,0.889,0.741,0.0,0.0,0.0,0.0,5.978,0.0,0.067,28.433,58.468,0.0
2018-08-30 05:45:00,0.1,0.219,0.0,0.0,1.25,0.337,0.806,0.085,0.907,0.099,0.0,0.0,0.0,0.0,3.802,0.0,0.07,28.451,58.517,0.0
2018-08-30 06:00:00,0.171,0.861,0.577,0.651,0.263,0.402,0.171,0.145,0.191,0.17,0.0,0.0,0.0,0.0,3.603,0.002,0.127,28.466,58.771,2.4
2018-08-30 06:15:00,0.419,1.115,0.819,0.927,0.0,0.643,0.0,0.355,0.0,0.418,0.0,0.0,0.0,0.0,4.695,0.0,0.101,28.488,58.917,3.0
2018-08-30 06:30:00,0.593,1.111,0.826,0.935,0.0,0.806,0.0,0.502,0.0,0.591,0.0,0.0,0.0,0.0,5.364,0.0,0.08,28.511,59.131,3.0
2018-08-30 06:45:00,1.026,1.115,0.834,0.949,0.0,1.217,0.0,0.877,0.0,1.022,0.0,0.0,0.0,0.0,7.039,0.299,0.113,28.52,59.305,3.0
2018-08-30 07:00:00,1.015,1.122,0.837,0.952,0.0,1.207,0.0,0.865,0.0,1.012,0.0,0.0,0.0,0.0,7.009,0.365,0.16,28.525,59.219,3.0
2018-08-30 07:15:00,1.037,1.13,0.839,0.961,0.0,1.227,0.0,0.88,0.0,1.035,0.0,0.0,0.0,0.0,7.109,0.37,0.189,28.552,59.388,3.0
2018-08-30 07:30:00,2.318,1.134,0.84,0.965,0.0,1.207,0.0,0.855,0.0,1.016,0.0,0.0,0.0,0.0,8.335,0.988,0.345,28.543,59.228,36.2
2018-08-30 07:45:00,4.846,1.145,0.862,0.986,0.0,1.227,0.0,0.896,0.0,1.045,0.0,0.0,0.0,0.0,11.007,1.541,0.316,28.232,59.771,110.077
2018-08-30 08:00:00,4.842,1.142,0.861,0.986,0.0,1.219,0.0,0.884,0.0,1.038,0.0,0.0,0.0,0.0,10.972,1.705,0.364,28.308,58.823,107.333
2018-08-30 08:15:00,4.849,1.154,0.872,0.999,0.0,1.218,0.0,0.883,0.0,1.038,0.0,0.0,0.0,0.0,11.013,1.715,0.569,28.337,58.852,106.467
2018-08-30 08:30:00,4.845,1.15,0.867,0.993,0.0,1.225,0.0,0.891,0.0,1.048,0.0,0.0,0.0,0.0,11.019,1.707,0.668,28.365,59.079,108.267
2018-08-30 08:45:00,4.837,1.159,0.878,1.008,0.0,1.217,0.0,0.881,0.0,1.039,0.0,0.0,0.0,0.0,11.019,1.699,0.491,28.152,56.879,108.4
2018-08-30 09:00:00,4.845,1.161,0.879,1.009,0.0,1.236,0.0,0.901,0.0,1.06,0.0,0.0,0.0,0.0,11.091,1.694,0.509,27.91,56.853,116.533
2018-08-30 09:15:00,3.897,1.165,0.877,1.003,0.0,1.239,0.0,0.897,0.0,1.051,0.0,0.0,0.0,0.0,10.129,1.72,0.592,27.973,58.358,116.2
2018-08-30 09:30:00,4.83,1.161,0.875,1.007,0.0,1.215,0.0,0.875,0.0,1.035,0.0,0.0,0.0,0.0,10.998,1.876,0.706,28.54,56.37,112.067
2018-08-30 09:45:00,4.843,1.171,0.884,1.017,0.0,1.22,0.0,0.881,0.0,1.04,0.0,0.0,0.0,0.0,11.056,2.073,0.705,28.113,55.637,113.533
2018-08-30 10:00:00,4.863,1.175,0.885,1.015,0.0,0.822,0.0,0.523,0.0,0.619,0.0,0.0,0.0,0.443,10.345,2.094,0.589,27.98,55.649,112.067
2018-08-30 10:15:00,5.129,1.155,0.868,0.997,0.0,0.237,0.0,0.0,0.0,0.0,0.0,0.0,0.0,1.327,9.715,2.075,0.697,27.978,56.193,118.667
2018-08-30 10:30:00,5.191,1.171,0.885,1.017,0.0,0.24,0.0,0.0,0.0,0.0,0.0,0.0,0.0,1.387,9.891,2.085,0.573,27.909,55.823,118.267
2018-08-30 10:45:00,5.343,1.17,0.883,1.013,0.0,0.384,0.0,0.131,0.0,0.156,0.0,0.0,0.0,1.389,10.469,2.075,0.693,27.841,55.373,119.467
2018-08-30 11:00:00,5.33,1.181,0.89,1.025,0.0,0.361,0.0,0.11,0.0,0.131,0.0,0.0,0.0,1.392,10.42,2.072,0.817,27.817,55.297,116.533
2018-08-30 11:15:00,5.252,1.184,0.895,1.025,0.0,0.379,0.0,0.125,0.0,0.15,0.0,0.0,0.0,1.295,10.305,2.06,0.678,27.793,55.371,115.8
2018-08-30 11:30:00,4.221,1.179,0.887,1.021,0.0,0.625,0.0,0.341,0.0,0.409,0.0,0.0,0.0,0.0,8.683,1.721,0.699,27.813,56.492,106.0
2018-08-30 11:45:00,4.053,1.203,0.904,1.04,0.495,0.457,0.267,0.193,0.309,0.231,0.0,0.0,0.0,0.0,9.151,1.737,0.68,27.818,56.736,103.154
2018-08-30 12:00:00,4.387,1.224,0.923,1.059,1.368,0.773,0.919,0.471,1.055,0.561,0.0,0.0,0.0,0.0,12.74,1.754,0.689,27.693,55.935,103.8
2018-08-30 12:15:00,4.783,1.239,0.934,1.072,1.363,1.16,0.921,0.819,1.049,0.959,0.0,0.0,0.0,0.0,14.301,1.759,0.605,27.567,55.51,101.467
2018-08-30 12:30:00,4.864,1.238,0.933,1.069,1.383,1.223,0.937,0.883,1.067,1.037,0.0,0.0,0.0,0.0,14.633,1.757,0.601,27.64,56.696,101.077
2018-08-30 12:45:00,4.915,1.222,0.919,1.056,1.359,1.265,0.923,0.933,1.047,1.097,0.0,0.0,0.0,0.0,14.737,1.76,0.595,,,
2018-08-30 13:00:00,4.903,1.219,0.921,1.057,1.365,1.255,0.934,0.931,1.057,1.091,0.0,0.0,0.0,0.0,14.734,1.743,0.605,,,
2018-08-30 13:15:00,4.767,1.199,0.907,1.04,1.338,1.126,0.913,0.818,1.035,0.959,0.0,0.0,0.0,0.0,14.102,1.719,0.598,,,
2018-08-30 13:30:00,4.72,1.217,0.919,1.051,1.369,1.102,0.939,0.78,1.059,0.911,0.0,0.0,0.0,0.0,14.067,1.729,0.906,,,
2018-08-30 13:45:00,4.401,1.198,0.905,1.037,1.331,0.787,0.904,0.499,1.024,0.587,0.0,0.0,0.0,0.0,12.673,1.729,0.595,,,
2018-08-30 14:00:00,4.717,1.189,0.893,1.029,1.337,1.091,0.911,0.764,1.032,0.903,0.0,0.0,0.0,0.0,13.867,1.734,0.699,,,
2018-08-30 14:15:00,4.624,1.226,0.929,1.063,1.359,1.007,0.933,0.695,1.051,0.813,0.0,0.0,0.0,0.0,13.699,1.735,0.617,,,
2018-08-30 14:30:00,4.913,1.225,0.929,1.062,1.397,1.286,0.965,0.941,1.085,1.099,0.0,0.0,0.0,0.0,14.901,2.129,0.713,28.166,56.394,111.2
2018-08-30 14:45:00,5.356,1.213,0.914,1.05,1.358,1.02,0.93,0.699,1.049,0.825,0.0,0.723,0.0,0.0,15.137,2.243,0.737,26.831,57.223,110.2
2018-08-30 15:00:00,5.527,1.22,0.919,1.058,1.359,0.795,0.931,0.5,1.052,0.592,0.0,1.123,0.0,0.0,15.075,1.921,0.685,25.922,58.005,109.133
2018-08-30 15:15:00,5.629,1.219,0.919,1.059,1.378,0.881,0.947,0.575,1.068,0.677,0.0,1.139,0.0,0.0,15.489,1.928,0.775,25.692,58.096,106.467
2018-08-30 15:30:00,5.833,1.217,0.922,1.058,1.362,1.078,0.937,0.757,1.057,0.891,0.0,1.124,0.0,0.0,16.237,1.929,0.715,26.151,59.999,105.8
2018-08-30 15:45:00,6.086,1.231,0.934,1.068,1.365,1.309,0.941,0.97,1.062,1.133,0.0,1.128,0.0,0.0,17.227,1.933,0.77,26.41,60.51,109.667
2018-08-30 16:00:00,6.705,1.213,0.917,1.051,1.353,0.935,0.93,0.635,1.049,0.743,0.0,1.127,0.0,1.025,17.683,2.174,0.673,26.169,59.657,111.133
2018-08-30 16:15:00,7.019,1.232,0.941,1.075,1.372,1.298,0.955,0.969,1.073,1.123,0.0,0.831,0.0,1.261,19.149,2.019,0.605,26.145,60.883,106.333
2018-08-30 16:30:00,4.943,1.241,0.956,1.089,1.351,1.31,0.943,0.986,1.06,1.141,0.0,0.0,0.0,0.0,15.021,1.677,0.72,27.237,60.529,101.8
2018-08-30 16:45:00,4.109,1.228,0.936,1.076,1.351,1.307,0.934,0.979,1.057,1.135,0.0,0.0,0.0,0.0,14.112,1.536,0.675,27.339,57.465,100.733
2018-08-30 17:00:00,0.393,1.217,0.919,1.059,1.37,0.604,0.94,0.336,1.066,0.391,0.0,0.0,0.0,0.0,8.295,1.551,0.642,27.467,56.423,90.0
2018-08-30 17:15:00,0.207,1.198,0.897,1.034,1.35,0.431,0.924,0.173,1.043,0.204,0.0,0.0,0.0,0.0,7.462,1.735,0.338,27.334,57.381,86.6
2018-08-30 17:30:00,0.292,1.19,0.888,1.027,1.343,0.514,0.911,0.244,1.033,0.289,0.0,0.0,0.0,0.0,7.731,1.297,0.421,27.684,57.507,9.667
2018-08-30 17:45:00,0.427,1.192,0.889,1.025,1.351,0.643,0.92,0.354,1.039,0.424,0.0,0.0,0.0,0.0,8.265,1.204,0.34,27.854,57.223,3.0
2018-08-30 18:00:00,0.003,1.069,0.771,0.889,1.341,0.027,0.905,0.0,1.022,0.0,0.0,0.0,0.0,0.0,6.027,1.201,0.258,27.965,56.885,3.0
2018-08-30 18:15:00,0.005,0.24,0.0,0.0,1.291,0.01,0.865,0.0,0.981,0.0,0.0,0.0,0.0,0.0,3.392,1.19,0.23,28.467,56.7,3.0
2018-08-30 18:30:00,0.001,0.24,0.0,0.0,1.293,0.01,0.869,0.0,0.979,0.0,0.0,0.0,0.0,0.0,3.393,1.189,0.241,28.465,56.551,3.0
2018-08-30 18:45:00,0.003,0.367,0.119,0.135,1.295,0.01,0.872,0.0,0.977,0.0,0.0,0.0,0.0,0.0,3.778,1.189,0.254,28.155,56.457,3.0
2018-08-30 19:00:00,0.001,0.343,0.096,0.109,1.302,0.01,0.873,0.0,0.978,0.0,0.0,0.0,0.0,0.0,3.712,1.19,0.167,28.209,56.666,3.0
2018-08-30 19:15:00,0.001,0.396,0.144,0.164,1.297,0.01,0.873,0.0,0.976,0.0,0.0,0.0,0.0,0.0,3.862,1.199,0.083,28.254,57.135,3.0
2018-08-30 19:30:00,0.004,0.346,0.098,0.111,1.293,0.01,0.869,0.0,0.97,0.0,0.0,0.0,0.0,0.0,3.701,1.012,0.051,28.212,57.333,3.0
2018-08-30 19:45:00,0.002,0.374,0.125,0.141,1.291,0.01,0.869,0.0,0.967,0.0,0.0,0.0,0.0,0.0,3.779,0.83,0.034,28.197,57.361,3.0
2018-08-30 20:00:00,0.001,0.24,0.0,0.0,1.294,0.01,0.875,0.0,0.971,0.0,0.0,0.0,0.0,0.0,3.39,0.381,0.066,28.215,57.4,0.6
2018-08-30 20:15:00,0.001,0.24,0.0,0.0,1.282,0.01,0.866,0.0,0.959,0.0,0.0,0.0,0.0,0.0,3.358,0.0,0.07,28.211,57.236,0.0
2018-08-30 20:30:00,0.001,0.353,0.105,0.118,1.277,0.01,0.858,0.0,0.951,0.0,0.0,0.0,0.0,0.0,3.673,0.0,0.07,28.237,57.491,0.0
2018-08-30 20:45:00,0.0,0.241,0.0,0.0,1.278,0.01,0.854,0.0,0.947,0.0,0.0,0.0,0.0,0.0,3.329,0.0,0.07,28.266,57.733,0.0
2018-08-30 21:00:00,0.0,0.243,0.0,0.0,1.282,0.01,0.856,0.0,0.952,0.0,0.0,0.0,0.0,0.0,3.343,0.0,0.07,28.286,57.34,0.0
2018-08-30 21:15:00,0.0,0.24,0.0,0.0,1.272,0.01,0.856,0.0,0.949,0.0,0.0,0.0,0.0,0.0,3.327,0.0,0.07,28.303,57.4,0.0
2018-08-30 21:30:00,0.0,0.24,0.0,0.0,1.267,0.01,0.852,0.0,0.943,0.0,0.0,0.0,0.0,0.0,3.312,0.0,0.07,28.323,57.487,0.0
2018-08-30 21:45:00,0.001,0.347,0.101,0.113,1.272,0.01,0.857,0.0,0.947,0.0,0.0,0.0,0.0,0.0,3.647,0.0,0.07,28.335,57.147,0.0
2018-08-30 22:00:00,0.001,0.24,0.0,0.0,1.275,0.01,0.857,0.0,0.947,0.0,0.0,0.0,0.0,0.0,3.329,0.0,0.07,28.351,57.221,0.0
2018-08-30 22:15:00,0.0,0.237,0.0,0.0,1.279,0.01,0.856,0.0,0.945,0.0,0.0,0.0,0.0,0.0,3.327,0.0,0.069,28.367,57.301,0.0
2018-08-30 22:30:00,0.001,0.345,0.098,0.109,1.275,0.01,0.857,0.0,0.948,0.0,0.0,0.0,0.0,0.0,3.643,0.0,0.07,28.371,57.402,0.0
2018-08-30 22:45:00,0.001,0.24,0.0,0.0,1.27,0.01,0.849,0.0,0.941,0.0,0.0,0.0,0.0,0.0,3.311,0.0,0.07,28.388,57.455,0.0
2018-08-30 23:00:00,0.0,0.24,0.0,0.0,1.276,0.01,0.853,0.0,0.949,0.0,0.0,0.0,0.0,0.0,3.328,0.0,0.07,28.418,57.529,0.0
2018-08-30 23:15:00,0.0,0.339,0.091,0.104,1.277,0.01,0.841,0.0,0.94,0.0,0.0,0.0,0.0,0.0,3.602,0.0,0.07,28.434,57.585,0.0
2018-08-30 23:30:00,0.001,0.242,0.0,0.0,1.201,0.01,0.773,0.0,0.874,0.0,0.0,0.0,0.0,0.0,3.101,0.0,0.07,28.403,57.695,0.0
2018-08-30 23:45:00,0.093,0.207,0.0,0.0,1.211,0.267,0.783,0.076,0.884,0.092,0.0,0.0,0.0,0.0,3.615,0.0,0.07,28.383,57.881,0.0
2018-08-31 00:00:00,0.955,0.0,0.0,0.0,1.237,1.155,0.813,0.81,0.909,0.951,0.0,0.0,0.0,0.0,6.829,0.0,0.07,28.383,57.888,0.0
2018-08-31 00:15:00,0.755,0.0,0.0,0.0,1.251,0.967,0.821,0.647,0.92,0.753,0.0,0.0,0.0,0.0,6.114,0.0,0.071,28.39,57.826,0.0
2018-08-31 00:30:00,0.993,0.0,0.0,0.0,1.245,1.197,0.816,0.855,0.913,0.989,0.0,0.0,0.0,0.0,7.009,0.0,0.07,28.39,57.839,0.0
2018-08-31 00:45:00,0.794,0.0,0.0,0.0,1.241,1.002,0.813,0.683,0.91,0.789,0.0,0.0,0.0,0.0,6.233,0.0,0.07,28.393,57.825,0.0
2018-08-31 01:00:00,0.787,0.0,0.0,0.0,1.234,0.993,0.803,0.674,0.901,0.782,0.0,0.0,0.0,0.0,6.174,0.0,0.07,28.395,57.799,0.0
2018-08-31 01:15:00,0.993,0.0,0.0,0.0,1.245,1.191,0.81,0.846,0.911,0.989,0.0,0.0,0.0,0.0,6.985,0.0,0.056,28.405,57.782,0.0
2018-08-31 01:30:00,0.904,0.0,0.0,0.0,1.205,1.095,0.773,0.764,0.875,0.901,0.0,0.0,0.0,0.0,6.517,0.0,0.031,28.432,57.715,0.0
2018-08-31 01:45:00,0.627,0.0,0.0,0.0,1.213,0.839,0.78,0.535,0.88,0.625,0.0,0.0,0.0,0.0,5.499,0.0,0.034,28.433,57.691,0.0
2018-08-31 02:00:00,0.769,0.0,0.0,0.0,1.253,0.983,0.814,0.656,0.914,0.767,0.0,0.0,0.0,0.0,6.157,0.0,0.031,28.441,57.684,0.0
2018-08-31 02:15:00,0.755,0.0,0.0,0.0,1.244,0.963,0.81,0.641,0.91,0.751,0.0,0.0,0.0,0.0,6.074,0.0,0.056,28.475,57.608,0.0
2018-08-31 02:30:00,0.753,0.0,0.0,0.0,1.24,0.963,0.805,0.635,0.904,0.749,0.0,0.0,0.0,0.0,6.049,0.0,0.07,28.522,57.531,0.0
2018-08-31 02:45:00,0.769,0.0,0.0,0.0,1.239,0.977,0.801,0.652,0.9,0.765,0.0,0.0,0.0,0.0,6.104,0.0,0.07,28.535,57.506,0.0
2018-08-31 03:00:00,0.761,0.0,0.0,0.0,1.259,0.977,0.818,0.647,0.918,0.758,0.0,0.0,0.0,0.0,6.137,0.0,0.07,28.546,57.531,0.0
2018-08-31 03:15:00,0.783,0.0,0.0,0.0,1.253,0.998,0.816,0.667,0.915,0.779,0.0,0.0,0.0,0.0,6.212,0.0,0.07,28.569,57.505,0.0
2018-08-31 03:30:00,0.779,0.0,0.0,0.0,1.235,0.991,0.797,0.666,0.899,0.776,0.0,0.0,0.0,0.0,6.143,0.0,0.073,28.557,57.575,0.0
2018-08-31 03:45:00,0.569,0.0,0.0,0.0,1.218,0.785,0.782,0.483,0.882,0.567,0.0,0.0,0.0,0.0,5.286,0.0,0.07,28.527,57.704,0.0
2018-08-31 04:00:00,0.772,0.0,0.0,0.0,1.231,0.984,0.79,0.654,0.893,0.767,0.0,0.0,0.0,0.0,6.091,0.0,0.07,28.528,57.792,0.0
2018-08-31 04:15:00,0.745,0.0,0.0,0.0,1.223,0.955,0.785,0.627,0.887,0.743,0.0,0.0,0.0,0.0,5.964,0.0,0.043,28.581,57.664,0.0
2018-08-31 04:30:00,0.777,0.0,0.0,0.0,1.243,0.985,0.808,0.661,0.909,0.776,0.0,0.0,0.0,0.0,6.159,0.0,0.031,28.593,57.641,0.0
2018-08-31 04:45:00,0.567,0.0,0.0,0.0,1.235,0.784,0.801,0.478,0.901,0.563,0.0,0.0,0.0,0.0,5.329,0.0,0.033,28.607,57.601,0.0
2018-08-31 05:00:00,0.776,0.0,0.0,0.0,1.258,0.987,0.82,0.659,0.921,0.773,0.0,0.0,0.0,0.0,6.194,0.0,0.033,28.613,57.606,0.0
2018-08-31 05:15:00,0.665,0.0,0.0,0.0,1.239,0.875,0.812,0.566,0.907,0.662,0.0,0.0,0.0,0.0,5.726,0.0,0.075,28.624,57.591,0.0
2018-08-31 05:30:00,0.84,0.0,0.0,0.0,1.242,1.052,0.813,0.718,0.911,0.837,0.0,0.0,0.0,0.0,6.412,0.0,0.07,28.629,57.647,0.0
2018-08-31 05:45:00,0.066,0.22,0.0,0.0,1.238,0.304,0.804,0.057,0.905,0.066,0.0,0.0,0.0,0.0,3.66,0.0,0.07,28.634,57.681,0.2
2018-08-31 06:00:00,0.001,0.803,0.526,0.599,0.313,0.237,0.205,0.0,0.23,0.0,0.0,0.0,0.0,0.0,2.913,0.0,0.149,28.641,57.713,2.667
2018-08-31 06:15:00,0.001,1.092,0.805,0.915,0.0,0.237,0.0,0.0,0.0,0.0,0.0,0.0,0.0,0.0,3.05,0.0,0.071,28.68,57.777,3.0
2018-08-31 06:30:00,0.214,1.105,0.823,0.936,0.0,0.437,0.0,0.179,0.0,0.213,0.0,0.0,0.0,0.0,3.907,0.283,0.125,28.715,58.232,3.0
2018-08-31 06:45:00,0.455,1.127,0.85,0.973,0.0,0.667,0.0,0.382,0.0,0.452,0.0,0.0,0.0,0.0,4.905,0.587,0.134,28.752,58.172,3.0
2018-08-31 07:00:00,0.524,1.146,0.866,0.987,0.0,0.735,0.0,0.439,0.0,0.521,0.0,0.0,0.0,0.0,5.219,1.175,0.133,28.788,58.513,3.0
2018-08-31 07:15:00,0.424,1.123,0.831,0.957,0.0,0.641,0.0,0.352,0.0,0.421,0.0,0.0,0.0,0.0,4.749,1.2,0.15,28.812,59.088,3.0
2018-08-31 07:30:00,1.935,1.141,0.849,0.975,0.0,0.811,0.0,0.503,0.0,0.599,0.0,0.0,0.0,0.0,6.813,1.485,0.323,28.765,59.31,80.929
2018-08-31 07:45:00,4.865,1.142,0.863,0.989,0.0,1.235,0.0,0.898,0.0,1.05,0.0,0.0,0.0,0.0,11.041,1.705,0.461,28.393,60.605,104.6
2018-08-31 08:00:00,4.852,1.128,0.859,0.982,0.0,1.217,0.0,0.892,0.0,1.04,0.0,0.0,0.0,0.0,10.969,1.701,0.496,28.086,59.59,104.6
2018-08-31 08:15:00,4.813,1.129,0.853,0.984,0.0,1.183,0.0,0.855,0.0,1.01,0.0,0.0,0.0,0.0,10.827,1.711,0.452,27.889,58.905,104.467
2018-08-31 08:30:00,4.839,1.137,0.865,0.995,0.0,1.207,0.0,0.882,0.0,1.036,0.0,0.0,0.0,0.0,10.961,1.711,0.573,27.738,57.4,104.133
2018-08-31 08:45:00,4.893,1.166,0.895,1.024,0.0,1.26,0.0,0.935,0.0,1.09,0.0,0.0,0.0,0.0,11.264,1.699,0.627,27.715,57.694,104.0
2018-08-31 09:00:00,4.867,1.152,0.877,1.012,0.0,1.223,0.0,0.905,0.0,1.057,0.0,0.0,0.0,0.0,11.094,1.691,0.742,27.902,58.534,104.0
2018-08-31 09:15:00,4.863,1.154,0.879,1.015,0.0,1.229,0.0,0.909,0.0,1.063,0.0,0.0,0.0,0.0,11.112,1.686,0.634,27.773,57.051,103.8
2018-08-31 09:30:00,4.879,1.183,0.909,1.039,0.0,1.244,0.0,0.921,0.0,1.073,0.0,0.0,0.0,0.0,11.249,1.691,0.554,27.865,58.317,104.0
2018-08-31 09:45:00,4.885,1.159,0.879,1.016,0.0,1.255,0.0,0.923,0.0,1.081,0.0,0.0,0.0,0.0,11.199,1.71,0.645,27.847,57.606,104.2
2018-08-31 10:00:00,4.871,1.161,0.882,1.017,0.0,1.233,0.0,0.905,0.0,1.059,0.0,0.0,0.0,0.0,11.129,1.712,0.653,27.727,57.223,105.0
2018-08-31 10:15:00,4.884,1.193,0.911,1.045,0.0,1.255,0.0,0.927,0.0,1.076,0.0,0.0,0.0,0.0,11.291,1.722,0.62,27.739,57.315,105.0
2018-08-31 10:30:00,4.9,1.175,0.89,1.029,0.0,1.266,0.0,0.94,0.0,1.09,0.0,0.0,0.0,0.0,11.289,1.723,0.591,27.72,57.349,105.0
2018-08-31 10:45:00,4.893,1.191,0.91,1.047,0.0,1.259,0.0,0.931,0.0,1.083,0.0,0.0,0.0,0.0,11.314,1.717,0.533,27.734,57.308,105.0
2018-08-31 11:00:00,4.912,1.207,0.923,1.055,0.0,1.262,0.0,0.935,0.0,1.085,0.0,0.0,0.0,0.0,11.38,1.73,0.55,27.974,58.724,105.0
2018-08-31 11:15:00,4.915,1.207,0.921,1.053,0.0,1.277,0.0,0.949,0.0,1.097,0.0,0.0,0.0,0.0,11.419,1.736,0.579,28.177,59.231,105.0
2018-08-31 11:30:00,4.937,1.187,0.906,1.041,0.0,1.29,0.0,0.959,0.0,1.109,0.0,0.0,0.0,0.0,11.429,1.715,0.681,28.254,59.508,105.0
2018-08-31 11:45:00,4.943,1.201,0.908,1.051,0.432,1.294,0.225,0.957,0.261,1.112,0.0,0.0,0.0,0.0,12.385,1.741,0.563,28.255,59.768,105.0
2018-08-31 12:00:00,4.927,1.232,0.938,1.077,1.381,1.278,0.935,0.943,1.068,1.099,0.0,0.0,0.0,0.0,14.877,1.756,0.582,28.049,57.089,105.538
2018-08-31 12:15:00,4.939,1.245,0.945,1.083,1.377,1.29,0.935,0.95,1.066,1.106,0.0,0.0,0.0,0.0,14.936,1.762,0.591,27.631,56.355,106.0
2018-08-31 12:30:00,4.927,1.232,0.931,1.069,1.37,1.279,0.923,0.935,1.057,1.095,0.0,0.0,0.0,0.0,14.817,1.772,0.539,27.529,56.422,106.154
2018-08-31 12:45:00,4.923,1.225,0.925,1.065,1.353,1.271,0.915,0.931,1.05,1.089,0.0,0.0,0.0,0.0,14.747,1.771,0.52,27.501,57.376,106.0
2018-08-31 13:00:00,4.931,1.219,0.923,1.061,1.355,1.297,0.922,0.962,1.053,1.114,0.0,0.0,0.0,0.0,14.836,1.75,0.65,27.657,58.787,105.231
2018-08-31 13:15:00,4.908,1.235,0.941,1.075,1.363,1.282,0.935,0.951,1.058,1.099,0.0,0.0,0.0,0.0,14.848,1.724,0.678,27.639,57.347,105.0
2018-08-31 13:30:00,4.891,1.229,0.932,1.068,1.391,1.266,0.952,0.931,1.083,1.081,0.0,0.0,0.0,0.0,14.823,1.728,0.651,27.302,56.62,105.0
2018-08-31 13:45:00,4.702,1.221,0.928,1.06,1.359,1.079,0.933,0.77,1.056,0.889,0.0,0.0,0.0,0.0,13.997,1.723,0.57,27.269,56.463,104.333
2018-08-31 14:00:00,4.695,1.223,0.927,1.065,1.356,1.075,0.927,0.755,1.057,0.88,0.0,0.0,0.0,0.0,13.961,1.729,0.592,27.309,56.543,105.0
2018-08-31 14:15:00,4.699,1.221,0.93,1.064,1.385,1.08,0.953,0.759,1.08,0.882,0.0,0.0,0.0,0.0,14.053,1.871,0.611,27.304,56.997,105.0
2018-08-31 14:30:00,4.462,1.217,0.921,1.057,1.368,0.848,0.938,0.547,1.065,0.642,0.0,0.0,0.0,0.0,13.065,2.083,0.848,27.326,56.327,105.0
2018-08-31 14:45:00,6.423,1.239,0.942,1.075,1.373,1.081,0.943,0.755,1.067,0.879,0.0,0.435,0.0,1.285,17.499,2.089,0.811,26.613,57.031,105.0
2018-08-31 15:00:00,8.809,1.237,0.939,1.073,1.388,1.315,0.951,0.963,1.078,1.119,0.0,1.143,1.336,1.39,22.741,2.459,0.666,26.145,58.69,106.0
2018-08-31 15:15:00,9.417,1.255,0.953,1.086,1.403,1.359,0.953,1.002,1.083,1.157,0.0,1.163,1.845,1.435,24.111,2.48,0.601,25.359,57.367,107.0
2018-08-31 15:30:00,9.021,1.237,0.937,1.067,1.381,1.024,0.939,0.711,1.064,0.823,0.0,1.147,1.81,1.421,22.581,2.482,0.626,25.07,57.931,107.733
2018-08-31 15:45:00,9.319,1.271,0.972,1.099,1.399,1.299,0.957,0.969,1.081,1.111,0.0,1.147,1.813,1.424,23.861,2.482,0.659,25.224,59.353,106.933
2018-08-31 16:00:00,9.263,1.267,0.969,1.097,1.404,1.321,0.964,0.994,1.087,1.137,0.0,1.15,1.734,1.43,23.817,2.483,0.606,25.214,58.552,106.0
2018-08-31 16:15:00,7.553,1.236,0.941,1.073,1.409,1.318,0.964,0.987,1.092,1.138,0.0,1.158,0.0,1.442,20.311,2.097,0.847,24.994,58.506,105.933
2018-08-31 16:30:00,7.531,1.257,0.961,1.091,1.375,1.333,0.935,1.006,1.063,1.154,0.0,1.135,0.0,1.414,20.254,2.089,0.901,25.385,60.492,106.733
2018-08-31 16:45:00,6.687,1.25,0.951,1.082,1.369,1.312,0.931,0.985,1.055,1.133,0.0,1.135,0.0,1.415,19.305,2.102,0.813,25.405,61.213,107.0
2018-08-31 17:00:00,3.266,1.225,0.922,1.055,1.38,0.909,0.929,0.606,1.059,0.704,0.0,1.134,0.0,1.426,14.615,2.115,0.672,25.928,60.742,105.077
2018-08-31 17:15:00,2.593,1.154,0.855,0.991,1.323,0.445,0.882,0.183,1.011,0.22,0.0,1.073,0.0,1.295,12.025,2.095,0.551,26.479,57.139,103.467
2018-08-31 17:30:00,1.454,0.942,0.655,0.762,1.277,0.619,0.838,0.331,0.967,0.403,0.0,1.048,0.0,0.0,9.297,2.094,0.451,27.09,55.309,103.533
2018-08-31 17:45:00,0.773,1.15,0.851,0.97,1.301,0.577,0.857,0.296,0.983,0.354,0.0,0.414,0.0,0.0,8.525,1.791,0.297,27.253,56.557,39.0
2018-08-31 18:00:00,0.035,1.075,0.781,0.896,1.307,0.049,0.855,0.027,0.985,0.033,0.0,0.0,0.0,0.0,6.042,1.211,0.132,27.399,56.695,3.0
2018-08-31 18:15:00,0.004,0.24,0.0,0.0,1.237,0.01,0.799,0.0,0.923,0.0,0.0,0.0,0.0,0.0,3.213,1.18,0.07,27.47,56.498,3.0
2018-08-31 18:30:00,0.003,0.362,0.114,0.129,1.246,0.01,0.811,0.0,0.93,0.0,0.0,0.0,0.0,0.0,3.604,1.18,0.07,27.507,56.563,3.0
2018-08-31 18:45:00,0.004,0.33,0.083,0.095,1.233,0.01,0.796,0.0,0.915,0.0,0.0,0.0,0.0,0.0,3.467,1.287,0.07,27.574,56.796,29.467
2018-08-31 19:00:00,0.004,0.412,0.158,0.181,1.268,0.01,0.825,0.0,0.944,0.0,0.0,0.0,0.0,0.0,3.801,0.795,0.073,27.659,56.991,1.308
2018-08-31 19:15:00,0.002,0.24,0.0,0.0,1.248,0.01,0.807,0.0,0.925,0.0,0.0,0.0,0.0,0.0,3.232,0.0,0.071,27.699,56.881,0.0
2018-08-31 19:30:00,0.003,0.34,0.092,0.105,1.25,0.01,0.811,0.0,0.927,0.0,0.0,0.0,0.0,0.0,3.539,0.0,0.07,27.697,57.255,0.0
2018-08-31 19:45:00,0.003,0.251,0.01,0.012,1.261,0.01,0.819,0.0,0.933,0.0,0.0,0.0,0.0,0.0,3.3,0.0,0.07,27.725,57.285,0.0
2018-08-31 20:00:00,0.001,0.24,0.0,0.0,1.261,0.01,0.822,0.0,0.935,0.0,0.0,0.0,0.0,0.0,3.269,0.0,0.07,27.753,57.243,0.0
2018-08-31 20:15:00,0.001,0.24,0.0,0.0,1.228,0.01,0.793,0.0,0.905,0.0,0.0,0.0,0.0,0.0,3.177,0.0,0.07,27.781,57.329,0.0
2018-08-31 20:30:00,0.0,0.24,0.0,0.0,1.223,0.01,0.797,0.0,0.905,0.0,0.0,0.0,0.0,0.0,3.175,0.0,0.07,27.835,57.319,0.0
2018-08-31 20:45:00,0.0,0.24,0.0,0.0,1.237,0.01,0.811,0.0,0.92,0.0,0.0,0.0,0.0,0.0,3.219,0.0,0.07,27.867,57.271,0.0
2018-08-31 21:00:00,0.0,0.24,0.0,0.0,1.231,0.01,0.801,0.0,0.911,0.0,0.0,0.0,0.0,0.0,3.193,0.0,0.07,27.905,57.165,0.0
2018-08-31 21:15:00,0.0,0.24,0.0,0.0,1.219,0.01,0.791,0.0,0.901,0.0,0.0,0.0,0.0,0.0,3.161,0.0,0.07,27.95,57.529,0.0
2018-08-31 21:30:00,0.0,0.24,0.0,0.0,1.225,0.01,0.795,0.0,0.905,0.0,0.0,0.0,0.0,0.0,3.175,0.0,0.061,27.977,57.527,0.0
2018-08-31 21:45:00,0.0,0.24,0.0,0.0,1.231,0.01,0.793,0.0,0.903,0.0,0.0,0.0,0.0,0.0,3.177,0.0,0.032,28.024,57.338,0.0
2018-08-31 22:00:00,0.001,0.24,0.0,0.0,1.231,0.01,0.798,0.0,0.904,0.0,0.0,0.0,0.0,0.0,3.184,0.0,0.031,28.233,57.183,0.0
2018-08-31 22:15:00,0.0,0.24,0.0,0.0,1.229,0.01,0.794,0.0,0.903,0.0,0.0,0.0,0.0,0.0,3.176,0.0,0.031,28.573,57.213,0.0
2018-08-31 22:30:00,0.0,0.355,0.105,0.119,1.247,0.01,0.808,0.0,0.919,0.0,0.0,0.0,0.0,0.0,3.563,0.0,0.055,28.785,57.275,0.0
2018-08-31 22:45:00,0.0,0.24,0.0,0.0,1.259,0.01,0.816,0.0,0.927,0.0,0.0,0.0,0.0,0.0,3.252,0.0,0.07,28.109,57.353,0.0
2018-08-31 23:00:00,0.001,0.24,0.0,0.0,1.241,0.01,0.804,0.0,0.914,0.0,0.0,0.0,0.0,0.0,3.21,0.0,0.07,28.123,57.511,0.0
2018-08-31 23:15:00,0.001,0.241,0.0,0.0,1.235,0.01,0.797,0.0,0.906,0.0,0.0,0.0,0.0,0.0,3.19,0.0,0.07,28.134,57.649,0.0
2018-08-31 23:30:00,0.001,0.247,0.0,0.0,1.241,0.01,0.796,0.0,0.906,0.0,0.0,0.0,0.0,0.0,3.201,0.0,0.07,28.167,57.738,0.0
2018-08-31 23:45:00,0.065,0.214,0.0,0.0,1.241,0.243,0.803,0.052,0.915,0.065,0.0,0.0,0.0,0.0,3.598,0.0,0.07,28.188,57.896,0.0
2018-09-01 00:00:00,0.955,0.0,0.0,0.0,1.242,1.146,0.808,0.809,0.919,0.95,0.0,0.0,0.0,0.0,6.829,0.0,0.07,28.203,57.959,0.0
2018-09-01 00:15:00,0.994,0.0,0.0,0.0,1.249,1.184,0.818,0.852,0.928,0.987,0.0,0.0,0.0,0.0,7.011,0.0,0.071,28.203,57.985,0.0
2018-09-01 00:30:00,0.977,0.0,0.0,0.0,1.252,1.175,0.811,0.838,0.921,0.973,0.0,0.0,0.0,0.0,6.946,0.0,0.07,28.23,58.163,0.0
2018-09-01 00:45:00,0.996,0.0,0.0,0.0,1.26,1.197,0.809,0.857,0.921,0.991,0.0,0.0,0.0,0.0,7.031,0.0,0.069,28.227,58.28,0.0
2018-09-01 01:00:00,0.987,0.0,0.0,0.0,1.259,1.184,0.811,0.847,0.923,0.983,0.0,0.0,0.0,0.0,6.993,0.0,0.071,28.243,58.247,0.0
2018-09-01 01:15:00,0.966,0.0,0.0,0.0,1.265,1.165,0.817,0.827,0.93,0.963,0.0,0.0,0.0,0.0,6.933,0.0,0.069,28.255,58.186,0.0
2018-09-01 01:30:00,0.95,0.0,0.0,0.0,1.259,1.153,0.809,0.82,0.924,0.946,0.0,0.0,0.0,0.0,6.861,0.0,0.059,28.261,58.464,0.0
2018-09-01 01:45:00,0.829,0.0,0.0,0.0,1.269,1.036,0.817,0.706,0.932,0.825,0.0,0.0,0.0,0.0,6.413,0.0,0.031,28.279,58.14,0.0
2018-09-01 02:00:00,0.955,0.0,0.0,0.0,1.255,1.148,0.813,0.811,0.925,0.951,0.0,0.0,0.0,0.0,6.858,0.0,0.031,28.28,58.533,0.0
2018-09-01 02:15:00,0.969,0.0,0.0,0.0,1.251,1.164,0.81,0.826,0.923,0.965,0.0,0.0,0.0,0.0,6.909,0.0,0.03,28.292,58.693,0.0
2018-09-01 02:30:00,1.002,0.0,0.0,0.0,1.256,1.2,0.814,0.86,0.929,0.997,0.0,0.0,0.0,0.0,7.057,0.0,0.055,28.303,58.7,0.0
2018-09-01 02:45:00,0.999,0.0,0.0,0.0,1.27,1.201,0.823,0.856,0.936,0.995,0.0,0.0,0.0,0.0,7.081,0.0,0.07,28.303,58.547,0.0
2018-09-01 03:00:00,0.955,0.0,0.0,0.0,1.257,1.152,0.811,0.809,0.925,0.951,0.0,0.0,0.0,0.0,6.859,0.0,0.074,28.31,58.187,0.0
2018-09-01 03:15:00,0.951,0.0,0.0,0.0,1.253,1.149,0.806,0.805,0.92,0.947,0.0,0.0,0.0,0.0,6.829,0.0,0.07,28.325,57.996,0.0
2018-09-01 03:30:00,1.006,0.0,0.0,0.0,1.277,1.211,0.826,0.865,0.938,1.002,0.0,0.0,0.0,0.0,7.125,0.0,0.07,28.345,58.398,0.0
2018-09-01 03:45:00,0.957,0.0,0.0,0.0,1.251,1.155,0.809,0.818,0.919,0.953,0.0,0.0,0.0,0.0,6.863,0.0,0.07,28.359,58.154,0.0
2018-09-01 04:00:00,0.961,0.0,0.0,0.0,1.258,1.163,0.815,0.823,0.926,0.958,0.0,0.0,0.0,0.0,6.905,0.0,0.065,28.359,58.567,0.0
2018-09-01 04:15:00,0.593,0.0,0.0,0.0,1.244,0.803,0.805,0.507,0.915,0.59,0.0,0.0,0.0,0.0,5.457,0.0,0.031,28.375,58.583,0.0
2018-09-01 04:30:00,0.953,0.0,0.0,0.0,1.267,1.153,0.823,0.813,0.933,0.949,0.0,0.0,0.0,0.0,6.891,0.0,0.035,28.397,58.154,0.0
2018-09-01 04:45:00,0.967,0.0,0.0,0.0,1.251,1.169,0.812,0.831,0.922,0.963,0.0,0.0,0.0,0.0,6.916,0.0,0.033,28.402,58.267,0.0
2018-09-01 05:00:00,0.773,0.0,0.0,0.0,1.249,0.978,0.812,0.665,0.92,0.771,0.0,0.0,0.0,0.0,6.168,0.0,0.052,28.404,58.327,0.0
2018-09-01 05:15:00,0.767,0.0,0.0,0.0,1.244,0.972,0.807,0.659,0.915,0.762,0.0,0.0,0.0,0.0,6.126,0.0,0.07,28.409,58.345,0.0
2018-09-01 05:30:00,0.97,0.0,0.0,0.0,1.261,1.17,0.82,0.832,0.929,0.967,0.0,0.0,0.0,0.0,6.95,0.0,0.07,28.42,58.383,0.0
2018-09-01 05:45:00,0.151,0.261,0.051,0.057,1.227,0.383,0.789,0.131,0.899,0.151,0.0,0.0,0.0,0.0,4.101,0.0,0.07,28.43,58.459,0.0
2018-09-01 06:00:00,0.069,0.803,0.522,0.591,0.319,0.302,0.205,0.057,0.233,0.067,0.0,0.0,0.0,0.0,3.168,0.0,0.07,28.434,58.508,0.0
2018-09-01 06:15:00,0.286,1.129,0.83,0.931,0.0,0.517,0.0,0.241,0.0,0.285,0.0,0.0,0.0,0.0,4.219,0.0,0.07,28.448,58.495,0.0
2018-09-01 06:30:00,0.201,1.111,0.819,0.925,0.0,0.43,0.0,0.167,0.0,0.199,0.0,0.0,0.0,0.0,3.852,0.0,0.07,28.46,58.587,0.0
2018-09-01 06:45:00,0.408,1.118,0.833,0.939,0.0,0.63,0.0,0.346,0.0,0.405,0.0,0.0,0.0,0.0,4.678,0.0,0.07,28.465,58.717,0.0
2018-09-01 07:00:00,0.376,1.116,0.834,0.94,0.0,0.598,0.0,0.322,0.0,0.374,0.0,0.0,0.0,0.0,4.56,0.0,0.149,28.49,58.943,2.2
2018-09-01 07:15:00,1.014,1.175,0.889,0.999,0.0,1.211,0.0,0.877,0.0,1.011,0.0,0.0,0.0,0.0,7.177,0.0,0.072,28.515,59.271,3.0
2018-09-01 07:30:00,1.029,1.153,0.867,0.977,0.0,1.223,0.0,0.897,0.0,1.025,0.0,0.0,0.0,0.0,7.171,0.0,0.071,28.587,59.611,3.0
2018-09-01 07:45:00,1.03,1.166,0.885,0.994,0.0,1.216,0.0,0.897,0.0,1.027,0.0,0.0,0.0,0.0,7.214,0.0,0.072,28.616,60.102,3.0
2018-09-01 08:00:00,0.347,1.144,0.86,0.976,0.0,0.558,0.0,0.302,0.0,0.347,0.0,0.0,0.0,0.0,4.534,0.0,0.071,28.632,60.171,3.0
2018-09-01 08:15:00,0.0,1.117,0.825,0.947,0.0,0.239,0.0,0.0,0.0,0.0,0.0,0.0,0.0,0.0,3.128,0.043,0.077,28.626,60.953,3.0
2018-09-01 08:30:00,0.301,1.127,0.835,0.959,0.0,0.522,0.0,0.253,0.0,0.298,0.0,0.0,0.0,0.0,4.295,0.0,0.101,28.615,60.651,3.0
2018-09-01 08:45:00,0.901,1.167,0.876,1.001,0.0,1.091,0.0,0.76,0.0,0.897,0.0,0.0,0.0,0.0,6.694,0.0,0.101,28.605,60.67,3.0
2018-09-01 09:00:00,0.989,1.142,0.855,0.982,0.0,1.177,0.0,0.844,0.0,0.986,0.0,0.0,0.0,0.0,6.975,0.0,0.1,28.598,60.613,3.0
2018-09-01 09:15:00,0.215,1.147,0.854,0.982,0.0,0.44,0.0,0.181,0.0,0.213,0.0,0.0,0.0,0.0,4.033,0.0,0.1,28.609,60.547,3.0
2018-09-01 09:30:00,0.001,1.147,0.853,0.98,0.0,0.237,0.0,0.0,0.0,0.0,0.0,0.0,0.0,0.0,3.219,0.0,0.1,28.641,60.457,3.0
2018-09-01 09:45:00,0.519,1.173,0.881,1.005,0.0,0.73,0.0,0.439,0.0,0.517,0.0,0.0,0.0,0.0,5.265,0.0,0.1,28.651,60.367,3.0
2018-09-01 10:00:00,0.645,1.195,0.9,1.025,0.0,0.854,0.0,0.544,0.0,0.643,0.0,0.0,0.0,0.0,5.806,0.0,0.1,28.671,60.306,3.0
2018-09-01 10:15:00,0.601,1.18,0.889,1.013,0.0,0.808,0.0,0.503,0.0,0.598,0.0,0.0,0.0,0.0,5.592,0.0,0.1,28.679,60.287,3.0
2018-09-01 10:30:00,0.618,1.201,0.907,1.031,0.0,0.827,0.0,0.519,0.0,0.614,0.0,0.0,0.0,0.0,5.716,0.0,0.105,28.699,60.259,3.0
2018-09-01 10:45:00,0.513,1.188,0.892,1.021,0.0,0.725,0.0,0.43,0.0,0.509,0.0,0.0,0.0,0.0,5.278,0.0,0.101,28.724,60.211,3.0
2018-09-01 11:00:00,0.467,1.181,0.886,1.011,0.0,0.686,0.0,0.393,0.0,0.465,0.0,0.0,0.0,0.0,5.089,0.0,0.077,28.737,60.182,3.0
2018-09-01 11:15:00,0.001,1.182,0.884,1.012,0.0,0.237,0.0,0.0,0.0,0.0,0.0,0.0,0.0,0.0,3.316,0.0,0.071,28.745,60.382,3.0
2018-09-01 11:30:00,0.834,1.211,0.911,1.039,0.0,1.034,0.0,0.701,0.0,0.833,0.0,0.0,0.0,0.0,6.563,0.0,0.073,28.749,60.465,3.0
2018-09-01 11:45:00,0.611,1.202,0.902,1.026,0.467,0.823,0.248,0.52,0.285,0.608,0.0,0.0,0.0,0.0,6.692,0.0,0.072,28.758,59.931,3.0
2018-09-01 12:00:00,0.205,0.687,0.414,0.47,1.353,0.436,0.896,0.172,1.026,0.204,0.0,0.0,0.0,0.0,5.863,0.0,0.07,28.776,59.876,3.0
2018-09-01 12:15:00,0.497,1.231,0.915,1.04,1.382,0.713,0.935,0.414,1.059,0.493,0.0,0.0,0.0,0.0,8.679,0.0,0.071,28.783,59.863,3.0
2018-09-01 12:30:00,0.453,1.024,0.726,0.827,1.367,0.672,0.923,0.378,1.045,0.452,0.0,0.0,0.0,0.0,7.868,0.0,0.07,28.807,59.745,3.0
2018-09-01 12:45:00,0.387,1.22,0.915,1.037,1.389,0.608,0.947,0.323,1.065,0.385,0.0,0.0,0.0,0.0,8.277,0.0,0.073,28.803,59.709,3.0
2018-09-01 13:00:00,0.474,1.025,0.733,0.831,1.405,0.693,0.961,0.393,1.083,0.472,0.0,0.0,0.0,0.0,8.069,0.0,0.071,28.788,59.696,3.0
2018-09-01 13:15:00,0.469,1.226,0.919,1.046,1.394,0.686,0.953,0.393,1.077,0.466,0.0,0.0,0.0,0.0,8.629,0.0,0.071,28.79,59.725,3.0
2018-09-01 13:30:00,0.402,1.038,0.739,0.841,1.387,0.622,0.945,0.336,1.065,0.398,0.0,0.0,0.0,0.0,7.773,0.0,0.07,28.798,59.513,3.0
2018-09-01 13:45:00,0.469,1.155,0.848,0.966,1.429,0.688,0.981,0.391,1.103,0.465,0.0,0.0,0.0,0.0,8.495,0.0,0.071,28.817,59.325,3.0
2018-09-01 14:00:00,0.559,1.134,0.835,0.943,1.405,0.775,0.967,0.471,1.084,0.555,0.0,0.0,0.0,0.0,8.729,0.0,0.07,28.849,59.195,3.0
2018-09-01 14:15:00,0.4,1.245,0.945,1.061,1.419,0.619,0.985,0.335,1.099,0.395,0.0,0.0,0.0,0.0,8.502,0.0,0.07,28.853,59.188,3.0
2018-09-01 14:30:00,0.396,1.233,0.934,1.055,1.417,0.617,0.98,0.33,1.093,0.391,0.0,0.0,0.0,0.0,8.447,0.0,0.07,28.871,59.767,3.0
2018-09-01 14:45:00,0.425,1.203,0.907,1.025,1.405,0.64,0.972,0.353,1.083,0.421,0.0,0.0,0.0,0.0,8.435,0.0,0.07,28.889,59.373,3.0
2018-09-01 15:00:00,0.492,1.078,0.791,0.894,1.403,0.705,0.973,0.411,1.087,0.487,0.0,0.0,0.0,0.0,8.321,0.0,0.07,28.895,58.958,3.0
2018-09-01 15:15:00,0.393,1.236,0.946,1.065,1.397,0.611,0.971,0.331,1.081,0.389,0.0,0.0,0.0,0.0,8.419,0.0,0.071,28.919,58.951,3.0
2018-09-01 15:30:00,0.443,1.248,0.958,1.073,1.419,0.661,0.985,0.372,1.097,0.439,0.0,0.0,0.0,0.0,8.694,0.0,0.071,28.937,58.965,3.0
2018-09-01 15:45:00,0.497,1.265,0.973,1.089,1.419,0.713,0.993,0.423,1.105,0.494,0.0,0.0,0.0,0.0,8.971,0.0,0.071,28.94,59.161,22.2
2018-09-01 16:00:00,0.485,1.261,0.965,1.085,1.423,0.701,0.993,0.41,1.106,0.483,0.0,0.0,0.0,0.0,8.913,0.141,0.071,28.983,58.879,25.533
2018-09-01 16:15:00,0.336,1.25,0.949,1.069,1.415,0.56,0.981,0.283,1.093,0.333,0.0,0.0,0.0,0.0,8.267,0.0,0.07,28.986,58.727,0.0
2018-09-01 16:30:00,0.463,1.259,0.96,1.079,1.437,0.688,0.999,0.395,1.107,0.461,0.0,0.0,0.0,0.0,8.849,0.0,0.07,28.99,58.804,0.0
2018-09-01 16:45:00,0.488,1.262,0.965,1.075,1.411,0.71,0.977,0.416,1.086,0.485,0.0,0.0,0.0,0.0,8.875,0.0,0.07,28.98,58.929,0.0
2018-09-01 17:00:00,0.457,1.263,0.963,1.075,1.407,0.679,0.974,0.39,1.081,0.454,0.0,0.0,0.0,0.0,8.743,0.0,0.07,28.981,59.346,0.0
2018-09-01 17:15:00,0.385,1.27,0.972,1.08,1.429,0.614,0.993,0.329,1.097,0.383,0.0,0.0,0.0,0.0,8.551,0.0,0.07,28.978,59.355,0.0
2018-09-01 17:30:00,0.459,1.2,0.903,1.01,1.401,0.683,0.967,0.393,1.07,0.457,0.0,0.0,0.0,0.0,8.543,0.0,0.07,28.985,59.158,0.0
2018-09-01 17:45:00,0.48,1.075,0.781,0.875,1.393,0.704,0.959,0.408,1.065,0.477,0.0,0.0,0.0,0.0,8.217,0.0,0.07,28.989,59.209,0.0
2018-09-01 18:00:00,0.065,1.032,0.744,0.835,1.371,0.09,0.938,0.057,1.04,0.065,0.0,0.0,0.0,0.0,6.237,0.0,0.069,29.032,59.216,0.0
2018-09-01 18:15:00,0.0,0.24,0.0,0.0,1.338,0.01,0.899,0.0,1.003,0.0,0.0,0.0,0.0,0.0,3.491,0.0,0.07,29.093,59.253,0.0
2018-09-01 18:30:00,0.001,0.24,0.0,0.0,1.319,0.01,0.889,0.0,0.986,0.0,0.0,0.0,0.0,0.0,3.444,0.0,0.07,29.127,59.385,0.0
2018-09-01 18:45:00,0.0,0.24,0.0,0.0,1.302,0.01,0.874,0.0,0.968,0.0,0.0,0.0,0.0,0.0,3.394,0.0,0.072,29.233,59.504,0.0
2018-09-01 19:00:00,0.001,0.24,0.0,0.0,1.259,0.01,0.825,0.0,0.923,0.0,0.0,0.0,0.0,0.0,3.259,0.0,0.071,29.467,59.699,0.0
2018-09-01 19:15:00,0.0,0.24,0.0,0.0,1.258,0.01,0.823,0.0,0.92,0.0,0.0,0.0,0.0,0.0,3.251,0.0,0.07,29.78,59.838,0.0
2018-09-01 19:30:00,0.0,0.24,0.0,0.0,1.254,0.01,0.822,0.0,0.918,0.0,0.0,0.0,0.0,0.0,3.244,0.0,0.07,29.687,59.951,0.0
2018-09-01 19:45:00,0.0,0.24,0.0,0.0,1.247,0.01,0.815,0.0,0.913,0.0,0.0,0.0,0.0,0.0,3.225,0.0,0.07,29.553,60.473,0.0
2018-09-01 20:00:00,0.0,0.361,0.109,0.124,1.269,0.01,0.833,0.0,0.93,0.0,0.0,0.0,0.0,0.0,3.637,0.0,0.07,29.587,60.7,0.0
2018-09-01 20:15:00,0.001,0.241,0.0,0.0,1.249,0.01,0.818,0.0,0.913,0.0,0.0,0.0,0.0,0.0,3.231,0.0,0.07,29.592,60.546,0.0
2018-09-01 20:30:00,0.0,0.357,0.105,0.119,1.248,0.01,0.817,0.0,0.911,0.0,0.0,0.0,0.0,0.0,3.568,0.0,0.07,29.66,60.339,0.0
2018-09-01 20:45:00,0.001,0.24,0.0,0.0,1.243,0.01,0.822,0.0,0.913,0.0,0.0,0.0,0.0,0.0,3.229,0.0,0.07,29.8,60.176,0.0
2018-09-01 21:00:00,0.0,0.299,0.054,0.061,1.26,0.01,0.833,0.0,0.927,0.0,0.0,0.0,0.0,0.0,3.444,0.0,0.07,29.153,60.175,0.0
2018-09-01 21:15:00,0.0,0.302,0.057,0.064,1.247,0.01,0.823,0.0,0.915,0.0,0.0,0.0,0.0,0.0,3.417,0.0,0.07,29.633,60.179,0.0
2018-09-01 21:30:00,0.001,0.24,0.0,0.0,1.234,0.01,0.809,0.0,0.905,0.0,0.0,0.0,0.0,0.0,3.198,0.0,0.07,29.74,60.244,0.0
2018-09-01 21:45:00,0.001,0.361,0.111,0.126,1.249,0.01,0.828,0.0,0.921,0.0,0.0,0.0,0.0,0.0,3.606,0.0,0.07,29.26,60.277,0.0
2018-09-01 22:00:00,0.002,0.24,0.0,0.0,1.249,0.01,0.827,0.0,0.919,0.0,0.0,0.0,0.0,0.0,3.247,0.0,0.07,29.107,60.319,0.0
2018-09-01 22:15:00,0.001,0.368,0.119,0.135,1.256,0.01,0.837,0.0,0.928,0.0,0.0,0.0,0.0,0.0,3.653,0.0,0.07,29.12,60.332,0.0
2018-09-01 22:30:00,0.0,0.24,0.0,0.0,1.241,0.01,0.822,0.0,0.917,0.0,0.0,0.0,0.0,0.0,3.231,0.0,0.07,29.122,60.377,0.0
2018-09-01 22:45:00,0.0,0.363,0.114,0.128,1.248,0.01,0.828,0.0,0.921,0.0,0.0,0.0,0.0,0.0,3.611,0.0,0.07,29.122,60.392,0.0
2018-09-01 23:00:00,0.001,0.24,0.0,0.0,1.255,0.01,0.832,0.0,0.925,0.0,0.0,0.0,0.0,0.0,3.263,0.0,0.07,,,
2018-09-01 23:15:00,0.001,0.321,0.075,0.085,1.25,0.01,0.832,0.0,0.921,0.0,0.0,0.0,0.0,0.0,3.495,0.0,0.069,,,
2018-09-01 23:30:00,0.0,0.293,0.049,0.055,1.263,0.011,0.839,0.0,0.931,0.0,0.0,0.0,0.0,0.0,3.44,0.0,0.07,,,
2018-09-01 23:45:00,0.061,0.227,0.0,0.0,1.263,0.223,0.837,0.05,0.929,0.059,0.0,0.0,0.0,0.0,3.649,0.0,0.07,,,
2018-09-02 00:00:00,0.983,0.0,0.0,0.0,1.297,1.189,0.869,0.845,0.961,0.98,0.0,0.0,0.0,0.0,7.125,0.0,0.07,,,
2018-09-02 00:15:00,0.979,0.0,0.0,0.0,1.264,1.181,0.834,0.843,0.931,0.975,0.0,0.0,0.0,0.0,7.007,0.0,0.071,,,
2018-09-02 00:30:00,0.984,0.0,0.0,0.0,1.258,1.182,0.827,0.85,0.922,0.98,0.0,0.0,0.0,0.0,7.003,0.0,0.047,,,
2018-09-02 00:45:00,0.987,0.0,0.0,0.0,1.277,1.186,0.839,0.855,0.935,0.983,0.0,0.0,0.0,0.0,7.062,0.0,0.032,,,
2018-09-02 01:00:00,0.991,0.0,0.0,0.0,1.257,1.186,0.829,0.861,0.923,0.987,0.0,0.0,0.0,0.0,7.035,0.0,0.03,29.955,58.096,0.0
2018-09-02 01:15:00,1.009,0.0,0.0,0.0,1.271,1.205,0.843,0.881,0.936,1.005,0.0,0.0,0.0,0.0,7.151,0.0,0.03,29.403,59.335,0.0
2018-09-02 01:30:00,0.967,0.0,0.0,0.0,1.274,1.16,0.845,0.834,0.941,0.962,0.0,0.0,0.0,0.0,6.983,0.0,0.063,29.247,59.799,0.0
2018-09-02 01:45:00,1.022,0.0,0.0,0.0,1.281,1.219,0.851,0.895,0.942,1.018,0.0,0.0,0.0,0.0,7.229,0.0,0.07,29.197,59.926,0.0
2018-09-02 02:00:00,1.009,0.0,0.0,0.0,1.262,1.206,0.835,0.88,0.931,1.006,0.0,0.0,0.0,0.0,7.129,0.0,0.07,29.162,59.916,0.0
2018-09-02 02:15:00,1.008,0.0,0.0,0.0,1.281,1.206,0.853,0.877,0.949,1.005,0.0,0.0,0.0,0.0,7.18,0.0,0.07,29.154,59.86,0.0
2018-09-02 02:30:00,0.987,0.0,0.0,0.0,1.254,1.183,0.825,0.856,0.922,0.986,0.0,0.0,0.0,0.0,7.014,0.0,0.047,29.148,59.767,0.0
2018-09-02 02:45:00,1.012,0.0,0.0,0.0,1.272,1.213,0.836,0.881,0.931,1.009,0.0,0.0,0.0,0.0,7.154,0.0,0.03,29.148,59.693,0.0
2018-09-02 03:00:00,0.999,0.0,0.0,0.0,1.264,1.199,0.833,0.869,0.928,0.997,0.0,0.0,0.0,0.0,7.089,0.0,0.031,29.144,59.553,0.0
2018-09-02 03:15:00,0.996,0.0,0.0,0.0,1.273,1.199,0.839,0.865,0.936,0.993,0.0,0.0,0.0,0.0,7.101,0.0,0.033,29.144,59.391,0.0
2018-09-02 03:30:00,1.011,0.0,0.0,0.0,1.264,1.211,0.831,0.88,0.928,1.007,0.0,0.0,0.0,0.0,7.133,0.0,0.07,29.155,59.284,0.0
2018-09-02 03:45:00,1.013,0.0,0.0,0.0,1.281,1.212,0.843,0.876,0.943,1.009,0.0,0.0,0.0,0.0,7.177,0.0,0.07,29.15,59.223,0.0
2018-09-02 04:00:00,0.989,0.0,0.0,0.0,1.267,1.186,0.832,0.855,0.929,0.986,0.0,0.0,0.0,0.0,7.043,0.0,0.072,29.138,59.333,0.0
2018-09-02 04:15:00,1.009,0.0,0.0,0.0,1.281,1.207,0.85,0.879,0.941,1.006,0.0,0.0,0.0,0.0,7.173,0.0,0.07,29.157,58.939,0.0
2018-09-02 04:30:00,0.987,0.0,0.0,0.0,1.272,1.185,0.84,0.855,0.933,0.983,0.0,0.0,0.0,0.0,7.055,0.0,0.07,29.17,58.878,0.0
2018-09-02 04:45:00,1.007,0.0,0.0,0.0,1.298,1.211,0.858,0.876,0.951,1.003,0.0,0.0,0.0,0.0,7.204,0.0,0.07,29.167,58.855,0.0
2018-09-02 05:00:00,1.005,0.0,0.0,0.0,1.288,1.207,0.853,0.876,0.943,1.001,0.0,0.0,0.0,0.0,7.172,0.0,0.07,29.172,58.808,0.0
2018-09-02 05:15:00,1.005,0.0,0.0,0.0,1.28,1.209,0.847,0.877,0.937,1.003,0.0,0.0,0.0,0.0,7.159,0.0,0.07,29.167,58.777,0.0
2018-09-02 05:30:00,1.001,0.0,0.0,0.0,1.295,1.208,0.853,0.869,0.943,0.997,0.0,0.0,0.0,0.0,7.166,0.0,0.07,29.173,58.756,0.0
2018-09-02 05:45:00,0.21,0.229,0.023,0.026,1.261,0.438,0.829,0.181,0.923,0.208,0.0,0.0,0.0,0.0,4.328,0.0,0.07,29.174,58.688,0.0
2018-09-02 06:00:00,0.0,0.786,0.5,0.564,0.381,0.237,0.25,0.0,0.28,0.0,0.0,0.0,0.0,0.0,2.999,0.0,0.07,29.167,58.669,0.0
2018-09-02 06:15:00,0.317,1.139,0.842,0.937,0.0,0.542,0.0,0.271,0.0,0.314,0.0,0.0,0.0,0.0,4.361,0.0,0.07,29.189,58.671,0.0
2018-09-02 06:30:00,0.223,1.145,0.852,0.949,0.0,0.455,0.0,0.191,0.0,0.223,0.0,0.0,0.0,0.0,4.039,0.0,0.07,29.196,58.679,0.0
2018-09-02 06:45:00,0.583,1.162,0.873,0.971,0.0,0.799,0.0,0.5,0.0,0.579,0.0,0.0,0.0,0.0,5.468,0.0,0.07,29.192,58.751,0.0
2018-09-02 07:00:00,0.041,1.143,0.853,0.955,0.0,0.277,0.0,0.035,0.0,0.041,0.0,0.0,0.0,0.0,3.345,0.0,0.07,29.2,58.805,0.0
2018-09-02 07:15:00,0.298,1.137,0.851,0.952,0.0,0.525,0.0,0.258,0.0,0.297,0.0,0.0,0.0,0.0,4.318,0.0,0.07,29.212,58.821,0.0
2018-09-02 07:30:00,0.531,1.147,0.864,0.965,0.0,0.754,0.0,0.459,0.0,0.528,0.0,0.0,0.0,0.0,5.247,0.0,0.07,29.219,58.855,0.0
2018-09-02 07:45:00,0.528,1.149,0.861,0.966,0.0,0.747,0.0,0.451,0.0,0.525,0.0,0.0,0.0,0.0,5.227,0.0,0.072,29.221,58.875,0.0
2018-09-02 08:00:00,0.6,1.154,0.865,0.969,0.0,0.817,0.0,0.515,0.0,0.596,0.0,0.0,0.0,0.0,5.517,0.0,0.065,29.234,58.962,0.0
2018-09-02 08:15:00,0.612,1.167,0.881,0.987,0.0,0.83,0.0,0.529,0.0,0.609,0.0,0.0,0.0,0.0,5.615,0.0,0.033,29.265,59.285,0.0
2018-09-02 08:30:00,0.491,1.159,0.875,0.985,0.0,0.711,0.0,0.422,0.0,0.487,0.0,0.0,0.0,0.0,5.131,0.0,0.033,29.271,59.173,0.0
2018-09-02 08:45:00,0.557,1.169,0.887,0.993,0.0,0.771,0.0,0.479,0.0,0.552,0.0,0.0,0.0,0.0,5.408,0.0,0.032,29.265,59.271,0.0
2018-09-02 09:00:00,0.567,1.171,0.89,1.0,0.0,0.775,0.0,0.481,0.0,0.563,0.0,0.0,0.0,0.0,5.446,0.0,0.051,29.284,59.399,0.0
2018-09-02 09:15:00,0.583,1.175,0.893,1.005,0.0,0.797,0.0,0.495,0.0,0.582,0.0,0.0,0.0,0.0,5.529,0.0,0.07,29.285,59.551,0.0
2018-09-02 09:30:00,0.601,1.179,0.89,1.005,0.0,0.817,0.0,0.509,0.0,0.597,0.0,0.0,0.0,0.0,5.597,0.0,0.07,29.297,59.757,0.0
2018-09-02 09:45:00,0.546,1.185,0.897,1.01,0.0,0.761,0.0,0.466,0.0,0.544,0.0,0.0,0.0,0.0,5.409,0.0,0.07,29.311,59.847,0.0
2018-09-02 10:00:00,0.497,1.188,0.901,1.016,0.0,0.714,0.0,0.425,0.0,0.495,0.0,0.0,0.0,0.0,5.237,0.0,0.074,29.334,59.931,0.0
2018-09-02 10:15:00,0.549,1.194,0.905,1.019,0.0,0.767,0.0,0.467,0.0,0.545,0.0,0.0,0.0,0.0,5.447,0.0,0.072,29.332,60.222,0.0
2018-09-02 10:30:00,0.588,1.193,0.907,1.021,0.0,0.803,0.0,0.502,0.0,0.587,0.0,0.0,0.0,0.0,5.602,0.0,0.07,29.343,60.183,0.0
2018-09-02 10:45:00,0.561,1.198,0.909,1.029,0.0,0.778,0.0,0.477,0.0,0.558,0.0,0.0,0.0,0.0,5.51,0.0,0.07,29.342,60.249,0.0
2018-09-02 11:00:00,0.469,1.191,0.907,1.021,0.0,0.686,0.0,0.4,0.0,0.467,0.0,0.0,0.0,0.0,5.14,0.0,0.069,29.351,60.36,0.0
2018-09-02 11:15:00,0.491,1.221,0.932,1.049,0.0,0.709,0.0,0.42,0.0,0.487,0.0,0.0,0.0,0.0,5.308,0.0,0.071,29.38,60.415,0.0
2018-09-02 11:30:00,0.0,1.197,0.909,1.023,0.0,0.237,0.0,0.0,0.0,0.0,0.0,0.0,0.0,0.0,3.366,0.0,0.069,29.39,60.503,0.0
2018-09-02 11:45:00,0.0,1.181,0.897,1.008,0.413,0.237,0.218,0.0,0.242,0.0,0.0,0.0,0.0,0.0,4.195,0.0,0.069,29.393,60.545,0.0
2018-09-02 12:00:00,0.337,1.221,0.933,1.043,1.379,0.561,0.944,0.289,1.045,0.336,0.0,0.0,0.0,0.0,8.087,0.0,0.07,29.406,60.583,0.0
2018-09-02 12:15:00,0.587,1.229,0.941,1.053,1.422,0.803,0.992,0.505,1.092,0.582,0.0,0.0,0.0,0.0,9.207,0.0,0.07,29.422,60.55,0.0
2018-09-02 12:30:00,0.395,1.028,0.745,0.831,1.395,0.618,0.97,0.339,1.069,0.392,0.0,0.0,0.0,0.0,7.783,0.0,0.07,29.431,60.525,0.0
2018-09-02 12:45:00,0.485,1.231,0.933,1.039,1.392,0.707,0.969,0.417,1.064,0.483,0.0,0.0,0.0,0.0,8.719,0.0,0.07,29.449,60.57,0.0
2018-09-02 13:00:00,0.509,1.036,0.755,0.837,1.399,0.73,0.978,0.439,1.072,0.506,0.0,0.0,0.0,0.0,8.26,0.0,0.07,29.45,60.59,0.0
2018-09-02 13:15:00,0.413,1.238,0.947,1.049,1.419,0.637,0.994,0.354,1.094,0.41,0.0,0.0,0.0,0.0,8.555,0.0,0.07,29.454,60.645,0.0
2018-09-02 13:30:00,0.395,1.237,0.943,1.045,1.407,0.619,0.981,0.339,1.079,0.394,0.0,0.0,0.0,0.0,8.437,0.0,0.07,29.483,60.658,0.0
2018-09-02 13:45:00,0.465,1.167,0.881,0.973,1.416,0.687,0.996,0.401,1.09,0.463,0.0,0.0,0.0,0.0,8.54,0.0,0.07,29.477,60.561,0.0
2018-09-02 14:00:00,0.565,1.129,0.847,0.929,1.411,0.785,0.992,0.488,1.088,0.562,0.0,0.0,0.0,0.0,8.795,0.0,0.07,29.473,60.586,0.0
2018-09-02 14:15:00,0.403,1.261,0.981,1.071,1.454,0.629,1.033,0.348,1.125,0.402,0.0,0.0,0.0,0.0,8.709,0.0,0.07,29.498,60.646,0.0
2018-09-02 14:30:00,0.455,1.262,0.981,1.073,1.428,0.676,1.01,0.395,1.1,0.452,0.0,0.0,0.0,0.0,8.832,0.0,0.07,29.506,60.577,0.0
2018-09-02 14:45:00,0.481,1.243,0.962,1.058,1.428,0.703,1.009,0.416,1.102,0.479,0.0,0.0,0.0,0.0,8.881,0.0,0.07,29.521,60.567,0.0
2018-09-02 15:00:00,0.512,1.259,0.98,1.072,1.431,0.733,1.015,0.444,1.104,0.507,0.0,0.0,0.0,0.0,9.057,0.0,0.07,29.541,60.597,0.0
2018-09-02 15:15:00,0.413,1.258,0.981,1.073,1.457,0.64,1.039,0.359,1.128,0.411,0.0,0.0,0.0,0.0,8.759,0.0,0.07,29.548,60.654,0.0
2018-09-02 15:30:00,0.426,1.257,0.979,1.072,1.43,0.649,1.017,0.371,1.106,0.425,0.0,0.0,0.0,0.0,8.732,0.0,0.07,29.556,60.71,0.0
2018-09-02 15:45:00,0.503,1.277,1.0,1.093,1.444,0.724,1.033,0.439,1.119,0.501,0.0,0.0,0.0,0.0,9.135,0.0,0.07,29.585,60.812,0.0
2018-09-02 16:00:00,0.509,1.28,1.001,1.091,1.467,0.735,1.049,0.446,1.133,0.506,0.0,0.0,0.0,0.0,9.218,0.0,0.07,29.591,60.921,0.0
2018-09-02 16:15:00,0.414,1.286,1.006,1.097,1.475,0.638,1.06,0.361,1.144,0.41,0.0,0.0,0.0,0.0,8.891,0.0,0.07,29.607,60.918,0.0
2018-09-02 16:30:00,0.529,1.295,1.009,1.102,1.468,0.752,1.05,0.46,1.138,0.526,0.0,0.0,0.0,0.0,9.329,0.0,0.07,29.623,60.856,0.0
2018-09-02 16:45:00,0.526,1.073,0.797,0.873,1.455,0.749,1.035,0.457,1.125,0.523,0.0,0.0,0.0,0.0,8.611,0.0,0.07,29.629,60.823,0.0
2018-09-02 17:00:00,0.519,1.283,0.989,1.077,1.48,0.745,1.055,0.453,1.147,0.515,0.0,0.0,0.0,0.0,9.263,0.0,0.07,29.645,60.759,0.0
2018-09-02 17:15:00,0.52,1.274,0.977,1.069,1.439,0.747,1.016,0.451,1.107,0.517,0.0,0.0,0.0,0.0,9.119,0.0,0.07,29.631,60.727,0.0
2018-09-02 17:30:00,0.431,1.257,0.963,1.057,1.443,0.659,1.019,0.371,1.114,0.429,0.0,0.0,0.0,0.0,8.743,0.0,0.07,29.633,60.628,0.0
2018-09-02 17:45:00,0.421,1.251,0.957,1.049,1.423,0.649,1.001,0.366,1.094,0.419,0.0,0.0,0.0,0.0,8.629,0.0,0.07,29.645,60.579,0.0
2018-09-02 18:00:00,0.107,1.179,0.889,0.974,1.411,0.141,0.987,0.094,1.079,0.107,0.0,0.0,0.0,0.0,6.967,0.0,0.07,29.645,60.457,0.0
2018-09-02 18:15:00,0.0,0.24,0.0,0.0,1.327,0.01,0.907,0.0,1.005,0.0,0.0,0.0,0.0,0.0,3.489,0.544,0.07,29.663,60.507,0.0
2018-09-02 18:30:00,0.0,0.24,0.0,0.0,1.321,0.01,0.896,0.0,0.989,0.0,0.0,0.0,0.0,0.0,3.456,0.335,0.07,29.67,60.538,0.0
2018-09-02 18:45:00,0.0,0.385,0.137,0.149,1.336,0.01,0.909,0.0,0.995,0.0,0.0,0.0,0.0,0.0,3.92,0.0,0.07,29.671,60.55,0.0
2018-09-02 19:00:00,0.0,0.5,0.243,0.265,1.322,0.01,0.903,0.0,0.982,0.0,0.0,0.0,0.0,0.0,4.225,0.0,0.07,29.681,60.543,0.0
2018-09-02 19:15:00,0.0,0.24,0.0,0.0,1.312,0.01,0.887,0.0,0.973,0.0,0.0,0.0,0.0,0.0,3.422,0.0,0.07,29.693,60.575,0.0
2018-09-02 19:30:00,0.0,0.401,0.149,0.163,1.322,0.01,0.902,0.0,0.983,0.0,0.0,0.0,0.0,0.0,3.931,0.0,0.071,29.703,60.558,0.0
2018-09-02 19:45:00,0.001,0.369,0.119,0.131,1.331,0.01,0.903,0.0,0.985,0.0,0.0,0.0,0.0,0.0,3.851,0.0,0.07,29.709,60.605,0.0
2018-09-02 20:00:00,0.0,0.4,0.149,0.163,1.308,0.01,0.885,0.0,0.967,0.0,0.0,0.0,0.0,0.0,3.882,0.0,0.07,29.699,60.619,0.0
2018-09-02 20:15:00,0.0,0.371,0.123,0.133,1.304,0.01,0.883,0.0,0.963,0.0,0.0,0.0,0.0,0.0,3.787,0.0,0.07,29.688,60.594,0.0
2018-09-02 20:30:00,0.0,0.405,0.153,0.169,1.303,0.01,0.881,0.0,0.964,0.0,0.0,0.0,0.0,0.0,3.886,0.0,0.07,29.699,60.567,0.0
2018-09-02 20:45:00,0.001,0.318,0.073,0.079,1.309,0.01,0.882,0.0,0.966,0.0,0.0,0.0,0.0,0.0,3.637,0.0,0.07,29.695,60.532,0.0
2018-09-02 21:00:00,0.0,0.385,0.134,0.146,1.279,0.01,0.863,0.0,0.945,0.0,0.0,0.0,0.0,0.0,3.763,0.0,0.07,29.705,60.515,0.0
2018-09-02 21:15:00,0.0,0.369,0.122,0.133,1.277,0.01,0.867,0.0,0.945,0.0,0.0,0.0,0.0,0.0,3.723,0.0,0.07,29.727,60.498,0.0
2018-09-02 21:30:00,0.001,0.386,0.138,0.149,1.29,0.01,0.875,0.0,0.955,0.0,0.0,0.0,0.0,0.0,3.805,0.0,0.07,29.72,60.484,0.0
2018-09-02 21:45:00,0.001,0.362,0.114,0.125,1.288,0.01,0.869,0.0,0.951,0.0,0.0,0.0,0.0,0.0,3.721,0.0,0.07,29.703,60.399,0.0
2018-09-02 22:00:00,0.001,0.368,0.119,0.131,1.274,0.01,0.859,0.0,0.937,0.0,0.0,0.0,0.0,0.0,3.7,0.0,0.07,29.708,60.338,0.0
2018-09-02 22:15:00,0.0,0.375,0.127,0.139,1.279,0.01,0.87,0.0,0.947,0.0,0.0,0.0,0.0,0.0,3.747,0.0,0.07,29.727,60.292,0.0
2018-09-02 22:30:00,0.0,0.373,0.125,0.137,1.287,0.01,0.877,0.0,0.955,0.0,0.0,0.0,0.0,0.0,3.765,0.0,0.07,29.735,60.265,0.0
2018-09-02 22:45:00,0.0,0.359,0.112,0.123,1.299,0.01,0.882,0.0,0.961,0.0,0.0,0.0,0.0,0.0,3.746,0.0,0.07,29.74,60.208,0.0
2018-09-02 23:00:00,0.0,0.366,0.119,0.129,1.29,0.01,0.876,0.0,0.953,0.0,0.0,0.0,0.0,0.0,3.743,0.0,0.039,29.759,60.179,0.0
2018-09-02 23:15:00,0.001,0.257,0.016,0.018,1.277,0.01,0.862,0.0,0.943,0.0,0.0,0.0,0.0,0.0,3.384,0.0,0.031,29.755,60.149,0.0
2018-09-02 23:30:00,0.0,0.361,0.114,0.125,1.287,0.01,0.865,0.0,0.951,0.0,0.0,0.0,0.0,0.0,3.713,0.0,0.031,29.759,60.144,0.0
2018-09-02 23:45:00,0.046,0.356,0.116,0.128,1.295,0.215,0.873,0.039,0.958,0.046,0.0,0.0,0.0,0.0,4.073,0.0,0.038,29.75,60.24,0.0
2018-09-03 00:00:00,0.979,0.0,0.0,0.0,1.282,1.193,0.863,0.856,0.949,0.977,0.0,0.0,0.0,0.0,7.098,0.0,0.07,29.742,59.973,0.0
2018-09-03 00:15:00,1.003,0.0,0.0,0.0,1.287,1.215,0.863,0.882,0.947,0.997,0.0,0.0,0.0,0.0,7.195,0.0,0.071,29.746,59.941,0.0
2018-09-03 00:30:00,0.995,0.0,0.0,0.0,1.285,1.203,0.859,0.873,0.945,0.992,0.0,0.0,0.0,0.0,7.153,0.0,0.07,29.765,59.957,0.0
2018-09-03 00:45:00,0.97,0.0,0.0,0.0,1.263,1.167,0.845,0.849,0.932,0.965,0.0,0.0,0.0,0.0,6.991,0.0,0.07,29.793,59.98,0.0
2018-09-03 01:00:00,1.003,0.0,0.0,0.0,1.269,1.201,0.851,0.88,0.937,0.997,0.0,0.0,0.0,0.0,7.138,0.0,0.07,29.8,59.99,0.0
2018-09-03 01:15:00,1.025,0.0,0.0,0.0,1.283,1.225,0.859,0.901,0.949,1.021,0.0,0.0,0.0,0.0,7.262,0.0,0.07,29.8,60.152,0.0
2018-09-03 01:30:00,1.03,0.0,0.0,0.0,1.299,1.232,0.872,0.903,0.963,1.025,0.0,0.0,0.0,0.0,7.323,0.0,0.07,29.785,60.089,0.0
2018-09-03 01:45:00,1.009,0.0,0.0,0.0,1.269,1.207,0.843,0.883,0.933,1.007,0.0,0.0,0.0,0.0,7.151,0.0,0.07,29.775,59.975,0.0
2018-09-03 02:00:00,1.012,0.0,0.0,0.0,1.273,1.209,0.845,0.885,0.939,1.009,0.0,0.0,0.0,0.0,7.172,0.0,0.07,29.795,59.961,0.0
2018-09-03 02:15:00,0.999,0.0,0.0,0.0,1.285,1.191,0.86,0.868,0.952,0.993,0.0,0.0,0.0,0.0,7.148,0.0,0.07,29.801,59.917,0.0
2018-09-03 02:30:00,1.009,0.0,0.0,0.0,1.289,1.207,0.86,0.881,0.951,1.007,0.0,0.0,0.0,0.0,7.204,0.0,0.07,29.806,59.929,0.0
2018-09-03 02:45:00,1.01,0.0,0.0,0.0,1.265,1.205,0.839,0.882,0.932,1.006,0.0,0.0,0.0,0.0,7.139,0.0,0.069,29.821,59.965,0.0
2018-09-03 03:00:00,0.997,0.0,0.0,0.0,1.264,1.194,0.837,0.869,0.932,0.992,0.0,0.0,0.0,0.0,7.085,0.0,0.069,29.826,60.153,0.0
2018-09-03 03:15:00,0.989,0.0,0.0,0.0,1.267,1.187,0.839,0.859,0.932,0.987,0.0,0.0,0.0,0.0,7.06,0.0,0.07,29.82,60.469,0.0
2018-09-03 03:30:00,1.027,0.0,0.0,0.0,1.283,1.228,0.849,0.896,0.944,1.021,0.0,0.0,0.0,0.0,7.249,0.0,0.07,29.827,60.533,0.0
2018-09-03 03:45:00,1.03,0.0,0.0,0.0,1.277,1.228,0.851,0.9,0.941,1.025,0.0,0.0,0.0,0.0,7.252,0.0,0.07,29.828,60.813,0.0
2018-09-03 04:00:00,1.037,0.0,0.0,0.0,1.291,1.232,0.869,0.913,0.96,1.034,0.0,0.0,0.0,0.0,7.336,0.0,0.07,29.815,60.5,0.0
2018-09-03 04:15:00,1.029,0.0,0.0,0.0,1.273,1.225,0.849,0.901,0.941,1.023,0.0,0.0,0.0,0.0,7.24,0.0,0.07,29.804,60.017,0.0
2018-09-03 04:30:00,1.036,0.0,0.0,0.0,1.281,1.236,0.854,0.911,0.947,1.035,0.0,0.0,0.0,0.0,7.299,0.0,0.073,29.798,59.849,0.0
2018-09-03 04:45:00,1.025,0.0,0.0,0.0,1.257,1.222,0.835,0.897,0.93,1.021,0.0,0.0,0.0,0.0,7.188,0.0,0.07,29.81,59.741,0.0
2018-09-03 05:00:00,0.991,0.0,0.0,0.0,1.249,1.187,0.826,0.864,0.92,0.989,0.0,0.0,0.0,0.0,7.026,0.0,0.07,29.825,59.7,0.0
2018-09-03 05:15:00,0.997,0.0,0.0,0.0,1.247,1.185,0.825,0.865,0.919,0.993,0.0,0.0,0.0,0.0,7.031,0.0,0.07,29.822,59.703,0.0
2018-09-03 05:30:00,0.984,0.0,0.0,0.0,1.237,1.169,0.82,0.852,0.913,0.979,0.0,0.0,0.0,0.0,6.954,0.0,0.074,29.834,59.708,0.0
2018-09-03 05:45:00,0.169,0.206,0.0,0.0,1.241,0.397,0.827,0.145,0.922,0.168,0.0,0.0,0.0,0.0,4.075,0.0,0.07,29.83,59.684,0.0
2018-09-03 06:00:00,0.0,0.816,0.547,0.609,0.336,0.237,0.225,0.0,0.251,0.0,0.0,0.0,0.0,0.0,3.02,0.0,0.07,29.841,59.675,1.8
2018-09-03 06:15:00,0.247,1.121,0.849,0.943,0.0,0.474,0.0,0.213,0.0,0.246,0.0,0.0,0.0,0.0,4.093,0.0,0.07,29.871,59.801,3.0
2018-09-03 06:30:00,0.208,1.122,0.853,0.949,0.0,0.433,0.0,0.18,0.0,0.207,0.0,0.0,0.0,0.0,3.951,0.0,0.097,29.885,60.189,3.0
2018-09-03 06:45:00,0.335,1.132,0.863,0.962,0.0,0.553,0.0,0.286,0.0,0.333,0.0,0.0,0.0,0.0,4.464,0.102,0.132,29.893,60.231,3.0
2018-09-03 07:00:00,1.04,1.139,0.865,0.973,0.0,1.224,0.0,0.891,0.0,1.037,0.0,0.0,0.0,0.0,7.168,0.365,0.281,29.901,60.386,3.0
2018-09-03 07:15:00,1.021,1.111,0.839,0.953,0.0,1.199,0.0,0.87,0.0,1.018,0.0,0.0,0.0,0.0,7.012,0.452,0.242,29.917,60.609,3.0
2018-09-03 07:30:00,1.657,1.131,0.855,0.973,0.0,0.564,0.0,0.303,0.0,0.354,0.0,0.0,0.0,0.0,5.837,1.059,0.251,29.881,60.336,68.4
2018-09-03 07:45:00,4.585,1.136,0.868,0.985,0.0,0.978,0.0,0.685,0.0,0.79,0.0,0.0,0.0,0.0,10.027,1.552,0.354,29.393,58.268,112.2
2018-09-03 08:00:00,4.899,1.149,0.877,0.995,0.0,1.294,0.0,0.969,0.0,1.115,0.0,0.0,0.0,0.0,11.299,1.711,0.475,28.857,58.096,110.933
2018-09-03 08:15:00,4.851,1.153,0.879,0.999,0.0,1.237,0.0,0.915,0.0,1.065,0.0,0.0,0.0,0.0,11.097,1.69,0.397,28.775,57.081,111.267
2018-09-03 08:30:00,4.819,1.152,0.878,1.0,0.0,1.213,0.0,0.889,0.0,1.042,0.0,0.0,0.0,0.0,10.993,1.834,0.431,28.607,56.043,117.077
2018-09-03 08:45:00,4.417,1.162,0.885,1.008,0.0,0.821,0.0,0.536,0.0,0.624,0.0,0.0,0.0,0.0,9.453,1.854,0.499,28.648,56.233,118.0
2018-09-03 09:00:00,4.045,1.169,0.883,1.011,0.0,0.473,0.0,0.215,0.0,0.257,0.0,0.0,0.0,0.0,8.053,1.903,0.568,28.671,55.583,118.533
2018-09-03 09:15:00,4.431,1.18,0.893,1.018,0.0,0.836,0.0,0.536,0.0,0.638,0.0,0.0,0.0,0.0,9.532,2.13,0.515,28.725,56.249,120.8
2018-09-03 09:30:00,4.321,1.177,0.889,1.016,0.0,0.692,0.0,0.403,0.0,0.479,0.0,0.0,0.0,0.046,9.022,2.263,0.557,28.848,56.615,121.533
2018-09-03 09:45:00,5.357,1.18,0.891,1.018,0.0,0.533,0.0,0.259,0.0,0.31,0.0,0.0,0.0,1.249,10.796,2.264,0.454,28.824,55.884,122.533
2018-09-03 10:00:00,5.766,1.186,0.901,1.027,0.0,0.814,0.0,0.515,0.0,0.608,0.0,0.0,0.0,1.361,12.177,2.256,0.456,28.813,56.025,128.267
2018-09-03 10:15:00,6.795,1.197,0.914,1.038,0.0,1.048,0.0,0.734,0.0,0.857,0.0,0.764,0.0,1.386,14.733,2.239,0.626,28.098,57.362,127.923
2018-09-03 10:30:00,7.404,1.213,0.931,1.055,0.0,1.248,0.0,0.922,0.0,1.075,0.0,1.141,0.0,1.401,16.389,2.233,0.598,27.385,57.166,124.538
2018-09-03 10:45:00,6.805,1.204,0.919,1.046,0.0,0.652,0.0,0.381,0.0,0.447,0.0,1.15,0.0,1.419,14.023,2.238,0.622,27.148,56.319,124.867
2018-09-03 11:00:00,5.834,1.205,0.921,1.049,0.0,0.42,0.0,0.172,0.0,0.204,0.0,1.139,0.0,0.706,11.649,2.149,0.741,26.838,56.295,124.231
2018-09-03 11:15:00,5.125,1.209,0.923,1.051,0.0,0.412,0.0,0.162,0.0,0.193,0.0,1.141,0.0,0.0,10.215,1.886,0.673,26.861,56.664,123.333
2018-09-03 11:30:00,5.491,1.221,0.935,1.066,0.0,0.739,0.0,0.445,0.0,0.533,0.0,1.164,0.0,0.0,11.595,1.891,0.644,27.186,57.816,125.733
2018-09-03 11:45:00,5.245,1.229,0.934,1.069,0.452,0.505,0.238,0.236,0.276,0.282,0.0,1.157,0.0,0.0,11.623,1.915,0.541,27.178,57.555,124.067
2018-09-03 12:00:00,5.531,1.244,0.947,1.078,1.407,0.769,0.956,0.469,1.09,0.561,0.0,1.166,0.0,0.0,15.218,1.757,0.443,26.649,57.036,112.154
2018-09-03 12:15:00,6.092,1.257,0.964,1.095,1.411,1.315,0.977,0.971,1.107,1.133,0.0,1.161,0.0,0.0,17.485,1.733,0.511,26.554,57.233,114.133
2018-09-03 12:30:00,6.085,1.255,0.963,1.092,1.413,1.302,0.973,0.961,1.106,1.125,0.0,1.159,0.0,0.0,17.432,1.734,0.487,26.545,56.852,116.4
2018-09-03 12:45:00,6.079,1.244,0.952,1.085,1.395,1.293,0.962,0.955,1.094,1.119,0.0,1.165,0.0,0.0,17.343,1.732,0.623,26.71,58.98,107.8
2018-09-03 13:00:00,6.235,1.234,0.946,1.073,1.405,1.289,0.98,0.956,1.104,1.114,0.0,1.169,0.0,0.168,17.675,1.895,0.744,26.857,59.441,107.2
2018-09-03 13:15:00,7.425,1.251,0.969,1.087,1.393,1.298,0.977,0.973,1.095,1.124,0.0,1.159,0.0,1.363,20.115,2.049,0.723,26.687,58.169,113.467
2018-09-03 13:30:00,7.501,1.246,0.963,1.086,1.404,1.303,0.982,0.973,1.107,1.129,0.0,1.172,0.0,1.42,20.286,2.055,0.699,26.593,58.159,115.2
2018-09-03 13:45:00,7.513,1.255,0.968,1.089,1.423,1.302,1.001,0.97,1.123,1.125,0.0,1.177,0.0,1.433,20.379,2.06,0.645,26.494,57.568,115.467
2018-09-03 14:00:00,7.54,1.271,0.985,1.105,1.419,1.327,0.999,0.998,1.121,1.149,0.0,1.173,0.0,1.434,20.521,2.057,0.786,26.404,57.509,114.267
2018-09-03 14:15:00,7.54,1.27,0.985,1.106,1.437,1.321,1.014,0.99,1.138,1.143,0.0,1.176,0.0,1.439,20.559,2.065,0.747,26.417,57.643,112.067
2018-09-03 14:30:00,7.602,1.293,1.007,1.125,1.443,1.359,1.021,1.027,1.143,1.179,0.0,1.182,0.0,1.451,20.833,2.067,0.727,26.327,57.352,114.167
2018-09-03 14:45:00,7.491,1.259,0.977,1.095,1.423,1.293,1.001,0.961,1.123,1.117,0.0,1.162,0.0,1.426,20.328,2.051,0.915,26.485,58.245,116.867
2018-09-03 15:00:00,7.567,1.297,1.011,1.129,1.438,1.351,1.015,1.021,1.137,1.173,0.0,1.173,0.0,1.435,20.747,2.075,0.891,26.489,58.244,117.6
2018-09-03 15:15:00,7.503,1.293,1.008,1.124,1.417,1.314,0.993,0.983,1.116,1.137,0.0,1.157,0.0,1.423,20.469,2.077,0.819,26.453,57.458,121.167
2018-09-03 15:30:00,7.581,1.284,0.998,1.112,1.414,1.347,0.987,1.012,1.109,1.165,0.0,1.177,0.0,1.446,20.632,2.085,0.801,26.599,59.498,118.929
2018-09-03 15:45:00,7.552,1.305,1.015,1.133,1.431,1.355,1.009,1.02,1.132,1.171,0.0,1.168,0.0,1.431,20.723,2.073,0.855,26.58,59.079,116.8
2018-09-03 16:00:00,7.517,1.292,1.009,1.127,1.42,1.326,1.002,0.997,1.123,1.148,0.0,1.163,0.0,1.423,20.547,2.044,0.776,26.406,58.901,119.0
2018-09-03 16:15:00,7.519,1.292,1.009,1.123,1.439,1.316,1.017,0.985,1.138,1.135,0.0,1.167,0.0,1.431,20.571,2.055,0.727,26.547,60.128,117.067
2018-09-03 16:30:00,6.669,1.272,0.991,1.105,1.389,1.328,0.971,0.999,1.091,1.148,0.0,1.151,0.0,0.577,18.689,1.876,0.595,26.651,60.517,118.267
2018-09-03 16:45:00,5.243,1.284,0.999,1.114,1.401,1.287,0.979,0.957,1.099,1.11,0.0,1.133,0.0,0.0,16.607,1.731,0.627,26.711,60.58,118.533
2018-09-03 17:00:00,5.146,1.261,0.967,1.084,1.386,1.097,0.953,0.779,1.076,0.901,0.0,1.141,0.0,0.0,15.791,1.921,0.428,26.839,60.771,121.6
2018-09-03 17:15:00,6.039,1.263,0.971,1.085,1.393,1.311,0.959,0.96,1.081,1.117,0.0,1.137,0.0,0.0,17.313,2.216,0.345,26.368,59.777,122.2
2018-09-03 17:30:00,4.913,0.363,0.271,0.313,0.339,0.141,0.225,0.07,0.261,0.083,0.0,1.043,0.0,0.0,8.021,2.079,0.227,26.201,63.183,119.133
2018-09-03 17:45:00,4.845,0.156,0.067,0.081,0.259,0.0,0.096,0.0,0.117,0.0,0.0,1.048,0.0,0.0,6.669,2.06,0.373,26.327,64.603,109.733
2018-09-03 18:00:00,4.438,1.075,0.76,0.887,1.233,0.0,0.778,0.0,0.905,0.0,0.0,0.619,0.0,0.0,10.695,2.074,0.223,27.082,64.742,76.267
2018-09-03 18:15:00,3.811,1.103,0.806,0.924,1.275,0.005,0.835,0.005,0.951,0.005,0.0,0.0,0.0,0.0,9.72,1.841,0.109,27.668,63.589,10.308
2018-09-03 18:30:00,3.811,0.653,0.393,0.45,1.231,0.0,0.801,0.0,0.913,0.0,0.0,0.0,0.0,0.0,8.252,1.682,0.107,27.668,63.991,3.0
2018-09-03 18:45:00,3.824,1.107,0.813,0.919,1.268,0.0,0.839,0.0,0.945,0.0,0.0,0.0,0.0,0.0,9.715,1.235,0.109,28.02,65.01,3.8
2018-09-03 19:00:00,3.838,1.115,0.821,0.927,1.285,0.0,0.857,0.0,0.962,0.0,0.0,0.0,0.0,0.0,9.805,0.877,0.11,28.121,65.047,4.0
2018-09-03 19:15:00,3.843,1.119,0.827,0.928,1.293,0.0,0.858,0.0,0.965,0.0,0.0,0.0,0.0,0.0,9.833,0.879,0.109,28.743,65.265,3.385
2018-09-03 19:30:00,3.841,1.129,0.837,0.939,1.281,0.0,0.853,0.0,0.955,0.0,0.0,0.0,0.0,0.0,9.834,0.879,0.109,28.304,65.297,3.0
2018-09-03 19:45:00,1.808,1.121,0.828,0.927,1.277,0.0,0.848,0.0,0.947,0.0,0.0,0.0,0.0,0.0,7.756,0.859,0.109,28.565,65.32,3.0
2018-09-03 20:00:00,0.001,0.396,0.146,0.165,1.227,0.0,0.798,0.0,0.897,0.0,0.0,0.0,0.0,0.0,3.63,0.517,0.105,28.442,63.604,0.6
2018-09-03 20:15:00,0.0,0.24,0.0,0.0,1.243,0.0,0.809,0.0,0.906,0.0,0.0,0.0,0.0,0.0,3.197,0.0,0.07,28.559,60.954,0.0
2018-09-03 20:30:00,0.001,0.244,0.0,0.0,1.231,0.0,0.801,0.0,0.901,0.0,0.0,0.0,0.0,0.0,3.179,0.0,0.07,28.569,58.042,0.0
2018-09-03 20:45:00,0.001,0.245,0.0,0.0,1.218,0.0,0.784,0.0,0.887,0.0,0.0,0.0,0.0,0.0,3.135,0.0,0.07,28.558,57.137,0.0
2018-09-03 21:00:00,0.0,0.243,0.0,0.0,1.232,0.0,0.798,0.0,0.905,0.0,0.0,0.0,0.0,0.0,3.178,0.0,0.07,28.584,56.812,0.0
2018-09-03 21:15:00,0.0,0.24,0.0,0.0,1.213,0.0,0.783,0.0,0.888,0.0,0.0,0.0,0.0,0.0,3.123,0.0,0.07,28.601,56.566,0.0
2018-09-03 21:30:00,0.0,0.24,0.0,0.0,1.203,0.0,0.772,0.0,0.877,0.0,0.0,0.0,0.0,0.0,3.092,0.0,0.071,28.659,56.566,0.0
2018-09-03 21:45:00,0.0,0.241,0.0,0.0,1.211,0.0,0.779,0.0,0.883,0.0,0.0,0.0,0.0,0.0,3.114,0.0,0.07,28.679,56.682,0.0
2018-09-03 22:00:00,0.001,0.24,0.0,0.0,1.209,0.0,0.777,0.0,0.882,0.0,0.0,0.0,0.0,0.0,3.109,0.0,0.07,28.711,56.778,0.0
2018-09-03 22:15:00,0.0,0.24,0.0,0.0,1.21,0.0,0.784,0.0,0.888,0.0,0.0,0.0,0.0,0.0,3.122,0.0,0.07,28.737,56.901,0.0
2018-09-03 22:30:00,0.001,0.24,0.0,0.0,1.207,0.0,0.781,0.0,0.889,0.0,0.0,0.0,0.0,0.0,3.117,0.0,0.07,28.753,57.27,0.0
2018-09-03 22:45:00,0.0,0.24,0.0,0.0,1.205,0.0,0.777,0.0,0.885,0.0,0.0,0.0,0.0,0.0,3.107,0.0,0.07,28.765,57.178,0.0
2018-09-03 23:00:00,0.0,0.24,0.0,0.0,1.21,0.0,0.773,0.0,0.883,0.0,0.0,0.0,0.0,0.0,3.107,0.0,0.073,28.785,57.227,0.0
2018-09-03 23:15:00,0.0,0.24,0.0,0.0,1.182,0.0,0.753,0.0,0.863,0.0,0.0,0.0,0.0,0.0,3.039,0.0,0.071,28.807,57.329,0.0
2018-09-03 23:30:00,0.0,0.24,0.0,0.0,1.193,0.0,0.765,0.0,0.872,0.0,0.0,0.0,0.0,0.0,3.071,0.0,0.071,28.816,57.447,0.0
2018-09-03 23:45:00,0.001,0.24,0.0,0.0,1.183,0.0,0.755,0.0,0.863,0.0,0.0,0.0,0.0,0.0,3.042,0.0,0.07,28.813,57.535,0.0
2018-09-04 00:00:00,0.0,0.24,0.0,0.0,1.193,0.0,0.759,0.0,0.869,0.0,0.0,0.0,0.0,0.0,3.061,0.0,0.07,28.82,57.609,0.0
2018-09-04 00:15:00,0.001,0.24,0.0,0.0,1.184,0.0,0.751,0.0,0.861,0.0,0.0,0.0,0.0,0.0,3.037,0.0,0.072,28.842,57.629,0.0
2018-09-04 00:30:00,0.0,0.241,0.0,0.0,1.191,0.0,0.758,0.0,0.867,0.0,0.0,0.0,0.0,0.0,3.057,0.0,0.055,28.867,57.711,0.0
2018-09-04 00:45:00,0.0,0.241,0.0,0.0,1.193,0.0,0.757,0.0,0.87,0.0,0.0,0.0,0.0,0.0,3.061,0.0,0.04,28.88,57.743,0.0
2018-09-04 01:00:00,0.001,0.241,0.0,0.0,1.189,0.0,0.757,0.0,0.866,0.0,0.0,0.0,0.0,0.0,3.053,0.0,0.04,28.883,57.76,0.0
2018-09-04 01:15:00,0.001,0.241,0.0,0.0,1.189,0.0,0.753,0.0,0.863,0.0,0.0,0.0,0.0,0.0,3.047,0.0,0.04,28.883,57.731,0.0
2018-09-04 01:30:00,0.001,0.241,0.0,0.0,1.183,0.0,0.748,0.0,0.859,0.0,0.0,0.0,0.0,0.0,3.032,0.0,0.067,28.903,57.717,0.0
2018-09-04 01:45:00,0.0,0.241,0.0,0.0,1.201,0.0,0.761,0.0,0.871,0.0,0.0,0.0,0.0,0.0,3.074,0.0,0.07,28.936,57.641,0.0
2018-09-04 02:00:00,0.0,0.245,0.0,0.0,1.188,0.0,0.75,0.0,0.86,0.0,0.0,0.0,0.0,0.0,3.043,0.0,0.07,28.953,57.577,0.0
2018-09-04 02:15:00,0.0,0.25,0.0,0.0,1.187,0.0,0.743,0.0,0.855,0.0,0.0,0.0,0.0,0.0,3.035,0.0,0.07,28.955,57.573,0.0
2018-09-04 02:30:00,0.0,0.25,0.0,0.0,1.193,0.0,0.748,0.0,0.86,0.0,0.0,0.0,0.0,0.0,3.051,0.0,0.07,28.965,57.642,0.0
2018-09-04 02:45:00,0.0,0.25,0.0,0.0,1.199,0.0,0.749,0.0,0.862,0.0,0.0,0.0,0.0,0.0,3.06,0.0,0.07,28.979,57.62,0.0
2018-09-04 03:00:00,0.001,0.241,0.0,0.0,1.184,0.0,0.749,0.0,0.859,0.0,0.0,0.0,0.0,0.0,3.034,0.0,0.065,28.981,57.639,0.0
2018-09-04 03:15:00,0.001,0.241,0.0,0.0,1.184,0.0,0.749,0.0,0.861,0.0,0.0,0.0,0.0,0.0,3.035,0.0,0.039,28.99,57.628,0.0
2018-09-04 03:30:00,0.0,0.24,0.0,0.0,1.188,0.0,0.753,0.0,0.862,0.0,0.0,0.0,0.0,0.0,3.043,0.0,0.039,29.001,57.685,0.0
2018-09-04 03:45:00,0.0,0.241,0.0,0.0,1.2,0.0,0.76,0.0,0.873,0.0,0.0,0.0,0.0,0.0,3.073,0.0,0.039,29.087,57.673,0.0
2018-09-04 04:00:00,0.0,0.24,0.0,0.0,1.173,0.0,0.74,0.0,0.853,0.0,0.0,0.0,0.0,0.0,3.006,0.0,0.063,29.113,57.673,0.0
2018-09-04 04:15:00,0.0,0.24,0.0,0.0,1.179,0.0,0.744,0.0,0.856,0.0,0.0,0.0,0.0,0.0,3.019,0.0,0.07,29.247,57.671,0.0
2018-09-04 04:30:00,0.0,0.237,0.0,0.0,1.205,0.0,0.764,0.0,0.871,0.0,0.0,0.0,0.0,0.0,3.077,0.0,0.073,29.393,57.702,0.0
2018-09-04 04:45:00,0.0,0.24,0.0,0.0,1.181,0.0,0.743,0.0,0.856,0.0,0.0,0.0,0.0,0.0,3.021,0.0,0.07,29.36,57.75,0.0
2018-09-04 05:00:00,0.0,0.24,0.0,0.0,1.19,0.0,0.755,0.0,0.867,0.0,0.0,0.0,0.0,0.0,3.052,0.0,0.07,29.353,57.783,0.0
2018-09-04 05:15:00,0.0,0.24,0.0,0.0,1.2,0.0,0.765,0.0,0.874,0.0,0.0,0.0,0.0,0.0,3.079,0.0,0.07,29.327,57.774,0.0
2018-09-04 05:30:00,0.0,0.241,0.0,0.0,1.213,0.0,0.769,0.0,0.881,0.0,0.0,0.0,0.0,0.0,3.104,0.0,0.07,29.227,57.797,0.0
2018-09-04 05:45:00,0.001,0.24,0.0,0.0,1.185,0.0,0.745,0.0,0.856,0.0,0.0,0.0,0.0,0.0,3.026,0.0,0.07,29.387,57.834,2.267
2018-09-04 06:00:00,0.001,0.24,0.0,0.0,1.195,0.0,0.764,0.0,0.875,0.0,0.0,0.0,0.0,0.0,3.075,0.234,0.07,29.489,57.885,66.6
2018-09-04 06:15:00,0.001,0.24,0.0,0.0,1.196,0.0,0.769,0.0,0.883,0.0,0.0,0.0,0.0,0.0,3.089,0.029,0.07,29.107,57.819,2.538
2018-09-04 06:30:00,0.0,0.24,0.0,0.0,1.199,0.0,0.771,0.0,0.89,0.0,0.0,0.0,0.0,0.0,3.1,0.0,0.07,29.116,57.834,0.0
2018-09-04 06:45:00,0.0,0.24,0.0,0.0,1.191,0.0,0.768,0.0,0.887,0.0,0.0,0.0,0.0,0.0,3.087,0.0,0.07,29.121,57.765,0.0
2018-09-04 07:00:00,0.0,0.241,0.0,0.0,1.186,0.0,0.755,0.0,0.877,0.0,0.0,0.0,0.0,0.0,3.059,0.165,0.118,29.429,57.843,2.133
2018-09-04 07:15:00,0.0,0.24,0.0,0.0,1.195,0.0,0.765,0.0,0.888,0.0,0.0,0.0,0.0,0.0,3.087,0.365,0.249,29.46,57.915,13.867
2018-09-04 07:30:00,1.275,0.24,0.0,0.0,1.233,0.0,0.797,0.0,0.926,0.0,0.0,0.0,0.0,0.0,4.471,0.717,0.435,29.439,58.293,108.0
2018-09-04 07:45:00,3.831,0.879,0.599,0.687,1.258,0.0,0.838,0.0,0.963,0.0,0.0,0.0,0.0,0.0,9.055,1.259,0.39,28.567,59.961,111.933
2018-09-04 08:00:00,3.829,1.143,0.859,0.977,1.29,0.0,0.877,0.0,0.998,0.0,0.0,0.0,0.0,0.0,9.973,1.239,0.379,28.181,61.653,112.067
2018-09-04 08:15:00,3.827,1.147,0.856,0.981,1.293,0.0,0.865,0.0,0.995,0.0,0.0,0.0,0.0,0.0,9.964,1.642,0.317,28.515,62.259,112.6
2018-09-04 08:30:00,3.808,1.147,0.861,0.981,1.305,0.0,0.879,0.0,1.006,0.0,0.0,0.0,0.0,0.0,9.986,1.694,0.301,27.813,60.554,111.2
2018-09-04 08:45:00,3.818,1.159,0.875,1.0,1.303,0.0,0.886,0.0,1.013,0.0,0.0,0.0,0.0,0.0,10.054,1.674,0.303,27.651,60.411,111.231
2018-09-04 09:00:00,3.817,1.155,0.874,0.997,1.104,0.0,0.698,0.0,0.8,0.0,0.0,0.0,0.0,0.0,9.445,1.673,0.314,27.616,60.323,110.154
2018-09-04 09:15:00,3.827,1.145,0.863,0.991,1.044,0.0,0.633,0.0,0.731,0.0,0.0,0.0,0.0,0.0,9.235,1.686,0.307,27.584,60.351,112.733
2018-09-04 09:30:00,3.822,1.141,0.858,0.989,1.017,0.0,0.601,0.0,0.694,0.0,0.0,0.0,0.0,0.0,9.122,1.704,0.407,27.572,59.856,113.0
2018-09-04 09:45:00,3.825,1.143,0.859,0.989,0.996,0.0,0.584,0.0,0.676,0.0,0.0,0.0,0.0,0.0,9.072,1.693,0.401,27.529,59.039,113.133
2018-09-04 10:00:00,3.827,1.148,0.866,0.998,0.959,0.0,0.552,0.0,0.638,0.0,0.0,0.0,0.0,0.0,8.988,1.691,0.486,27.491,58.623,113.0
2018-09-04 10:15:00,3.823,1.151,0.87,0.998,0.728,0.0,0.335,0.0,0.386,0.0,0.0,0.0,0.0,0.0,8.291,1.693,0.497,27.431,57.995,113.0
2018-09-04 10:30:00,3.824,1.161,0.873,1.006,0.832,0.0,0.425,0.0,0.494,0.0,0.0,0.0,0.0,0.0,8.615,1.691,0.413,27.428,57.886,113.0
2018-09-04 10:45:00,3.825,1.169,0.884,1.015,1.199,0.0,0.773,0.0,0.887,0.0,0.0,0.0,0.0,0.0,9.751,1.684,0.361,27.437,57.169,112.8
2018-09-04 11:00:00,3.825,0.898,0.627,0.715,1.099,0.0,0.68,0.0,0.781,0.0,0.0,0.0,0.0,0.0,8.625,1.682,0.369,27.428,57.296,112.267
2018-09-04 11:15:00,3.823,0.696,0.432,0.496,1.275,0.0,0.846,0.0,0.975,0.0,0.0,0.0,0.0,0.0,8.033,1.685,0.38,27.459,57.393,112.167
2018-09-04 11:30:00,4.556,0.695,0.429,0.497,2.606,0.006,1.715,0.006,1.988,0.005,0.0,0.003,0.001,0.0,9.605,1.653,0.599,27.701,58.409,113.867
2018-09-04 11:45:00,3.845,0.907,0.616,0.712,1.311,0.0,0.868,0.0,1.003,0.0,0.0,0.0,0.0,0.0,9.263,1.735,0.434,27.592,57.229,114.0
2018-09-04 12:00:00,3.845,0.793,0.508,0.588,1.327,0.0,0.876,0.0,1.011,0.0,0.0,0.0,0.0,0.0,8.948,1.74,0.264,27.531,57.227,114.067
2018-09-04 12:15:00,3.835,1.21,0.896,1.028,1.351,0.0,0.904,0.0,1.035,0.0,0.0,0.0,0.0,0.0,10.259,1.745,0.37,27.647,56.843,114.933
2018-09-04 12:30:00,3.838,1.217,0.908,1.043,1.379,0.0,0.932,0.0,1.063,0.0,0.0,0.0,0.0,0.0,10.379,1.746,0.331,27.733,56.59,114.267
2018-09-04 12:45:00,3.829,1.205,0.892,1.027,1.352,0.0,0.898,0.0,1.034,0.0,0.0,0.0,0.0,0.0,10.237,1.763,0.338,27.773,56.411,115.0
2018-09-04 13:00:00,3.807,1.201,0.9,1.03,1.366,0.0,0.921,0.0,1.051,0.0,0.0,0.0,0.0,0.0,10.277,1.744,0.366,27.84,56.492,113.385
2018-09-04 13:15:00,3.8,1.205,0.913,1.041,1.35,0.0,0.923,0.0,1.049,0.0,0.0,0.0,0.0,0.0,10.281,1.681,0.365,28.316,55.258,112.0
2018-09-04 13:30:00,3.796,1.204,0.907,1.037,1.348,0.0,0.913,0.0,1.04,0.0,0.0,0.0,0.0,0.0,10.245,1.683,0.367,27.956,55.794,112.0
2018-09-04 13:45:00,3.79,0.117,0.086,0.098,0.075,0.0,0.047,0.0,0.054,0.0,0.0,0.0,0.0,0.0,4.268,1.69,0.368,28.274,58.071,111.467
2018-09-04 14:00:00,3.784,0.0,0.0,0.0,0.0,0.0,0.0,0.0,0.0,0.0,0.0,0.0,0.0,0.0,3.784,1.691,0.424,28.682,58.04,111.0
2018-09-04 14:15:00,3.774,0.0,0.0,0.0,0.0,0.0,0.0,0.0,0.0,0.0,0.0,0.0,0.0,0.0,3.774,1.693,0.404,28.859,57.213,111.2
2018-09-04 14:30:00,3.769,0.019,0.0,0.0,0.031,0.0,0.0,0.0,0.0,0.0,0.0,0.0,0.0,0.0,3.819,1.692,0.378,28.919,57.023,111.0
2018-09-04 14:45:00,3.774,0.0,0.0,0.0,0.0,0.0,0.0,0.0,0.0,0.0,0.0,0.0,0.0,0.0,3.774,1.692,0.509,28.963,56.54,111.0
2018-09-04 15:00:00,3.773,0.0,0.0,0.0,0.0,0.0,0.0,0.0,0.0,0.0,0.0,0.0,0.0,0.0,3.773,1.697,0.437,29.379,56.819,111.0
2018-09-04 15:15:00,3.789,0.857,0.613,0.697,1.041,0.0,0.649,0.0,0.737,0.0,0.0,0.0,0.0,0.0,8.382,1.692,0.359,29.254,56.579,111.0
2018-09-04 15:30:00,3.798,1.215,0.927,1.049,1.365,0.0,0.94,0.0,1.061,0.0,0.0,0.0,0.0,0.0,10.355,1.694,0.363,28.798,55.629,111.333
2018-09-04 15:45:00,3.806,0.741,0.525,0.597,0.893,0.0,0.547,0.0,0.619,0.0,0.0,0.0,0.0,0.0,7.729,1.686,0.359,28.462,56.139,112.0
2018-09-04 16:00:00,3.801,0.981,0.705,0.798,0.955,0.045,0.537,0.0,0.609,0.0,0.0,0.0,0.0,0.0,8.431,1.705,0.423,28.377,56.752,112.4
2018-09-04 16:15:00,4.251,1.221,0.935,1.048,1.374,0.636,0.946,0.379,1.059,0.445,0.0,0.0,0.0,0.0,12.294,1.709,0.488,28.432,56.118,112.4
2018-09-04 16:30:00,4.663,1.245,0.953,1.067,1.366,1.051,0.939,0.729,1.053,0.846,0.0,0.0,0.0,0.0,13.911,1.727,0.497,28.329,55.39,113.133
2018-09-04 16:45:00,3.591,1.233,0.937,1.057,1.361,0.791,0.928,0.493,1.046,0.577,0.0,0.0,0.0,0.0,12.013,1.754,0.421,28.298,56.755,97.231
2018-09-04 17:00:00,0.549,1.21,0.906,1.029,1.345,0.767,0.903,0.465,1.025,0.546,0.0,0.0,0.0,0.0,8.745,1.547,0.284,28.501,57.588,12.4
2018-09-04 17:15:00,0.493,1.205,0.903,1.021,1.359,0.713,0.916,0.413,1.036,0.489,0.0,0.0,0.0,0.0,8.547,1.269,0.203,28.615,56.749,17.2
2018-09-04 17:30:00,0.413,1.189,0.893,1.01,1.339,0.633,0.907,0.343,1.024,0.411,0.0,0.0,0.0,0.0,8.162,1.858,0.2,28.641,57.186,46.8
2018-09-04 17:45:00,0.351,1.182,0.889,1.007,1.328,0.569,0.9,0.29,1.015,0.347,0.0,0.0,0.0,0.0,7.878,1.677,0.2,28.661,56.871,3.0
2018-09-04 18:00:00,0.403,1.179,0.884,1.001,1.342,0.623,0.909,0.335,1.024,0.401,0.0,0.0,0.0,0.0,8.101,1.671,0.2,28.687,56.478,3.0
2018-09-04 18:15:00,0.353,1.167,0.876,0.988,1.319,0.573,0.897,0.292,1.007,0.347,0.0,0.0,0.0,0.0,7.817,1.121,0.137,28.713,56.273,3.0
2018-09-04 18:30:00,0.256,1.109,0.821,0.931,1.251,0.479,0.831,0.21,0.941,0.253,0.0,0.0,0.0,0.0,7.082,0.505,0.073,28.743,56.235,3.0
2018-09-04 18:45:00,0.245,1.085,0.797,0.903,1.243,0.471,0.815,0.2,0.921,0.241,0.0,0.0,0.0,0.0,6.921,0.51,0.071,28.726,56.281,3.0
2018-09-04 19:00:00,0.152,1.086,0.798,0.906,1.255,0.385,0.825,0.126,0.933,0.149,0.0,0.0,0.0,0.0,6.615,0.51,0.072,28.707,56.308,3.0
2018-09-04 19:15:00,0.231,1.108,0.819,0.92,1.262,0.461,0.837,0.194,0.939,0.228,0.0,0.0,0.0,0.0,6.999,0.51,0.073,28.701,56.201,3.0
2018-09-04 19:30:00,0.233,1.116,0.826,0.926,1.269,0.466,0.841,0.194,0.94,0.231,0.0,0.0,0.0,0.0,7.043,0.51,0.073,28.663,56.181,3.0
2018-09-04 19:45:00,0.239,1.113,0.824,0.927,1.269,0.472,0.843,0.198,0.943,0.235,0.0,0.0,0.0,0.0,7.064,0.512,0.074,28.651,56.342,3.0
2018-09-04 20:00:00,0.237,1.095,0.804,0.902,1.275,0.477,0.843,0.198,0.941,0.235,0.0,0.0,0.0,0.0,7.007,0.034,0.072,28.67,56.434,2.4
2018-09-04 20:15:00,0.115,1.093,0.804,0.898,1.253,0.358,0.823,0.096,0.916,0.115,0.0,0.0,0.0,0.0,6.471,0.0,0.07,28.685,56.467,0.0
2018-09-04 20:30:00,0.225,1.095,0.803,0.897,1.257,0.462,0.825,0.187,0.921,0.223,0.0,0.0,0.0,0.0,6.895,0.0,0.07,28.702,56.497,0.0
2018-09-04 20:45:00,0.115,1.069,0.776,0.871,1.21,0.357,0.776,0.095,0.875,0.115,0.0,0.0,0.0,0.0,6.259,0.0,0.07,28.692,56.516,0.0
2018-09-04 21:00:00,0.222,1.072,0.787,0.882,1.221,0.459,0.793,0.183,0.891,0.219,0.0,0.0,0.0,0.0,6.729,0.0,0.07,28.706,56.539,0.0
2018-09-04 21:15:00,0.112,1.09,0.803,0.895,1.255,0.355,0.829,0.094,0.919,0.111,0.0,0.0,0.0,0.0,6.463,0.0,0.07,28.7,56.582,0.0
2018-09-04 21:30:00,0.233,1.097,0.805,0.899,1.26,0.469,0.831,0.196,0.925,0.229,0.0,0.0,0.0,0.0,6.945,0.0,0.07,28.698,56.602,0.0
2018-09-04 21:45:00,0.173,1.091,0.803,0.897,1.258,0.409,0.835,0.146,0.923,0.172,0.0,0.0,0.0,0.0,6.709,0.0,0.056,28.707,56.596,0.0
2018-09-04 22:00:00,0.163,1.087,0.801,0.892,1.264,0.405,0.835,0.137,0.926,0.161,0.0,0.0,0.0,0.0,6.671,0.0,0.031,28.716,56.599,0.0
2018-09-04 22:15:00,0.736,0.259,0.191,0.213,1.251,0.954,0.826,0.626,0.916,0.733,0.0,0.0,0.0,0.0,6.705,0.0,0.031,28.722,56.571,0.0
2018-09-04 22:30:00,0.95,0.0,0.0,0.0,1.253,1.159,0.827,0.814,0.92,0.947,0.0,0.0,0.0,0.0,6.87,0.0,0.03,28.741,56.521,0.0
2018-09-04 22:45:00,0.962,0.0,0.0,0.0,1.251,1.167,0.825,0.826,0.923,0.958,0.0,0.0,0.0,0.0,6.912,0.0,0.054,28.749,56.504,0.0
2018-09-04 23:00:00,0.969,0.0,0.0,0.0,1.263,1.177,0.829,0.829,0.927,0.966,0.0,0.0,0.0,0.0,6.959,0.0,0.07,,,
2018-09-04 23:15:00,0.97,0.0,0.0,0.0,1.248,1.175,0.817,0.832,0.914,0.965,0.0,0.0,0.0,0.0,6.92,0.0,0.07,,,
2018-09-04 23:30:00,0.955,0.0,0.0,0.0,1.254,1.16,0.825,0.817,0.923,0.954,0.0,0.0,0.0,0.0,6.889,0.0,0.071,,,
2018-09-04 23:45:00,0.94,0.0,0.0,0.0,1.255,1.145,0.819,0.801,0.917,0.937,0.0,0.0,0.0,0.0,6.813,0.0,0.07,,,
2018-09-05 00:00:00,0.983,0.0,0.0,0.0,1.273,1.19,0.832,0.843,0.93,0.979,0.0,0.0,0.0,0.0,7.029,0.0,0.07,,,
2018-09-05 00:15:00,0.989,0.0,0.0,0.0,1.251,1.183,0.831,0.853,0.925,0.984,0.0,0.0,0.0,0.0,7.017,0.0,0.071,,,
2018-09-05 00:30:00,0.998,0.0,0.0,0.0,1.257,1.195,0.835,0.865,0.931,0.994,0.0,0.0,0.0,0.0,7.076,0.0,0.07,,,
2018-09-05 00:45:00,0.997,0.0,0.0,0.0,1.256,1.195,0.833,0.867,0.928,0.995,0.0,0.0,0.0,0.0,7.071,0.0,0.07,29.54,55.26,0.0
2018-09-05 01:00:00,1.017,0.0,0.0,0.0,1.268,1.215,0.844,0.883,0.939,1.012,0.0,0.0,0.0,0.0,7.178,0.0,0.07,29.328,56.117,0.0
2018-09-05 01:15:00,1.009,0.0,0.0,0.0,1.264,1.204,0.842,0.873,0.939,1.003,0.0,0.0,0.0,0.0,7.133,0.0,0.069,28.949,56.807,0.0
2018-09-05 01:30:00,0.983,0.0,0.0,0.0,1.233,1.178,0.81,0.846,0.908,0.979,0.0,0.0,0.0,0.0,6.937,0.0,0.049,28.884,57.458,0.0
2018-09-05 01:45:00,0.998,0.0,0.0,0.0,1.253,1.2,0.821,0.862,0.919,0.994,0.0,0.0,0.0,0.0,7.047,0.0,0.035,28.881,57.152,0.0
2018-09-05 02:00:00,1.003,0.0,0.0,0.0,1.253,1.208,0.816,0.866,0.916,0.999,0.0,0.0,0.0,0.0,7.061,0.0,0.031,28.879,57.213,0.0
2018-09-05 02:15:00,0.944,0.0,0.0,0.0,1.215,1.143,0.785,0.805,0.885,0.941,0.0,0.0,0.0,0.0,6.719,0.0,0.03,28.881,57.279,0.0
2018-09-05 02:30:00,0.953,0.0,0.0,0.0,1.233,1.153,0.798,0.813,0.899,0.949,0.0,0.0,0.0,0.0,6.796,0.0,0.065,28.879,57.365,0.0
2018-09-05 02:45:00,0.946,0.0,0.0,0.0,1.217,1.149,0.781,0.805,0.882,0.943,0.0,0.0,0.0,0.0,6.723,0.0,0.07,28.897,57.435,0.0
2018-09-05 03:00:00,0.958,0.0,0.0,0.0,1.225,1.162,0.784,0.816,0.886,0.954,0.0,0.0,0.0,0.0,6.785,0.0,0.07,28.907,57.455,0.0
2018-09-05 03:15:00,0.968,0.0,0.0,0.0,1.22,1.173,0.782,0.829,0.884,0.965,0.0,0.0,0.0,0.0,6.821,0.0,0.072,28.904,57.538,0.0
2018-09-05 03:30:00,0.957,0.0,0.0,0.0,1.217,1.16,0.78,0.817,0.882,0.955,0.0,0.0,0.0,0.0,6.768,0.0,0.07,28.913,57.588,0.0
2018-09-05 03:45:00,0.967,0.0,0.0,0.0,1.224,1.173,0.777,0.822,0.883,0.962,0.0,0.0,0.0,0.0,6.809,0.0,0.07,28.944,57.597,0.0
2018-09-05 04:00:00,0.655,0.386,0.24,0.273,1.223,0.868,0.785,0.556,0.888,0.653,0.0,0.0,0.0,0.0,6.527,0.0,0.07,28.945,57.662,0.0
2018-09-05 04:15:00,0.192,1.103,0.799,0.906,1.054,0.425,0.694,0.164,0.776,0.192,0.0,0.0,0.0,0.0,6.305,0.0,0.07,28.938,57.754,0.0
2018-09-05 04:30:00,0.607,1.089,0.792,0.895,0.0,0.829,0.0,0.518,0.0,0.604,0.0,0.0,0.0,0.0,5.334,0.0,0.07,28.949,57.795,0.0
2018-09-05 04:45:00,0.693,1.086,0.793,0.895,0.0,0.917,0.0,0.593,0.0,0.691,0.0,0.0,0.0,0.0,5.667,0.0,0.07,28.959,57.829,0.0
2018-09-05 05:00:00,0.677,1.092,0.8,0.902,0.0,0.898,0.0,0.579,0.0,0.675,0.0,0.0,0.0,0.0,5.623,0.0,0.07,28.961,57.869,0.0
2018-09-05 05:15:00,0.799,1.083,0.793,0.893,0.0,1.018,0.0,0.689,0.0,0.795,0.0,0.0,0.0,0.0,6.07,0.0,0.07,28.965,57.841,0.0
2018-09-05 05:30:00,0.792,1.077,0.79,0.89,0.0,1.009,0.0,0.682,0.0,0.789,0.0,0.0,0.0,0.0,6.029,0.0,0.069,28.965,57.841,0.0
2018-09-05 05:45:00,0.785,1.099,0.804,0.911,0.0,0.999,0.0,0.675,0.0,0.783,0.0,0.0,0.0,0.0,6.056,0.0,0.071,28.979,57.819,0.0
2018-09-05 06:00:00,0.794,1.081,0.797,0.898,0.0,1.003,0.0,0.681,0.0,0.789,0.0,0.0,0.0,0.0,6.043,0.0,0.07,28.987,57.833,0.0
2018-09-05 06:15:00,0.787,1.067,0.788,0.893,0.0,0.988,0.0,0.673,0.0,0.785,0.0,0.0,0.0,0.0,5.981,0.007,0.069,29.053,57.856,1.846
2018-09-05 06:30:00,0.785,1.082,0.802,0.913,0.0,0.981,0.0,0.669,0.0,0.782,0.0,0.0,0.0,0.0,6.013,0.365,0.146,29.085,58.082,3.0
2018-09-05 06:45:00,0.805,1.08,0.798,0.913,0.0,1.003,0.0,0.685,0.0,0.801,0.0,0.0,0.0,0.0,6.086,0.377,0.199,29.34,58.416,3.0
2018-09-05 07:00:00,0.797,1.084,0.801,0.917,0.0,0.993,0.0,0.677,0.0,0.793,0.0,0.0,0.0,0.0,6.063,0.364,0.179,29.6,58.333,3.0
2018-09-05 07:15:00,0.819,1.092,0.803,0.923,0.32,1.015,0.147,0.695,0.17,0.815,0.0,0.0,0.0,0.0,6.8,0.765,0.151,29.373,58.479,3.0
2018-09-05 07:30:00,1.69,1.141,0.839,0.962,1.292,0.622,0.837,0.334,0.963,0.398,0.0,0.0,0.0,0.0,9.077,1.239,0.197,29.175,58.863,47.308
2018-09-05 07:45:00,4.649,1.163,0.869,0.993,1.321,1.025,0.875,0.691,0.998,0.819,0.0,0.0,0.0,0.0,13.404,1.464,0.345,28.469,59.217,103.0
2018-09-05 08:00:00,4.894,1.17,0.889,1.011,1.297,1.263,0.876,0.932,0.995,1.081,0.0,0.0,0.0,0.0,14.409,1.617,0.34,28.335,57.582,104.733
2018-09-05 08:15:00,4.869,1.136,0.856,0.983,1.281,1.241,0.857,0.911,0.979,1.065,0.0,0.0,0.0,0.0,14.179,1.698,0.394,28.055,56.758,105.0
2018-09-05 08:30:00,4.861,1.127,0.85,0.977,1.292,1.221,0.871,0.896,0.993,1.049,0.0,0.0,0.0,0.0,14.135,1.685,0.637,27.889,58.179,105.0
2018-09-05 08:45:00,5.004,1.132,0.851,0.977,1.287,1.22,0.865,0.893,0.985,1.046,0.0,0.0,0.0,0.143,14.403,1.737,0.569,27.838,57.708,105.0
2018-09-05 09:00:00,5.241,1.149,0.865,0.992,1.299,0.408,0.875,0.163,0.997,0.189,0.0,0.0,0.0,1.238,13.417,1.863,0.616,27.603,57.186,105.0
2018-09-05 09:15:00,5.478,1.13,0.849,0.975,1.287,0.564,0.867,0.299,0.989,0.354,0.0,0.0,0.0,1.315,14.108,1.977,0.579,27.589,57.212,104.867
2018-09-05 09:30:00,5.405,1.129,0.853,0.978,1.305,0.46,0.885,0.201,1.005,0.239,0.0,0.0,0.0,1.346,13.806,2.037,0.528,27.66,58.269,114.818
2018-09-05 09:45:00,5.483,1.134,0.86,0.988,1.286,0.555,0.873,0.284,0.991,0.339,0.0,0.0,0.0,1.333,14.126,2.035,0.653,27.783,58.363,111.733
2018-09-05 10:00:00,5.641,1.132,0.861,0.986,1.292,0.673,0.879,0.391,0.995,0.465,0.0,0.0,0.0,1.359,14.675,2.056,0.638,27.637,57.001,108.733
2018-09-05 10:15:00,5.541,1.143,0.865,0.992,1.291,0.567,0.871,0.291,0.989,0.351,0.0,0.0,0.0,1.36,14.261,2.157,0.688,27.515,56.145,110.692
2018-09-05 10:30:00,5.507,1.157,0.875,1.001,1.321,0.517,0.895,0.245,1.013,0.294,0.0,0.0,0.0,1.383,14.207,2.285,0.753,27.631,57.161,112.0
2018-09-05 10:45:00,5.715,1.164,0.883,1.007,1.324,0.726,0.904,0.433,1.02,0.515,0.0,0.0,0.0,1.371,15.062,2.274,0.645,27.861,57.574,111.533
2018-09-05 11:00:00,5.566,1.181,0.901,1.024,1.331,0.59,0.914,0.316,1.03,0.373,0.0,0.0,0.0,1.375,14.601,2.261,0.589,27.959,57.511,108.2
2018-09-05 11:15:00,5.72,1.173,0.894,1.017,1.32,0.723,0.902,0.433,1.019,0.513,0.0,0.0,0.0,1.386,15.1,2.263,0.701,27.779,55.87,108.867
2018-09-05 11:30:00,5.224,1.191,0.91,1.04,1.291,0.029,0.871,0.0,0.987,0.0,0.0,0.0,0.0,1.397,12.941,2.267,0.703,27.82,55.604,104.308
2018-09-05 11:45:00,4.708,1.179,0.894,1.025,0.912,0.01,0.505,0.0,0.578,0.0,0.0,0.0,0.0,0.868,10.679,1.884,0.597,27.835,56.009,101.133
2018-09-05 12:00:00,3.833,1.19,0.902,1.033,1.351,0.01,0.915,0.0,1.038,0.0,0.0,0.0,0.0,0.0,10.273,0.929,0.555,27.807,55.615,96.333
2018-09-05 12:15:00,3.829,1.198,0.905,1.038,1.363,0.01,0.925,0.0,1.053,0.0,0.0,0.0,0.0,0.0,10.321,0.93,0.603,27.409,53.88,96.133
2018-09-05 12:30:00,3.824,1.191,0.898,1.031,1.335,0.01,0.901,0.0,1.029,0.0,0.0,0.0,0.0,0.0,10.219,0.93,0.668,27.242,54.324,88.462
2018-09-05 12:45:00,3.818,1.202,0.911,1.045,1.358,0.01,0.929,0.0,1.053,0.0,0.0,0.0,0.0,0.0,10.327,0.927,0.659,27.411,56.416,84.867
2018-09-05 13:00:00,3.811,1.201,0.916,1.045,1.346,0.01,0.922,0.0,1.045,0.0,0.0,0.0,0.0,0.0,10.295,0.913,0.675,27.775,57.037,90.867
2018-09-05 13:15:00,3.801,1.203,0.927,1.049,1.363,0.01,0.945,0.0,1.062,0.0,0.0,0.0,0.0,0.0,10.36,1.639,0.609,27.647,55.403,103.6
2018-09-05 13:30:00,3.809,1.198,0.917,1.041,0.915,0.01,0.52,0.0,0.587,0.0,0.0,0.0,0.0,0.0,8.997,1.769,0.621,27.537,56.009,97.4
2018-09-05 13:45:00,3.817,1.192,0.908,1.036,0.807,0.01,0.41,0.0,0.466,0.0,0.0,0.0,0.0,0.0,8.645,1.719,0.485,27.662,57.117,101.067
2018-09-05 14:00:00,3.808,1.193,0.911,1.036,0.951,0.01,0.545,0.0,0.614,0.0,0.0,0.0,0.0,0.0,9.069,1.719,0.503,27.71,57.009,104.867
2018-09-05 14:15:00,3.824,1.195,0.912,1.038,0.842,0.01,0.442,0.0,0.501,0.0,0.0,0.0,0.0,0.0,8.763,1.719,0.5,27.561,56.537,109.067
2018-09-05 14:30:00,3.8,1.199,0.913,1.039,0.97,0.01,0.559,0.0,0.634,0.0,0.0,0.0,0.0,0.0,9.125,1.723,0.546,27.631,56.615,110.0
2018-09-05 14:45:00,3.819,1.198,0.911,1.039,0.567,0.01,0.184,0.0,0.211,0.0,0.0,0.0,0.0,0.0,7.939,1.726,0.462,27.553,56.366,110.0
2018-09-05 15:00:00,3.809,1.199,0.913,1.039,1.08,0.01,0.658,0.0,0.746,0.0,0.0,0.0,0.0,0.0,9.454,1.728,0.461,27.634,57.796,109.533
2018-09-05 15:15:00,3.812,1.208,0.921,1.046,1.078,0.01,0.659,0.0,0.745,0.0,0.0,0.0,0.0,0.0,9.479,1.729,0.601,27.562,56.979,105.692
2018-09-05 15:30:00,4.822,1.22,0.933,1.057,1.042,0.01,0.629,0.0,0.709,0.0,0.0,0.0,0.0,1.008,11.431,1.988,0.629,27.512,56.281,105.0
2018-09-05 15:45:00,5.216,1.228,0.94,1.064,1.402,0.01,0.961,0.0,1.077,0.0,0.0,0.0,0.0,1.395,13.293,2.089,0.587,27.559,57.236,105.231
2018-09-05 16:00:00,5.222,1.223,0.935,1.057,1.368,0.01,0.931,0.0,1.045,0.0,0.0,0.0,0.0,1.402,13.193,2.095,0.614,27.696,57.82,104.8
2018-09-05 16:15:00,5.237,1.225,0.935,1.057,1.382,0.01,0.944,0.0,1.057,0.0,0.0,0.0,0.0,1.414,13.261,2.113,0.535,27.692,57.486,111.133
2018-09-05 16:30:00,5.227,1.195,0.917,1.034,1.362,0.01,0.931,0.0,1.045,0.0,0.0,0.0,0.0,1.409,13.129,2.065,0.437,27.743,58.461,113.0
2018-09-05 16:45:00,4.433,1.224,0.941,1.057,1.382,0.01,0.949,0.0,1.06,0.0,0.0,0.0,0.0,1.419,12.475,2.111,0.416,27.827,58.423,105.2
2018-09-05 17:00:00,1.401,0.927,0.663,0.747,1.347,0.01,0.917,0.0,1.029,0.0,0.0,0.0,0.0,1.399,8.439,2.051,0.506,27.728,56.785,100.769
2018-09-05 17:15:00,1.626,0.469,0.276,0.311,1.327,0.377,0.898,0.189,1.011,0.226,0.0,0.0,0.0,1.395,8.105,2.141,0.342,27.744,57.97,99.4
2018-09-05 17:30:00,1.375,0.0,0.0,0.0,1.29,1.147,0.855,0.806,0.978,0.965,0.0,0.0,0.0,0.404,7.821,2.482,0.431,27.99,59.906,58.8
2018-09-05 17:45:00,0.887,0.0,0.0,0.0,1.205,1.061,0.763,0.72,0.892,0.882,0.0,0.0,0.0,0.0,6.409,1.87,0.48,28.252,61.626,3.0
2018-09-05 18:00:00,0.873,0.0,0.0,0.0,1.179,1.042,0.738,0.706,0.866,0.869,0.0,0.0,0.0,0.0,6.273,1.885,0.308,28.235,60.091,3.0
2018-09-05 18:15:00,0.891,0.0,0.0,0.0,1.167,1.063,0.73,0.73,0.851,0.887,0.0,0.0,0.0,0.0,6.32,1.896,0.323,28.179,58.713,3.0
2018-09-05 18:30:00,0.931,0.0,0.0,0.0,1.172,1.11,0.736,0.779,0.849,0.927,0.0,0.0,0.0,0.0,6.505,1.896,0.265,28.204,59.162,3.0
2018-09-05 18:45:00,0.923,0.0,0.0,0.0,1.189,1.109,0.747,0.771,0.855,0.917,0.0,0.0,0.0,0.0,6.51,1.902,0.16,28.29,59.423,3.0
2018-09-05 19:00:00,0.934,0.0,0.0,0.0,1.179,1.118,0.746,0.79,0.85,0.93,0.0,0.0,0.0,0.0,6.547,1.895,0.141,28.315,58.688,3.0
2018-09-05 19:15:00,0.969,0.0,0.0,0.0,1.217,1.151,0.792,0.827,0.889,0.963,0.0,0.0,0.0,0.0,6.808,1.883,0.149,28.341,58.557,3.0
2018-09-05 19:30:00,0.979,0.0,0.0,0.0,1.204,1.162,0.777,0.837,0.877,0.973,0.0,0.0,0.0,0.0,6.809,1.889,0.175,28.376,58.512,3.0
2018-09-05 19:45:00,0.981,0.0,0.0,0.0,1.215,1.171,0.781,0.839,0.881,0.975,0.0,0.0,0.0,0.0,6.843,1.892,0.169,28.416,58.565,3.0
2018-09-05 20:00:00,0.957,0.0,0.0,0.0,1.227,1.146,0.802,0.82,0.895,0.954,0.0,0.0,0.0,0.0,6.802,1.623,0.145,28.416,58.006,1.462
2018-09-05 20:15:00,0.958,0.0,0.0,0.0,1.231,1.151,0.803,0.824,0.893,0.952,0.0,0.0,0.0,0.0,6.811,0.0,0.127,28.416,57.76,0.0
2018-09-05 20:30:00,0.967,0.0,0.0,0.0,1.227,1.159,0.799,0.832,0.89,0.963,0.0,0.0,0.0,0.0,6.837,0.0,0.13,28.409,57.736,0.0
2018-09-05 20:45:00,0.985,0.0,0.0,0.0,1.221,1.18,0.786,0.848,0.882,0.981,0.0,0.0,0.0,0.0,6.884,0.0,0.13,28.401,57.741,0.0
2018-09-05 21:00:00,0.953,0.0,0.0,0.0,1.193,1.145,0.761,0.817,0.857,0.946,0.0,0.0,0.0,0.0,6.671,0.0,0.13,28.396,57.683,0.0
2018-09-05 21:15:00,0.961,0.0,0.0,0.0,1.193,1.152,0.767,0.826,0.86,0.955,0.0,0.0,0.0,0.0,6.715,0.0,0.13,28.403,57.63,0.0
2018-09-05 21:30:00,0.981,0.0,0.0,0.0,1.213,1.177,0.781,0.845,0.877,0.979,0.0,0.0,0.0,0.0,6.853,0.0,0.13,28.415,57.571,0.0
2018-09-05 21:45:00,0.979,0.0,0.0,0.0,1.212,1.173,0.786,0.846,0.877,0.975,0.0,0.0,0.0,0.0,6.847,0.0,0.13,28.436,57.489,0.0
2018-09-05 22:00:00,0.954,0.0,0.0,0.0,1.206,1.15,0.775,0.821,0.869,0.95,0.0,0.0,0.0,0.0,6.726,0.0,0.126,28.439,57.421,0.0
2018-09-05 22:15:00,0.944,0.0,0.0,0.0,1.196,1.141,0.761,0.808,0.854,0.938,0.0,0.0,0.0,0.0,6.642,0.0,0.13,28.446,57.39,0.0
2018-09-05 22:30:00,0.939,0.0,0.0,0.0,1.212,1.131,0.781,0.802,0.879,0.935,0.0,0.0,0.0,0.0,6.68,0.0,0.13,28.469,57.353,0.0
2018-09-05 22:45:00,0.949,0.0,0.0,0.0,1.197,1.143,0.765,0.811,0.862,0.946,0.0,0.0,0.0,0.0,6.673,0.0,0.13,28.476,57.38,0.0
2018-09-05 23:00:00,0.962,0.016,0.0,0.0,1.215,1.166,0.776,0.827,0.871,0.959,0.0,0.0,0.0,0.0,6.791,0.0,0.13,28.495,57.389,0.0
2018-09-05 23:15:00,0.169,0.785,0.501,0.567,1.115,0.399,0.723,0.144,0.806,0.167,0.0,0.0,0.0,0.0,5.377,0.0,0.13,28.49,57.415,0.0
2018-09-05 23:30:00,0.676,1.105,0.808,0.901,0.0,0.895,0.0,0.583,0.0,0.675,0.0,0.0,0.0,0.0,5.643,0.0,0.13,28.496,57.435,0.0
2018-09-05 23:45:00,0.633,1.099,0.805,0.901,0.0,0.847,0.0,0.545,0.0,0.631,0.0,0.0,0.0,0.0,5.46,0.0,0.13,28.511,57.361,0.0
2018-09-06 00:00:00,0.975,1.111,0.823,0.914,0.0,1.185,0.0,0.842,0.0,0.972,0.0,0.0,0.0,0.0,6.823,0.0,0.13,28.527,57.388,0.0
2018-09-06 00:15:00,0.969,1.082,0.794,0.889,0.0,1.169,0.0,0.833,0.0,0.963,0.0,0.0,0.0,0.0,6.7,0.0,0.126,28.539,57.392,0.0
2018-09-06 00:30:00,0.621,1.097,0.805,0.902,0.0,0.84,0.0,0.535,0.0,0.619,0.0,0.0,0.0,0.0,5.419,0.0,0.13,28.544,57.412,0.0
2018-09-06 00:45:00,0.969,1.117,0.823,0.92,0.0,1.171,0.0,0.829,0.0,0.966,0.0,0.0,0.0,0.0,6.795,0.0,0.13,28.563,57.399,0.0
2018-09-06 01:00:00,0.947,1.135,0.839,0.937,0.0,1.145,0.0,0.803,0.0,0.942,0.0,0.0,0.0,0.0,6.747,0.0,0.13,28.569,57.432,0.0
2018-09-06 01:15:00,0.872,1.135,0.838,0.936,0.0,1.075,0.0,0.741,0.0,0.869,0.0,0.0,0.0,0.0,6.465,0.0,0.13,28.564,57.451,0.0
2018-09-06 01:30:00,0.669,1.107,0.809,0.909,0.0,0.887,0.0,0.573,0.0,0.666,0.0,0.0,0.0,0.0,5.62,0.0,0.13,28.583,57.454,0.0
2018-09-06 01:45:00,0.973,1.103,0.802,0.905,0.0,1.175,0.0,0.829,0.0,0.967,0.0,0.0,0.0,0.0,6.755,0.0,0.13,28.594,57.467,0.0
2018-09-06 02:00:00,0.963,1.099,0.797,0.897,0.0,1.169,0.0,0.821,0.0,0.96,0.0,0.0,0.0,0.0,6.706,0.0,0.13,28.596,57.44,0.0
2018-09-06 02:15:00,0.58,1.091,0.79,0.89,0.0,0.799,0.0,0.493,0.0,0.575,0.0,0.0,0.0,0.0,5.219,0.0,0.126,28.599,57.453,0.0
2018-09-06 02:30:00,0.96,1.104,0.799,0.899,0.0,1.172,0.0,0.817,0.0,0.956,0.0,0.0,0.0,0.0,6.708,0.0,0.13,28.615,57.44,0.0
2018-09-06 02:45:00,0.96,1.107,0.803,0.901,0.0,1.168,0.0,0.821,0.0,0.957,0.0,0.0,0.0,0.0,6.717,0.0,0.124,28.615,57.491,0.0
2018-09-06 03:00:00,0.963,1.107,0.805,0.899,0.0,1.174,0.0,0.823,0.0,0.959,0.0,0.0,0.0,0.0,6.731,0.0,0.096,28.619,57.496,0.0
2018-09-06 03:15:00,0.626,1.11,0.806,0.901,0.0,0.848,0.0,0.537,0.0,0.624,0.0,0.0,0.0,0.0,5.452,0.0,0.099,28.625,57.509,0.0
2018-09-06 03:30:00,0.911,1.109,0.809,0.906,0.0,1.121,0.0,0.779,0.0,0.906,0.0,0.0,0.0,0.0,6.541,0.0,0.093,28.631,57.485,0.0
2018-09-06 03:45:00,0.977,1.107,0.814,0.913,0.0,1.179,0.0,0.839,0.0,0.971,0.0,0.0,0.0,0.0,6.799,0.0,0.111,28.638,57.457,0.0
2018-09-06 04:00:00,0.977,1.103,0.809,0.907,0.0,1.178,0.0,0.841,0.0,0.973,0.0,0.0,0.0,0.0,6.787,0.0,0.13,28.646,57.418,0.0
2018-09-06 04:15:00,0.613,1.096,0.803,0.901,0.0,0.827,0.0,0.526,0.0,0.61,0.0,0.0,0.0,0.0,5.375,0.0,0.13,28.656,57.393,0.0
2018-09-06 04:30:00,0.967,1.1,0.809,0.905,0.0,1.167,0.0,0.83,0.0,0.963,0.0,0.0,0.0,0.0,6.741,0.0,0.13,28.655,57.391,0.0
2018-09-06 04:45:00,0.964,1.099,0.807,0.906,0.0,1.162,0.0,0.826,0.0,0.96,0.0,0.0,0.0,0.0,6.724,0.0,0.13,28.663,57.381,0.0
2018-09-06 05:00:00,0.967,1.097,0.809,0.904,0.0,1.165,0.0,0.832,0.0,0.965,0.0,0.0,0.0,0.0,6.74,0.0,0.13,28.666,57.369,0.0
2018-09-06 05:15:00,0.187,1.094,0.803,0.899,0.887,0.419,0.512,0.161,0.581,0.186,0.0,0.0,0.0,0.0,5.73,0.0,0.13,28.675,57.357,0.0
2018-09-06 05:30:00,0.138,1.111,0.82,0.915,1.26,0.369,0.819,0.118,0.927,0.137,0.0,0.0,0.0,0.0,6.615,0.0,0.119,28.68,57.363,0.0
2018-09-06 05:45:00,0.124,1.105,0.815,0.909,1.253,0.357,0.819,0.105,0.921,0.123,0.0,0.0,0.0,0.0,6.531,0.0,0.093,28.678,57.412,1.385
2018-09-06 06:00:00,0.139,1.103,0.813,0.909,1.255,0.369,0.824,0.115,0.927,0.137,0.0,0.0,0.0,0.0,6.591,0.179,0.098,28.713,57.465,36.308
2018-09-06 06:15:00,0.219,1.095,0.805,0.907,1.263,0.451,0.83,0.185,0.941,0.219,0.0,0.0,0.0,0.0,6.915,0.044,0.094,28.713,57.341,3.467
2018-09-06 06:30:00,0.113,1.102,0.817,0.921,1.252,0.344,0.828,0.095,0.939,0.111,0.0,0.0,0.0,0.0,6.522,0.0,0.118,28.715,57.293,0.133
2018-09-06 06:45:00,0.111,1.095,0.812,0.917,1.25,0.341,0.827,0.092,0.94,0.11,0.0,0.0,0.0,0.0,6.495,0.0,0.13,28.731,57.281,2.667
2018-09-06 07:00:00,0.221,1.101,0.81,0.921,1.27,0.449,0.839,0.181,0.958,0.219,0.0,0.0,0.0,0.0,6.969,0.279,0.13,28.731,57.279,3.0
2018-09-06 07:15:00,0.131,1.114,0.816,0.936,1.269,0.362,0.833,0.107,0.96,0.131,0.0,0.0,0.0,0.0,6.659,0.425,0.142,28.756,57.441,3.0
2018-09-06 07:30:00,1.569,1.117,0.818,0.942,1.269,0.475,0.831,0.207,0.963,0.251,0.0,0.0,0.0,0.0,8.442,1.041,0.269,28.74,57.515,3.667
2018-09-06 07:45:00,4.624,1.13,0.838,0.959,1.285,0.987,0.857,0.666,0.982,0.79,0.0,0.0,0.0,0.0,13.118,1.205,0.317,28.351,58.073,81.6
2018-09-06 08:00:00,4.839,1.143,0.856,0.975,1.319,1.193,0.889,0.858,1.013,1.007,0.0,0.0,0.0,0.0,14.093,1.572,0.423,27.996,58.302,103.067
2018-09-06 08:15:00,4.719,1.131,0.843,0.965,1.3,1.069,0.869,0.75,0.999,0.881,0.0,0.0,0.0,0.0,13.527,1.595,0.373,28.203,58.669,102.0
2018-09-06 08:30:00,4.838,1.159,0.865,0.987,1.289,1.203,0.859,0.869,0.988,1.026,0.0,0.0,0.0,0.0,14.082,1.614,0.5,28.215,58.441,101.467
2018-09-06 08:45:00,4.637,1.152,0.862,0.985,1.291,1.013,0.867,0.7,0.995,0.825,0.0,0.0,0.0,0.0,13.329,1.605,0.527,28.354,57.052,101.077
2018-09-06 09:00:00,4.798,1.161,0.87,0.997,1.327,1.172,0.897,0.839,1.029,0.988,0.0,0.0,0.0,0.0,14.079,1.6,0.517,28.262,56.612,101.0
2018-09-06 09:15:00,3.811,1.175,0.882,1.006,1.323,0.228,0.89,0.0,1.023,0.0,0.0,0.0,0.0,0.0,10.337,1.605,0.625,28.221,57.345,102.8
2018-09-06 09:30:00,4.111,1.181,0.884,1.01,1.338,0.507,0.901,0.238,1.036,0.283,0.0,0.0,0.0,0.0,11.489,1.725,0.781,28.261,57.126,106.462
2018-09-06 09:45:00,4.187,1.185,0.891,1.014,1.33,0.583,0.897,0.304,1.027,0.363,0.0,0.0,0.0,0.0,11.779,1.742,0.647,28.291,57.603,106.8
2018-09-06 10:00:00,4.343,1.187,0.891,1.017,1.352,0.738,0.912,0.437,1.043,0.523,0.0,0.0,0.0,0.0,12.443,1.736,0.654,28.246,56.911,106.133
2018-09-06 10:15:00,4.121,1.191,0.898,1.021,1.337,0.525,0.902,0.253,1.034,0.303,0.0,0.0,0.0,0.0,11.583,1.897,0.692,28.075,54.827,108.933
2018-09-06 10:30:00,4.221,1.188,0.895,1.019,1.335,0.619,0.905,0.332,1.037,0.4,0.0,0.0,0.0,0.0,11.951,2.09,0.897,28.253,55.858,113.267
2018-09-06 10:45:00,4.079,1.192,0.893,1.017,1.347,0.485,0.905,0.213,1.036,0.256,0.0,0.0,0.0,0.0,11.423,2.095,0.828,28.197,54.687,115.6
2018-09-06 11:00:00,4.155,1.198,0.9,1.025,1.335,0.561,0.899,0.281,1.028,0.338,0.0,0.0,0.0,0.0,11.718,2.097,0.789,27.86,54.562,112.133
2018-09-06 11:15:00,4.208,1.205,0.906,1.033,1.351,0.601,0.915,0.318,1.043,0.382,0.0,0.0,0.0,0.0,11.962,2.105,0.812,27.905,54.899,108.0
2018-09-06 11:30:00,3.912,1.225,0.927,1.051,1.357,0.131,0.921,0.067,1.049,0.081,0.0,0.0,0.0,0.0,10.721,2.103,0.794,27.997,54.842,106.067
2018-09-06 11:45:00,3.836,1.211,0.905,1.037,0.799,0.01,0.395,0.0,0.451,0.0,0.0,0.0,0.0,0.0,8.643,2.123,0.711,27.939,54.591,100.667
2018-09-06 12:00:00,3.822,1.217,0.913,1.043,0.911,0.01,0.497,0.0,0.57,0.0,0.0,0.0,0.0,0.0,8.982,2.115,0.767,28.152,55.394,99.6
2018-09-06 12:15:00,3.821,1.227,0.933,1.056,1.367,0.01,0.927,0.0,1.059,0.0,0.0,0.0,0.0,0.0,10.399,2.065,0.654,28.196,55.267,100.462
2018-09-06 12:30:00,3.825,1.232,0.935,1.06,1.335,0.01,0.899,0.0,1.026,0.0,0.0,0.0,0.0,0.0,10.322,2.083,0.772,28.288,55.182,96.467
2018-09-06 12:45:00,3.811,1.231,0.928,1.055,1.119,0.01,0.686,0.0,0.782,0.0,0.0,0.0,0.0,0.0,9.621,2.091,0.757,28.332,55.92,95.667
2018-09-06 13:00:00,3.799,1.221,0.923,1.049,0.698,0.01,0.309,0.0,0.349,0.0,0.0,0.0,0.0,0.0,8.358,2.079,0.593,28.086,55.351,95.067
2018-09-06 13:15:00,3.801,1.206,0.913,1.035,0.761,0.01,0.365,0.0,0.416,0.0,0.0,0.0,0.0,0.0,8.507,2.056,0.648,27.891,55.314,95.067
2018-09-06 13:30:00,3.804,1.211,0.914,1.039,0.849,0.01,0.439,0.0,0.5,0.0,0.0,0.0,0.0,0.0,8.766,2.069,0.672,27.777,54.707,96.0
2018-09-06 13:45:00,4.796,1.233,0.937,1.061,0.789,0.01,0.389,0.0,0.443,0.0,0.0,0.0,0.0,0.998,10.657,2.069,0.601,27.731,54.996,96.733
2018-09-06 14:00:00,5.17,1.229,0.931,1.055,1.115,0.01,0.687,0.0,0.783,0.0,0.0,0.0,0.0,1.367,12.347,2.057,0.803,27.763,54.971,97.0
2018-09-06 14:15:00,5.197,1.237,0.943,1.065,1.249,0.01,0.819,0.0,0.926,0.0,0.0,0.0,0.0,1.397,12.844,2.053,0.698,27.886,55.029,96.933
2018-09-06 14:30:00,5.225,1.242,0.945,1.066,1.05,0.01,0.629,0.0,0.711,0.0,0.0,0.0,0.0,1.425,12.304,2.055,0.871,27.805,54.125,97.467
2018-09-06 14:45:00,5.211,1.219,0.923,1.044,0.9,0.01,0.492,0.0,0.559,0.0,0.0,0.0,0.0,1.414,11.773,2.061,0.72,27.707,53.825,98.6
2018-09-06 15:00:00,5.221,1.255,0.962,1.081,0.976,0.01,0.563,0.0,0.635,0.0,0.0,0.0,0.0,1.423,12.128,2.055,0.645,27.661,53.771,108.533
2018-09-06 15:15:00,5.215,1.238,0.942,1.061,0.801,0.01,0.4,0.0,0.452,0.0,0.0,0.0,0.0,1.417,11.536,2.061,0.637,27.69,54.342,113.933
2018-09-06 15:30:00,5.235,1.263,0.967,1.085,1.417,0.01,0.97,0.0,1.089,0.0,0.0,0.0,0.0,1.437,13.474,2.067,0.588,28.028,54.579,114.0
2018-09-06 15:45:00,5.225,1.258,0.962,1.08,1.398,0.01,0.96,0.0,1.078,0.0,0.0,0.0,0.0,1.419,13.39,2.069,0.645,28.297,55.298,117.0
2018-09-06 16:00:00,5.231,1.263,0.961,1.083,1.408,0.01,0.973,0.0,1.093,0.0,0.0,0.0,0.0,1.425,13.447,2.079,0.685,28.164,55.187,115.067
2018-09-06 16:15:00,4.857,1.275,0.972,1.096,1.42,0.01,0.987,0.0,1.109,0.0,0.0,0.0,0.0,1.059,12.785,2.012,0.658,28.183,54.801,105.8
2018-09-06 16:30:00,3.807,1.263,0.959,1.083,1.432,0.01,0.985,0.0,1.114,0.0,0.0,0.0,0.0,0.0,10.653,1.747,0.527,28.096,53.328,101.4
2018-09-06 16:45:00,3.01,1.276,0.964,1.092,1.407,0.01,0.964,0.0,1.091,0.0,0.0,0.0,0.0,0.0,9.814,1.753,0.581,27.869,53.175,93.733
2018-09-06 17:00:00,0.001,1.058,0.757,0.859,1.381,0.01,0.935,0.0,1.058,0.0,0.0,0.0,0.0,0.0,6.059,1.749,0.466,27.826,51.879,99.533
2018-09-06 17:15:00,4.026,0.407,0.219,0.249,1.405,0.477,0.951,0.273,1.075,0.323,0.0,0.0,0.0,0.0,9.405,1.623,0.319,28.149,54.279,82.333
2018-09-06 17:30:00,4.927,0.0,0.0,0.0,1.38,1.331,0.942,0.979,1.061,1.128,0.0,0.0,0.0,0.0,11.747,1.251,0.309,28.466,56.091,4.867
2018-09-06 17:45:00,4.943,0.0,0.0,0.0,1.379,1.333,0.94,0.988,1.058,1.133,0.0,0.0,0.0,0.0,11.774,1.197,0.305,28.627,55.288,3.0
2018-09-06 18:00:00,4.941,0.0,0.0,0.0,1.379,1.338,0.945,0.996,1.059,1.141,0.0,0.0,0.0,0.0,11.798,1.201,0.334,28.695,55.177,3.0
2018-09-06 18:15:00,4.967,0.0,0.0,0.0,1.395,1.379,0.955,1.034,1.071,1.175,0.0,0.0,0.0,0.0,11.977,1.653,0.257,28.601,54.446,3.0
2018-09-06 18:30:00,4.913,0.0,0.0,0.0,1.361,1.323,0.934,0.987,1.042,1.123,0.0,0.0,0.0,0.0,11.684,1.679,0.223,28.342,53.132,3.0
2018-09-06 18:45:00,4.891,0.0,0.0,0.0,1.377,1.298,0.947,0.96,1.05,1.094,0.0,0.0,0.0,0.0,11.616,1.683,0.115,28.287,52.862,3.0
2018-09-06 19:00:00,4.902,0.0,0.0,0.0,1.357,1.323,0.927,0.985,1.026,1.112,0.0,0.0,0.0,0.0,11.631,1.4,0.127,28.261,53.274,3.0
2018-09-06 19:15:00,4.848,0.0,0.0,0.0,1.322,1.238,0.888,0.899,0.989,1.033,0.0,0.0,0.0,0.0,11.217,0.88,0.127,28.208,55.32,3.0
2018-09-06 19:30:00,4.856,0.0,0.0,0.0,1.271,1.22,0.843,0.887,0.947,1.019,0.0,0.0,0.0,0.0,11.043,0.871,0.126,28.352,57.359,3.0
2018-09-06 19:45:00,3.141,0.0,0.0,0.0,1.253,1.175,0.822,0.841,0.928,0.976,0.0,0.0,0.0,0.0,9.136,0.886,0.127,27.959,57.988,3.0
2018-09-06 20:00:00,0.971,0.0,0.0,0.0,1.233,1.174,0.799,0.833,0.903,0.967,0.0,0.0,0.0,0.0,6.881,0.951,0.127,28.245,56.181,1.4
2018-09-06 20:15:00,1.011,0.0,0.0,0.0,1.26,1.225,0.821,0.882,0.919,1.007,0.0,0.0,0.0,0.0,7.124,0.0,0.12,28.3,54.968,0.0
2018-09-06 20:30:00,1.004,0.0,0.0,0.0,1.259,1.219,0.824,0.876,0.92,1.002,0.0,0.0,0.0,0.0,7.103,0.0,0.117,,,
2018-09-06 20:45:00,1.019,0.0,0.0,0.0,1.269,1.235,0.833,0.891,0.926,1.013,0.0,0.0,0.0,0.0,7.185,0.008,0.117,,,
2018-09-06 21:00:00,0.978,0.0,0.0,0.0,1.248,1.192,0.809,0.849,0.905,0.973,0.0,0.0,0.0,0.0,6.955,0.0,0.12,,,
2018-09-06 21:15:00,0.976,0.0,0.0,0.0,1.227,1.187,0.795,0.847,0.891,0.973,0.0,0.0,0.0,0.0,6.897,0.0,0.117,,,
2018-09-06 21:30:00,0.974,0.0,0.0,0.0,1.23,1.187,0.801,0.849,0.89,0.97,0.0,0.0,0.0,0.0,6.901,0.0,0.117,,,
2018-09-06 21:45:00,0.974,0.0,0.0,0.0,1.225,1.184,0.796,0.848,0.891,0.97,0.0,0.0,0.0,0.0,6.888,0.0,0.117,,,
2018-09-06 22:00:00,0.965,0.0,0.0,0.0,1.245,1.177,0.809,0.833,0.905,0.962,0.0,0.0,0.0,0.0,6.896,0.0,0.12,29.597,50.171,0.0
2018-09-06 22:15:00,0.943,0.0,0.0,0.0,1.226,1.153,0.788,0.809,0.89,0.939,0.0,0.0,0.0,0.0,6.748,0.0,0.118,28.953,51.804,0.0
2018-09-06 22:30:00,0.957,0.0,0.0,0.0,1.223,1.167,0.783,0.821,0.887,0.952,0.0,0.0,0.0,0.0,6.79,0.0,0.117,28.566,53.089,0.0
2018-09-06 22:45:00,0.981,0.0,0.0,0.0,1.23,1.198,0.787,0.847,0.891,0.979,0.0,0.0,0.0,0.0,6.913,0.0,0.12,28.472,53.557,0.0
2018-09-06 23:00:00,1.003,0.027,0.0,0.0,1.254,1.223,0.807,0.871,0.907,1.001,0.0,0.0,0.0,0.0,7.092,0.0,0.113,28.454,53.762,0.0
2018-09-06 23:15:00,0.126,1.025,0.727,0.813,1.105,0.363,0.725,0.109,0.807,0.126,0.0,0.0,0.0,0.0,5.926,0.0,0.12,28.447,54.132,0.0
2018-09-06 23:30:00,0.0,1.109,0.811,0.906,0.0,0.238,0.0,0.0,0.0,0.0,0.0,0.0,0.0,0.0,3.063,0.0,0.12,28.459,54.142,0.0
2018-09-06 23:45:00,0.029,1.105,0.812,0.908,0.0,0.265,0.0,0.024,0.0,0.029,0.0,0.0,0.0,0.0,3.171,0.0,0.12,28.476,54.288,0.0
2018-09-07 00:00:00,0.938,1.112,0.823,0.917,0.0,1.153,0.0,0.807,0.0,0.935,0.0,0.0,0.0,0.0,6.685,0.0,0.109,28.481,54.402,0.0
2018-09-07 00:15:00,0.625,1.113,0.827,0.919,0.0,0.849,0.0,0.543,0.0,0.623,0.0,0.0,0.0,0.0,5.499,0.0,0.09,28.491,54.582,0.0
2018-09-07 00:30:00,0.984,1.111,0.823,0.917,0.0,1.195,0.0,0.855,0.0,0.979,0.0,0.0,0.0,0.0,6.862,0.0,0.09,28.507,54.741,0.0
2018-09-07 00:45:00,0.581,1.113,0.825,0.92,0.0,0.805,0.0,0.504,0.0,0.579,0.0,0.0,0.0,0.0,5.327,0.0,0.086,28.533,54.876,0.0
2018-09-07 01:00:00,1.023,1.119,0.829,0.923,0.0,1.237,0.0,0.893,0.0,1.018,0.0,0.0,0.0,0.0,7.042,0.0,0.119,28.55,55.353,0.0
2018-09-07 01:15:00,1.031,1.12,0.829,0.925,0.0,1.245,0.0,0.898,0.0,1.027,0.0,0.0,0.0,0.0,7.075,0.0,0.118,28.549,55.233,0.0
2018-09-07 01:30:00,0.986,1.111,0.817,0.915,0.0,1.193,0.0,0.854,0.0,0.983,0.0,0.0,0.0,0.0,6.858,0.0,0.12,28.56,55.348,0.0
2018-09-07 01:45:00,0.601,1.115,0.822,0.921,0.0,0.819,0.0,0.518,0.0,0.598,0.0,0.0,0.0,0.0,5.393,0.0,0.117,28.564,55.41,0.0
2018-09-07 02:00:00,1.003,1.118,0.822,0.922,0.0,1.218,0.0,0.861,0.0,0.998,0.0,0.0,0.0,0.0,6.942,0.0,0.12,28.581,55.471,0.0
2018-09-07 02:15:00,1.011,1.128,0.834,0.932,0.0,1.223,0.0,0.873,0.0,1.005,0.0,0.0,0.0,0.0,7.007,0.0,0.117,28.606,55.58,0.0
2018-09-07 02:30:00,1.001,1.115,0.821,0.92,0.0,1.213,0.0,0.866,0.0,0.998,0.0,0.0,0.0,0.0,6.934,0.0,0.113,28.613,55.662,0.0
2018-09-07 02:45:00,1.007,1.113,0.825,0.923,0.0,1.213,0.0,0.874,0.0,1.002,0.0,0.0,0.0,0.0,6.957,0.0,0.12,28.623,55.753,0.0
2018-09-07 03:00:00,0.884,1.115,0.829,0.925,0.0,1.093,0.0,0.762,0.0,0.879,0.0,0.0,0.0,0.0,6.487,0.0,0.117,28.625,55.839,0.0
2018-09-07 03:15:00,0.723,1.124,0.837,0.935,0.0,0.937,0.0,0.628,0.0,0.72,0.0,0.0,0.0,0.0,5.903,0.0,0.12,28.635,55.929,0.0
2018-09-07 03:30:00,1.009,1.121,0.833,0.931,0.0,1.215,0.0,0.875,0.0,1.004,0.0,0.0,0.0,0.0,6.987,0.0,0.12,28.651,55.982,0.0
2018-09-07 03:45:00,0.987,1.12,0.831,0.928,0.0,1.196,0.0,0.851,0.0,0.983,0.0,0.0,0.0,0.0,6.897,0.0,0.105,28.671,56.277,0.0
2018-09-07 04:00:00,1.001,1.118,0.829,0.927,0.0,1.21,0.0,0.865,0.0,0.997,0.0,0.0,0.0,0.0,6.946,0.0,0.09,28.683,56.448,0.0
2018-09-07 04:15:00,0.98,1.119,0.829,0.929,0.0,1.183,0.0,0.844,0.0,0.974,0.0,0.0,0.0,0.0,6.858,0.0,0.09,28.699,56.181,0.0
2018-09-07 04:30:00,0.633,1.119,0.831,0.931,0.0,0.845,0.0,0.543,0.0,0.631,0.0,0.0,0.0,0.0,5.533,0.0,0.086,28.709,56.251,0.0
2018-09-07 04:45:00,0.915,1.123,0.835,0.932,0.0,1.125,0.0,0.791,0.0,0.913,0.0,0.0,0.0,0.0,6.633,0.0,0.116,28.725,56.342,0.0
2018-09-07 05:00:00,1.001,1.121,0.836,0.934,0.0,1.206,0.0,0.865,0.0,0.997,0.0,0.0,0.0,0.0,6.96,0.0,0.12,28.738,56.518,0.0
2018-09-07 05:15:00,0.245,1.127,0.844,0.94,0.876,0.471,0.515,0.211,0.577,0.243,0.0,0.0,0.0,0.0,6.049,0.0,0.117,28.746,56.626,0.0
2018-09-07 05:30:00,0.137,1.133,0.85,0.945,1.311,0.368,0.876,0.117,0.975,0.136,0.0,0.0,0.0,0.0,6.848,0.0,0.117,28.749,56.714,0.0
2018-09-07 05:45:00,0.243,1.13,0.845,0.943,1.31,0.476,0.869,0.204,0.969,0.24,0.0,0.0,0.0,0.0,7.229,0.0,0.12,28.769,56.845,0.8
2018-09-07 06:00:00,0.221,1.124,0.834,0.934,1.28,0.452,0.837,0.185,0.938,0.22,0.0,0.0,0.0,0.0,7.025,0.114,0.12,28.795,57.269,60.2
2018-09-07 06:15:00,0.112,1.119,0.831,0.933,1.275,0.346,0.837,0.094,0.941,0.112,0.0,0.0,0.0,0.0,6.601,0.205,0.12,28.853,57.323,12.733
2018-09-07 06:30:00,0.217,1.116,0.829,0.936,1.287,0.445,0.853,0.18,0.959,0.215,0.0,0.0,0.0,0.0,7.039,0.0,0.117,28.869,57.374,3.0
2018-09-07 06:45:00,0.109,1.122,0.837,0.944,1.288,0.345,0.848,0.091,0.96,0.109,0.0,0.0,0.0,0.0,6.652,0.317,0.239,28.874,57.435,3.0
2018-09-07 07:00:00,0.217,1.127,0.834,0.948,1.273,0.443,0.834,0.179,0.95,0.215,0.0,0.0,0.0,0.0,7.02,0.363,0.207,28.898,57.703,22.467
2018-09-07 07:15:00,0.231,1.125,0.837,0.955,1.297,0.455,0.865,0.191,0.983,0.229,0.0,0.0,0.0,0.0,7.167,0.91,0.339,28.659,59.423,102.0
2018-09-07 07:30:00,1.479,1.12,0.839,0.957,1.281,0.45,0.856,0.187,0.977,0.225,0.0,0.0,0.0,0.0,8.371,1.255,0.297,28.249,60.04,100.467
2018-09-07 07:45:00,4.657,1.141,0.863,0.981,1.319,1.039,0.89,0.711,1.015,0.843,0.0,0.0,0.0,0.0,13.459,1.317,0.407,27.785,58.323,101.0
2018-09-07 08:00:00,4.79,1.132,0.865,0.983,1.283,1.165,0.871,0.838,0.993,0.989,0.0,0.0,0.0,0.0,13.909,1.675,0.511,27.685,58.115,101.6
2018-09-07 08:15:00,4.799,1.15,0.871,0.991,1.295,1.175,0.873,0.846,0.997,0.996,0.0,0.0,0.0,0.0,13.993,1.686,0.455,27.645,57.069,101.867
2018-09-07 08:30:00,4.827,1.163,0.877,0.999,1.32,1.201,0.888,0.862,1.015,1.019,0.0,0.0,0.0,0.0,14.172,1.719,0.487,27.796,58.641,102.733
2018-09-07 08:45:00,4.835,1.167,0.887,1.011,1.332,1.214,0.904,0.878,1.031,1.034,0.0,0.0,0.0,0.0,14.293,1.699,0.493,28.097,58.426,101.867
2018-09-07 09:00:00,4.817,1.177,0.895,1.022,1.31,1.195,0.888,0.865,1.017,1.02,0.0,0.0,0.0,0.0,14.205,1.69,0.498,27.728,55.936,101.133
2018-09-07 09:15:00,4.627,1.189,0.905,1.032,1.317,1.009,0.89,0.695,1.019,0.819,0.0,0.0,0.0,0.0,13.503,1.697,0.504,27.565,55.331,103.133
2018-09-07 09:30:00,4.623,1.201,0.911,1.037,1.331,1.013,0.892,0.687,1.02,0.816,0.0,0.0,0.0,0.0,13.531,1.735,0.557,27.508,55.036,104.385
2018-09-07 09:45:00,4.605,1.185,0.898,1.023,1.322,0.995,0.893,0.675,1.021,0.798,0.0,0.0,0.0,0.0,13.415,1.717,0.536,27.551,55.449,103.417
2018-09-07 10:00:00,4.63,1.195,0.909,1.033,1.327,1.013,0.899,0.693,1.022,0.818,0.0,0.0,0.0,0.0,13.54,1.964,0.572,27.708,56.414,104.083
2018-09-07 10:15:00,5.368,1.198,0.915,1.033,1.349,1.008,0.927,0.693,1.045,0.812,0.0,0.0,0.0,0.751,15.097,2.088,0.669,27.705,55.62,103.929
2018-09-07 10:30:00,6.005,1.204,0.919,1.039,1.361,1.033,0.93,0.711,1.052,0.834,0.0,0.0,0.0,1.365,16.455,2.09,0.677,27.608,55.34,105.0
2018-09-07 10:45:00,6.026,1.207,0.925,1.044,1.349,1.035,0.928,0.72,1.045,0.84,0.0,0.0,0.0,1.385,16.502,2.081,0.718,27.632,55.338,104.6
2018-09-07 11:00:00,5.711,1.211,0.931,1.049,1.359,1.037,0.936,0.722,1.053,0.839,0.0,0.0,0.0,1.059,15.906,2.021,0.804,27.687,55.339,103.467
2018-09-07 11:15:00,4.912,1.229,0.948,1.067,1.373,1.286,0.953,0.953,1.071,1.102,0.0,0.0,0.0,0.0,14.893,1.725,0.595,27.825,55.451,104.0
2018-09-07 11:30:00,3.957,1.223,0.944,1.063,1.377,0.175,0.951,0.123,1.073,0.143,0.0,0.0,0.0,0.0,11.029,1.729,0.642,27.915,56.047,104.0
2018-09-07 11:45:00,3.829,1.225,0.941,1.068,1.368,0.01,0.939,0.0,1.067,0.0,0.0,0.0,0.0,0.0,10.448,1.734,0.614,28.431,56.513,104.111
2018-09-07 12:00:00,3.827,1.227,0.939,1.063,1.389,0.01,0.957,0.0,1.079,0.0,0.0,0.0,0.0,0.0,10.492,1.755,0.567,28.263,56.235,105.067
2018-09-07 12:15:00,3.823,1.226,0.931,1.055,1.405,0.01,0.959,0.0,1.085,0.0,0.0,0.0,0.0,0.0,10.494,1.77,0.49,27.79,54.681,108.615
2018-09-07 12:30:00,3.817,1.245,0.944,1.071,1.399,0.01,0.955,0.0,1.08,0.0,0.0,0.0,0.0,0.0,10.519,1.772,0.538,27.681,54.426,109.333
2018-09-07 12:45:00,3.801,1.241,0.945,1.068,1.401,0.01,0.96,0.0,1.082,0.0,0.0,0.0,0.0,0.0,10.509,1.762,0.488,27.654,54.652,109.933
2018-09-07 13:00:00,3.793,1.251,0.963,1.085,1.411,0.01,0.982,0.0,1.101,0.0,0.0,0.0,0.0,0.0,10.595,1.843,0.562,27.566,54.407,115.0
2018-09-07 13:15:00,3.795,1.238,0.959,1.081,1.407,0.01,0.984,0.0,1.105,0.0,0.0,0.0,0.0,0.0,10.58,1.714,0.583,27.625,54.457,114.467
2018-09-07 13:30:00,3.783,1.239,0.955,1.073,1.407,0.01,0.981,0.0,1.098,0.0,0.0,0.0,0.0,0.0,10.547,1.727,0.602,27.755,54.641,112.333
2018-09-07 13:45:00,3.789,1.239,0.955,1.076,1.391,0.01,0.965,0.0,1.085,0.0,0.0,0.0,0.0,0.0,10.509,1.559,0.435,27.781,54.745,107.0
2018-09-07 14:00:00,3.79,1.26,0.977,1.095,1.413,0.01,0.987,0.0,1.104,0.0,0.0,0.0,0.0,0.0,10.635,1.543,0.435,28.119,55.822,106.333
2018-09-07 14:15:00,3.782,1.252,0.97,1.085,1.519,0.011,1.062,0.0,1.186,0.0,0.0,0.0,0.0,0.0,10.363,1.541,0.524,28.343,56.239,106.0
2018-09-07 14:30:00,3.793,1.257,0.972,1.086,1.431,0.01,0.999,0.0,1.115,0.0,0.0,0.0,0.0,0.0,10.663,1.549,0.411,28.469,56.23,106.0
2018-09-07 14:45:00,3.791,1.261,0.979,1.093,1.432,0.01,1.004,0.0,1.12,0.0,0.0,0.0,0.0,0.0,10.689,1.549,0.445,28.462,56.31,106.0
2018-09-07 15:00:00,3.795,1.266,0.98,1.097,1.435,0.01,1.006,0.0,1.123,0.0,0.0,0.0,0.0,0.0,10.713,1.551,0.395,28.507,56.033,106.0
2018-09-07 15:15:00,3.787,1.274,0.99,1.104,1.446,0.01,1.014,0.0,1.13,0.0,0.0,0.0,0.0,0.0,10.755,1.615,0.406,28.531,55.466,106.0
2018-09-07 15:30:00,3.782,1.293,1.009,1.123,1.492,0.01,1.054,0.0,1.169,0.0,0.0,0.0,0.0,0.0,10.933,1.731,0.389,28.493,54.883,106.0
2018-09-07 15:45:00,3.792,1.278,0.992,1.105,1.447,0.01,1.011,0.0,1.129,0.0,0.0,0.0,0.0,0.0,10.763,1.737,0.455,28.274,54.249,106.0
2018-09-07 16:00:00,3.778,1.281,0.999,1.111,1.459,0.01,1.025,0.0,1.141,0.0,0.0,0.0,0.0,0.0,10.804,1.729,0.471,28.508,55.281,105.167
2018-09-07 16:15:00,3.784,1.281,1.001,1.111,1.472,0.01,1.033,0.0,1.15,0.0,0.0,0.0,0.0,0.0,10.843,1.713,0.386,28.563,56.203,105.6
2018-09-07 16:30:00,3.791,1.299,1.013,1.128,1.476,0.01,1.033,0.0,1.151,0.0,0.0,0.0,0.0,0.0,10.901,1.663,0.35,28.877,56.755,103.667
2018-09-07 16:45:00,3.036,1.285,0.998,1.112,1.46,0.01,1.016,0.0,1.135,0.0,0.0,0.0,0.0,0.0,10.051,1.951,0.329,29.057,55.142,104.067
2018-09-07 17:00:00,3.539,1.273,0.977,1.093,1.451,0.01,0.997,0.0,1.119,0.0,0.0,0.0,0.0,0.0,10.46,2.035,0.333,29.137,55.23,103.538
2018-09-07 17:15:00,4.253,0.908,0.704,0.783,1.466,0.613,1.015,0.407,1.134,0.471,0.0,0.0,0.0,0.0,11.755,1.994,0.315,29.232,54.45,84.667
2018-09-07 17:30:00,4.873,0.0,0.0,0.0,1.387,1.292,0.943,0.947,1.067,1.097,0.0,0.0,0.0,0.0,11.606,1.597,0.266,28.887,53.974,12.333
2018-09-07 17:45:00,3.951,0.0,0.0,0.0,1.359,1.285,0.919,0.949,1.043,1.099,0.0,0.0,0.0,0.0,10.607,2.121,0.225,28.781,54.465,80.333
2018-09-07 18:00:00,1.146,0.0,0.0,0.0,1.367,1.334,0.925,0.995,1.045,1.14,0.0,0.0,0.0,0.0,7.952,1.425,0.131,28.867,53.579,5.067
2018-09-07 18:15:00,1.153,0.0,0.0,0.0,1.409,1.347,0.964,1.006,1.083,1.15,0.0,0.0,0.0,0.0,8.113,1.335,0.13,28.935,52.827,3.0
2018-09-07 18:30:00,1.129,0.0,0.0,0.0,1.371,1.325,0.933,0.989,1.042,1.125,0.0,0.0,0.0,0.0,7.914,1.333,0.13,29.007,52.689,3.0
2018-09-07 18:45:00,1.073,0.0,0.0,0.0,1.34,1.273,0.899,0.935,1.008,1.073,0.0,0.0,0.0,0.0,7.601,1.339,0.13,29.233,53.211,3.0
2018-09-07 19:00:00,1.056,0.0,0.0,0.0,1.328,1.258,0.888,0.917,0.996,1.053,0.0,0.0,0.0,0.0,7.496,1.343,0.123,29.093,53.485,3.0
2018-09-07 19:15:00,1.055,0.0,0.0,0.0,1.341,1.261,0.891,0.915,0.998,1.052,0.0,0.0,0.0,0.0,7.511,1.336,0.13,28.99,53.263,3.0
2018-09-07 19:30:00,1.065,0.0,0.0,0.0,1.323,1.268,0.875,0.927,0.984,1.059,0.0,0.0,0.0,0.0,7.502,0.52,0.127,28.983,53.446,3.0
2018-09-07 19:45:00,1.077,0.0,0.0,0.0,1.321,1.276,0.884,0.944,0.989,1.075,0.0,0.0,0.0,0.0,7.567,0.511,0.127,28.967,53.625,3.0
2018-09-07 20:00:00,1.071,0.0,0.0,0.0,1.33,1.269,0.899,0.941,1.0,1.065,0.0,0.0,0.0,0.0,7.576,0.425,0.123,28.962,53.823,1.2
2018-09-07 20:15:00,1.069,0.0,0.0,0.0,1.324,1.268,0.9,0.941,0.996,1.065,0.0,0.0,0.0,0.0,7.563,0.0,0.12,28.947,54.013,0.0
2018-09-07 20:30:00,1.04,0.0,0.0,0.0,1.314,1.246,0.883,0.92,0.979,1.04,0.0,0.0,0.0,0.0,7.423,0.0,0.117,28.918,54.317,0.0
2018-09-07 20:45:00,1.055,0.0,0.0,0.0,1.302,1.263,0.869,0.932,0.963,1.051,0.0,0.0,0.0,0.0,7.436,0.0,0.117,28.909,54.308,0.0
2018-09-07 21:00:00,1.077,0.0,0.0,0.0,1.329,1.285,0.893,0.953,0.989,1.071,0.0,0.0,0.0,0.0,7.597,0.0,0.117,28.888,54.474,0.0
2018-09-07 21:15:00,1.051,0.0,0.0,0.0,1.299,1.259,0.863,0.923,0.961,1.047,0.0,0.0,0.0,0.0,7.403,0.0,0.119,28.87,54.591,0.0
2018-09-07 21:30:00,1.065,0.0,0.0,0.0,1.309,1.275,0.871,0.938,0.971,1.063,0.0,0.0,0.0,0.0,7.493,0.0,0.121,28.83,54.788,0.0
2018-09-07 21:45:00,1.059,0.0,0.0,0.0,1.309,1.269,0.871,0.933,0.967,1.055,0.0,0.0,0.0,0.0,7.463,0.0,0.115,28.821,54.995,0.0
2018-09-07 22:00:00,1.079,0.0,0.0,0.0,1.314,1.287,0.882,0.957,0.977,1.075,0.0,0.0,0.0,0.0,7.571,0.0,0.121,28.809,55.295,0.0
2018-09-07 22:15:00,1.051,0.0,0.0,0.0,1.291,1.257,0.863,0.929,0.958,1.047,0.0,0.0,0.0,0.0,7.395,0.0,0.12,28.803,55.31,0.0
2018-09-07 22:30:00,1.06,0.0,0.0,0.0,1.292,1.263,0.862,0.935,0.96,1.055,0.0,0.0,0.0,0.0,7.427,0.0,0.12,28.802,55.447,0.0
2018-09-07 22:45:00,1.031,0.0,0.0,0.0,1.277,1.231,0.847,0.901,0.946,1.028,0.0,0.0,0.0,0.0,7.261,0.0,0.12,28.796,55.572,0.0
2018-09-07 23:00:00,1.045,0.023,0.0,0.0,1.292,1.247,0.863,0.919,0.961,1.043,0.0,0.0,0.0,0.0,7.391,0.0,0.12,28.799,55.719,0.0
2018-09-07 23:15:00,0.169,1.051,0.775,0.855,1.187,0.4,0.807,0.149,0.891,0.168,0.0,0.0,0.0,0.0,6.451,0.0,0.12,28.804,55.797,0.0
2018-09-07 23:30:00,0.761,1.157,0.88,0.969,0.0,0.979,0.0,0.675,0.0,0.759,0.0,0.0,0.0,0.0,6.181,0.0,0.117,28.822,55.893,0.0
2018-09-07 23:45:00,1.025,1.153,0.875,0.965,0.0,1.228,0.0,0.899,0.0,1.021,0.0,0.0,0.0,0.0,7.165,0.0,0.117,28.83,56.159,0.0
2018-09-08 00:00:00,0.664,1.156,0.886,0.976,0.0,0.875,0.0,0.582,0.0,0.663,0.0,0.0,0.0,0.0,5.801,0.0,0.12,28.842,56.475,0.0
2018-09-08 00:15:00,1.007,1.151,0.88,0.969,0.0,1.203,0.0,0.88,0.0,1.003,0.0,0.0,0.0,0.0,7.093,0.0,0.121,28.868,56.262,0.0
2018-09-08 00:30:00,1.013,1.143,0.873,0.962,0.0,1.205,0.0,0.886,0.0,1.009,0.0,0.0,0.0,0.0,7.091,0.0,0.117,28.882,56.407,0.0
2018-09-08 00:45:00,1.004,1.145,0.874,0.964,0.0,1.193,0.0,0.875,0.0,0.999,0.0,0.0,0.0,0.0,7.054,0.0,0.12,28.89,56.517,0.0
2018-09-08 01:00:00,1.016,1.139,0.866,0.957,0.0,1.211,0.0,0.886,0.0,1.013,0.0,0.0,0.0,0.0,7.087,0.0,0.121,28.881,56.618,0.0
2018-09-08 01:15:00,0.987,1.142,0.868,0.959,0.0,1.179,0.0,0.858,0.0,0.984,0.0,0.0,0.0,0.0,6.977,0.0,0.12,28.891,56.642,0.0
2018-09-08 01:30:00,0.986,1.136,0.857,0.952,0.0,1.18,0.0,0.851,0.0,0.981,0.0,0.0,0.0,0.0,6.943,0.0,0.12,28.909,56.647,0.0
2018-09-08 01:45:00,0.623,1.13,0.851,0.946,0.0,0.835,0.0,0.537,0.0,0.62,0.0,0.0,0.0,0.0,5.542,0.0,0.12,28.909,56.647,0.0
2018-09-08 02:00:00,1.005,1.135,0.865,0.959,0.0,1.196,0.0,0.875,0.0,1.0,0.0,0.0,0.0,0.0,7.035,0.0,0.12,28.924,56.64,0.0
2018-09-08 02:15:00,0.995,1.123,0.856,0.948,0.0,1.183,0.0,0.865,0.0,0.993,0.0,0.0,0.0,0.0,6.964,0.0,0.12,28.952,56.65,0.0
2018-09-08 02:30:00,0.983,1.125,0.859,0.95,0.0,1.17,0.0,0.852,0.0,0.978,0.0,0.0,0.0,0.0,6.917,0.0,0.117,28.949,56.665,0.0
2018-09-08 02:45:00,0.987,1.113,0.845,0.937,0.0,1.177,0.0,0.857,0.0,0.981,0.0,0.0,0.0,0.0,6.897,0.0,0.12,28.949,56.673,0.0
2018-09-08 03:00:00,0.983,1.109,0.841,0.934,0.0,1.172,0.0,0.853,0.0,0.98,0.0,0.0,0.0,0.0,6.871,0.0,0.117,28.949,56.692,0.0
2018-09-08 03:15:00,0.638,1.111,0.841,0.935,0.0,0.845,0.0,0.551,0.0,0.635,0.0,0.0,0.0,0.0,5.554,0.0,0.121,28.957,56.627,0.0
2018-09-08 03:30:00,0.997,1.111,0.841,0.936,0.0,1.189,0.0,0.863,0.0,0.995,0.0,0.0,0.0,0.0,6.931,0.0,0.12,28.962,56.648,0.0
2018-09-08 03:45:00,0.989,1.109,0.837,0.932,0.0,1.179,0.0,0.855,0.0,0.985,0.0,0.0,0.0,0.0,6.886,0.0,0.12,28.975,56.652,0.0
2018-09-08 04:00:00,0.977,1.112,0.839,0.935,0.0,1.166,0.0,0.843,0.0,0.973,0.0,0.0,0.0,0.0,6.845,0.0,0.117,28.971,56.691,0.0
2018-09-08 04:15:00,0.981,1.111,0.841,0.934,0.0,1.169,0.0,0.848,0.0,0.975,0.0,0.0,0.0,0.0,6.857,0.0,0.12,28.98,56.669,0.0
2018-09-08 04:30:00,0.663,1.111,0.839,0.934,0.0,0.869,0.0,0.571,0.0,0.658,0.0,0.0,0.0,0.0,5.644,0.0,0.12,28.982,56.661,0.0
2018-09-08 04:45:00,0.991,1.12,0.847,0.941,0.0,1.183,0.0,0.855,0.0,0.987,0.0,0.0,0.0,0.0,6.923,0.0,0.114,29.073,56.629,0.0
2018-09-08 05:00:00,0.567,1.115,0.841,0.937,0.0,0.775,0.0,0.49,0.0,0.565,0.0,0.0,0.0,0.0,5.289,0.0,0.123,29.2,56.665,0.0
2018-09-08 05:15:00,0.488,1.118,0.848,0.943,0.869,0.705,0.513,0.417,0.575,0.485,0.0,0.0,0.0,0.0,6.961,0.0,0.117,29.38,56.673,0.0
2018-09-08 05:30:00,0.142,1.121,0.858,0.946,1.279,0.373,0.856,0.121,0.957,0.141,0.0,0.0,0.0,0.0,6.795,0.0,0.12,29.28,56.77,0.0
2018-09-08 05:45:00,0.27,1.127,0.862,0.952,1.287,0.495,0.871,0.23,0.973,0.269,0.0,0.0,0.0,0.0,7.335,0.0,0.117,29.313,56.851,0.0
2018-09-08 06:00:00,0.127,1.121,0.855,0.945,1.285,0.357,0.865,0.108,0.969,0.126,0.0,0.0,0.0,0.0,6.759,0.0,0.12,29.48,56.859,0.0
2018-09-08 06:15:00,0.245,1.124,0.855,0.95,1.308,0.473,0.877,0.207,0.985,0.243,0.0,0.0,0.0,0.0,7.268,0.0,0.119,29.5,56.908,0.0
2018-09-08 06:30:00,0.247,1.121,0.853,0.947,1.293,0.472,0.867,0.209,0.977,0.245,0.0,0.0,0.0,0.0,7.229,0.0,0.12,29.587,56.916,0.0
2018-09-08 06:45:00,0.12,1.126,0.855,0.953,1.292,0.352,0.864,0.101,0.974,0.119,0.0,0.0,0.0,0.0,6.757,0.0,0.12,29.727,56.913,0.0
2018-09-08 07:00:00,0.241,1.128,0.855,0.955,1.297,0.467,0.866,0.202,0.979,0.24,0.0,0.0,0.0,0.0,7.23,0.0,0.12,29.653,56.965,0.2
2018-09-08 07:15:00,0.121,1.123,0.851,0.953,1.282,0.35,0.856,0.099,0.969,0.118,0.0,0.0,0.0,0.0,6.723,0.0,0.202,29.693,57.18,2.8
2018-09-08 07:30:00,0.237,1.124,0.848,0.954,1.285,0.46,0.858,0.198,0.974,0.234,0.0,0.0,0.0,0.0,7.172,0.0,0.126,29.692,57.541,3.0
2018-09-08 07:45:00,0.123,1.125,0.846,0.953,1.293,0.355,0.861,0.103,0.979,0.123,0.0,0.0,0.0,0.0,6.761,0.0,0.127,29.624,57.201,3.0
2018-09-08 08:00:00,3.429,1.142,0.863,0.971,1.314,0.651,0.878,0.365,0.998,0.429,0.0,0.0,0.0,0.0,11.041,0.0,0.13,29.102,56.905,3.0
2018-09-08 08:15:00,4.854,1.162,0.887,0.995,1.324,1.215,0.895,0.876,1.014,1.023,0.0,0.0,0.0,0.0,14.245,0.0,0.13,28.507,56.619,3.0
2018-09-08 08:30:00,4.873,1.174,0.895,1.005,1.327,1.254,0.897,0.92,1.017,1.067,0.0,0.0,0.0,0.0,14.428,0.0,0.126,28.371,55.638,3.0
2018-09-08 08:45:00,4.633,1.154,0.877,0.991,1.333,1.018,0.898,0.705,1.023,0.823,0.0,0.0,0.0,0.0,13.455,0.0,0.195,28.259,54.823,3.0
2018-09-08 09:00:00,4.623,1.155,0.877,0.99,1.321,1.01,0.889,0.699,1.013,0.818,0.0,0.0,0.0,0.0,13.395,0.0,0.092,28.224,54.797,3.0
2018-09-08 09:15:00,4.643,1.167,0.891,1.006,1.317,1.031,0.887,0.72,1.014,0.84,0.0,0.0,0.0,0.0,13.515,0.0,0.087,28.216,54.765,3.0
2018-09-08 09:30:00,4.625,1.163,0.883,1.003,1.323,1.011,0.891,0.699,1.023,0.822,0.0,0.0,0.0,0.0,13.443,0.0,0.092,28.216,54.716,3.0
2018-09-08 09:45:00,4.412,1.149,0.871,0.994,1.336,0.814,0.901,0.517,1.035,0.613,0.0,0.0,0.0,0.0,12.643,0.0,0.108,28.197,54.794,3.0
2018-09-08 10:00:00,4.603,1.155,0.882,0.999,1.313,0.989,0.889,0.68,1.015,0.8,0.0,0.0,0.0,0.0,13.325,0.0,0.126,28.182,54.717,3.0
2018-09-08 10:15:00,4.41,1.151,0.873,0.991,1.323,0.804,0.893,0.509,1.019,0.601,0.0,0.0,0.0,0.0,12.575,0.0,0.13,28.178,54.792,3.0
2018-09-08 10:30:00,4.611,1.167,0.889,1.004,1.325,0.993,0.897,0.679,1.019,0.797,0.0,0.0,0.0,0.0,13.38,0.0,0.13,28.187,54.678,3.0
2018-09-08 10:45:00,4.5,1.186,0.901,1.017,1.358,0.885,0.911,0.575,1.039,0.673,0.0,0.0,0.0,0.0,13.047,0.0,0.191,28.191,54.709,3.733
2018-09-08 11:00:00,4.239,1.177,0.893,1.008,1.334,0.625,0.896,0.345,1.02,0.405,0.0,0.0,0.0,0.0,11.942,0.0,0.13,28.17,55.39,4.0
2018-09-08 11:15:00,3.834,1.18,0.895,1.012,1.345,0.239,0.907,0.0,1.033,0.0,0.0,0.0,0.0,0.0,10.445,0.0,0.13,28.299,55.443,4.0
2018-09-08 11:30:00,3.828,1.18,0.89,1.009,1.345,0.055,0.903,0.0,1.031,0.0,0.0,0.0,0.0,0.0,10.241,0.0,0.122,28.357,54.969,3.5
2018-09-08 11:45:00,3.825,1.187,0.903,1.019,1.355,0.01,0.915,0.0,1.039,0.0,0.0,0.0,0.0,0.0,10.254,0.0,0.13,28.037,54.678,4.0
2018-09-08 12:00:00,3.824,1.186,0.898,1.014,1.348,0.01,0.911,0.0,1.035,0.0,0.0,0.0,0.0,0.0,10.225,0.0,0.126,27.981,55.251,3.333
2018-09-08 12:15:00,3.817,1.181,0.896,1.013,1.329,0.01,0.899,0.0,1.023,0.0,0.0,0.0,0.0,0.0,10.168,0.0,0.13,27.959,54.689,3.0
2018-09-08 12:30:00,3.815,1.193,0.903,1.02,1.348,0.01,0.916,0.0,1.041,0.0,0.0,0.0,0.0,0.0,10.245,0.0,0.126,27.946,54.558,3.067
2018-09-08 12:45:00,3.822,1.187,0.894,1.013,1.349,0.01,0.909,0.0,1.037,0.0,0.0,0.0,0.0,0.0,10.221,0.0,0.13,27.957,54.71,4.0
2018-09-08 13:00:00,3.817,1.187,0.888,1.007,1.346,0.01,0.903,0.0,1.028,0.0,0.0,0.0,0.0,0.0,10.185,0.127,0.13,27.941,54.989,3.533
2018-09-08 13:15:00,3.824,1.191,0.895,1.014,1.343,0.01,0.903,0.0,1.027,0.0,0.0,0.0,0.0,0.0,10.208,0.0,0.13,27.954,55.492,3.0
2018-09-08 13:30:00,3.824,1.188,0.893,1.01,1.339,0.01,0.902,0.0,1.024,0.0,0.0,0.0,0.0,0.0,10.19,0.0,0.13,27.944,55.635,3.0
2018-09-08 13:45:00,3.827,1.192,0.895,1.014,1.358,0.01,0.913,0.0,1.04,0.0,0.0,0.0,0.0,0.0,10.249,0.0,0.13,27.927,55.837,3.0
2018-09-08 14:00:00,3.833,1.167,0.871,0.99,1.327,0.01,0.885,0.0,1.009,0.0,0.0,0.0,0.0,0.0,10.093,0.0,0.13,27.908,56.131,3.0
2018-09-08 14:15:00,3.827,1.173,0.875,0.995,1.332,0.01,0.89,0.0,1.015,0.0,0.0,0.0,0.0,0.0,10.115,0.0,0.248,27.879,56.669,3.0
2018-09-08 14:30:00,3.829,1.178,0.882,0.999,1.351,0.01,0.903,0.0,1.027,0.0,0.0,0.0,0.0,0.0,10.179,0.0,0.125,27.877,57.171,3.0
2018-09-08 14:45:00,3.827,1.194,0.891,1.012,1.348,0.01,0.905,0.0,1.024,0.0,0.0,0.0,0.0,0.0,10.211,0.0,0.131,27.863,57.213,3.867
2018-09-08 15:00:00,3.832,1.176,0.879,0.995,1.335,0.01,0.893,0.0,1.012,0.0,0.0,0.0,0.0,0.0,10.131,0.0,0.13,27.879,57.323,4.0
2018-09-08 15:15:00,3.825,1.167,0.869,0.986,1.337,0.01,0.891,0.0,1.015,0.0,0.0,0.0,0.0,0.0,10.101,0.0,0.129,27.896,57.339,3.067
2018-09-08 15:30:00,3.825,1.179,0.879,0.998,1.352,0.01,0.903,0.0,1.027,0.0,0.0,0.0,0.0,0.0,10.173,0.0,0.126,27.893,57.726,3.4
2018-09-08 15:45:00,3.835,1.187,0.889,1.005,1.344,0.01,0.899,0.0,1.021,0.0,0.0,0.0,0.0,0.0,10.19,0.0,0.13,27.905,57.792,3.933
2018-09-08 16:00:00,0.307,0.999,0.715,0.809,1.347,0.01,0.903,0.0,1.028,0.0,0.0,0.0,0.0,0.0,6.119,0.099,0.131,28.259,58.233,1.067
2018-09-08 16:15:00,0.0,0.24,0.0,0.0,1.309,0.01,0.857,0.0,0.983,0.0,0.0,0.0,0.0,0.0,3.399,0.0,0.12,28.473,55.366,0.0
2018-09-08 16:30:00,0.0,0.24,0.0,0.0,1.304,0.01,0.849,0.0,0.979,0.0,0.0,0.0,0.0,0.0,3.382,0.0,0.12,28.591,53.602,0.0
2018-09-08 16:45:00,0.0,0.24,0.0,0.0,1.307,0.01,0.853,0.0,0.983,0.0,0.0,0.0,0.0,0.0,3.393,0.0,0.12,28.651,52.563,0.0
2018-09-08 17:00:00,0.0,0.24,0.0,0.0,1.308,0.01,0.857,0.0,0.983,0.0,0.0,0.0,0.0,0.0,3.397,0.0,0.12,28.675,52.258,0.0
2018-09-08 17:15:00,0.31,0.431,0.251,0.283,1.321,0.468,0.879,0.264,0.999,0.309,0.0,0.0,0.0,0.0,5.516,0.0,0.117,28.717,52.442,0.0
2018-09-08 17:30:00,1.086,0.0,0.0,0.0,1.343,1.287,0.898,0.937,1.017,1.082,0.0,0.0,0.0,0.0,7.649,0.0,0.12,28.732,52.545,0.0
2018-09-08 17:45:00,1.093,0.0,0.0,0.0,1.336,1.29,0.898,0.951,1.012,1.09,0.0,0.0,0.0,0.0,7.67,0.0,0.12,28.765,52.706,0.0
2018-09-08 18:00:00,1.1,0.0,0.0,0.0,1.323,1.297,0.887,0.961,0.999,1.095,0.0,0.0,0.0,0.0,7.663,0.0,0.12,28.801,52.894,0.0
2018-09-08 18:15:00,1.079,0.0,0.0,0.0,1.307,1.273,0.877,0.947,0.984,1.075,0.0,0.0,0.0,0.0,7.541,0.0,0.12,28.824,53.317,0.0
2018-09-08 18:30:00,1.046,0.0,0.0,0.0,1.341,1.241,0.913,0.919,1.011,1.042,0.0,0.0,0.0,0.0,7.513,0.0,0.12,28.841,53.259,0.0
2018-09-08 18:45:00,1.004,0.0,0.0,0.0,1.326,1.196,0.902,0.878,0.997,0.999,0.0,0.0,0.0,0.0,7.301,0.0,0.117,28.876,53.433,0.0
2018-09-08 19:00:00,1.017,0.0,0.0,0.0,1.334,1.216,0.909,0.895,1.001,1.013,0.0,0.0,0.0,0.0,7.385,0.0,0.121,28.908,53.629,0.0
2018-09-08 19:15:00,0.963,0.0,0.0,0.0,1.326,1.161,0.901,0.839,0.992,0.961,0.0,0.0,0.0,0.0,7.143,0.0,0.121,28.927,54.039,0.0
2018-09-08 19:30:00,0.963,0.0,0.0,0.0,1.33,1.161,0.901,0.835,0.995,0.961,0.0,0.0,0.0,0.0,7.145,0.0,0.119,28.96,54.322,0.0
2018-09-08 19:45:00,1.034,0.0,0.0,0.0,1.283,1.233,0.856,0.909,0.954,1.031,0.0,0.0,0.0,0.0,7.3,0.0,0.117,28.979,54.388,0.0
2018-09-08 20:00:00,0.969,0.0,0.0,0.0,1.249,1.165,0.824,0.841,0.921,0.963,0.0,0.0,0.0,0.0,6.932,0.0,0.12,28.98,54.547,0.0
2018-09-08 20:15:00,1.0,0.0,0.0,0.0,1.253,1.197,0.823,0.873,0.923,0.995,0.0,0.0,0.0,0.0,7.065,0.0,0.12,28.981,54.737,0.0
2018-09-08 20:30:00,1.021,0.0,0.0,0.0,1.256,1.219,0.829,0.897,0.928,1.018,0.0,0.0,0.0,0.0,7.169,0.0,0.12,28.975,54.845,0.0
2018-09-08 20:45:00,1.002,0.0,0.0,0.0,1.249,1.197,0.822,0.874,0.922,0.998,0.0,0.0,0.0,0.0,7.064,0.0,0.117,28.984,54.903,0.0
2018-09-08 21:00:00,1.023,0.0,0.0,0.0,1.267,1.219,0.849,0.899,0.942,1.019,0.0,0.0,0.0,0.0,7.218,0.0,0.115,28.992,54.953,0.0
2018-09-08 21:15:00,1.037,0.0,0.0,0.0,1.296,1.241,0.868,0.913,0.963,1.035,0.0,0.0,0.0,0.0,7.353,0.0,0.117,29.085,54.975,0.0
2018-09-08 21:30:00,1.053,0.0,0.0,0.0,1.275,1.258,0.851,0.931,0.945,1.049,0.0,0.0,0.0,0.0,7.363,0.0,0.117,29.213,55.024,0.0
2018-09-08 21:45:00,1.042,0.0,0.0,0.0,1.273,1.245,0.854,0.921,0.948,1.039,0.0,0.0,0.0,0.0,7.323,0.0,0.117,29.407,55.64,0.0
2018-09-08 22:00:00,1.046,0.0,0.0,0.0,1.27,1.247,0.853,0.924,0.947,1.044,0.0,0.0,0.0,0.0,7.33,0.0,0.117,29.6,55.148,0.0
2018-09-08 22:15:00,1.018,0.0,0.0,0.0,1.298,1.218,0.873,0.891,0.969,1.017,0.0,0.0,0.0,0.0,7.284,0.0,0.117,29.6,55.231,0.0
2018-09-08 22:30:00,0.959,0.0,0.0,0.0,1.288,1.153,0.866,0.827,0.965,0.955,0.0,0.0,0.0,0.0,7.013,0.0,0.117,29.787,55.307,0.0
2018-09-08 22:45:00,0.969,0.0,0.0,0.0,1.283,1.161,0.863,0.837,0.959,0.965,0.0,0.0,0.0,0.0,7.037,0.0,0.12,29.367,55.388,0.0
2018-09-08 23:00:00,0.955,0.018,0.0,0.0,1.285,1.148,0.863,0.822,0.961,0.951,0.0,0.0,0.0,0.0,7.003,0.0,0.12,29.104,55.539,0.0
2018-09-08 23:15:00,0.216,1.023,0.752,0.827,1.197,0.447,0.816,0.185,0.904,0.216,0.0,0.0,0.0,0.0,6.583,0.0,0.12,29.121,55.67,0.0
2018-09-08 23:30:00,0.614,1.153,0.889,0.973,0.0,0.817,0.0,0.531,0.0,0.611,0.0,0.0,0.0,0.0,5.587,0.0,0.117,29.121,55.817,0.0
2018-09-08 23:45:00,0.675,1.176,0.912,0.996,0.0,0.883,0.0,0.593,0.0,0.673,0.0,0.0,0.0,0.0,5.908,0.0,0.117,29.131,55.898,0.0
2018-09-09 00:00:00,1.053,1.185,0.923,1.009,0.0,1.247,0.0,0.929,0.0,1.051,0.0,0.0,0.0,0.0,7.399,0.0,0.12,29.147,55.953,0.0
2018-09-09 00:15:00,1.059,1.191,0.93,1.014,0.0,1.25,0.0,0.931,0.0,1.055,0.0,0.0,0.0,0.0,7.43,0.0,0.115,29.139,56.4,0.0
2018-09-09 00:30:00,0.989,1.183,0.925,1.007,0.0,1.171,0.0,0.859,0.0,0.986,0.0,0.0,0.0,0.0,7.12,0.0,0.12,29.153,56.413,0.0
2018-09-09 00:45:00,1.032,1.188,0.928,1.011,0.0,1.214,0.0,0.904,0.0,1.027,0.0,0.0,0.0,0.0,7.304,0.0,0.121,29.155,56.54,0.0
2018-09-09 01:00:00,0.998,1.177,0.914,0.995,0.0,1.185,0.0,0.867,0.0,0.993,0.0,0.0,0.0,0.0,7.128,0.0,0.113,29.176,56.78,0.0
2018-09-09 01:15:00,1.033,1.169,0.903,0.983,0.0,1.224,0.0,0.907,0.0,1.029,0.0,0.0,0.0,0.0,7.248,0.0,0.12,29.177,56.78,0.0
2018-09-09 01:30:00,1.043,1.174,0.913,0.994,0.0,1.233,0.0,0.918,0.0,1.041,0.0,0.0,0.0,0.0,7.317,0.0,0.121,29.195,56.153,0.0
2018-09-09 01:45:00,1.031,1.101,0.845,0.931,0.0,1.215,0.0,0.905,0.0,1.026,0.0,0.0,0.0,0.0,7.053,0.0,0.118,29.189,56.261,0.0
2018-09-09 02:00:00,1.045,1.164,0.905,0.99,0.0,1.232,0.0,0.919,0.0,1.041,0.0,0.0,0.0,0.0,7.297,0.0,0.12,29.207,56.295,0.0
2018-09-09 02:15:00,1.021,1.171,0.913,0.995,0.0,1.207,0.0,0.897,0.0,1.018,0.0,0.0,0.0,0.0,7.222,0.0,0.12,29.21,56.307,0.0
2018-09-09 02:30:00,1.037,1.099,0.842,0.929,0.0,1.222,0.0,0.911,0.0,1.032,0.0,0.0,0.0,0.0,7.073,0.0,0.12,29.211,56.359,0.0
2018-09-09 02:45:00,1.024,1.089,0.828,0.916,0.0,1.213,0.0,0.898,0.0,1.02,0.0,0.0,0.0,0.0,6.988,0.0,0.117,29.218,56.316,0.0
2018-09-09 03:00:00,1.048,1.09,0.823,0.913,0.0,1.247,0.0,0.919,0.0,1.044,0.0,0.0,0.0,0.0,7.084,0.0,0.12,29.215,56.321,0.0
2018-09-09 03:15:00,1.008,1.079,0.815,0.905,0.0,1.2,0.0,0.878,0.0,1.003,0.0,0.0,0.0,0.0,6.888,0.0,0.12,29.204,56.362,0.0
2018-09-09 03:30:00,0.624,1.079,0.813,0.905,0.0,0.832,0.0,0.546,0.0,0.619,0.0,0.0,0.0,0.0,5.419,0.0,0.119,29.207,56.3,0.0
2018-09-09 03:45:00,1.033,1.093,0.827,0.918,0.0,1.233,0.0,0.906,0.0,1.03,0.0,0.0,0.0,0.0,7.04,0.0,0.119,29.211,56.275,0.0
2018-09-09 04:00:00,1.015,1.087,0.821,0.913,0.0,1.211,0.0,0.886,0.0,1.011,0.0,0.0,0.0,0.0,6.944,0.0,0.12,29.232,56.345,0.0
2018-09-09 04:15:00,1.019,1.084,0.817,0.906,0.0,1.216,0.0,0.893,0.0,1.017,0.0,0.0,0.0,0.0,6.952,0.0,0.118,29.236,56.401,0.0
2018-09-09 04:30:00,1.025,1.095,0.831,0.921,0.0,1.222,0.0,0.895,0.0,1.022,0.0,0.0,0.0,0.0,7.013,0.0,0.123,29.241,56.392,0.0
2018-09-09 04:45:00,1.012,1.091,0.827,0.916,0.0,1.205,0.0,0.884,0.0,1.009,0.0,0.0,0.0,0.0,6.944,0.0,0.12,29.28,56.423,0.0
2018-09-09 05:00:00,0.541,1.092,0.829,0.916,0.0,0.751,0.0,0.475,0.0,0.538,0.0,0.0,0.0,0.0,5.141,0.0,0.117,29.281,56.494,0.0
2018-09-09 05:15:00,0.319,1.095,0.838,0.922,0.864,0.543,0.513,0.281,0.574,0.319,0.0,0.0,0.0,0.0,6.267,0.0,0.12,29.28,56.586,0.0
2018-09-09 05:30:00,0.282,1.109,0.853,0.935,1.286,0.508,0.861,0.243,0.956,0.281,0.0,0.0,0.0,0.0,7.313,0.0,0.12,29.286,56.649,0.0
2018-09-09 05:45:00,0.162,1.11,0.855,0.936,1.267,0.392,0.853,0.141,0.946,0.161,0.0,0.0,0.0,0.0,6.823,0.0,0.117,29.28,56.779,0.0
2018-09-09 06:00:00,0.254,1.106,0.855,0.937,1.262,0.479,0.853,0.221,0.947,0.252,0.0,0.0,0.0,0.0,7.167,0.0,0.12,29.283,56.849,0.0
2018-09-09 06:15:00,0.137,1.111,0.855,0.939,1.274,0.367,0.861,0.117,0.96,0.137,0.0,0.0,0.0,0.0,6.76,0.0,0.12,29.282,56.896,0.0
2018-09-09 06:30:00,0.23,1.103,0.841,0.933,1.275,0.458,0.855,0.196,0.959,0.229,0.0,0.0,0.0,0.0,7.08,0.0,0.117,29.27,56.962,0.0
2018-09-09 06:45:00,0.141,1.101,0.845,0.936,1.26,0.369,0.849,0.119,0.954,0.139,0.0,0.0,0.0,0.0,6.714,0.0,0.117,29.281,56.956,0.0
2018-09-09 07:00:00,0.223,1.106,0.849,0.943,1.262,0.447,0.847,0.189,0.954,0.223,0.0,0.0,0.0,0.0,7.044,0.0,0.12,29.285,56.988,0.0
2018-09-09 07:15:00,0.121,1.098,0.835,0.933,1.264,0.352,0.845,0.101,0.956,0.121,0.0,0.0,0.0,0.0,6.625,0.0,0.12,29.283,57.24,0.0
2018-09-09 07:30:00,0.202,1.104,0.839,0.938,1.275,0.429,0.853,0.169,0.967,0.201,0.0,0.0,0.0,0.0,6.975,0.0,0.121,29.29,57.613,0.0
2018-09-09 07:45:00,0.142,1.089,0.834,0.933,1.265,0.37,0.853,0.119,0.963,0.141,0.0,0.0,0.0,0.0,6.709,0.0,0.115,29.288,57.647,0.0
2018-09-09 08:00:00,0.155,1.127,0.868,0.968,1.276,0.379,0.873,0.129,0.976,0.153,0.0,0.0,0.0,0.0,6.905,0.0,0.119,29.289,57.282,0.0
2018-09-09 08:15:00,0.198,1.123,0.866,0.964,1.277,0.421,0.869,0.167,0.973,0.196,0.0,0.0,0.0,0.0,7.055,0.0,0.121,29.301,57.127,0.0
2018-09-09 08:30:00,0.227,1.102,0.841,0.946,1.295,0.452,0.875,0.189,0.987,0.226,0.0,0.0,0.0,0.0,7.14,0.0,0.119,29.29,57.193,0.0
2018-09-09 08:45:00,0.124,1.121,0.86,0.965,1.277,0.353,0.866,0.104,0.977,0.123,0.0,0.0,0.0,0.0,6.77,0.0,0.12,29.294,57.215,0.0
2018-09-09 09:00:00,0.245,1.117,0.859,0.965,1.28,0.466,0.872,0.205,0.983,0.245,0.0,0.0,0.0,0.0,7.235,0.0,0.12,29.296,57.225,0.0
2018-09-09 09:15:00,0.119,1.137,0.873,0.977,1.297,0.349,0.883,0.099,0.992,0.119,0.0,0.0,0.0,0.0,6.845,0.0,0.117,29.299,57.216,0.0
2018-09-09 09:30:00,0.246,1.138,0.873,0.981,1.314,0.471,0.893,0.205,1.005,0.245,0.0,0.0,0.0,0.0,7.373,0.0,0.117,29.317,57.229,0.0
2018-09-09 09:45:00,0.237,1.133,0.867,0.977,1.295,0.459,0.88,0.199,0.995,0.236,0.0,0.0,0.0,0.0,7.277,0.0,0.12,29.317,57.304,0.0
2018-09-09 10:00:00,0.143,1.137,0.873,0.984,1.299,0.37,0.887,0.119,1.0,0.141,0.0,0.0,0.0,0.0,6.955,0.0,0.121,29.318,57.349,0.0
2018-09-09 10:15:00,0.25,1.162,0.897,1.008,1.321,0.469,0.909,0.209,1.023,0.248,0.0,0.0,0.0,0.0,7.495,0.0,0.121,29.335,57.384,0.0
2018-09-09 10:30:00,0.249,1.159,0.894,1.005,1.345,0.471,0.926,0.208,1.043,0.248,0.0,0.0,0.0,0.0,7.548,0.0,0.12,29.35,57.428,0.0
2018-09-09 10:45:00,0.259,1.159,0.895,1.005,1.319,0.478,0.91,0.217,1.023,0.257,0.0,0.0,0.0,0.0,7.522,0.0,0.12,29.365,57.511,0.0
2018-09-09 11:00:00,0.135,1.157,0.895,1.003,1.323,0.365,0.912,0.114,1.024,0.135,0.0,0.0,0.0,0.0,7.063,0.0,0.12,29.376,57.6,0.0
2018-09-09 11:15:00,0.0,1.159,0.895,1.001,1.358,0.24,0.942,0.0,1.055,0.0,0.0,0.0,0.0,0.0,6.65,0.0,0.12,29.371,57.771,0.0
2018-09-09 11:30:00,0.0,0.637,0.392,0.441,1.308,0.031,0.9,0.0,1.015,0.0,0.0,0.0,0.0,0.0,4.723,0.0,0.117,29.381,57.829,0.0
2018-09-09 11:45:00,0.0,0.238,0.0,0.0,1.302,0.01,0.893,0.0,1.008,0.0,0.0,0.0,0.0,0.0,3.451,0.0,0.117,29.39,57.923,0.0
2018-09-09 12:00:00,0.0,0.434,0.185,0.211,1.308,0.01,0.897,0.0,1.014,0.0,0.0,0.0,0.0,0.0,4.059,0.0,0.12,29.403,58.323,0.0
2018-09-09 12:15:00,0.0,0.24,0.0,0.0,1.304,0.01,0.891,0.0,1.007,0.0,0.0,0.0,0.0,0.0,3.452,0.0,0.117,29.434,58.204,0.0
2018-09-09 12:30:00,0.0,0.381,0.135,0.154,1.275,0.01,0.866,0.0,0.981,0.0,0.0,0.0,0.0,0.0,3.802,0.0,0.117,29.465,58.334,0.0
2018-09-09 12:45:00,0.0,0.345,0.099,0.115,1.225,0.01,0.805,0.0,0.923,0.0,0.0,0.0,0.0,0.0,3.523,0.0,0.117,29.49,58.48,0.0
2018-09-09 13:00:00,0.0,0.369,0.121,0.141,1.222,0.01,0.808,0.0,0.925,0.0,0.0,0.0,0.0,0.0,3.597,0.0,0.117,29.478,58.551,0.0
2018-09-09 13:15:00,0.001,0.24,0.0,0.0,1.21,0.01,0.795,0.0,0.913,0.0,0.0,0.0,0.0,0.0,3.168,0.0,0.113,29.455,58.605,0.0
2018-09-09 13:30:00,0.0,0.24,0.0,0.0,1.201,0.01,0.794,0.0,0.91,0.0,0.0,0.0,0.0,0.0,3.155,0.0,0.121,29.459,58.721,0.0
2018-09-09 13:45:00,0.0,0.359,0.115,0.132,1.197,0.01,0.796,0.0,0.91,0.0,0.0,0.0,0.0,0.0,3.519,0.0,0.117,29.475,58.81,0.0
2018-09-09 14:00:00,0.0,0.24,0.0,0.0,1.188,0.01,0.785,0.0,0.9,0.0,0.0,0.0,0.0,0.0,3.123,0.0,0.117,29.461,58.837,0.0
2018-09-09 14:15:00,0.0,0.369,0.123,0.142,1.225,0.01,0.814,0.0,0.929,0.0,0.0,0.0,0.0,0.0,3.611,0.0,0.12,29.451,58.851,0.0
2018-09-09 14:30:00,0.0,0.277,0.036,0.041,1.212,0.01,0.808,0.0,0.917,0.0,0.0,0.0,0.0,0.0,3.302,0.0,0.12,29.45,58.833,0.0
2018-09-09 14:45:00,0.0,0.302,0.06,0.069,1.213,0.01,0.812,0.0,0.919,0.0,0.0,0.0,0.0,0.0,3.385,0.0,0.12,29.442,58.791,0.0
2018-09-09 15:00:00,0.001,0.393,0.147,0.169,1.215,0.01,0.817,0.0,0.924,0.0,0.0,0.0,0.0,0.0,3.677,0.0,0.12,29.451,58.734,0.0
2018-09-09 15:15:00,0.001,0.24,0.0,0.0,1.225,0.01,0.819,0.0,0.933,0.0,0.0,0.0,0.0,0.0,3.228,0.0,0.12,29.448,58.695,0.0
2018-09-09 15:30:00,0.001,0.24,0.0,0.0,1.204,0.01,0.802,0.0,0.913,0.0,0.0,0.0,0.0,0.0,3.17,0.0,0.117,29.441,58.65,0.0
2018-09-09 15:45:00,0.0,0.383,0.137,0.157,1.221,0.01,0.821,0.0,0.929,0.0,0.0,0.0,0.0,0.0,3.657,0.0,0.12,29.45,58.654,0.0
2018-09-09 16:00:00,0.0,0.24,0.0,0.0,1.211,0.01,0.81,0.0,0.922,0.0,0.0,0.0,0.0,0.0,3.193,0.0,0.12,29.463,58.678,0.0
2018-09-09 16:15:00,0.001,0.385,0.137,0.157,1.253,0.01,0.837,0.0,0.947,0.0,0.0,0.0,0.0,0.0,3.725,0.0,0.12,29.473,58.648,0.0
2018-09-09 16:30:00,0.001,0.24,0.0,0.0,1.235,0.01,0.821,0.0,0.933,0.0,0.0,0.0,0.0,0.0,3.24,0.0,0.117,29.475,58.641,0.0
2018-09-09 16:45:00,0.0,0.378,0.131,0.149,1.235,0.01,0.821,0.0,0.928,0.0,0.0,0.0,0.0,0.0,3.652,0.0,0.12,29.485,58.686,0.0
2018-09-09 17:00:00,0.0,0.24,0.0,0.0,1.231,0.01,0.818,0.0,0.923,0.0,0.0,0.0,0.0,0.0,3.222,0.0,0.113,29.479,58.653,0.0
2018-09-09 17:15:00,0.229,0.508,0.309,0.35,1.275,0.376,0.857,0.193,0.964,0.227,0.0,0.0,0.0,0.0,5.287,0.0,0.117,29.485,58.644,0.0
2018-09-09 17:30:00,1.002,0.0,0.0,0.0,1.268,1.179,0.86,0.859,0.961,0.999,0.0,0.0,0.0,0.0,7.128,0.0,0.12,29.481,58.62,0.0
2018-09-09 17:45:00,0.992,0.0,0.0,0.0,1.269,1.165,0.864,0.852,0.962,0.987,0.0,0.0,0.0,0.0,7.091,0.0,0.12,29.495,58.622,0.0
2018-09-09 18:00:00,0.999,0.0,0.0,0.0,1.265,1.167,0.865,0.861,0.961,0.993,0.0,0.0,0.0,0.0,7.113,0.0,0.117,29.512,58.62,0.0
2018-09-09 18:15:00,1.035,0.0,0.0,0.0,1.282,1.212,0.876,0.904,0.967,1.029,0.0,0.0,0.0,0.0,7.306,0.0,0.12,29.515,58.657,0.0
2018-09-09 18:30:00,0.979,0.0,0.0,0.0,1.26,1.156,0.861,0.855,0.944,0.974,0.0,0.0,0.0,0.0,7.029,0.0,0.12,29.519,58.674,0.0
2018-09-09 18:45:00,1.009,0.0,0.0,0.0,1.27,1.198,0.868,0.892,0.947,1.007,0.0,0.0,0.0,0.0,7.192,0.0,0.117,29.51,58.772,0.0
2018-09-09 19:00:00,0.997,0.0,0.0,0.0,1.272,1.184,0.872,0.881,0.947,0.994,0.0,0.0,0.0,0.0,7.147,0.0,0.12,29.517,58.781,0.0
2018-09-09 19:15:00,1.039,0.0,0.0,0.0,1.283,1.231,0.875,0.923,0.955,1.036,0.0,0.0,0.0,0.0,7.341,0.0,0.12,29.509,58.819,0.0
2018-09-09 19:30:00,0.97,0.0,0.0,0.0,1.268,1.153,0.865,0.85,0.943,0.966,0.0,0.0,0.0,0.0,7.015,0.0,0.12,29.527,58.819,0.0
2018-09-09 19:45:00,1.01,0.0,0.0,0.0,1.268,1.193,0.866,0.891,0.947,1.004,0.0,0.0,0.0,0.0,7.179,0.0,0.12,29.527,58.841,0.0
2018-09-09 20:00:00,0.998,0.0,0.0,0.0,1.263,1.182,0.868,0.883,0.946,0.997,0.0,0.0,0.0,0.0,7.137,0.0,0.113,29.519,58.879,0.0
2018-09-09 20:15:00,0.999,0.0,0.0,0.0,1.275,1.182,0.879,0.883,0.959,0.994,0.0,0.0,0.0,0.0,7.171,0.0,0.12,29.535,58.867,0.0
2018-09-09 20:30:00,1.008,0.0,0.0,0.0,1.262,1.189,0.869,0.892,0.949,1.004,0.0,0.0,0.0,0.0,7.173,0.0,0.12,29.541,58.973,0.0
2018-09-09 20:45:00,0.969,0.0,0.0,0.0,1.261,1.141,0.871,0.852,0.953,0.965,0.0,0.0,0.0,0.0,7.011,0.0,0.12,29.543,59.27,0.0
2018-09-09 21:00:00,1.022,0.0,0.0,0.0,1.261,1.201,0.869,0.904,0.951,1.017,0.0,0.0,0.0,0.0,7.226,0.0,0.12,29.556,59.501,0.0
2018-09-09 21:15:00,0.999,0.0,0.0,0.0,1.273,1.181,0.872,0.875,0.959,0.994,0.0,0.0,0.0,0.0,7.154,0.0,0.12,29.55,59.155,0.0
2018-09-09 21:30:00,1.007,0.0,0.0,0.0,1.265,1.188,0.864,0.884,0.951,1.003,0.0,0.0,0.0,0.0,7.161,0.0,0.12,29.555,59.204,0.0
2018-09-09 21:45:00,0.965,0.0,0.0,0.0,1.261,1.145,0.859,0.84,0.947,0.963,0.0,0.0,0.0,0.0,6.979,0.0,0.117,29.572,59.283,0.0
2018-09-09 22:00:00,1.025,0.0,0.0,0.0,1.287,1.209,0.879,0.899,0.968,1.021,0.0,0.0,0.0,0.0,7.29,0.0,0.12,29.575,59.343,0.0
2018-09-09 22:15:00,1.049,0.0,0.0,0.0,1.264,1.226,0.865,0.923,0.955,1.043,0.0,0.0,0.0,0.0,7.324,0.0,0.117,29.572,59.394,0.0
2018-09-09 22:30:00,0.981,0.0,0.0,0.0,1.259,1.155,0.862,0.854,0.95,0.979,0.0,0.0,0.0,0.0,7.04,0.0,0.121,29.563,59.452,0.0
2018-09-09 22:45:00,0.993,0.0,0.0,0.0,1.259,1.169,0.859,0.866,0.949,0.988,0.0,0.0,0.0,0.0,7.083,0.0,0.117,29.574,59.417,0.0
2018-09-09 23:00:00,1.045,0.015,0.0,0.0,1.273,1.229,0.864,0.917,0.958,1.041,0.0,0.0,0.0,0.0,7.342,0.0,0.117,29.571,59.391,0.0
2018-09-09 23:15:00,0.405,0.805,0.543,0.603,1.184,0.62,0.803,0.35,0.892,0.403,0.0,0.0,0.0,0.0,6.608,0.0,0.12,29.573,59.383,0.0
2018-09-09 23:30:00,0.688,1.131,0.871,0.953,0.0,0.896,0.0,0.601,0.0,0.686,0.0,0.0,0.0,0.0,5.826,0.0,0.121,29.568,59.4,0.0
2018-09-09 23:45:00,1.041,1.169,0.909,0.99,0.0,1.233,0.0,0.91,0.0,1.036,0.0,0.0,0.0,0.0,7.287,0.0,0.12,29.563,59.406,0.0
2018-09-10 00:00:00,1.022,1.139,0.882,0.965,0.0,1.209,0.0,0.894,0.0,1.019,0.0,0.0,0.0,0.0,7.131,0.0,0.12,29.566,59.406,0.0
2018-09-10 00:15:00,1.04,1.113,0.861,0.946,0.0,1.224,0.0,0.911,0.0,1.036,0.0,0.0,0.0,0.0,7.131,0.0,0.12,29.578,59.379,0.0
2018-09-10 00:30:00,1.016,1.077,0.833,0.914,0.0,1.196,0.0,0.891,0.0,1.013,0.0,0.0,0.0,0.0,6.939,0.0,0.117,29.583,59.333,0.0
2018-09-10 00:45:00,1.042,1.099,0.853,0.934,0.0,1.223,0.0,0.913,0.0,1.037,0.0,0.0,0.0,0.0,7.101,0.0,0.117,29.575,59.313,0.0
2018-09-10 01:00:00,0.815,1.091,0.842,0.925,0.0,1.007,0.0,0.71,0.0,0.812,0.0,0.0,0.0,0.0,6.201,0.0,0.119,29.566,59.29,0.0
2018-09-10 01:15:00,0.849,1.093,0.838,0.923,0.0,1.043,0.0,0.742,0.0,0.847,0.0,0.0,0.0,0.0,6.335,0.0,0.119,29.573,59.227,0.0
2018-09-10 01:30:00,1.029,1.097,0.839,0.924,0.0,1.217,0.0,0.907,0.0,1.027,0.0,0.0,0.0,0.0,7.04,0.0,0.119,29.579,59.207,0.0
2018-09-10 01:45:00,1.021,1.105,0.844,0.927,0.0,1.206,0.0,0.896,0.0,1.017,0.0,0.0,0.0,0.0,7.017,0.0,0.12,29.569,59.207,0.0
2018-09-10 02:00:00,1.009,1.121,0.854,0.941,0.0,1.193,0.0,0.885,0.0,1.005,0.0,0.0,0.0,0.0,7.008,0.0,0.121,29.572,59.164,0.0
2018-09-10 02:15:00,1.005,1.129,0.865,0.95,0.0,1.191,0.0,0.881,0.0,1.003,0.0,0.0,0.0,0.0,7.024,0.0,0.12,29.581,59.368,0.0
2018-09-10 02:30:00,0.709,1.101,0.835,0.923,0.0,0.91,0.0,0.621,0.0,0.707,0.0,0.0,0.0,0.0,5.806,0.0,0.117,29.598,59.014,0.0
2018-09-10 02:45:00,0.967,1.093,0.825,0.915,0.0,1.161,0.0,0.849,0.0,0.963,0.0,0.0,0.0,0.0,6.773,0.0,0.114,29.602,59.01,0.0
2018-09-10 03:00:00,1.027,1.087,0.819,0.909,0.0,1.215,0.0,0.902,0.0,1.025,0.0,0.0,0.0,0.0,6.985,0.0,0.121,29.593,58.975,0.0
2018-09-10 03:15:00,1.027,1.101,0.831,0.922,0.0,1.215,0.0,0.899,0.0,1.019,0.0,0.0,0.0,0.0,7.014,0.0,0.12,29.584,58.963,0.0
2018-09-10 03:30:00,1.02,1.104,0.835,0.925,0.0,1.205,0.0,0.892,0.0,1.016,0.0,0.0,0.0,0.0,6.996,0.0,0.113,29.584,58.939,0.0
2018-09-10 03:45:00,1.038,1.093,0.825,0.916,0.0,1.225,0.0,0.909,0.0,1.034,0.0,0.0,0.0,0.0,7.039,0.0,0.12,29.607,58.873,0.0
2018-09-10 04:00:00,1.025,1.07,0.803,0.898,0.0,1.207,0.0,0.896,0.0,1.021,0.0,0.0,0.0,0.0,6.919,0.0,0.117,29.593,58.872,0.0
2018-09-10 04:15:00,1.049,1.102,0.837,0.929,0.0,1.233,0.0,0.925,0.0,1.047,0.0,0.0,0.0,0.0,7.122,0.0,0.121,29.573,58.82,0.0
2018-09-10 04:30:00,1.055,1.093,0.829,0.921,0.0,1.238,0.0,0.927,0.0,1.05,0.0,0.0,0.0,0.0,7.114,0.0,0.12,29.573,58.804,0.0
2018-09-10 04:45:00,1.027,1.097,0.833,0.925,0.0,1.21,0.0,0.903,0.0,1.023,0.0,0.0,0.0,0.0,7.019,0.0,0.12,29.58,58.708,0.0
2018-09-10 05:00:00,0.502,1.119,0.855,0.944,0.0,0.705,0.0,0.438,0.0,0.501,0.0,0.0,0.0,0.0,5.063,0.0,0.117,29.573,58.658,0.0
2018-09-10 05:15:00,0.488,1.121,0.853,0.941,0.832,0.703,0.49,0.427,0.548,0.486,0.0,0.0,0.0,0.0,6.889,0.0,0.12,29.589,58.641,0.0
2018-09-10 05:30:00,0.145,1.121,0.855,0.94,1.283,0.378,0.86,0.125,0.955,0.144,0.0,0.0,0.0,0.0,6.806,0.0,0.12,29.584,58.607,0.0
2018-09-10 05:45:00,0.262,1.122,0.861,0.947,1.269,0.487,0.861,0.227,0.958,0.261,0.0,0.0,0.0,0.0,7.256,0.0,0.117,29.577,58.629,0.0
2018-09-10 06:00:00,0.129,1.109,0.856,0.941,1.261,0.36,0.861,0.112,0.955,0.128,0.0,0.0,0.0,0.0,6.712,0.0,0.12,29.577,58.602,0.0
2018-09-10 06:15:00,0.24,1.097,0.843,0.933,1.245,0.462,0.847,0.206,0.949,0.238,0.0,0.0,0.0,0.0,7.061,0.0,0.12,29.57,58.562,0.067
2018-09-10 06:30:00,0.247,1.115,0.862,0.959,1.272,0.471,0.872,0.213,0.981,0.247,0.0,0.0,0.0,0.0,7.239,0.351,0.181,29.566,58.454,37.733
2018-09-10 06:45:00,0.119,1.122,0.863,0.97,1.265,0.347,0.862,0.101,0.977,0.117,0.0,0.0,0.0,0.0,6.744,0.018,0.186,29.577,58.397,3.667
2018-09-10 07:00:00,0.251,1.115,0.855,0.959,1.255,0.471,0.847,0.211,0.964,0.249,0.0,0.0,0.0,0.0,7.177,0.335,0.284,29.607,57.86,3.0
2018-09-10 07:15:00,0.243,1.103,0.837,0.949,1.27,0.467,0.853,0.205,0.977,0.243,0.0,0.0,0.0,0.0,7.147,0.36,0.22,29.635,57.965,3.0
2018-09-10 07:30:00,1.432,1.119,0.845,0.961,1.259,0.347,0.843,0.098,0.969,0.117,0.0,0.0,0.0,0.0,7.991,0.362,0.22,29.643,58.129,18.267
2018-09-10 07:45:00,4.589,1.155,0.879,0.999,1.294,0.928,0.877,0.619,1.004,0.742,0.0,0.0,0.0,0.0,13.086,1.131,0.35,29.238,59.686,105.4
2018-09-10 08:00:00,4.813,1.173,0.907,1.02,1.305,1.153,0.897,0.835,1.019,0.988,0.0,0.0,0.0,0.0,14.11,1.682,0.443,28.869,59.79,104.867
2018-09-10 08:15:00,4.967,1.182,0.915,1.035,1.319,1.31,0.905,0.991,1.035,1.139,0.0,0.0,0.0,0.0,14.799,1.68,0.557,28.813,59.153,105.0
2018-09-10 08:30:00,4.933,1.201,0.927,1.046,1.322,1.27,0.907,0.954,1.033,1.096,0.0,0.0,0.0,0.0,14.689,1.794,0.415,28.865,59.393,105.6
2018-09-10 08:45:00,4.965,1.204,0.925,1.049,1.331,1.293,0.909,0.971,1.041,1.118,0.0,0.0,0.0,0.0,14.805,1.719,0.449,28.945,60.854,105.933
2018-09-10 09:00:00,4.917,1.16,0.885,1.012,1.304,1.255,0.885,0.937,1.02,1.087,0.0,0.0,0.0,0.0,14.461,1.713,0.457,28.741,61.215,105.154
2018-09-10 09:15:00,5.146,1.175,0.896,1.021,1.325,1.304,0.899,0.977,1.034,1.128,0.0,0.0,0.0,0.194,15.099,1.803,0.451,28.329,59.315,106.333
2018-09-10 09:30:00,6.239,1.191,0.917,1.035,1.319,1.298,0.899,0.976,1.027,1.12,0.0,0.0,0.0,1.275,17.295,2.055,0.486,28.316,60.318,105.733
2018-09-10 09:45:00,6.277,1.193,0.917,1.038,1.345,1.283,0.929,0.961,1.057,1.109,0.0,0.0,0.0,1.339,17.448,2.053,0.443,28.381,60.676,105.533
2018-09-10 10:00:00,6.308,1.189,0.915,1.036,1.348,1.293,0.932,0.971,1.059,1.118,0.0,0.0,0.0,1.356,17.525,2.042,0.477,28.347,58.778,104.933
2018-09-10 10:15:00,6.359,1.225,0.942,1.061,1.364,1.317,0.931,0.985,1.062,1.132,0.0,0.0,0.0,1.379,17.757,2.086,0.462,28.171,59.303,105.0
2018-09-10 10:30:00,6.337,1.241,0.961,1.079,1.355,1.301,0.93,0.974,1.059,1.123,0.0,0.0,0.0,1.372,17.733,2.093,0.737,28.253,61.205,105.0
2018-09-10 10:45:00,6.269,1.221,0.94,1.059,1.339,1.233,0.913,0.904,1.042,1.056,0.0,0.0,0.0,1.37,17.346,2.095,0.647,28.311,58.91,104.778
2018-09-10 11:00:00,6.248,1.213,0.931,1.051,1.33,1.195,0.903,0.868,1.033,1.022,0.0,0.0,0.0,1.361,17.155,2.093,0.665,28.001,60.007,105.0
2018-09-10 11:15:00,5.4,1.208,0.921,1.045,1.331,1.184,0.902,0.85,1.034,1.007,0.0,0.0,0.0,0.526,15.408,1.893,0.627,28.269,63.115,105.0
2018-09-10 11:30:00,4.055,1.169,0.887,1.01,1.334,0.241,0.903,0.167,1.034,0.199,0.0,0.0,0.0,0.0,10.999,1.74,0.569,28.244,62.946,105.0
2018-09-10 11:45:00,3.856,1.167,0.884,1.011,1.318,0.01,0.889,0.0,1.027,0.0,0.0,0.0,0.0,0.0,10.161,1.736,0.552,27.741,60.122,105.25
2018-09-10 12:00:00,3.857,1.181,0.897,1.027,1.33,0.01,0.896,0.0,1.037,0.0,0.0,0.0,0.0,0.0,10.235,1.741,0.579,27.643,60.113,105.733
2018-09-10 12:15:00,3.845,1.183,0.893,1.026,1.333,0.01,0.896,0.0,1.039,0.0,0.0,0.0,0.0,0.0,10.224,1.747,0.467,27.608,59.756,105.733
2018-09-10 12:30:00,3.845,1.201,0.914,1.041,1.367,0.01,0.928,0.0,1.066,0.0,0.0,0.0,0.0,0.0,10.373,1.745,0.471,27.618,59.657,106.0
2018-09-10 12:45:00,3.841,1.203,0.92,1.045,1.351,0.01,0.92,0.0,1.055,0.0,0.0,0.0,0.0,0.0,10.344,1.74,0.497,27.642,59.656,106.0
2018-09-10 13:00:00,3.827,1.201,0.923,1.045,1.356,0.01,0.935,0.0,1.064,0.0,0.0,0.0,0.0,0.0,10.361,1.727,0.627,27.629,59.185,104.933
2018-09-10 13:15:00,3.829,1.18,0.909,1.03,1.332,0.01,0.92,0.0,1.048,0.0,0.0,0.0,0.0,0.0,10.257,1.689,0.499,27.648,59.959,104.467
2018-09-10 13:30:00,3.842,1.181,0.911,1.029,1.349,0.01,0.929,0.0,1.057,0.0,0.0,0.0,0.0,0.0,10.308,1.763,0.731,28.107,64.089,105.0
2018-09-10 13:45:00,5.045,1.173,0.901,1.017,1.328,0.01,0.914,0.0,1.041,0.0,0.0,0.0,0.0,1.211,12.639,2.06,0.744,28.192,62.254,105.0
2018-09-10 14:00:00,5.175,1.188,0.911,1.033,1.343,0.01,0.926,0.0,1.053,0.0,0.0,0.0,0.0,1.349,12.989,2.055,0.724,27.754,60.251,104.0
2018-09-10 14:15:00,5.213,1.181,0.903,1.024,1.354,0.01,0.93,0.0,1.06,0.0,0.0,0.0,0.0,1.383,13.058,2.059,0.656,27.661,59.509,104.933
2018-09-10 14:30:00,5.201,1.197,0.921,1.041,1.345,0.01,0.928,0.0,1.053,0.0,0.0,0.0,0.0,1.379,13.075,2.059,0.836,27.645,59.719,104.333
2018-09-10 14:45:00,5.209,1.208,0.932,1.05,1.356,0.01,0.94,0.0,1.061,0.0,0.0,0.0,0.0,1.383,13.149,2.059,0.791,27.746,60.426,104.8
2018-09-10 15:00:00,5.214,1.215,0.941,1.057,1.371,0.01,0.953,0.0,1.077,0.0,0.0,0.0,0.0,1.383,13.222,1.843,0.831,27.825,60.434,104.133
2018-09-10 15:15:00,5.238,1.207,0.933,1.05,1.371,0.01,0.949,0.0,1.073,0.0,0.0,0.0,0.0,1.401,13.233,1.712,0.715,27.811,60.146,104.667
2018-09-10 15:30:00,5.201,1.21,0.931,1.05,1.357,0.01,0.932,0.0,1.058,0.0,0.0,0.0,0.0,1.381,13.129,1.719,0.609,27.782,59.748,104.556
2018-09-10 15:45:00,5.223,1.201,0.919,1.041,1.357,0.01,0.93,0.0,1.056,0.0,0.0,0.0,0.0,1.386,13.122,1.726,0.72,27.683,59.119,104.0
2018-09-10 16:00:00,5.243,1.207,0.925,1.045,1.371,0.01,0.939,0.0,1.069,0.0,0.0,0.0,0.0,1.401,13.21,1.733,0.727,27.533,58.927,104.692
2018-09-10 16:15:00,5.23,1.205,0.923,1.044,1.358,0.01,0.929,0.0,1.057,0.0,0.0,0.0,0.0,1.393,13.149,1.625,0.645,27.514,59.296,105.0
2018-09-10 16:30:00,4.193,1.207,0.921,1.043,1.365,0.01,0.931,0.0,1.063,0.0,0.0,0.0,0.0,0.35,11.083,1.601,0.524,27.668,60.573,105.067
2018-09-10 16:45:00,3.06,1.181,0.896,1.027,1.335,0.01,0.91,0.0,1.046,0.0,0.0,0.0,0.0,0.0,9.465,1.549,0.501,27.967,63.221,104.067
2018-09-10 17:00:00,0.0,1.117,0.831,0.963,1.328,0.01,0.892,0.0,1.031,0.0,0.0,0.0,0.0,0.0,6.173,1.551,0.475,27.877,60.705,73.8
2018-09-10 17:15:00,0.411,0.177,0.0,0.0,1.237,0.54,0.799,0.335,0.939,0.409,0.0,0.0,0.0,0.0,4.847,1.195,0.302,27.914,60.455,3.0
2018-09-10 17:30:00,0.99,0.0,0.0,0.0,1.26,1.161,0.823,0.822,0.959,0.985,0.0,0.0,0.0,0.0,7.0,1.688,0.299,28.32,59.598,37.308
2018-09-10 17:45:00,0.987,0.0,0.0,0.0,1.263,1.157,0.821,0.82,0.959,0.983,0.0,0.0,0.0,0.0,6.989,2.098,0.285,28.298,59.728,12.867
2018-09-10 18:00:00,1.018,0.0,0.0,0.0,1.283,1.19,0.841,0.856,0.977,1.013,0.0,0.0,0.0,0.0,7.178,1.596,0.281,28.422,59.497,3.0
2018-09-10 18:15:00,1.021,0.0,0.0,0.0,1.279,1.194,0.846,0.869,0.971,1.016,0.0,0.0,0.0,0.0,7.196,1.706,0.277,28.517,59.211,3.0
2018-09-10 18:30:00,1.015,0.0,0.0,0.0,1.275,1.192,0.842,0.869,0.961,1.01,0.0,0.0,0.0,0.0,7.165,1.709,0.334,28.6,59.186,3.0
2018-09-10 18:45:00,1.032,0.0,0.0,0.0,1.279,1.215,0.851,0.893,0.961,1.027,0.0,0.0,0.0,0.0,7.257,1.713,0.174,28.625,58.918,3.0
2018-09-10 19:00:00,1.031,0.0,0.0,0.0,1.295,1.215,0.86,0.888,0.975,1.027,0.0,0.0,0.0,0.0,7.29,1.515,0.133,28.639,58.91,3.0
2018-09-10 19:15:00,0.995,0.0,0.0,0.0,1.277,1.178,0.845,0.857,0.957,0.991,0.0,0.0,0.0,0.0,7.1,0.89,0.13,28.664,59.068,3.0
2018-09-10 19:30:00,0.983,0.0,0.0,0.0,1.273,1.157,0.852,0.843,0.961,0.978,0.0,0.0,0.0,0.0,7.048,0.871,0.165,28.684,58.671,3.0
2018-09-10 19:45:00,1.041,0.0,0.0,0.0,1.281,1.219,0.863,0.904,0.971,1.035,0.0,0.0,0.0,0.0,7.315,0.862,0.128,28.71,58.564,3.0
2018-09-10 20:00:00,1.044,0.0,0.0,0.0,1.267,1.223,0.853,0.911,0.961,1.039,0.0,0.0,0.0,0.0,7.299,0.845,0.089,28.747,58.539,1.4
2018-09-10 20:15:00,1.015,0.0,0.0,0.0,1.274,1.196,0.859,0.886,0.961,1.013,0.0,0.0,0.0,0.0,7.204,0.0,0.07,28.759,58.467,0.0
2018-09-10 20:30:00,1.027,0.0,0.0,0.0,1.279,1.214,0.86,0.899,0.963,1.023,0.0,0.0,0.0,0.0,7.265,0.0,0.07,28.773,58.426,0.0
2018-09-10 20:45:00,1.037,0.0,0.0,0.0,1.267,1.222,0.854,0.911,0.955,1.033,0.0,0.0,0.0,0.0,7.279,0.0,0.064,28.786,58.412,0.0
2018-09-10 21:00:00,1.027,0.0,0.0,0.0,1.287,1.212,0.869,0.901,0.969,1.023,0.0,0.0,0.0,0.0,7.288,0.0,0.034,28.796,58.41,0.0
2018-09-10 21:15:00,1.025,0.0,0.0,0.0,1.257,1.215,0.836,0.897,0.939,1.021,0.0,0.0,0.0,0.0,7.189,0.0,0.031,28.792,58.474,0.0
2018-09-10 21:30:00,1.001,0.0,0.0,0.0,1.254,1.189,0.832,0.871,0.933,0.996,0.0,0.0,0.0,0.0,7.075,0.0,0.033,28.818,58.443,0.0
2018-09-10 21:45:00,0.975,0.0,0.0,0.0,1.241,1.16,0.814,0.839,0.92,0.97,0.0,0.0,0.0,0.0,6.919,0.0,0.053,28.828,58.476,0.0
2018-09-10 22:00:00,1.004,0.0,0.0,0.0,1.232,1.189,0.815,0.875,0.919,1.0,0.0,0.0,0.0,0.0,7.035,0.0,0.07,28.833,58.464,0.0
2018-09-10 22:15:00,0.993,0.0,0.0,0.0,1.233,1.171,0.822,0.861,0.923,0.985,0.0,0.0,0.0,0.0,6.987,0.0,0.07,28.84,58.508,0.0
2018-09-10 22:30:00,1.0,0.0,0.0,0.0,1.227,1.18,0.812,0.868,0.918,0.994,0.0,0.0,0.0,0.0,6.999,0.0,0.07,28.851,58.468,0.0
2018-09-10 22:45:00,1.009,0.0,0.0,0.0,1.239,1.193,0.821,0.878,0.922,1.005,0.0,0.0,0.0,0.0,7.067,0.0,0.07,28.865,58.431,0.0
2018-09-10 23:00:00,1.009,0.019,0.0,0.0,1.232,1.192,0.825,0.881,0.924,1.007,0.0,0.0,0.0,0.0,7.089,0.0,0.07,28.897,58.337,0.0
2018-09-10 23:15:00,0.225,1.003,0.735,0.817,1.143,0.451,0.775,0.197,0.865,0.224,0.0,0.0,0.0,0.0,6.435,0.0,0.07,28.9,58.345,0.0
2018-09-10 23:30:00,0.723,1.131,0.864,0.96,0.0,0.925,0.0,0.631,0.0,0.721,0.0,0.0,0.0,0.0,5.955,0.0,0.07,28.905,58.355,0.0
2018-09-10 23:45:00,1.038,1.133,0.869,0.964,0.0,1.223,0.0,0.905,0.0,1.033,0.0,0.0,0.0,0.0,7.167,0.0,0.07,28.927,58.391,0.0
2018-09-11 00:00:00,1.028,1.134,0.87,0.967,0.0,1.213,0.0,0.898,0.0,1.025,0.0,0.0,0.0,0.0,7.135,0.0,0.07,28.947,58.404,0.0
2018-09-11 00:15:00,1.031,1.101,0.835,0.934,0.0,1.212,0.0,0.9,0.0,1.028,0.0,0.0,0.0,0.0,7.041,0.0,0.071,28.943,58.447,0.0
2018-09-11 00:30:00,1.031,1.113,0.843,0.943,0.0,1.212,0.0,0.898,0.0,1.027,0.0,0.0,0.0,0.0,7.067,0.0,0.07,28.946,58.491,0.0
2018-09-11 00:45:00,1.033,1.103,0.835,0.929,0.0,1.22,0.0,0.899,0.0,1.031,0.0,0.0,0.0,0.0,7.051,0.0,0.07,28.96,58.485,0.0
2018-09-11 01:00:00,1.019,1.102,0.838,0.929,0.0,1.202,0.0,0.885,0.0,1.014,0.0,0.0,0.0,0.0,6.989,0.0,0.07,28.985,58.469,0.0
2018-09-11 01:15:00,1.025,1.099,0.838,0.929,0.0,1.206,0.0,0.892,0.0,1.019,0.0,0.0,0.0,0.0,7.008,0.0,0.07,29.038,58.457,0.0
2018-09-11 01:30:00,1.008,1.104,0.841,0.933,0.0,1.192,0.0,0.877,0.0,1.005,0.0,0.0,0.0,0.0,6.961,0.0,0.07,29.073,58.454,0.0
2018-09-11 01:45:00,0.977,1.103,0.839,0.933,0.0,1.16,0.0,0.839,0.0,0.973,0.0,0.0,0.0,0.0,6.823,0.0,0.07,29.327,58.497,0.0
2018-09-11 02:00:00,0.967,1.094,0.827,0.923,0.0,1.148,0.0,0.831,0.0,0.963,0.0,0.0,0.0,0.0,6.753,0.0,0.07,29.608,58.535,0.0
2018-09-11 02:15:00,0.934,1.089,0.823,0.919,0.0,1.117,0.0,0.799,0.0,0.931,0.0,0.0,0.0,0.0,6.612,0.0,0.07,29.708,58.695,0.0
2018-09-11 02:30:00,0.93,1.075,0.803,0.901,0.0,1.114,0.0,0.79,0.0,0.925,0.0,0.0,0.0,0.0,6.539,0.0,0.037,29.667,58.801,0.0
2018-09-11 02:45:00,0.944,1.079,0.796,0.896,0.0,1.14,0.0,0.799,0.0,0.94,0.0,0.0,0.0,0.0,6.594,0.0,0.036,29.707,58.931,0.0
2018-09-11 03:00:00,0.584,1.059,0.779,0.877,0.0,0.796,0.0,0.494,0.0,0.581,0.0,0.0,0.0,0.0,5.171,0.0,0.035,29.753,59.063,0.0
2018-09-11 03:15:00,0.955,1.071,0.789,0.888,0.0,1.159,0.0,0.815,0.0,0.951,0.0,0.0,0.0,0.0,6.629,0.0,0.041,29.733,59.533,0.0
2018-09-11 03:30:00,0.968,1.07,0.785,0.885,0.0,1.17,0.0,0.825,0.0,0.965,0.0,0.0,0.0,0.0,6.668,0.0,0.074,29.747,59.747,0.0
2018-09-11 03:45:00,0.961,1.075,0.787,0.888,0.0,1.16,0.0,0.818,0.0,0.957,0.0,0.0,0.0,0.0,6.646,0.0,0.07,29.415,59.74,0.0
2018-09-11 04:00:00,0.973,1.079,0.794,0.894,0.0,1.172,0.0,0.833,0.0,0.97,0.0,0.0,0.0,0.0,6.716,0.0,0.07,29.119,59.54,0.0
2018-09-11 04:15:00,0.972,1.079,0.793,0.895,0.0,1.169,0.0,0.832,0.0,0.97,0.0,0.0,0.0,0.0,6.711,0.0,0.061,29.12,59.58,0.0
2018-09-11 04:30:00,0.983,1.088,0.807,0.905,0.0,1.179,0.0,0.841,0.0,0.98,0.0,0.0,0.0,0.0,6.785,0.0,0.036,29.109,59.122,0.0
2018-09-11 04:45:00,0.979,1.084,0.802,0.901,0.0,1.175,0.0,0.842,0.0,0.977,0.0,0.0,0.0,0.0,6.761,0.0,0.035,29.105,59.409,0.0
2018-09-11 05:00:00,0.603,1.123,0.84,0.937,0.0,0.811,0.0,0.514,0.0,0.601,0.0,0.0,0.0,0.0,5.428,0.0,0.035,29.107,59.673,0.0
2018-09-11 05:15:00,0.265,1.097,0.818,0.913,0.844,0.492,0.483,0.225,0.55,0.264,0.0,0.0,0.0,0.0,5.952,0.0,0.06,29.115,59.473,0.0
2018-09-11 05:30:00,0.321,1.117,0.837,0.934,1.292,0.547,0.85,0.271,0.957,0.317,0.0,0.0,0.0,0.0,7.441,0.0,0.07,29.117,59.373,0.0
2018-09-11 05:45:00,0.257,1.111,0.829,0.926,1.269,0.487,0.831,0.215,0.94,0.257,0.0,0.0,0.0,0.0,7.123,0.0,0.07,29.113,59.487,0.0
2018-09-11 06:00:00,0.169,1.092,0.81,0.907,1.259,0.401,0.823,0.141,0.929,0.168,0.0,0.0,0.0,0.0,6.699,0.0,0.07,29.119,59.034,0.0
2018-09-11 06:15:00,0.19,1.111,0.831,0.931,1.27,0.42,0.837,0.158,0.949,0.188,0.0,0.0,0.0,0.0,6.884,0.0,0.07,29.105,58.931,0.0
2018-09-11 06:30:00,0.236,1.111,0.833,0.939,1.28,0.464,0.848,0.196,0.962,0.235,0.0,0.0,0.0,0.0,7.104,0.0,0.07,29.111,58.883,4.533
2018-09-11 06:45:00,0.224,1.109,0.832,0.942,1.263,0.448,0.839,0.185,0.958,0.223,0.0,0.0,0.0,0.0,7.023,0.368,0.149,29.149,59.049,46.933
2018-09-11 07:00:00,0.184,1.113,0.835,0.947,1.268,0.412,0.842,0.153,0.961,0.184,0.0,0.0,0.0,0.0,6.899,0.36,0.071,29.2,59.041,3.0
2018-09-11 07:15:00,0.189,1.125,0.849,0.963,1.299,0.417,0.87,0.156,0.995,0.187,0.0,0.0,0.0,0.0,7.051,0.36,0.071,29.229,59.21,14.133
2018-09-11 07:30:00,1.597,1.126,0.838,0.959,1.295,0.557,0.85,0.276,0.98,0.334,0.0,0.0,0.0,0.0,8.812,0.99,0.125,29.239,59.509,101.6
2018-09-11 07:45:00,4.611,1.144,0.863,0.982,1.301,0.961,0.871,0.639,0.991,0.761,0.0,0.0,0.0,0.0,13.127,1.549,0.367,28.979,60.351,103.6
2018-09-11 08:00:00,4.887,1.147,0.876,0.995,1.307,1.229,0.89,0.902,1.009,1.052,0.0,0.0,0.0,0.0,14.293,1.684,0.47,28.787,61.469,103.0
2018-09-11 08:15:00,4.913,1.166,0.893,1.014,1.325,1.257,0.9,0.927,1.021,1.077,0.0,0.0,0.0,0.0,14.493,1.695,0.381,28.736,60.824,103.0
2018-09-11 08:30:00,4.861,1.147,0.875,0.999,1.313,1.21,0.893,0.885,1.016,1.039,0.0,0.0,0.0,0.0,14.237,1.753,0.401,28.509,58.434,103.0
2018-09-11 08:45:00,4.869,1.149,0.876,0.998,1.316,1.205,0.897,0.879,1.017,1.033,0.0,0.0,0.0,0.0,14.239,2.039,0.339,28.455,57.492,103.667
2018-09-11 09:00:00,4.877,1.154,0.877,1.004,1.307,1.199,0.881,0.867,1.007,1.025,0.0,0.0,0.0,0.0,14.198,2.061,0.367,28.535,57.733,104.933
2018-09-11 09:15:00,4.979,1.159,0.87,1.001,1.344,1.229,0.905,0.881,1.033,1.047,0.0,0.0,0.0,0.094,14.543,2.094,0.401,28.534,57.279,105.0
2018-09-11 09:30:00,6.143,1.163,0.881,1.007,1.324,1.211,0.896,0.875,1.017,1.033,0.0,0.0,0.0,1.271,16.821,2.088,0.477,28.359,56.263,104.8
2018-09-11 09:45:00,5.604,1.167,0.887,1.015,1.323,1.202,0.897,0.869,1.024,1.027,0.0,0.0,0.0,0.737,15.751,1.939,0.627,27.931,56.448,104.8
2018-09-11 10:00:00,4.663,1.17,0.893,1.024,1.323,1.011,0.897,0.697,1.027,0.826,0.0,0.0,0.0,0.0,13.53,1.719,0.635,27.807,56.371,105.0
2018-09-11 10:15:00,4.882,1.169,0.896,1.025,1.344,1.219,0.915,0.879,1.047,1.043,0.0,0.0,0.0,0.0,14.419,1.714,0.557,27.868,57.403,104.615
2018-09-11 10:30:00,4.661,1.179,0.902,1.031,1.333,1.011,0.911,0.701,1.037,0.827,0.0,0.0,0.0,0.0,13.593,1.709,0.529,28.039,57.633,104.667
2018-09-11 10:45:00,4.886,1.189,0.917,1.046,1.348,1.227,0.93,0.899,1.055,1.054,0.0,0.0,0.0,0.0,14.551,1.702,0.442,27.872,56.835,105.0
2018-09-11 11:00:00,4.711,1.189,0.919,1.044,1.343,1.054,0.924,0.743,1.049,0.873,0.0,0.0,0.0,0.0,13.849,1.703,0.457,27.71,56.663,105.0
2018-09-11 11:15:00,3.836,1.179,0.909,1.034,1.351,0.238,0.928,0.0,1.055,0.0,0.0,0.0,0.0,0.0,10.53,1.697,0.476,27.676,57.15,105.0
2018-09-11 11:30:00,3.849,1.205,0.933,1.063,1.359,0.04,0.939,0.0,1.065,0.0,0.0,0.0,0.0,0.0,10.453,1.705,0.397,27.659,56.811,105.0
2018-09-11 11:45:00,3.861,1.219,0.941,1.073,1.369,0.01,0.941,0.0,1.071,0.0,0.0,0.0,0.0,0.0,10.485,1.731,0.442,27.59,56.455,105.462
2018-09-11 12:00:00,3.848,1.215,0.933,1.066,1.385,0.01,0.945,0.0,1.077,0.0,0.0,0.0,0.0,0.0,10.479,1.753,0.445,27.544,56.115,105.933
2018-09-11 12:15:00,3.848,1.212,0.928,1.059,1.369,0.01,0.935,0.0,1.061,0.0,0.0,0.0,0.0,0.0,10.422,1.741,0.449,27.638,56.849,106.0
2018-09-11 12:30:00,3.839,1.214,0.927,1.057,1.372,0.01,0.939,0.0,1.064,0.0,0.0,0.0,0.0,0.0,10.421,1.742,0.445,28.173,58.616,105.267
2018-09-11 12:45:00,3.824,1.221,0.942,1.071,1.381,0.01,0.951,0.0,1.077,0.0,0.0,0.0,0.0,0.0,10.477,1.74,0.444,28.059,56.657,105.733
2018-09-11 13:00:00,3.812,1.223,0.947,1.077,1.393,0.01,0.967,0.0,1.095,0.0,0.0,0.0,0.0,0.0,10.523,1.723,0.582,27.703,55.876,104.733
2018-09-11 13:15:00,3.82,1.239,0.969,1.095,1.39,0.01,0.975,0.0,1.096,0.0,0.0,0.0,0.0,0.0,10.595,1.685,0.707,27.667,55.778,105.0
2018-09-11 13:30:00,3.823,1.228,0.956,1.08,1.377,0.01,0.961,0.0,1.081,0.0,0.0,0.0,0.0,0.0,10.517,1.695,0.537,27.843,56.618,104.733
2018-09-11 13:45:00,3.819,1.243,0.97,1.092,1.406,0.01,0.981,0.0,1.103,0.0,0.0,0.0,0.0,0.0,10.623,2.009,0.621,28.202,57.436,104.933
2018-09-11 14:00:00,0.035,1.245,0.975,1.097,1.404,0.01,0.985,0.0,1.104,0.0,0.0,0.0,0.0,0.0,6.854,1.937,0.705,28.102,55.991,103.133
2018-09-11 14:15:00,0.002,0.377,0.14,0.159,1.349,0.01,0.926,0.0,1.05,0.0,0.0,0.0,0.0,0.0,4.013,1.695,0.619,27.562,56.655,102.0
2018-09-11 14:30:00,2.826,0.472,0.221,0.251,1.341,0.01,0.918,0.0,1.042,0.0,0.0,0.0,0.0,0.0,7.082,1.696,0.744,27.435,57.122,102.0
2018-09-11 14:45:00,3.806,1.227,0.941,1.059,1.403,0.01,0.981,0.0,1.103,0.0,0.0,0.0,0.0,0.0,10.529,1.673,0.636,27.702,55.344,104.0
2018-09-11 15:00:00,3.805,1.255,0.976,1.087,1.412,0.01,0.992,0.0,1.11,0.0,0.0,0.0,0.0,0.0,10.646,1.695,0.617,27.859,56.275,104.538
2018-09-11 15:15:00,3.8,1.245,0.971,1.083,1.391,0.01,0.971,0.0,1.092,0.0,0.0,0.0,0.0,0.0,10.564,1.701,0.588,27.929,55.518,106.733
2018-09-11 15:30:00,3.797,1.259,0.984,1.099,1.427,0.01,1.003,0.0,1.125,0.0,0.0,0.0,0.0,0.0,10.704,1.884,0.693,27.934,55.331,111.0
2018-09-11 15:45:00,5.537,1.27,0.995,1.107,1.445,0.01,1.016,0.0,1.137,0.0,0.0,0.0,0.0,0.233,12.751,2.235,0.666,27.82,54.621,110.467
2018-09-11 16:00:00,11.798,1.274,1.001,1.109,1.436,0.01,1.011,0.0,1.127,0.0,0.0,0.0,0.0,1.351,20.117,2.182,0.523,27.568,54.804,111.267
2018-09-11 16:15:00,5.215,1.273,0.994,1.104,1.432,0.01,1.003,0.0,1.122,0.0,0.0,0.0,0.0,1.413,13.566,2.077,0.633,27.327,55.282,112.308
2018-09-11 16:30:00,5.231,1.233,0.957,1.068,1.397,0.01,0.971,0.0,1.091,0.0,0.0,0.0,0.0,1.421,13.379,2.079,0.745,27.528,54.716,107.308
2018-09-11 16:45:00,4.505,1.257,0.979,1.097,1.433,0.01,1.0,0.0,1.126,0.0,0.0,0.0,0.0,1.453,12.86,1.929,0.605,27.675,54.783,105.867
2018-09-11 17:00:00,0.608,1.049,0.775,0.871,1.411,0.01,0.974,0.0,1.103,0.0,0.0,0.0,0.0,0.606,7.408,1.751,0.455,27.707,53.623,59.333
2018-09-11 17:15:00,0.424,0.299,0.127,0.143,1.343,0.548,0.908,0.359,1.039,0.421,0.0,0.0,0.0,0.0,5.611,1.353,0.253,27.928,53.523,48.733
2018-09-11 17:30:00,1.118,0.0,0.0,0.0,1.334,1.295,0.902,0.95,1.033,1.113,0.0,0.0,0.0,0.0,7.745,1.403,0.24,28.304,54.671,9.933
2018-09-11 17:45:00,1.132,0.0,0.0,0.0,1.343,1.311,0.913,0.97,1.043,1.127,0.0,0.0,0.0,0.0,7.839,1.178,0.237,28.367,54.579,3.0
2018-09-11 18:00:00,1.1,0.0,0.0,0.0,1.323,1.274,0.892,0.939,1.02,1.095,0.0,0.0,0.0,0.0,7.643,1.291,0.24,28.449,54.532,3.0
2018-09-11 18:15:00,1.069,0.0,0.0,0.0,1.3,1.248,0.867,0.909,0.993,1.063,0.0,0.0,0.0,0.0,7.45,1.681,0.26,28.516,54.639,3.0
2018-09-11 18:30:00,1.082,0.0,0.0,0.0,1.309,1.266,0.875,0.927,0.999,1.079,0.0,0.0,0.0,0.0,7.537,1.682,0.161,28.581,55.275,3.0
2018-09-11 18:45:00,1.071,0.0,0.0,0.0,1.312,1.261,0.882,0.923,0.995,1.066,0.0,0.0,0.0,0.0,7.51,1.689,0.105,28.664,56.367,3.0
2018-09-11 19:00:00,1.073,0.0,0.0,0.0,1.313,1.265,0.882,0.927,0.994,1.067,0.0,0.0,0.0,0.0,7.52,1.107,0.108,28.737,56.622,3.0
2018-09-11 19:15:00,1.057,0.0,0.0,0.0,1.302,1.251,0.87,0.914,0.982,1.054,0.0,0.0,0.0,0.0,7.43,0.88,0.108,28.773,57.172,3.0
2018-09-11 19:30:00,1.015,0.0,0.0,0.0,1.319,1.208,0.882,0.867,0.994,1.011,0.0,0.0,0.0,0.0,7.296,0.883,0.109,28.778,56.657,3.0
2018-09-11 19:45:00,1.042,0.0,0.0,0.0,1.289,1.238,0.853,0.899,0.964,1.037,0.0,0.0,0.0,0.0,7.321,0.888,0.11,28.79,56.677,3.0
2018-09-11 20:00:00,1.062,0.0,0.0,0.0,1.317,1.26,0.883,0.921,0.99,1.06,0.0,0.0,0.0,0.0,7.492,0.835,0.077,28.777,56.899,0.6
2018-09-11 20:15:00,1.077,0.0,0.0,0.0,1.336,1.271,0.907,0.939,1.01,1.071,0.0,0.0,0.0,0.0,7.611,0.0,0.07,28.811,56.861,0.0
2018-09-11 20:30:00,1.04,0.0,0.0,0.0,1.319,1.236,0.894,0.906,0.995,1.037,0.0,0.0,0.0,0.0,7.427,0.017,0.07,28.757,57.392,0.0
2018-09-11 20:45:00,1.065,0.0,0.0,0.0,1.313,1.264,0.887,0.931,0.987,1.06,0.0,0.0,0.0,0.0,7.508,0.195,0.07,28.783,57.145,0.0
2018-09-11 21:00:00,1.061,0.0,0.0,0.0,1.305,1.257,0.885,0.931,0.983,1.057,0.0,0.0,0.0,0.0,7.479,0.0,0.07,28.749,57.233,0.0
2018-09-11 21:15:00,1.067,0.0,0.0,0.0,1.302,1.262,0.883,0.936,0.98,1.061,0.0,0.0,0.0,0.0,7.491,0.0,0.07,28.73,57.253,0.0
2018-09-11 21:30:00,1.075,0.0,0.0,0.0,1.305,1.275,0.879,0.943,0.98,1.072,0.0,0.0,0.0,0.0,7.531,0.0,0.07,28.745,57.366,0.0
2018-09-11 21:45:00,1.057,0.0,0.0,0.0,1.293,1.255,0.871,0.927,0.969,1.051,0.0,0.0,0.0,0.0,7.422,0.0,0.07,28.759,57.376,0.0
2018-09-11 22:00:00,1.051,0.0,0.0,0.0,1.289,1.251,0.865,0.921,0.962,1.047,0.0,0.0,0.0,0.0,7.387,0.0,0.07,28.772,57.455,0.0
2018-09-11 22:15:00,1.019,0.0,0.0,0.0,1.299,1.22,0.867,0.889,0.967,1.015,0.0,0.0,0.0,0.0,7.277,0.0,0.07,28.787,57.537,0.0
2018-09-11 22:30:00,1.013,0.0,0.0,0.0,1.283,1.212,0.857,0.881,0.956,1.01,0.0,0.0,0.0,0.0,7.211,0.0,0.071,28.804,57.627,0.0
2018-09-11 22:45:00,1.032,0.0,0.0,0.0,1.286,1.233,0.86,0.903,0.959,1.029,0.0,0.0,0.0,0.0,7.301,0.0,0.07,28.817,57.62,0.0
2018-09-11 23:00:00,1.046,0.031,0.0,0.0,1.29,1.247,0.865,0.916,0.962,1.043,0.0,0.0,0.0,0.0,7.401,0.0,0.071,28.822,57.677,0.0
2018-09-11 23:15:00,0.155,1.094,0.804,0.893,1.198,0.39,0.813,0.136,0.897,0.155,0.0,0.0,0.0,0.0,6.535,0.0,0.07,28.829,57.71,0.0
2018-09-11 23:30:00,0.759,1.161,0.87,0.969,0.0,0.97,0.0,0.657,0.0,0.755,0.0,0.0,0.0,0.0,6.14,0.0,0.07,28.838,57.731,0.0
2018-09-11 23:45:00,1.018,1.149,0.868,0.962,0.0,1.217,0.0,0.887,0.0,1.013,0.0,0.0,0.0,0.0,7.114,0.0,0.07,28.869,57.782,0.0
2018-09-12 00:00:00,1.045,1.155,0.875,0.961,0.0,1.248,0.0,0.915,0.0,1.039,0.0,0.0,0.0,0.0,7.239,0.0,0.07,28.885,57.847,0.0
2018-09-12 00:15:00,1.059,1.177,0.895,0.982,0.0,1.259,0.0,0.931,0.0,1.055,0.0,0.0,0.0,0.0,7.357,0.0,0.071,28.898,57.939,0.0
2018-09-12 00:30:00,1.053,1.169,0.885,0.972,0.0,1.253,0.0,0.925,0.0,1.049,0.0,0.0,0.0,0.0,7.305,0.0,0.07,28.906,58.066,0.0
2018-09-12 00:45:00,1.028,1.152,0.867,0.957,0.0,1.224,0.0,0.894,0.0,1.022,0.0,0.0,0.0,0.0,7.145,0.0,0.07,28.91,58.213,0.0
2018-09-12 01:00:00,1.026,1.151,0.863,0.957,0.0,1.223,0.0,0.887,0.0,1.019,0.0,0.0,0.0,0.0,7.127,0.0,0.071,28.921,58.527,0.0
2018-09-12 01:15:00,1.033,1.146,0.86,0.953,0.0,1.23,0.0,0.9,0.0,1.029,0.0,0.0,0.0,0.0,7.151,0.0,0.07,28.933,58.277,0.0
2018-09-12 01:30:00,1.025,1.141,0.855,0.947,0.0,1.223,0.0,0.888,0.0,1.019,0.0,0.0,0.0,0.0,7.098,0.0,0.07,28.958,58.121,0.0
2018-09-12 01:45:00,1.063,1.148,0.857,0.953,0.0,1.265,0.0,0.928,0.0,1.057,0.0,0.0,0.0,0.0,7.271,0.0,0.07,28.971,58.128,0.0
2018-09-12 02:00:00,1.029,1.145,0.859,0.953,0.0,1.225,0.0,0.896,0.0,1.027,0.0,0.0,0.0,0.0,7.135,0.0,0.071,28.984,58.128,0.0
2018-09-12 02:15:00,1.048,1.146,0.863,0.957,0.0,1.239,0.0,0.913,0.0,1.042,0.0,0.0,0.0,0.0,7.208,0.0,0.07,29.14,58.135,0.0
2018-09-12 02:30:00,1.071,1.151,0.867,0.965,0.0,1.26,0.0,0.938,0.0,1.064,0.0,0.0,0.0,0.0,7.315,0.0,0.07,29.213,58.193,0.0
2018-09-12 02:45:00,1.057,1.159,0.874,0.971,0.0,1.249,0.0,0.922,0.0,1.051,0.0,0.0,0.0,0.0,7.283,0.0,0.069,29.26,58.237,0.0
2018-09-12 03:00:00,1.013,1.137,0.847,0.947,0.0,1.205,0.0,0.879,0.0,1.009,0.0,0.0,0.0,0.0,7.036,0.0,0.04,29.233,58.316,0.0
2018-09-12 03:15:00,1.045,1.153,0.867,0.96,0.0,1.239,0.0,0.913,0.0,1.043,0.0,0.0,0.0,0.0,7.221,0.0,0.04,29.427,58.308,0.0
2018-09-12 03:30:00,1.043,1.142,0.85,0.949,0.0,1.237,0.0,0.909,0.0,1.039,0.0,0.0,0.0,0.0,7.17,0.0,0.04,29.627,58.326,0.0
2018-09-12 03:45:00,1.027,1.146,0.853,0.953,0.0,1.223,0.0,0.889,0.0,1.024,0.0,0.0,0.0,0.0,7.115,0.0,0.051,29.7,58.369,0.0
2018-09-12 04:00:00,1.013,1.125,0.833,0.933,0.0,1.207,0.0,0.879,0.0,1.01,0.0,0.0,0.0,0.0,7.0,0.0,0.072,29.688,58.41,0.0
2018-09-12 04:15:00,1.007,1.115,0.827,0.926,0.0,1.199,0.0,0.871,0.0,1.003,0.0,0.0,0.0,0.0,6.947,0.0,0.07,29.78,58.433,0.0
2018-09-12 04:30:00,1.041,1.123,0.834,0.935,0.0,1.232,0.0,0.902,0.0,1.034,0.0,0.0,0.0,0.0,7.101,0.0,0.07,29.86,58.429,0.0
2018-09-12 04:45:00,1.027,1.127,0.837,0.937,0.0,1.221,0.0,0.893,0.0,1.023,0.0,0.0,0.0,0.0,7.065,0.0,0.07,29.115,58.396,0.0
2018-09-12 05:00:00,0.806,1.147,0.86,0.955,0.0,1.005,0.0,0.698,0.0,0.802,0.0,0.0,0.0,0.0,6.274,0.0,0.07,29.14,58.379,0.0
2018-09-12 05:15:00,0.413,1.15,0.862,0.959,0.863,0.629,0.508,0.357,0.574,0.41,0.0,0.0,0.0,0.0,6.724,0.0,0.04,29.127,58.462,0.0
2018-09-12 05:30:00,0.155,1.141,0.847,0.947,1.309,0.389,0.871,0.131,0.981,0.153,0.0,0.0,0.0,0.0,6.925,0.0,0.039,29.115,58.564,0.0
2018-09-12 05:45:00,0.282,1.127,0.837,0.936,1.279,0.509,0.851,0.239,0.959,0.281,0.0,0.0,0.0,0.0,7.299,0.0,0.04,29.125,58.583,0.067
2018-09-12 06:00:00,0.256,1.109,0.82,0.92,1.271,0.484,0.841,0.217,0.949,0.255,0.0,0.0,0.0,0.0,7.123,0.037,0.054,29.134,58.772,72.385
2018-09-12 06:15:00,0.245,1.122,0.831,0.936,1.269,0.471,0.842,0.207,0.953,0.244,0.0,0.0,0.0,0.0,7.12,0.155,0.073,29.158,58.709,13.2
2018-09-12 06:30:00,0.151,1.116,0.824,0.931,1.277,0.383,0.845,0.125,0.96,0.149,0.0,0.0,0.0,0.0,6.76,0.199,0.116,29.2,58.592,3.0
2018-09-12 06:45:00,0.208,1.114,0.821,0.933,1.263,0.435,0.839,0.173,0.957,0.207,0.0,0.0,0.0,0.0,6.949,0.361,0.243,29.2,58.558,3.0
2018-09-12 07:00:00,0.247,1.113,0.822,0.938,1.264,0.469,0.839,0.205,0.965,0.247,0.0,0.0,0.0,0.0,7.109,0.36,0.219,29.198,58.559,3.0
2018-09-12 07:15:00,0.247,1.125,0.829,0.948,1.275,0.471,0.847,0.204,0.971,0.245,0.0,0.0,0.0,0.0,7.163,0.362,0.185,29.215,58.585,3.0
2018-09-12 07:30:00,1.505,1.129,0.825,0.945,1.288,0.464,0.843,0.193,0.973,0.235,0.0,0.0,0.0,0.0,8.4,0.375,0.177,29.238,58.757,3.0
2018-09-12 07:45:00,4.575,1.159,0.858,0.978,1.286,0.946,0.853,0.625,0.983,0.745,0.0,0.0,0.0,0.0,13.008,0.42,0.163,28.978,60.552,55.4
2018-09-12 08:00:00,4.877,1.177,0.895,1.011,1.311,1.241,0.897,0.908,1.021,1.063,0.0,0.0,0.0,0.0,14.402,0.951,0.25,28.679,62.038,104.222
2018-09-12 08:15:00,4.932,1.177,0.897,1.013,1.312,1.297,0.892,0.966,1.02,1.117,0.0,0.0,0.0,0.0,14.623,1.509,0.397,28.407,61.785,102.2
2018-09-12 08:30:00,4.904,1.169,0.888,1.006,1.299,1.278,0.886,0.953,1.015,1.103,0.0,0.0,0.0,0.0,14.5,1.502,0.479,28.314,60.792,102.533
2018-09-12 08:45:00,4.904,1.177,0.888,1.007,1.309,1.28,0.879,0.94,1.009,1.095,0.0,0.0,0.0,0.0,14.49,1.572,0.545,27.939,59.006,103.867
2018-09-12 09:00:00,4.885,1.174,0.886,1.012,1.329,1.249,0.908,0.919,1.04,1.076,0.0,0.0,0.0,0.0,14.478,1.532,0.517,27.925,60.016,102.0
2018-09-12 09:15:00,4.851,1.153,0.867,0.995,1.317,1.219,0.893,0.887,1.03,1.047,0.0,0.0,0.0,0.0,14.259,1.521,0.47,27.775,58.196,99.733
2018-09-12 09:30:00,4.167,1.156,0.865,0.997,1.305,0.56,0.882,0.296,1.022,0.353,0.0,0.0,0.005,0.0,11.609,1.654,0.457,27.625,58.28,99.0
2018-09-12 09:45:00,5.705,1.162,0.878,1.004,1.302,0.679,0.885,0.405,1.018,0.479,0.0,0.0,1.413,0.0,14.93,1.891,0.457,27.751,59.048,99.8
2018-09-12 10:00:00,5.937,1.171,0.881,1.005,1.327,0.581,0.899,0.311,1.034,0.365,0.0,0.0,1.757,0.0,15.269,1.925,0.449,27.597,58.088,100.4
2018-09-12 10:15:00,6.034,1.165,0.874,0.998,1.323,0.666,0.893,0.383,1.025,0.454,0.0,0.0,1.772,0.0,15.587,1.927,0.455,27.404,57.576,100.933
2018-09-12 10:30:00,5.961,1.17,0.88,1.005,1.306,0.613,0.885,0.339,1.017,0.402,0.0,0.0,1.749,0.0,15.329,1.904,0.461,27.347,57.532,101.0
2018-09-12 10:45:00,6.141,1.177,0.889,1.015,1.318,0.771,0.897,0.475,1.028,0.568,0.0,0.0,1.755,0.0,16.035,1.899,0.543,27.354,57.718,100.4
2018-09-12 11:00:00,4.721,1.183,0.891,1.021,1.326,0.691,0.902,0.403,1.037,0.481,0.0,0.0,0.423,0.0,13.078,1.712,0.555,27.481,58.819,100.733
2018-09-12 11:15:00,4.037,1.181,0.889,1.017,0.763,0.444,0.367,0.179,0.423,0.215,0.0,0.0,0.0,0.0,9.514,1.535,0.553,27.445,58.211,101.6
2018-09-12 11:30:00,3.821,1.179,0.885,1.013,0.658,0.055,0.268,0.0,0.309,0.0,0.0,0.0,0.0,0.0,8.189,1.555,0.556,27.323,58.042,102.0
2018-09-12 11:45:00,3.838,1.201,0.899,1.031,1.331,0.01,0.883,0.0,1.017,0.0,0.0,0.0,0.0,0.0,10.21,1.569,0.738,27.331,57.145,102.467
2018-09-12 12:00:00,3.833,1.192,0.885,1.017,1.327,0.01,0.885,0.0,1.013,0.0,0.0,0.0,0.0,0.0,10.161,1.578,0.433,27.386,57.712,101.667
2018-09-12 12:15:00,3.825,1.205,0.903,1.034,1.35,0.01,0.911,0.0,1.036,0.0,0.0,0.0,0.0,0.0,10.275,1.557,0.477,27.259,56.231,101.2
2018-09-12 12:30:00,3.819,1.208,0.903,1.032,1.35,0.01,0.914,0.0,1.037,0.0,0.0,0.0,0.0,0.0,10.273,1.555,0.516,27.239,56.274,101.0
2018-09-12 12:45:00,3.816,1.218,0.917,1.044,1.353,0.01,0.924,0.0,1.047,0.0,0.0,0.0,0.0,0.0,10.329,1.55,0.463,27.605,58.554,100.308
2018-09-12 13:00:00,3.802,1.225,0.93,1.053,1.371,0.01,0.949,0.0,1.071,0.0,0.0,0.0,0.0,0.0,10.411,1.533,0.519,27.589,58.057,100.2
2018-09-12 13:15:00,3.809,1.225,0.931,1.052,1.369,0.01,0.941,0.0,1.062,0.0,0.0,0.0,0.0,0.0,10.4,1.533,0.575,27.475,57.111,101.333
2018-09-12 13:30:00,3.801,1.225,0.931,1.054,1.364,0.01,0.941,0.0,1.063,0.0,0.0,0.0,0.007,0.0,10.397,1.711,0.762,27.565,56.521,101.2
2018-09-12 13:45:00,5.362,1.231,0.941,1.064,1.371,0.01,0.948,0.0,1.069,0.0,0.0,0.0,1.551,0.0,13.547,2.087,0.55,27.467,56.376,101.769
2018-09-12 14:00:00,5.636,1.245,0.949,1.071,1.385,0.01,0.96,0.0,1.079,0.0,0.0,0.0,1.827,0.0,14.161,2.103,0.835,27.407,56.394,101.6
2018-09-12 14:15:00,6.467,1.24,0.955,1.074,1.393,0.01,0.974,0.0,1.094,0.0,0.0,0.0,1.855,0.818,15.88,2.271,0.921,27.247,56.154,101.333
2018-09-12 14:30:00,6.979,1.244,0.96,1.076,1.38,0.01,0.967,0.0,1.083,0.0,0.0,0.0,1.833,1.356,16.889,2.403,1.109,27.287,55.969,101.4
2018-09-12 14:45:00,7.0,1.234,0.95,1.065,1.38,0.01,0.972,0.0,1.083,0.0,0.0,0.0,1.822,1.384,16.9,2.405,1.03,27.428,56.908,102.533
2018-09-12 15:00:00,5.339,1.236,0.947,1.066,1.395,0.01,0.974,0.0,1.091,0.0,0.0,0.0,0.125,1.41,13.593,2.569,0.7,27.332,57.996,107.0
2018-09-12 15:15:00,6.089,1.23,0.94,1.055,1.361,0.01,0.943,0.0,1.057,0.0,0.0,0.0,0.891,1.395,14.971,2.592,0.784,27.405,57.931,108.0
2018-09-12 15:30:00,7.023,1.229,0.941,1.054,1.368,0.01,0.952,0.0,1.063,0.0,0.0,0.0,1.817,1.398,16.854,2.593,0.664,27.487,58.763,108.533
2018-09-12 15:45:00,6.731,1.227,0.939,1.054,1.357,0.01,0.937,0.0,1.053,0.0,0.0,0.0,1.529,1.398,16.235,2.567,0.628,27.612,59.53,109.0
2018-09-12 16:00:00,5.215,1.219,0.927,1.043,1.359,0.01,0.933,0.0,1.051,0.0,0.0,0.0,0.001,1.406,13.164,2.283,0.787,,,
2018-09-12 16:15:00,5.206,1.223,0.933,1.047,1.364,0.01,0.943,0.0,1.057,0.0,0.0,0.0,0.0,1.387,13.171,2.248,0.668,,,
2018-09-12 16:30:00,5.208,1.212,0.917,1.033,1.355,0.01,0.93,0.0,1.045,0.0,0.0,0.0,0.0,1.392,13.103,2.199,0.631,,,
2018-09-12 16:45:00,4.468,1.206,0.909,1.027,0.867,0.01,0.467,0.0,0.528,0.0,0.0,0.0,0.0,1.398,10.88,2.105,0.504,,,
2018-09-12 17:00:00,4.556,0.987,0.7,0.795,1.346,0.01,0.896,0.0,1.02,0.0,0.0,0.0,0.0,1.419,11.729,2.103,0.437,,,
2018-09-12 17:15:00,5.755,0.827,0.621,0.7,1.369,0.68,0.927,0.447,1.041,0.525,0.0,0.0,0.0,1.399,14.292,2.123,0.296,,,
2018-09-12 17:30:00,5.539,0.0,0.0,0.0,1.332,1.258,0.893,0.914,1.01,1.067,0.0,0.0,0.0,0.66,12.673,1.805,0.332,,,
2018-09-12 17:45:00,4.899,0.0,0.0,0.0,1.307,1.269,0.876,0.934,0.999,1.088,0.0,0.0,0.0,0.0,11.372,1.943,0.219,,,
2018-09-12 18:00:00,4.924,0.0,0.0,0.0,1.327,1.296,0.896,0.961,1.017,1.118,0.0,0.0,0.0,0.0,11.539,2.002,0.151,,,
2018-09-12 18:15:00,4.937,0.0,0.0,0.0,1.327,1.323,0.897,0.995,1.009,1.131,0.0,0.0,0.0,0.0,11.618,1.673,0.07,,,
2018-09-12 18:30:00,4.899,0.0,0.0,0.0,1.325,1.276,0.898,0.951,1.007,1.087,0.0,0.0,0.0,0.0,11.443,1.677,0.084,,,
2018-09-12 18:45:00,4.871,0.0,0.0,0.0,1.321,1.245,0.895,0.918,1.0,1.054,0.0,0.0,0.0,0.0,11.305,1.68,0.103,,,
2018-09-12 19:00:00,4.949,0.0,0.0,0.0,1.343,1.313,0.915,0.988,1.018,1.115,0.0,0.0,0.0,0.0,11.641,1.689,0.1,,,
2018-09-12 19:15:00,4.903,0.0,0.0,0.0,1.343,1.255,0.908,0.923,1.012,1.057,0.0,0.0,0.0,0.0,11.401,1.701,0.236,,,
2018-09-12 19:30:00,4.937,0.0,0.0,0.0,1.337,1.287,0.908,0.956,1.009,1.085,0.0,0.0,0.0,0.0,11.52,1.709,0.13,,,
2018-09-12 19:45:00,1.988,0.0,0.0,0.0,1.325,1.209,0.891,0.876,0.993,1.009,0.0,0.0,0.0,0.0,8.291,1.74,0.13,,,
2018-09-12 20:00:00,0.976,0.0,0.0,0.0,1.328,1.175,0.889,0.839,0.989,0.975,0.0,0.0,0.0,0.0,7.171,1.298,0.071,,,
2018-09-12 20:15:00,0.984,0.0,0.0,0.0,1.304,1.175,0.88,0.849,0.977,0.979,0.0,0.0,0.0,0.0,7.149,0.0,0.07,,,
2018-09-12 20:30:00,0.925,0.0,0.0,0.0,1.293,1.118,0.869,0.793,0.968,0.923,0.0,0.0,0.0,0.0,6.889,0.0,0.07,,,
2018-09-12 20:45:00,0.933,0.0,0.0,0.0,1.28,1.12,0.861,0.799,0.961,0.93,0.0,0.0,0.0,0.0,6.883,0.0,0.07,,,
2018-09-12 21:00:00,0.954,0.0,0.0,0.0,1.283,1.144,0.859,0.817,0.961,0.949,0.0,0.0,0.0,0.0,6.966,0.0,0.069,,,
2018-09-12 21:15:00,0.993,0.0,0.0,0.0,1.251,1.185,0.827,0.859,0.932,0.99,0.0,0.0,0.0,0.0,7.038,0.0,0.057,,,
2018-09-12 21:30:00,0.969,0.0,0.0,0.0,1.265,1.163,0.839,0.835,0.941,0.965,0.0,0.0,0.0,0.0,6.978,0.0,0.03,,,
2018-09-12 21:45:00,1.007,0.0,0.0,0.0,1.26,1.204,0.831,0.871,0.935,1.001,0.0,0.0,0.0,0.0,7.108,0.0,0.031,,,
2018-09-12 22:00:00,0.999,0.0,0.0,0.0,1.279,1.2,0.843,0.861,0.945,0.995,0.0,0.0,0.0,0.0,7.122,0.0,0.031,,,
2018-09-12 22:15:00,0.981,0.0,0.0,0.0,1.265,1.177,0.834,0.843,0.937,0.977,0.0,0.0,0.0,0.0,7.013,0.0,0.057,,,
2018-09-12 22:30:00,0.998,0.0,0.0,0.0,1.269,1.195,0.833,0.856,0.939,0.993,0.0,0.0,0.0,0.0,7.083,0.0,0.07,,,
2018-09-12 22:45:00,1.013,0.0,0.0,0.0,1.281,1.215,0.835,0.873,0.943,1.008,0.0,0.0,0.0,0.0,7.167,0.0,0.07,,,
2018-09-12 23:00:00,0.972,0.018,0.0,0.0,1.225,1.175,0.785,0.834,0.891,0.967,0.0,0.0,0.0,0.0,6.867,0.0,0.07,,,
2018-09-12 23:15:00,0.184,0.973,0.676,0.769,1.145,0.42,0.742,0.159,0.836,0.183,0.0,0.0,0.0,0.0,6.087,0.0,0.07,,,
2018-09-12 23:30:00,0.441,1.101,0.801,0.907,0.0,0.665,0.0,0.376,0.0,0.439,0.0,0.0,0.0,0.0,4.729,0.0,0.07,,,
2018-09-12 23:45:00,1.037,1.144,0.853,0.955,0.0,1.245,0.0,0.899,0.0,1.036,0.0,0.0,0.0,0.0,7.171,0.0,0.07,,,
