TEI,TEO,TCI,TCO,TRE,PRE,TRC,PRC,TRC_sub,Tsh_suc,Tsh_dis,TO_feed,PO_feed,PO_net,TO_sump,kW,FWC,FWE,TCA,TEA,COP,TWCO,TWCI,TWEO,TWEI,Evap Tons,run,fault,level,split,t_min
60.3303,50.3043,85.39,94.879,42.19,37.3,98.5633,121.2333,7.8767,4.6067,25.34,106.7667,142.7667,104.7167,113.1833,82.459,265.9033,215.5733,3.8067,7.9167,3.8401,94.6867,85.2033,50.08,60.4267,90.06,normal,normal,0,train,25
60.282,50.315,85.358,94.81,42.0233,37.1167,98.91,121.9833,8.38,4.7867,25.14,108.9467,142.6167,104.9,114.52,82.4163,265.7567,215.5433,4.25,8.1567,3.8196,94.66,85.1733,50.1567,60.4333,89.5357,normal,normal,0,train,30
60.4213,50.4233,85.4287,94.9287,42.0167,37.13,100.5533,125.3333,9.92,4.7567,23.8733,110.3433,142.6,104.8733,115.5,83.0397,265.4367,215.5433,5.7267,8.2167,3.8027,94.82,85.23,50.2933,60.57,89.808,normal,normal,0,train,35
60.4663,50.4073,85.4913,95.0647,41.9867,37.1,100.6933,125.6667,9.92,4.8133,23.96,111.2833,142.8667,105.4067,116.2667,83.823,265.59,215.5567,5.7933,8.2433,3.7894,94.9333,85.2767,50.2533,60.5633,90.3403,normal,normal,0,train,40
56.7367,50.5713,85.0427,90.9143,42.8933,38.0033,94.03,112.2333,6.43,5.5867,34.66,112.4633,141.3167,101.6367,117.42,57.2583,267.4767,215.28,3.3067,7.6533,3.394,90.6967,84.8433,50.5333,56.8867,55.2723,normal,normal,0,train,55
56.7873,50.6113,85.112,90.9693,42.9733,38.08,94.1167,112.4,6.46,5.6133,34.6533,112.7733,141.2833,102.5033,117.6733,57.3707,267.57,215.3233,3.3667,7.6333,3.3942,90.7633,84.8833,50.6,56.9833,55.3827,normal,normal,0,train,60
56.933,50.7353,85.1537,91.0373,42.9933,38.0967,94.3067,112.7667,6.5267,5.6733,34.5733,113.0067,141.5667,103.45,118.0033,57.4953,267.55,214.84,3.46,7.77,3.3963,90.82,84.93,50.7333,57.15,55.5373,normal,normal,0,train,65
57.0,50.792,85.226,91.124,43.03,38.1267,94.3233,112.7333,6.55,5.6533,34.5,113.18,141.55,101.64,118.2733,57.66,267.23,215.1333,3.4,7.7233,3.3926,90.9167,84.96,50.77,57.1567,55.6373,normal,normal,0,train,70
53.5057,50.117,85.146,88.5317,43.7067,38.9067,90.4067,105.15,4.5133,5.7267,53.1633,113.91,140.32,100.51,119.6067,43.026,268.5033,215.25,2.1433,6.37,2.4834,88.3333,84.9433,50.0833,53.5733,30.3923,normal,normal,0,train,85
53.6013,50.321,85.0077,88.283,43.9667,39.16,89.9567,104.2867,4.3133,5.77,55.3667,114.7667,140.19,100.0033,120.7133,41.886,268.56,215.0767,1.94,6.4,2.4686,88.0267,84.7933,50.3567,53.7667,29.399,normal,normal,0,train,90
53.8053,50.4647,85.1633,88.476,43.7933,38.9867,90.3633,104.9667,4.5533,6.08,55.2367,115.59,139.9833,100.08,121.74,42.5437,268.5933,215.1233,2.05,6.5833,2.4759,88.26,84.9433,50.4033,53.8667,29.9577,normal,normal,0,train,95
53.7107,50.366,85.1593,88.4853,43.82,39.0133,90.2567,104.8333,4.4067,5.9267,55.27,116.2933,140.3233,100.28,122.41,42.543,268.5233,214.9167,2.0067,6.4867,2.4763,88.2667,84.9067,50.3333,53.8233,29.964,normal,normal,0,train,100
61.0247,50.03,75.66,86.0817,40.8567,35.9233,92.0533,108.35,10.0733,5.15,22.4267,114.6567,140.4467,102.1367,118.4633,76.1327,264.7467,215.7167,6.3367,8.9767,4.5632,85.7067,75.57,49.8667,61.1133,98.8087,normal,normal,0,train,120
60.938,49.9787,75.568,85.9307,40.72,35.7533,91.86,108.0,10.02,5.12,22.3867,113.43,139.9067,103.6,117.1233,75.844,264.9,215.8633,6.3267,9.1,4.5684,85.57,75.4933,49.8933,61.0533,98.547,normal,normal,0,train,125
61.2163,50.1943,75.5587,85.9507,40.78,35.82,91.9933,108.25,10.1367,5.2933,22.4033,112.43,139.8867,103.4967,116.1,76.1567,264.7233,215.5933,6.3967,9.3167,4.571,85.6133,75.5467,50.0933,61.43,99.0093,normal,normal,0,train,130
56.7,50.279,75.6003,81.68,42.14,37.2433,85.14,95.7,6.4033,5.8967,33.65,110.8867,138.0533,99.9567,114.8733,50.9047,265.6633,215.4067,3.72,8.0767,3.9806,81.4133,75.52,50.2133,56.8333,57.6307,normal,normal,0,train,150
56.2973,50.052,75.396,81.3533,42.4867,37.5833,84.63,94.8333,6.1,5.49,33.98,110.9933,138.0233,99.4733,114.96,49.9157,266.0433,215.3833,3.57,7.54,3.9482,81.07,75.2967,50.0167,56.53,56.0423,normal,normal,0,train,160
53.053,50.3993,74.882,77.663,44.05,39.2467,79.1267,85.3,3.1667,5.9767,63.6633,112.56,134.95,94.4533,117.73,34.7363,266.89,215.1133,1.5933,6.3333,2.4083,77.5067,74.7833,50.4133,53.2167,23.7933,normal,normal,0,train,175
53.2233,50.466,75.1167,77.9253,43.9233,39.13,79.55,86.0167,3.4133,6.1633,63.3567,113.8633,135.1333,94.8,119.05,35.116,266.9567,215.2367,1.71,6.5233,2.4741,77.84,75.0267,50.4733,53.31,24.71,normal,normal,0,train,180
53.1277,50.3887,75.142,77.9477,44.0367,39.24,79.64,86.1333,3.4633,6.0667,63.6267,114.9433,135.0667,94.9067,120.08,35.139,266.6367,215.2167,1.76,6.2967,2.4577,77.8767,75.0433,50.3367,53.22,24.561,normal,normal,0,train,185
52.972,50.257,75.1643,77.964,44.0367,39.2367,79.49,85.9333,3.4233,5.9667,63.6567,115.6567,135.0667,94.5933,120.8767,35.1283,266.9033,215.2267,1.63,6.1867,2.4389,77.87,75.0667,50.2033,53.08,24.366,normal,normal,0,train,190
59.2527,50.0813,70.5767,79.0933,40.9933,36.0833,84.22,94.2,8.23,5.7933,25.9933,113.95,137.6533,100.7333,117.17,60.348,265.5533,215.5967,5.2633,8.9833,4.7996,78.9433,70.3967,50.0033,59.51,82.376,normal,normal,0,train,210
59.2633,50.0427,70.602,79.1743,40.9133,36.02,84.29,94.3333,8.2167,5.7467,25.8533,112.6533,137.1967,99.56,115.8033,60.6647,266.1433,215.1767,5.22,8.9833,4.7906,79.0533,70.41,49.8967,59.43,82.6547,normal,normal,0,train,215
59.0107,49.839,70.514,79.0653,40.8333,35.8867,84.1,93.9833,8.1967,5.61,25.7267,111.7,137.5133,100.7367,114.76,60.4653,265.9,215.4933,5.1867,8.8333,4.7907,78.92,70.3033,49.6533,59.1867,82.3877,normal,normal,0,train,220
56.0087,49.924,65.3527,71.067,41.79,36.88,74.27,77.8267,5.6633,6.0067,35.7633,109.8867,132.5667,94.78,112.6933,42.5057,267.9333,215.6767,3.6367,8.1333,4.5269,70.6467,65.16,49.94,56.16,54.7253,normal,normal,0,train,235
55.998,49.9107,65.31,70.9127,41.75,36.8467,74.24,77.7633,5.7633,6.04,35.91,109.48,132.7667,94.9933,112.2367,42.4947,267.9233,215.35,3.6267,8.1767,4.5229,70.6267,65.1067,49.9067,56.1067,54.6657,normal,normal,0,train,240
56.0087,49.9253,65.342,70.922,41.82,36.92,74.22,77.7167,5.7367,6.0467,35.9233,109.2933,132.9167,95.17,112.1267,42.4883,268.25,215.3667,3.5867,8.14,4.5209,70.6733,65.1333,49.9033,56.1533,54.633,normal,normal,0,train,245
55.9607,49.8893,65.2887,70.87,41.7533,36.8767,74.2,77.6967,5.7767,6.05,35.9933,109.1333,132.9833,95.1967,111.9933,42.459,267.69,215.1433,3.6367,8.15,4.5105,70.5933,65.1167,49.9,56.0867,54.4693,normal,normal,0,train,250
53.579,50.153,62.5253,65.8227,42.5333,37.6267,67.7267,68.0,3.1933,6.7467,56.27,109.46,129.15,90.4933,112.9,32.749,269.9333,215.3667,2.19,7.56,3.3012,65.51,62.34,50.13,53.58,30.7513,normal,normal,0,train,265
53.302,49.8353,62.468,65.745,42.54,37.6333,67.6133,67.8333,3.4433,6.5667,56.0133,109.7833,129.4167,90.6133,113.5533,32.6577,269.7867,214.97,2.0967,7.2967,3.3459,65.5033,62.2967,49.8333,53.35,31.0733,normal,normal,0,train,270
53.6043,50.3527,62.3583,65.442,42.6167,37.7233,67.1267,67.17,3.2333,6.9933,58.3633,110.19,129.1,90.1267,114.0067,31.9843,269.8,215.2267,1.96,7.7833,3.2067,65.2033,62.21,50.41,53.76,29.1643,normal,normal,0,train,275
53.6333,50.286,62.4533,65.598,42.93,38.0233,67.4967,67.7333,3.3933,6.6567,57.66,110.5333,129.6167,90.4267,114.4033,32.357,270.0133,215.6233,2.15,7.3767,3.2695,65.4,62.2967,50.3133,53.7467,30.0887,normal,normal,0,train,280
54.1693,45.312,83.196,91.3457,39.9633,34.9667,94.0133,112.2167,5.97,2.96,25.0433,110.72,140.02,104.2567,114.2033,72.748,268.0067,215.21,2.61,5.21,3.8387,91.4067,83.1433,45.1667,54.3133,79.427,normal,normal,0,train,300
54.8873,45.926,83.8877,92.2347,39.9833,34.9767,95.3733,114.88,6.6,3.2433,24.74,110.64,140.25,104.51,114.4133,74.867,268.08,215.22,3.0867,5.8333,3.7744,92.2867,83.89,45.8433,55.0867,80.3597,normal,normal,0,train,305
55.1727,46.038,84.815,93.4613,39.9867,34.9867,97.5933,119.3167,7.6867,3.2567,24.14,110.6667,140.3967,104.86,114.6667,78.6047,267.2933,215.63,4.15,5.8967,3.6736,93.4233,84.7133,45.8567,55.35,82.119,normal,normal,0,train,310
55.1367,45.8697,85.0547,93.905,39.69,34.7433,98.9067,121.9667,8.6733,3.2367,23.7833,110.8733,140.97,105.4433,115.0267,80.618,267.3267,215.3067,5.2,5.9433,3.6261,93.7067,84.83,45.6667,55.2667,83.143,normal,normal,0,train,315
55.0433,45.7373,84.988,93.8723,39.6233,34.6633,98.81,121.7667,8.6067,3.34,23.9933,111.04,140.9333,105.4467,115.42,80.485,267.1967,215.1833,5.1867,5.92,3.6446,93.6133,84.7633,45.52,55.12,83.4313,normal,normal,0,train,320
51.898,45.8067,85.35,91.3,40.1267,35.1233,94.3933,112.9,6.4367,3.9133,32.79,111.58,140.2267,104.0767,116.13,59.3323,268.2,215.49,3.37,5.6233,3.2393,91.0267,85.12,45.7633,52.02,54.6653,normal,normal,0,train,335
51.9507,45.7947,85.394,91.406,40.2333,35.2467,94.5033,113.1667,6.3567,3.72,32.5533,111.7,139.6867,103.7233,116.3567,59.666,268.07,215.03,3.37,5.3967,3.2481,91.1333,85.1867,45.6733,51.99,55.1217,normal,normal,0,train,340
51.8933,45.7413,85.418,91.442,40.3167,35.31,94.5467,113.2833,6.34,3.69,32.35,111.8133,139.9733,103.6533,116.53,59.767,268.42,214.9067,3.3933,5.31,3.2387,91.1867,85.2067,45.62,51.99,55.0533,normal,normal,0,train,345
51.988,45.8,85.422,91.474,40.3967,35.3933,94.6867,113.55,6.4767,3.64,32.0233,111.8733,140.26,103.9967,116.6467,59.941,268.1067,215.14,3.47,5.26,3.2524,91.24,85.22,45.7067,52.04,55.4453,normal,normal,0,train,350
49.006,45.4287,85.1857,88.8673,41.03,36.1367,90.69,105.6,4.55,3.8433,48.8633,112.4333,138.6767,101.6,117.9167,45.284,268.9267,214.96,2.1467,4.2967,2.4864,88.5333,84.9167,45.3367,49.0333,32.023,normal,normal,0,train,365
48.91,45.3327,85.2117,88.8753,41.06,36.1667,90.7433,105.75,4.6333,3.7133,48.85,113.04,138.6,101.2467,118.72,45.326,269.0467,215.1567,2.1467,4.1733,2.4855,88.6,84.93,45.23,48.9533,32.041,normal,normal,0,train,370
48.834,45.2593,85.2317,88.8953,41.1167,36.2033,90.7633,105.8,4.62,3.65,48.8233,113.4967,138.9333,101.7633,119.1833,45.3317,268.9333,214.89,2.1367,4.0833,2.4803,88.6133,84.9467,45.1467,48.86,31.9783,normal,normal,0,train,375
48.794,45.23,85.1933,88.8527,41.1033,36.18,90.7733,105.7167,4.7067,3.67,48.8567,113.82,138.6433,101.4467,119.5233,45.3033,269.02,214.67,2.1433,4.07,2.4718,88.5733,84.93,45.14,48.8333,31.8487,normal,normal,0,train,380
56.1947,45.5093,75.078,85.226,38.3433,33.5433,90.9933,106.25,9.3867,3.6867,21.2133,112.14,137.6833,104.6767,115.9033,77.1143,267.0433,215.4933,6.11,6.9833,4.3745,84.91,75.0233,45.3333,56.4333,95.94,normal,normal,0,train,400
56.0613,45.2207,75.1393,85.4193,38.1333,33.3333,91.2867,106.8167,9.4967,3.5967,21.2433,111.15,137.7633,104.1033,114.8067,78.509,266.9567,215.19,6.2033,6.9067,4.3541,85.0867,75.0633,45.1,56.2267,97.2247,normal,normal,0,train,405
56.3013,45.412,75.2453,85.5687,38.1467,33.3433,91.4433,107.1167,9.6333,3.6633,21.2833,110.44,137.7967,104.2867,114.0433,79.255,266.96,215.41,6.1767,7.18,4.3356,85.2733,75.1667,45.2867,56.5533,97.7293,normal,normal,0,train,410
50.173,44.178,75.02,80.9247,39.2333,34.34,83.9867,93.6833,5.7667,3.3267,31.8933,109.46,135.8167,100.6167,112.9133,50.375,268.8467,214.97,3.4633,4.85,3.7477,80.5133,74.8933,44.0967,50.3,53.6893,normal,normal,0,train,425
50.5407,44.5717,74.8513,80.5973,39.0633,34.15,83.8667,93.4833,5.9733,3.8533,32.6067,109.2867,135.8,100.8033,112.7433,50.0073,268.7367,215.1233,3.4933,5.4833,3.762,80.4,74.7967,44.51,50.68,53.5063,normal,normal,0,train,430
50.6753,44.6947,74.9567,80.7107,39.1,34.1967,83.97,93.75,5.9833,3.89,32.5567,109.2,135.7,100.6233,112.73,50.235,268.65,214.8967,3.4733,5.5333,3.7495,80.5133,74.9,44.6133,50.82,53.5727,normal,normal,0,train,435
50.7153,44.704,74.99,80.752,39.11,34.2,84.0367,93.8333,6.0067,3.8767,32.4667,109.1067,135.8167,100.82,112.8,50.291,268.71,214.78,3.47,5.5233,3.7629,80.56,74.93,44.6333,50.8333,53.8253,normal,normal,0,train,440
48.1247,45.2313,74.8823,77.891,40.6133,35.62,79.61,86.0667,3.4567,4.2333,56.65,110.32,134.15,97.4167,114.4767,36.571,269.23,214.8867,1.8267,4.5867,2.4917,77.7967,74.8467,45.18,48.2033,25.918,normal,normal,0,train,455
47.9083,45.0107,75.0407,78.1107,40.9733,36.0833,79.91,86.55,3.6,3.7367,55.97,111.4233,134.3833,97.3533,115.7967,36.885,269.4333,214.66,1.8933,3.88,2.47,78.0133,74.9767,44.86,47.9167,25.913,normal,normal,0,train,460
47.8703,45.034,74.909,77.8697,40.8533,35.91,79.53,85.9333,3.4933,4.0067,57.1433,112.4133,134.25,97.3267,116.68,36.131,269.72,214.98,1.78,4.1733,2.4731,77.7067,74.81,45.0233,47.9433,25.4137,normal,normal,0,train,465
48.2897,45.4267,74.9153,77.856,40.86,35.9533,79.61,86.0833,3.6567,4.2733,57.7567,113.12,134.25,97.28,117.5067,36.3693,269.44,214.9467,1.81,4.46,2.4777,77.8,74.8733,45.3533,48.3467,25.63,normal,normal,0,train,470
55.7453,45.4153,70.0907,79.7137,37.9533,33.1967,85.47,96.2667,9.0033,4.0067,21.9933,111.9467,136.4333,102.72,114.6233,68.615,266.6167,215.5667,5.9033,7.2733,4.7538,79.5333,69.88,45.25,55.87,92.7693,normal,normal,0,train,490
55.5787,45.202,70.0357,79.74,37.7667,33.0367,85.41,96.1667,8.9467,4.0167,21.93,110.8733,136.3333,102.75,113.3867,68.7773,266.6533,215.4067,5.9,7.3,4.7628,79.5,69.8567,45.08,55.7267,93.1667,normal,normal,0,train,495
55.6453,45.2327,70.0667,79.7853,37.7333,33.0267,85.55,96.4833,8.9933,3.9667,21.7733,110.01,135.9,102.46,112.4267,69.0713,266.64,215.5133,6.0033,7.3867,4.7605,79.5733,69.89,45.1533,55.8133,93.5183,normal,normal,0,train,500
50.9163,44.2117,64.6563,71.0873,37.8867,33.1433,74.5,78.13,6.0033,4.2933,30.3567,108.0667,132.4833,98.3967,110.46,46.071,269.1967,215.4367,3.9867,6.21,4.5944,70.5433,64.4467,44.1,50.9833,60.201,normal,normal,0,train,515
50.8787,44.1967,64.438,70.7073,37.65,32.96,74.39,77.94,6.19,4.39,30.57,107.5167,132.0333,98.2167,109.85,46.088,269.5033,215.05,4.0367,6.4033,4.5712,70.35,64.2867,44.06,50.9933,59.92,normal,normal,0,train,520
50.9457,44.2473,64.442,70.6647,37.65,32.95,74.45,78.07,6.2467,4.4667,30.5867,107.18,132.1,98.2333,109.4133,46.1017,269.5433,215.1833,4.0467,6.4967,4.5801,70.36,64.3267,44.1333,51.0267,60.0557,normal,normal,0,train,525
51.0347,44.314,64.4833,70.706,37.6667,32.9633,74.54,78.16,6.2633,4.4733,30.5267,107.0133,132.0333,98.1233,109.2533,46.1487,269.66,215.1633,4.1033,6.5867,4.59,70.4333,64.34,44.2267,51.1167,60.2473,normal,normal,0,train,530
48.2483,44.971,64.7127,67.953,40.09,35.0867,70.0767,71.2833,3.8167,4.3367,52.9267,107.7833,129.2167,92.8867,110.95,33.81,270.3167,214.8433,2.39,4.7667,3.0503,67.7267,64.59,44.8733,48.28,29.3313,normal,normal,0,train,550
48.1407,44.884,64.6793,67.908,40.0633,35.08,70.06,71.2333,3.8367,4.3233,53.1733,108.5533,129.1667,92.95,111.9933,33.7787,270.0167,214.7467,2.3967,4.7433,3.0327,67.7133,64.5567,44.8267,48.2133,29.136,normal,normal,0,train,555
48.1193,44.8547,64.678,67.895,40.1233,35.12,70.1633,71.3167,3.8867,4.2967,53.17,109.1667,129.1167,93.0367,112.6767,33.7767,270.5433,214.9767,2.4433,4.7033,3.0438,67.7133,64.5633,44.8333,48.1867,29.2413,normal,normal,0,train,560
49.312,40.1833,78.4567,86.9097,36.86,32.1933,89.59,103.6667,6.6867,1.1433,22.8133,108.9333,136.98,104.17,111.6533,71.361,267.6633,214.9467,2.89,3.2267,4.0291,86.72,78.37,40.0633,49.4467,81.772,normal,normal,0,train,580
49.7773,40.6027,78.7107,87.3447,36.96,32.2667,90.1367,104.6333,6.7667,1.6867,23.1633,108.58,137.0333,104.84,111.36,72.1663,268.03,215.1767,2.9667,3.5033,4.0074,87.1767,78.7267,40.4433,49.95,82.2517,normal,normal,0,train,585
50.1877,40.8313,79.431,88.283,36.98,32.2867,91.37,107.0,7.1467,1.7833,22.9433,108.3067,137.38,103.8567,111.2133,74.898,267.4433,215.0967,3.2067,3.5767,3.9369,88.1333,79.49,40.58,50.31,83.8597,normal,normal,0,train,590
50.14,40.6003,79.92,88.974,36.82,32.18,92.11,108.4333,7.31,1.47,23.0333,108.28,137.63,104.75,111.4167,77.2113,267.3333,214.99,3.32,3.5067,3.8915,88.7667,79.8967,40.3567,50.2,85.4593,normal,normal,0,train,595
49.8953,40.2917,79.96,89.11,36.7,32.0833,92.66,109.6,7.86,0.95,22.6133,108.3467,137.3833,104.5667,111.5933,77.7807,267.1467,214.76,3.8867,3.43,3.886,88.8333,79.94,40.1033,49.9667,85.966,normal,normal,0,train,600
46.372,40.0807,80.1993,86.39,37.2033,32.5067,89.6967,103.8,6.7467,1.87,28.91,108.38,136.4833,104.8333,112.0467,57.3113,268.11,214.8567,3.64,2.7033,3.4555,86.03,80.0733,39.9233,46.3733,56.3263,normal,normal,0,train,615
46.3083,40.1457,80.0497,86.0927,37.0633,32.3833,89.2467,103.8333,6.5233,2.13,29.6167,108.32,136.1667,101.9733,112.0867,56.1853,268.25,214.83,3.5633,3.0333,3.4522,85.68,79.94,40.1,46.44,55.1693,normal,normal,0,train,620
46.8867,40.873,80.0077,85.9427,36.9233,32.2633,89.36,103.23,6.3533,2.78,30.4167,108.3133,136.2333,102.9967,112.1267,56.2813,268.8033,215.0567,3.7067,3.7733,3.3677,85.6733,79.9733,40.7,46.9333,53.9077,normal,normal,0,train,625
46.554,40.3037,80.2073,86.33,37.4867,32.7867,89.6467,103.7833,6.81,1.8567,29.1967,108.3067,136.75,102.2967,112.1667,57.167,268.66,214.92,3.6067,2.6,3.4427,86.0433,80.12,40.07,46.5367,55.9763,normal,normal,0,train,630
44.248,40.894,79.6123,83.245,37.82,33.0633,85.34,96.1,4.6667,2.48,47.11,108.9533,135.1167,101.07,113.4267,42.799,269.94,214.4567,2.1167,2.9,2.4634,83.2133,79.7033,40.6867,44.3733,29.9857,normal,normal,0,train,645
44.212,40.7507,80.0963,83.806,38.1067,33.3233,85.6967,96.7333,4.42,2.2867,46.29,109.65,135.4,101.0633,114.2633,43.381,270.4367,214.6367,2.0167,2.4233,2.5096,83.6733,80.0233,40.5267,44.2833,30.9637,normal,normal,0,train,650
43.9937,40.484,80.1033,83.818,38.0933,33.2867,85.4367,96.1833,4.0033,2.1267,46.0267,110.31,135.3,100.8933,114.7867,43.312,270.1433,214.76,1.7067,2.2133,2.5497,83.6933,79.9933,40.3133,44.0167,31.4093,normal,normal,0,train,655
43.8087,40.3217,80.102,83.8233,38.1133,33.3133,85.39,96.1333,3.7967,2.0567,45.8067,110.6467,134.8667,100.6567,115.0267,43.2857,270.3267,214.89,1.69,2.0367,2.539,83.6967,80.0067,40.16,43.85,31.257,normal,normal,0,train,660
51.288,40.4813,69.587,79.72,35.3133,30.8067,85.59,96.5667,9.6133,2.5233,20.25,109.4067,135.0333,103.6767,112.1667,73.451,266.8067,215.2567,6.1233,4.99,4.6415,79.48,69.4533,40.2267,51.3267,96.962,normal,normal,0,train,680
51.1907,40.3437,69.611,79.7827,35.17,30.6667,85.6367,96.6167,9.6567,2.5133,20.29,108.54,134.7333,103.4733,111.0667,74.1017,266.6167,215.0067,6.08,4.99,4.6127,79.5367,69.4767,40.14,51.25,97.2177,normal,normal,0,train,685
51.6017,40.6587,69.7807,80.0277,35.2067,30.71,86.0533,97.4167,9.61,2.64,20.2433,107.91,134.85,103.72,110.37,75.2363,266.62,215.25,6.18,5.34,4.5872,79.8633,69.6867,40.5033,51.78,98.153,normal,normal,0,train,690
45.7563,39.2593,69.566,75.857,36.2833,31.6867,79.36,85.6667,6.7967,1.8767,27.72,106.8333,132.9167,100.3667,109.1067,49.826,269.67,214.7867,3.8067,2.7867,4.1048,75.57,69.4267,39.0767,45.7767,58.1617,normal,normal,0,train,705
45.8337,39.545,69.1333,75.2207,35.8267,31.28,78.84,84.7667,6.3933,2.65,28.89,106.5933,132.4667,100.3133,108.9067,49.0677,269.9933,215.1,3.84,3.6867,4.0387,74.96,68.96,39.4467,45.9167,56.3633,normal,normal,0,train,710
45.747,39.4077,69.2413,75.3627,36.17,31.5867,79.9333,85.2167,6.7867,2.1667,28.3933,106.4067,132.5333,99.99,108.7667,49.349,269.6933,214.5767,3.8867,3.0367,4.0374,75.18,69.15,39.25,45.83,56.6673,normal,normal,0,train,715
45.6763,39.3367,69.3773,75.5093,36.2267,31.63,79.9633,85.2333,6.8367,2.0767,28.2167,106.3267,132.5667,100.1533,108.74,49.4023,269.94,215.1533,3.7533,2.9433,4.0446,75.3533,69.27,39.1567,45.8133,56.8317,normal,normal,0,train,720
43.795,40.4223,70.161,73.689,36.99,32.32,75.3933,79.5,3.45,2.8167,46.1,106.48,131.0333,97.5433,109.14,37.551,270.5233,214.7733,2.08,3.3133,2.827,73.3333,69.83,40.2833,43.7967,30.1907,normal,normal,0,train,730
43.2867,40.0253,69.9223,73.3677,37.4133,32.6867,74.9667,78.9,3.44,2.4,47.9533,107.1733,131.0333,97.4267,110.2933,36.9693,270.54,214.86,1.9533,2.54,2.7768,73.0667,69.6533,39.94,43.2933,29.201,normal,normal,0,train,735
43.3173,40.1097,69.348,72.7653,37.3767,32.6667,74.57,78.2767,3.7067,2.5233,49.1867,108.0867,131.0,97.2367,111.2233,36.569,270.7333,214.4267,2.07,2.6,2.7549,72.52,69.2067,39.9567,43.2867,28.6547,normal,normal,0,train,740
43.1947,40.0127,69.2147,72.57,37.1567,32.47,74.53,78.14,3.7867,2.6533,49.4433,108.8133,130.7667,97.14,112.1267,36.4717,270.7567,214.63,2.1733,2.7133,2.7414,72.3133,69.05,39.9067,43.1733,28.438,normal,normal,0,train,745
43.2387,40.042,69.3147,72.6643,37.29,32.59,74.63,78.3167,3.9267,2.5367,49.3667,109.3,131.0167,97.21,112.6267,36.5803,270.8,214.6333,2.1667,2.6567,2.7461,72.49,69.2367,39.9533,43.2467,28.5703,normal,normal,0,train,750
49.759,40.216,65.4127,74.322,35.31,30.8,79.9,86.5833,9.0867,2.6,22.4667,109.5733,133.05,101.4067,111.9067,62.258,268.24,214.9667,5.6767,4.66,4.8261,74.2433,65.2533,39.96,49.8733,85.4597,normal,normal,0,train,765
50.0197,40.2597,65.677,74.741,35.0867,30.58,80.33,87.25,9.11,2.6767,21.64,108.8067,133.45,103.08,110.66,63.4047,268.3033,215.0467,5.6967,5.0333,4.85,74.6333,65.5433,40.0967,50.16,87.46,normal,normal,0,train,770
50.1467,40.2357,65.9613,75.1677,34.95,30.4733,80.78,88.0167,9.2067,2.6867,21.3767,107.9933,133.4333,101.38,109.7767,64.4163,268.36,215.06,5.7267,5.06,4.8463,75.01,65.8233,40.0333,50.2733,88.789,normal,normal,0,train,775
50.0337,40.0607,66.0467,75.336,34.8533,30.3967,80.87,88.15,9.2067,2.6967,21.3333,107.2467,133.5167,103.33,109.1533,64.8557,268.1633,214.9567,5.7267,5.0333,4.8427,75.12,65.8667,39.9,50.1133,89.327,normal,normal,0,train,780
46.867,39.9633,65.04,71.6427,36.22,31.6167,75.3867,79.5333,6.6833,2.4633,27.5167,106.1467,131.8333,99.4467,108.0967,48.394,268.2967,214.7133,4.1467,3.6567,4.4895,71.2433,64.8233,39.8533,46.8467,61.797,normal,normal,0,train,795
46.924,40.098,64.884,71.3847,36.1,31.5,75.13,79.1,6.6267,2.6333,27.75,105.9533,131.5667,99.4033,107.7133,48.143,268.49,215.3567,4.0133,3.8933,4.4744,71.1,64.7333,39.9633,46.94,61.2667,normal,normal,0,train,800
47.0897,40.2503,64.9533,71.4547,36.0533,31.4733,75.34,79.4167,6.6733,2.7467,27.6267,105.8133,131.5667,99.31,107.5733,48.3983,268.3133,214.91,4.13,4.0567,4.4488,71.2033,64.8,40.0967,47.1733,61.238,normal,normal,0,train,805
47.2767,40.3893,65.0947,71.6433,35.88,31.33,75.4867,79.6333,6.5867,2.9267,27.74,105.8067,131.8833,99.7367,107.5267,48.696,268.11,214.8867,4.1467,4.3267,4.4546,71.3367,64.97,40.1833,47.3233,61.6977,normal,normal,0,train,810
43.7273,40.0767,65.1857,68.9553,37.2367,32.5367,71.1633,72.8833,3.9633,2.5133,44.3133,106.3,128.95,95.3233,108.5933,36.287,268.94,214.7933,2.54,2.75,3.1645,68.62,64.9467,39.9867,43.8,32.6603,normal,normal,0,train,825
43.6847,40.0527,65.0493,68.7803,37.2867,32.58,71.0767,72.75,4.2933,2.5333,44.6233,106.82,129.1333,95.56,109.3133,36.26,268.9233,214.8567,2.5233,2.6633,3.1512,68.5633,64.8933,39.9133,43.7667,32.4987,normal,normal,0,train,830
43.6473,40.03,65.0267,68.7547,37.2233,32.52,71.08,72.7333,4.39,2.59,44.7,107.22,129.3,95.66,109.9533,36.2587,269.1733,215.0067,2.5533,2.6933,3.1405,68.5367,64.86,39.91,43.7333,32.385,normal,normal,0,train,835
43.6713,40.0567,65.044,68.768,37.2267,32.5133,71.1067,72.7833,4.3,2.5867,44.9033,107.5933,129.0167,95.3567,110.4267,36.2807,269.1333,214.57,2.52,2.72,3.1298,68.5767,64.8867,39.9133,43.7533,32.2963,normal,normal,0,train,840
60.3647,50.1583,85.5923,95.275,42.1533,37.2633,99.3367,122.8667,8.4433,4.5367,24.4933,107.6867,145.2833,107.36,114.01,85.0533,266.33,215.4833,4.17,7.84,3.7879,95.1533,85.3667,50.04,60.4867,91.632,normal1,normal,0,train,25
60.5947,50.3807,85.593,95.288,42.2033,37.3167,100.07,124.3833,9.17,4.5867,24.6567,109.67,145.1,107.2167,115.3667,85.1303,265.9233,215.3133,4.9233,8.0167,3.7848,95.1567,85.3933,50.2433,60.72,91.6377,normal1,normal,0,train,30
60.628,50.4233,85.6107,95.316,42.18,37.2767,101.0467,126.4333,10.1133,4.5767,23.7433,110.9633,145.3333,107.5833,116.2667,85.0323,265.6133,215.7767,5.8567,8.0967,3.7937,95.17,85.4033,50.29,60.7333,91.748,normal1,normal,0,train,35
60.5827,50.386,85.6217,95.3347,42.1867,37.29,101.0267,126.4167,10.1633,4.5867,23.8,111.81,145.3167,107.4467,116.7767,85.0917,266.0367,215.9333,5.8467,8.0233,3.7906,95.21,85.3967,50.22,60.7333,91.7367,normal1,normal,0,train,40
56.778,50.5247,85.161,91.1213,42.96,38.0633,94.2967,112.7667,6.5467,5.4367,34.31,112.8067,143.6833,104.6667,117.6267,57.904,267.9567,215.4667,3.4433,7.5467,3.4081,90.8633,84.9333,50.48,56.9533,56.1297,normal1,normal,0,train,55
56.7767,50.5167,85.2227,91.16,42.9767,38.0767,94.3567,112.8167,6.5667,5.4267,34.1967,112.8467,143.9333,104.7167,117.8933,57.9743,268.15,215.38,3.4333,7.4933,3.4066,90.9067,85.0,50.4667,56.9867,56.171,normal1,normal,0,train,60
56.928,50.648,85.2287,91.1667,43.05,38.1467,94.4267,113.0167,6.6467,5.5733,34.1233,112.9333,143.4333,104.3,117.9967,57.998,268.5267,215.2933,3.4933,7.61,3.4155,90.9533,84.97,50.6667,57.1733,56.3413,normal1,normal,0,train,65
57.2053,50.86,85.322,91.2927,43.0233,38.1333,94.5867,113.3333,6.6867,5.6633,34.05,112.9933,143.3,104.34,118.1033,58.243,268.1833,215.5733,3.5167,7.8233,3.4412,91.12,85.0933,50.8833,57.4233,57.0017,normal1,normal,0,train,70
54.0293,50.0507,85.154,89.173,43.5067,38.69,90.81,105.8667,4.3233,5.5667,46.35,113.31,142.2833,101.6733,118.46,45.0777,268.67,215.46,2.2567,6.6067,2.7844,88.5033,84.7967,50.09,54.0233,35.7217,normal1,normal,0,train,80
53.752,50.4247,85.0267,88.3503,44.0,39.2033,90.1467,104.5667,4.43,5.7433,54.4433,113.8833,142.2833,102.01,119.37,42.472,269.0467,215.3133,1.9767,6.3967,2.4719,88.13,84.8367,50.3833,53.8833,29.8607,normal1,normal,0,train,85
53.7,50.3873,85.1193,88.4387,44.0233,39.2233,90.2,104.7167,4.4333,5.7033,55.12,114.7867,142.3333,102.0433,120.5533,42.4643,269.07,215.29,1.9667,6.3367,2.461,88.2267,84.9,50.3467,53.8067,29.7233,normal1,normal,0,train,90
53.6347,50.3047,85.1473,88.4587,44.05,39.2433,90.1667,104.6833,4.39,5.7067,55.3433,115.5433,142.2833,101.23,121.5833,42.507,269.0,215.2433,1.9533,6.2767,2.4711,88.24,84.92,50.3067,53.7333,29.8757,normal1,normal,0,train,95
53.564,50.2367,85.1053,88.4253,44.0533,39.25,90.21,104.7,4.53,5.67,55.2533,116.2067,142.2333,102.8767,122.2767,42.4943,269.4067,215.1133,1.94,6.21,2.4635,88.2233,84.8933,50.2367,53.6867,29.7733,normal1,normal,0,train,100
61.1073,50.2613,75.4987,85.7307,41.11,36.1833,91.6267,107.5167,9.85,5.3133,22.82,114.6567,142.3333,105.4167,118.2167,74.56,264.1867,215.9833,6.27,9.0133,4.6012,85.36,75.4433,50.1,61.1567,97.572,normal1,normal,0,train,120
61.2467,50.3993,75.4867,85.727,40.92,36.0067,91.6833,107.6333,10.01,5.4033,22.6333,113.3967,141.8667,105.33,116.7133,74.823,264.19,215.81,6.3433,9.35,4.5852,85.3867,75.44,50.2833,61.4733,97.5747,normal1,normal,0,train,125
61.288,50.3683,75.4933,85.8173,40.8067,35.86,91.7833,107.8833,10.0267,5.42,22.5967,112.3733,142.0,105.5233,115.7933,75.3517,264.46,215.6933,6.3467,9.4033,4.5791,85.4567,75.4533,50.22,61.4,98.1343,normal1,normal,0,train,130
56.5463,50.47,74.7467,80.4587,42.2533,37.36,83.8933,93.5167,6.2333,6.0433,35.17,110.5733,139.3533,101.1733,114.2367,48.824,267.2,215.3367,3.51,8.2033,3.9249,80.3533,74.7133,50.4933,56.7933,54.503,normal1,normal,0,train,150
56.65,50.5647,74.91,80.6547,42.37,37.47,84.0,93.7833,6.2033,6.0433,35.18,110.62,139.78,100.69,114.4433,48.9517,267.0167,215.4133,3.5367,8.14,3.9197,80.4667,74.85,50.52,56.8467,54.5737,normal1,normal,0,train,155
56.507,50.4593,74.8727,80.636,42.3733,37.4767,83.94,93.6,6.1333,5.9933,35.14,110.64,139.8467,101.3467,114.6133,48.93,266.2667,215.1067,3.5,8.0167,3.8947,80.44,74.81,50.41,56.6867,54.1997,normal1,normal,0,train,160
53.0047,50.229,75.11,77.9553,43.61,38.81,79.42,85.8,3.37,6.2133,62.9567,112.1067,137.15,97.35,117.2,35.3363,266.48,215.3833,1.64,6.6267,2.4787,77.8567,75.01,50.24,53.0767,24.9113,normal1,normal,0,train,175
52.792,50.0653,75.1487,77.9663,43.6567,38.87,79.61,86.0833,3.4567,6.0333,63.1733,113.3467,137.7233,97.79,118.7133,35.331,266.8933,215.4067,1.7433,6.37,2.4329,77.8633,75.04,50.05,52.8633,24.4473,normal1,normal,0,train,180
52.7,49.9693,75.1273,77.9383,43.6033,38.8,79.62,86.1167,3.42,6.04,63.3433,114.4,137.4167,97.52,119.6267,35.316,266.91,214.8933,1.75,6.3667,2.4317,77.8633,75.0567,49.95,52.7833,24.4253,normal1,normal,0,train,185
52.68,49.9347,75.1633,77.968,43.65,38.8433,79.63,86.1167,3.4067,5.9867,63.3867,115.1633,137.2467,97.4633,120.4433,35.3067,266.72,214.8567,1.7167,6.2567,2.4454,77.9,75.0867,49.9467,52.77,24.5563,normal1,normal,0,train,190
58.5923,49.6237,70.0903,78.4487,40.9267,36.04,83.37,92.5833,8.0967,5.5733,26.28,113.55,139.7233,102.1533,116.6567,58.8037,265.5933,215.3133,5.1233,8.5133,4.8105,78.25,69.9033,49.4733,58.6867,80.4547,normal1,normal,0,train,210
58.414,49.4487,69.9913,78.343,40.8933,36.0,83.27,92.3833,7.99,5.4367,26.0767,112.3767,139.6167,103.65,115.14,58.8147,266.0633,215.4233,5.13,8.46,4.8114,78.14,69.83,49.3267,58.5567,80.4843,normal1,normal,0,train,215
58.4593,49.482,69.9787,78.325,40.9,36.0067,83.24,92.3667,7.9733,5.4333,26.1033,111.2867,139.4967,102.6133,114.1633,58.7993,265.6367,215.4033,5.0967,8.5033,4.8189,78.1033,69.8267,49.3933,58.6633,80.5873,normal1,normal,0,train,220
55.866,49.7613,65.33,71.0217,41.7067,36.7933,74.26,77.7167,5.6867,6.0233,35.9767,109.5833,135.0167,97.4,112.2333,42.5393,267.8033,215.47,3.61,8.1,4.5271,70.6267,65.15,49.78,56.0233,54.772,normal1,normal,0,train,235
55.9633,49.9987,65.2877,70.7913,41.4467,36.5433,74.11,77.4667,5.8267,6.49,36.4267,109.3133,134.6333,97.2567,111.9933,42.2823,267.6367,215.52,3.6,8.5933,4.4557,70.5033,65.0933,50.02,56.12,53.5833,normal1,normal,0,train,240
55.9633,49.8813,65.354,70.8967,41.06,36.1667,74.22,77.68,5.8533,6.6733,36.3767,109.1133,134.55,97.42,111.9,42.6693,268.0433,215.5467,3.5733,8.85,4.5044,70.6267,65.1467,49.9367,56.08,54.667,normal1,normal,0,train,245
55.9393,49.8587,65.338,70.8913,41.0467,36.14,74.21,77.6633,5.9033,6.65,36.3333,109.02,134.3,97.3333,111.8333,42.6667,267.7767,215.1167,3.5467,8.8533,4.4946,70.6467,65.1533,49.8733,56.0733,54.543,normal1,normal,0,train,250
53.544,50.109,62.643,65.9267,42.1867,37.3033,67.69,67.9167,3.05,7.0667,56.0433,109.18,130.2667,92.0633,112.4967,32.6847,269.8267,215.34,2.15,7.9867,3.3157,65.5767,62.41,50.1567,53.6333,30.8323,normal1,normal,0,train,265
53.5733,50.156,62.552,65.7433,41.9833,37.0733,67.5733,67.7667,3.3667,7.4267,57.4233,109.56,130.5333,92.3333,113.2333,32.6993,269.79,215.16,2.0167,8.2533,3.2876,65.5533,62.3733,50.2367,53.7,30.5753,normal1,normal,0,train,270
53.5123,50.1093,62.524,65.702,41.9767,37.08,67.5467,67.8333,3.47,7.3233,57.47,109.9867,130.6333,92.5267,113.8,32.716,269.7367,215.24,2.1433,8.1733,3.2751,65.4667,62.3733,50.1533,53.62,30.4757,normal1,normal,0,train,275
53.4693,50.0907,62.5187,65.686,41.9833,37.0767,67.58,67.7667,3.5333,7.3033,57.3667,110.26,131.0,92.8867,114.2033,32.7127,270.0267,215.6467,2.0533,8.1467,3.2646,65.4867,62.3533,50.13,52.72,30.3737,normal1,normal,0,train,280
56.2533,47.3277,84.4263,92.6693,40.1633,35.1567,95.8367,115.8367,6.9467,4.1033,25.0367,110.2867,142.4167,106.7033,113.9933,75.239,267.6633,215.6733,2.96,7.0667,3.7487,92.88,84.4767,47.21,56.5967,80.2093,normal1,normal,0,train,305
56.738,47.601,85.172,93.7743,40.2167,35.2267,97.0333,118.1667,7.1033,4.0767,26.31,110.3933,142.6667,106.7133,114.46,78.5047,267.66,215.5667,3.2733,7.14,3.6758,93.7433,84.9633,47.4133,56.91,82.071,normal1,normal,0,train,310
56.3337,47.014,85.3233,94.162,40.1267,35.14,97.5,119.1667,7.2133,3.7733,26.1367,110.58,143.2167,107.64,115.0333,80.957,267.1733,215.6467,3.38,6.6733,3.6371,94.1067,85.0933,46.8133,56.4767,83.7453,normal1,normal,0,train,315
56.0033,46.6507,85.2243,94.114,39.9733,34.9833,98.6233,121.4,8.4833,3.64,24.8533,110.8533,143.35,107.5467,115.44,80.9623,266.9733,215.2467,4.67,6.5367,3.6429,93.9733,84.9367,46.52,56.16,83.8843,normal1,normal,0,train,320
51.284,45.2153,85.2807,91.16,40.1133,35.1033,94.2367,112.55,6.26,3.4733,32.72,111.2133,142.1167,106.0333,116.12,59.0933,268.4733,215.24,3.3067,5.0067,3.2408,90.8733,85.0333,45.1533,51.3267,54.467,normal1,normal,0,train,335
51.3,45.2527,85.2847,91.132,40.14,35.13,94.2233,112.55,6.3133,3.5033,32.73,111.1933,141.95,106.0,116.1067,59.038,268.74,215.0933,3.3267,5.08,3.2299,90.8933,85.0333,45.1867,51.4,54.2337,normal1,normal,0,train,340
51.3,45.2593,85.2967,91.1453,40.1267,35.11,94.28,112.7,6.3067,3.5133,32.7067,111.2567,142.0833,106.1967,116.24,59.1133,268.5733,214.8167,3.3667,5.08,3.218,90.9,85.0633,45.18,51.3867,54.1043,normal1,normal,0,train,345
51.3,45.2487,85.3033,91.148,40.1667,35.1633,94.2867,112.6667,6.3233,3.4733,32.6933,111.2933,142.0833,105.95,116.3133,59.1397,268.8667,215.2467,3.33,4.9967,3.2287,90.9633,85.0867,45.2067,51.3733,54.307,normal1,normal,0,train,350
48.805,45.455,84.3763,87.894,40.9,35.9633,89.5133,103.42,4.09,4.0033,51.1667,111.88,140.5233,101.8533,117.54,43.3073,269.9233,215.1133,1.9433,4.5833,2.4388,87.5,84.1633,45.4767,48.9267,30.0283,normal1,normal,0,train,365
49.0647,45.676,84.53,88.0327,41.05,36.1433,89.93,104.2,4.62,4.0433,51.67,112.5833,140.6067,103.2533,118.3133,43.8497,269.8767,214.8533,2.0333,4.5667,2.4343,87.85,84.44,45.5933,49.14,30.3593,normal1,normal,0,train,370
49.2017,45.8053,84.884,88.3877,41.02,36.1133,90.4267,105.15,4.7433,4.1867,50.6133,113.1433,140.6067,104.3233,118.8533,44.2683,269.8967,215.1567,2.1967,4.7133,2.4157,88.2167,84.76,45.7667,49.32,30.4157,normal1,normal,0,train,375
49.1693,45.728,85.0107,88.556,41.0433,36.1367,90.51,105.25,4.64,4.1533,50.3633,113.67,140.6167,102.6467,119.23,44.5047,269.5733,214.89,2.1567,4.6367,2.4367,88.34,84.8167,45.68,49.2533,30.8437,normal1,normal,0,train,380
56.238,45.867,74.8227,84.7407,38.56,33.7333,90.73,105.7,9.5,3.8933,21.91,113.1067,139.8733,105.67,117.2967,75.5077,267.2,215.5,6.1133,7.0167,4.335,84.5733,74.7967,45.5933,56.4933,93.114,normal1,normal,0,train,395
56.043,45.2537,75.2017,85.4367,37.9367,33.1867,91.3267,106.9,9.5033,3.7967,21.54,111.9933,139.7633,106.1133,115.5,78.4827,266.9233,215.43,6.1933,7.1267,4.3396,85.1333,75.12,45.0767,56.1633,96.8657,normal1,normal,0,train,400
55.9713,45.118,75.227,85.5073,37.7033,32.9867,91.3667,107.0333,9.64,3.7767,21.56,111.0633,139.3633,105.9633,114.4367,79.178,267.1167,215.5867,6.1767,7.24,4.331,85.18,75.1133,44.95,56.1,97.534,normal1,normal,0,train,405
55.9193,45.0467,75.2147,85.5193,37.6133,32.9033,91.3833,107.0167,9.65,3.7933,21.6433,110.4467,140.0033,106.6367,113.77,79.378,267.0967,215.5533,6.1533,7.2733,4.3257,85.1867,75.1233,44.88,56.0467,97.6563,normal1,normal,0,train,410
50.662,44.534,75.2657,81.206,39.1367,34.24,84.48,94.6167,6.1067,3.6233,31.7267,109.2067,138.38,103.2,112.58,51.294,268.64,214.9567,3.5467,5.29,3.761,80.9567,75.1867,44.4233,50.7767,54.87,normal1,normal,0,train,425
50.4753,44.3633,75.2787,81.1887,39.1567,34.2633,84.53,94.6667,6.1067,3.45,31.46,109.0667,138.1633,103.9,112.3967,51.3127,268.62,215.3,3.56,5.05,3.7576,80.9067,75.1733,44.2067,50.4767,54.8383,normal1,normal,0,train,430
50.272,44.205,75.2317,81.1207,39.1267,34.2267,84.49,94.6,6.08,3.34,31.4567,109.0067,138.2533,102.3,112.32,51.2567,268.7,215.3067,3.61,4.8967,3.7338,80.88,75.1333,43.98,50.3333,54.4343,normal1,normal,0,train,435
50.1373,44.0707,75.201,81.1033,39.1333,34.2333,84.42,94.5,6.04,3.2867,31.39,108.9867,138.5467,102.58,112.36,51.235,268.5033,214.9733,3.5733,4.7633,3.7256,80.8467,75.1133,43.8867,50.2267,54.2893,normal1,normal,0,train,440
48.2483,45.4523,74.7813,77.7007,40.8233,35.8633,79.3,85.5833,3.2633,4.2633,57.6733,110.06,136.55,99.43,114.4033,35.945,269.58,215.0533,1.71,4.62,2.451,77.5433,74.69,45.4267,48.36,25.056,normal1,normal,0,train,455
48.424,45.5587,74.9713,77.922,40.8067,35.88,79.55,85.9667,3.5933,4.4033,57.91,111.31,136.1667,99.1633,115.8267,36.3637,269.3467,214.8967,1.7067,4.6133,2.4812,77.84,74.9167,45.4767,48.46,25.6607,normal1,normal,0,train,460
48.3733,45.5133,75.0047,77.973,40.97,36.0733,79.68,86.15,3.7,4.29,57.7567,112.3167,136.7,99.59,116.7867,36.4867,269.5067,215.0667,1.7567,4.4167,2.4701,77.9,74.92,45.4,48.4,25.632,normal1,normal,0,train,465
48.327,45.4567,75.07,78.0507,41.0,36.1067,79.78,86.3833,3.66,4.17,57.5367,113.1667,136.8,99.75,117.6467,36.5533,269.4433,214.8333,1.8567,4.33,2.4687,77.92,74.9667,45.3633,48.36,25.6657,normal1,normal,0,train,470
55.5563,44.8613,70.3,80.3717,37.4833,32.7867,86.2,97.7167,9.2167,3.92,21.7267,111.8167,139.2333,105.8533,114.57,71.4547,266.5267,215.89,6.09,7.2,4.7343,80.1367,70.1133,44.7467,55.6767,96.2147,normal1,normal,0,train,490
55.4667,44.7907,70.244,80.25,37.32,32.6267,86.03,97.35,9.2333,3.9267,21.5533,110.6267,138.9433,105.6567,113.2667,71.3223,266.7033,215.39,6.0567,7.3667,4.7237,80.0133,70.0467,44.7133,55.61,95.8207,normal1,normal,0,train,495
55.5427,44.8733,70.2413,80.2473,37.32,32.62,86.08,97.4167,9.22,3.9733,21.4933,109.74,138.8233,105.3567,112.2833,71.2947,266.7033,215.5367,6.0367,7.4833,4.7257,80.0333,70.05,44.8033,55.7167,95.824,normal1,normal,0,train,500
50.921,44.139,64.8317,71.3203,37.62,32.91,74.84,78.64,6.0633,4.3733,30.3,107.9067,134.0333,100.2567,110.2433,46.5713,269.3267,215.1967,4.0333,6.3933,4.59,70.7767,64.63,44.0267,50.9967,60.7943,normal1,normal,0,train,515
51.0123,44.209,64.753,71.1333,37.4867,32.8,74.85,78.7,6.27,4.49,30.3033,107.3933,133.6333,99.83,109.6567,46.7733,269.6633,215.26,4.08,6.6133,4.5863,70.8167,64.6567,44.1,51.1067,61.0113,normal1,normal,0,train,520
51.2213,44.354,64.9307,71.268,37.54,32.8433,75.07,78.9667,6.3567,4.5667,30.2567,107.0667,133.5167,99.88,109.3133,47.046,269.6933,215.0433,4.0433,6.7367,4.6005,70.9967,64.7867,44.2833,51.2733,61.5587,normal1,normal,0,train,525
51.304,44.4193,64.9867,71.3147,37.6033,32.9133,75.11,79.0833,6.2833,4.5967,30.2867,106.9,133.4833,99.7467,109.1133,47.1113,269.3233,215.2533,4.0233,6.76,4.6105,71.0667,64.8233,44.3533,51.4067,61.7783,normal1,normal,0,train,530
48.552,45.2663,64.9503,68.2017,39.8533,34.89,70.2567,71.45,3.5433,4.6833,51.7867,107.0733,130.4,94.4967,109.84,33.9807,270.2033,215.0,2.3133,5.38,3.046,67.91,64.78,45.23,48.6267,29.44,normal1,normal,0,train,545
48.2543,44.9367,65.024,68.2953,40.1233,35.14,70.4233,71.7,3.7933,4.2733,52.4733,107.7933,130.9333,94.6833,111.0633,34.186,270.6667,215.2733,2.3367,4.7167,3.0594,68.08,64.8667,44.8567,48.27,29.747,normal1,normal,0,train,550
48.3323,45.1437,64.8013,67.9607,40.04,35.0533,69.9633,71.0667,3.5433,4.6467,54.1133,108.5533,130.15,94.0533,112.0033,33.3587,269.1467,215.2833,2.21,5.1267,3.0139,67.6967,64.6,45.1567,48.4833,28.597,normal1,normal,0,train,555
48.6573,45.4683,64.751,67.8967,40.0567,35.06,69.94,71.05,3.8067,4.8467,54.9733,109.1667,130.4,94.24,112.8733,33.522,268.9833,214.59,2.1767,5.3433,2.996,67.75,64.6667,45.39,48.7633,28.5637,normal1,normal,0,train,560
49.5957,40.2313,79.2657,88.0047,36.6467,32.05,90.8967,106.0667,6.8767,0.97,22.74,109.0267,139.36,106.82,111.7067,74.9917,268.4867,214.8033,3.01,3.39,3.93,87.89,79.2667,40.0633,49.7033,83.8207,normal1,normal,0,train,580
49.9047,40.4667,79.6493,88.5273,36.6067,32.01,91.39,107.0167,6.7467,1.5933,23.4633,108.7267,139.57,106.9033,111.6667,75.9907,268.4533,215.26,3.08,3.6933,3.9177,88.3033,79.6333,40.3133,50.0367,84.6727,normal1,normal,0,train,585
49.9713,40.4333,79.9213,88.9593,36.64,32.0333,91.88,108.0,6.9967,1.0233,23.4267,108.5533,139.7567,107.1233,111.7133,77.6463,268.0267,214.9233,3.1333,3.55,3.8697,88.78,79.88,40.21,50.0833,85.4553,normal1,normal,0,train,590
50.0153,40.4173,80.077,89.1867,36.5067,31.9067,92.17,108.55,7.1333,1.26,23.4433,108.5067,139.4533,106.82,111.8,78.6007,267.6667,214.7567,3.2167,3.7067,3.8442,88.9333,80.0033,40.2067,50.1133,85.936,normal1,normal,0,train,595
49.9847,40.3707,80.1087,89.28,36.4267,31.8333,92.39,109.05,7.1867,1.46,23.5633,108.54,140.1167,107.61,111.8933,79.1437,268.03,214.97,3.43,3.73,3.8282,88.9667,80.0333,40.1633,50.0767,86.171,normal1,normal,0,train,600
46.5173,40.317,80.1407,86.2793,37.3333,32.6333,89.5867,103.65,6.5333,2.02,29.4067,108.6133,138.98,105.4267,112.2333,56.9617,268.6533,214.98,3.6267,2.77,3.4281,85.9467,80.02,40.1033,46.53,55.5387,normal1,normal,0,train,615
46.202,40.034,80.0223,86.0553,37.0533,32.3733,89.2,102.9333,6.4767,2.0267,29.5767,108.4933,138.8467,105.5767,112.22,56.1707,269.2967,215.0367,3.59,2.9167,3.4603,85.62,79.8833,39.9733,46.2933,55.2817,normal1,normal,0,train,620
46.575,40.5013,80.013,85.9937,37.31,32.6233,89.4433,102.48,6.6033,2.1667,29.8733,108.44,138.9767,105.3867,112.1667,56.5587,269.3767,214.9033,3.67,2.9933,3.3803,85.77,79.9667,40.3033,46.6867,54.3813,normal1,normal,0,train,625
46.3753,40.1943,80.0753,86.1013,37.3067,32.6067,89.5067,103.4667,6.6833,1.9533,29.3967,108.3267,139.1133,105.5267,112.14,56.621,268.9367,214.7667,3.7067,2.7533,3.4332,85.7867,79.9633,40.0333,46.4267,55.2867,normal1,normal,0,train,630
43.634,39.9007,80.468,84.4893,37.84,33.0967,85.4967,96.3333,3.2733,1.7833,42.61,108.4733,137.64,102.76,112.53,43.92,269.8467,214.6067,1.66,2.02,2.6701,83.8967,80.1233,39.8667,43.6267,33.362,normal1,normal,0,train,640
43.8847,40.3413,79.9903,83.782,37.7667,33.0367,85.6767,96.7833,4.3867,2.2933,45.3333,108.9,137.6667,103.5533,113.2067,43.6427,270.34,214.8233,2.1,2.4133,2.5586,83.6167,79.95,40.2,43.9367,31.758,normal1,normal,0,train,645
43.979,40.4147,80.087,83.854,37.4833,32.7733,85.9167,97.1333,4.6933,2.5967,45.7033,109.5067,137.2667,103.3,113.9633,43.951,269.95,214.8933,2.24,2.7967,2.5562,83.6767,79.98,40.23,44.0533,31.9517,normal1,normal,0,train,650
44.058,40.4547,80.1073,83.882,37.4733,32.7667,85.95,97.2,4.62,2.59,45.92,110.0133,137.1967,102.6267,114.5833,43.9717,269.92,214.7067,2.23,2.8733,2.5764,83.7033,79.9967,40.3467,44.1333,32.2203,normal1,normal,0,train,655
44.096,40.472,80.0993,83.8807,37.6,32.8967,85.95,97.2333,4.6367,2.5067,45.5833,110.36,137.55,103.5467,114.86,44.1933,270.01,214.5867,2.2467,2.7067,2.5762,83.7267,80.0167,40.3333,44.16,32.383,normal1,normal,0,train,660
51.7683,40.647,70.006,80.486,35.1767,30.67,86.65,98.4167,9.7833,2.6067,20.38,109.16,136.4167,105.21,111.9733,77.3217,265.98,215.1133,6.3767,5.2867,4.533,80.27,69.8633,40.4567,51.9933,99.679,normal1,normal,0,train,680
51.9933,40.568,70.2213,81.022,35.0967,30.59,87.2733,99.4667,10.0633,2.47,20.5833,108.4867,136.98,106.1733,111.0433,80.8773,266.2433,215.2933,6.5033,5.2033,4.4557,80.76,70.0467,40.2933,52.09,102.4967,normal1,normal,0,train,685
51.6693,40.242,70.1173,80.9587,34.8633,30.42,87.1333,99.25,9.9733,2.3667,20.8533,108.0667,137.08,106.1433,110.74,80.902,266.1733,214.9833,6.5067,5.1833,4.4491,80.6433,69.9333,40.0367,51.7767,102.37,normal1,normal,0,train,690
45.6953,39.3567,69.1877,75.3823,35.3967,30.8933,78.8567,84.85,6.3833,2.73,28.5933,106.98,133.5167,100.7333,109.3333,49.199,269.6567,214.7967,3.87,3.8567,4.0548,75.0067,69.01,39.23,45.7833,56.735,normal1,normal,0,train,705
45.61,39.2567,69.12,75.2933,35.5933,31.0933,78.1567,85.0667,6.62,2.5033,28.42,106.74,133.7,101.5233,109.08,49.5343,269.6,215.1333,3.91,3.4733,4.043,75.0933,68.9767,39.11,45.6867,56.9597,normal1,normal,0,train,710
45.5247,39.138,69.193,75.3667,35.62,31.1267,79.9433,85.25,6.6867,2.32,28.2733,106.4933,133.6167,101.5533,108.86,49.603,269.7533,214.7433,3.93,3.3667,4.0516,75.2033,69.0733,39.0133,45.5867,57.1587,normal1,normal,0,train,715
45.5673,39.1873,69.3053,75.4627,35.7,31.2067,79.17,85.35,6.6467,2.3267,28.2067,106.3267,133.3167,100.5267,108.7,49.6743,269.73,214.6,3.8567,3.3733,4.0389,75.34,69.1933,39.07,45.7,57.063,normal1,normal,0,train,720
43.3137,40.1707,69.182,72.5547,37.4967,32.7733,74.1133,77.5,3.32,2.4533,49.3033,107.1733,132.2667,98.4467,110.4333,35.9827,270.11,214.4467,1.8933,2.5567,2.7452,72.21,68.99,40.0667,43.28,28.084,normal1,normal,0,train,735
43.5503,40.5747,68.1497,71.3223,37.2733,32.57,73.11,75.9,3.4433,2.9533,52.6533,108.0833,131.5667,97.8967,111.4533,34.8597,270.6267,214.9867,2.11,3.19,2.6854,70.99,67.88,40.4533,43.6467,26.6257,normal1,normal,0,train,740
43.5517,40.5333,68.1767,71.325,37.59,32.89,73.2967,76.1333,3.7667,2.62,51.85,108.7733,131.8667,98.0567,112.22,35.1833,270.9433,214.6733,2.11,2.7867,2.6958,71.15,68.02,40.3967,43.5533,26.9773,normal1,normal,0,train,745
43.525,40.512,68.3137,71.4597,37.7667,33.0433,73.5367,76.5167,3.83,2.63,51.59,109.4133,132.1833,98.0567,112.9267,35.2387,270.4833,214.6,2.2333,2.64,2.6908,71.2733,68.1667,40.39,43.58,26.9687,normal1,normal,0,train,750
48.9607,39.7963,63.8953,72.4553,35.3733,30.8567,77.7,83.0833,8.7267,2.4167,23.4467,109.4333,134.1,104.1733,111.88,58.8553,268.1667,215.11,5.54,4.2367,4.9063,72.17,63.6767,39.5867,49.0133,82.1257,normal1,normal,0,train,765
48.942,39.6853,63.7073,72.3317,35.2933,30.8,77.42,82.5667,8.7033,2.3667,22.7233,108.5333,134.0,103.39,110.5367,58.606,268.2367,214.5967,5.4167,4.2333,4.9645,71.9833,63.5333,39.54,48.9933,82.7487,normal1,normal,0,train,770
48.715,39.4787,63.4653,72.016,35.1167,30.6233,77.0733,82.1167,8.6333,2.2933,22.8133,107.6633,134.0167,102.5233,109.4467,58.4943,268.19,215.13,5.4,4.19,4.9798,71.6633,63.2633,39.3267,48.7733,82.848,normal1,normal,0,train,775
48.5773,39.3843,63.284,71.8263,35.0367,30.55,76.82,81.7667,8.61,2.24,22.8167,106.9667,133.75,103.3567,108.74,58.3133,268.14,214.8967,5.4067,4.1433,4.964,71.45,63.0633,39.1667,48.62,82.3297,normal1,normal,0,train,780
45.8693,39.8467,61.9433,67.7473,35.71,31.1833,71.0633,72.75,5.7433,2.88,30.9867,105.6067,130.6667,98.5933,107.36,42.8313,269.0867,215.16,3.8733,4.1333,4.4312,67.2267,61.7,39.7933,45.9033,53.9823,normal1,normal,0,train,795
45.711,39.8747,61.3723,66.965,35.6133,31.1,70.43,71.7333,5.8,3.01,31.53,105.3733,130.3667,98.22,107.2133,42.0033,269.0667,214.96,3.8333,4.1667,4.3791,66.5867,61.17,39.8133,45.82,52.317,normal1,normal,0,train,800
45.7463,39.99,61.1367,66.5433,35.22,30.7233,70.0433,71.2333,5.8,3.3867,32.1633,105.24,130.0333,98.4033,107.1867,41.578,269.16,214.9033,3.8167,4.6933,4.3592,66.2667,60.9567,39.9133,45.8567,51.549,normal1,normal,0,train,805
45.98,40.2173,61.138,66.51,35.1833,30.6867,70.03,71.1667,5.7,3.5367,32.44,105.1333,130.1167,98.3867,107.1867,41.6053,268.72,214.7667,3.69,4.9433,4.3583,66.3,60.9833,40.1267,46.1133,51.5733,normal1,normal,0,train,810
43.6893,40.3947,62.8213,66.1953,36.46,31.8567,67.75,68.0333,2.7533,3.37,47.2933,105.2533,128.5033,95.5467,107.5367,33.6647,270.04,214.4667,2.1067,3.8333,3.0753,65.62,62.3767,40.2667,43.65,29.4393,normal1,normal,0,train,820
43.1173,40.0757,61.7277,64.933,36.97,32.3033,66.54,66.3333,2.7933,2.7867,51.0333,105.7933,126.9833,94.4267,108.5667,32.491,270.33,214.8267,2.0233,3.0533,2.9456,64.5267,61.43,40.0167,43.0933,27.2277,normal1,normal,0,train,825
43.0393,39.998,61.174,64.2893,36.35,31.7367,66.1767,65.86,3.2567,3.4667,52.3467,106.36,127.65,94.79,109.3467,32.466,270.3333,214.5767,2.1867,3.5867,2.9468,64.05,61.0533,39.9233,42.9933,27.2083,normal1,normal,0,train,830
42.937,40.0533,60.9403,63.953,36.95,32.29,65.6733,65.2,2.9367,2.8333,53.2667,106.8733,128.0467,94.1167,110.0733,31.782,270.42,214.7633,2.05,3.0467,2.8538,63.6367,60.6867,40.0,43.01,25.8023,normal1,normal,0,train,835
43.0927,40.179,60.748,63.7553,36.6367,32.02,65.6667,65.1833,3.1867,3.2533,53.7667,107.2733,127.3667,94.42,110.6133,31.935,270.5233,214.9167,2.1133,3.3933,2.8724,63.5967,60.65,40.1033,43.0533,26.09,normal1,normal,0,train,840
60.198,50.7037,85.4313,94.4507,42.2667,37.37,100.3033,124.85,10.45,5.2267,24.6033,109.7833,140.6633,103.0467,115.55,78.4933,267.0667,216.0733,6.0067,8.3133,3.8291,94.31,85.2133,50.6,60.28,85.4843,normal r,normal,0,train,30
59.979,50.4993,85.3207,94.3123,42.0433,37.1467,100.3767,125.0333,10.7467,5.2,24.5567,110.8,141.0,101.4667,116.17,78.6653,267.2633,215.9333,6.2467,8.3433,3.8122,94.1667,85.0133,50.3867,60.13,85.2913,normal r,normal,0,train,35
59.8933,50.4153,85.3367,94.3287,42.01,37.1067,100.4633,125.15,10.7633,5.1667,24.4467,111.41,140.9867,103.1967,116.61,78.6923,266.7067,216.3233,6.2267,8.3567,3.8184,94.2333,85.1367,50.3567,60.0767,85.4607,normal r,normal,0,train,40
56.9987,50.7327,85.4677,91.4253,42.67,37.7667,95.35,114.8333,7.4933,6.0867,34.6967,112.9333,139.6267,101.1267,118.2033,58.6753,268.93,215.56,4.03,8.17,3.3731,91.28,85.2867,50.87,57.23,56.2877,normal r,normal,0,train,65
57.041,50.699,85.6163,91.6287,42.81,37.8867,95.4967,115.1433,7.4867,6.0067,34.4767,113.02,139.9533,100.3867,118.3667,59.222,268.9267,215.8233,4.0367,7.9767,3.3862,91.4933,85.39,50.77,57.2033,57.035,normal r,normal,0,train,70
53.608,50.2233,85.7047,89.1297,43.66,38.84,91.1167,106.4667,4.6567,6.0267,53.58,113.94,138.6267,98.7367,119.9833,42.706,269.89,215.5267,2.3833,6.7267,2.5043,88.7133,85.39,50.3667,53.74,30.4063,normal r,normal,0,train,85
53.772,50.3687,85.9027,89.2893,43.62,38.81,91.56,107.3833,5.08,6.2067,54.86,114.74,139.12,99.39,121.1233,43.2853,269.6267,215.71,2.5167,6.84,2.487,89.0367,85.7133,50.4367,53.8767,30.615,normal r,normal,0,train,90
53.78,50.3593,85.852,89.2667,43.5933,38.79,91.5533,107.4167,5.0733,6.1933,54.91,115.47,138.9633,99.1133,122.0833,43.3673,269.5133,215.65,2.58,6.8,2.4944,89.0033,85.6467,50.41,53.8567,30.7667,normal r,normal,0,train,95
53.7587,50.3287,85.8693,89.276,43.5767,38.78,91.5933,107.45,5.1167,6.2067,54.9167,115.9567,138.9033,99.0133,122.75,43.4117,269.6033,215.3267,2.5867,6.8067,2.4951,89.0533,85.6333,50.39,53.8533,30.8077,normal r,normal,0,train,100
60.5427,50.267,75.8687,85.5407,41.6167,36.7033,91.58,107.4167,10.0467,5.1567,23.28,114.33,138.7667,101.4467,118.5933,71.1713,267.0167,216.0633,6.4267,8.6133,4.5689,85.1667,75.8233,50.1933,60.6567,92.486,normal r,normal,0,train,120
60.544,50.2113,75.8527,85.5393,41.47,36.5767,91.6233,107.4667,10.2333,5.3,23.2033,113.09,138.5833,101.4967,117.1033,71.5503,266.94,215.79,6.43,8.68,4.563,85.18,75.83,50.1633,60.6433,92.8553,normal r,normal,0,train,125
60.608,50.2453,75.9007,85.619,41.47,36.5733,91.7167,107.75,10.3433,5.2933,23.19,112.1467,138.3967,100.4267,116.08,71.804,267.0733,216.1533,6.47,8.76,4.5696,85.2933,75.8367,50.2067,60.74,93.3187,normal r,normal,0,train,130
56.929,50.324,76.3733,82.65,41.89,37.01,86.33,97.8167,6.9367,6.33,33.5467,110.64,136.5667,98.68,114.8333,52.2403,267.0167,215.7,3.9767,8.4733,3.9964,82.35,76.3933,50.3867,57.0333,59.379,normal r,normal,0,train,150
56.1753,49.8077,76.1787,82.2617,42.09,37.2067,85.7,96.6833,6.54,5.7333,34.09,110.7533,136.6167,98.2467,114.86,50.9177,266.7467,215.9133,3.7667,7.7867,3.9552,81.9267,76.1067,49.9,56.27,57.2777,normal r,normal,0,train,155
52.7413,49.8563,76.0607,79.0317,43.6,38.79,80.9367,88.3,3.6067,5.95,60.5733,111.87,134.25,94.44,117.1767,36.093,268.1533,215.41,2.0633,6.34,2.5212,78.8967,75.96,49.9433,52.81,25.8787,normal r,normal,0,train,175
52.9377,50.1467,75.943,78.785,43.5167,38.6767,80.74,87.9167,3.9267,6.3733,62.9167,113.06,134.1667,94.3833,118.69,35.6273,268.1,215.3733,2.01,6.8033,2.4703,78.68,75.88,50.2933,53.1367,25.032,normal r,normal,0,train,180
52.846,50.0397,76.0233,78.8827,43.6333,38.83,80.8367,88.1333,3.8733,6.1467,62.2833,114.18,133.9667,94.0167,119.88,35.658,268.39,215.7167,2.09,6.4867,2.4864,78.7267,75.9333,50.1333,52.97,25.2177,normal r,normal,0,train,185
52.9447,50.06,76.0907,78.989,43.8233,39.0233,81.1433,88.6333,4.1367,5.9633,62.3,114.94,134.3667,94.26,120.6367,36.2537,267.7967,215.4667,2.0767,6.27,2.5108,79.0067,76.0833,50.1,52.9867,25.8887,normal r,normal,0,train,190
59.7387,50.2493,71.6977,80.55,41.1467,36.2333,86.21,97.65,9.21,5.8667,26.05,114.93,136.3667,99.4933,118.98,63.4967,267.19,216.1733,5.77,9.0,4.7328,80.4067,71.4833,50.14,59.8567,85.4737,normal r,normal,0,train,205
59.4033,49.872,71.5727,80.4447,40.8467,35.9267,85.9,97.1333,9.0533,5.8533,25.5767,113.5167,135.9667,99.4633,117.02,63.1557,267.4533,215.94,5.6967,9.0133,4.7767,80.2267,71.3967,49.8867,59.6267,85.8007,normal r,normal,0,train,210
59.4007,49.8653,71.5433,80.39,40.8133,35.88,85.8433,97.0333,9.01,5.8667,25.44,112.2,136.05,99.45,115.52,63.059,267.4267,215.79,5.66,9.07,4.7826,80.1867,71.3633,49.8867,59.6267,85.7733,normal r,normal,0,train,215
59.402,49.8693,71.526,80.3673,40.8067,35.8733,85.7833,96.9333,9.0767,5.8533,25.3667,111.19,135.7833,99.2433,114.5533,63.0603,267.28,215.99,5.6467,9.1,4.7856,80.1467,71.3567,49.88,59.6233,85.83,normal r,normal,0,train,220
56.474,49.8067,66.7567,73.0457,41.79,36.89,76.6633,81.45,6.2233,5.9533,34.0433,109.6733,132.6167,94.98,113.0,45.3547,269.5567,215.8367,4.2767,8.1067,4.6472,72.3933,66.4467,49.8867,56.5433,59.947,normal r,normal,0,train,235
56.288,49.986,66.2633,72.0817,41.4933,36.6033,75.8967,80.2,6.3567,6.4667,34.96,109.42,131.7333,94.12,112.6433,44.029,269.7367,215.9733,4.1867,8.6267,4.5282,71.71,66.1367,50.1533,56.5367,56.704,normal r,normal,0,train,240
56.2853,49.9213,66.2687,72.0973,41.23,36.33,75.97,80.3333,6.5267,6.57,34.9967,109.1733,131.75,94.5733,112.3633,44.2943,269.5533,215.6767,4.21,8.82,4.5408,71.75,66.1233,50.0267,56.5267,57.2027,normal r,normal,0,train,245
56.2413,49.841,66.2353,72.0587,41.2,36.2967,75.87,80.2,6.53,6.52,35.0433,108.9667,131.7,94.3767,112.2467,44.2693,269.29,215.9833,4.16,8.8167,4.5756,71.74,66.1167,50.0033,56.4767,57.614,normal r,normal,0,train,250
53.9677,50.074,64.4087,68.0603,41.92,37.0167,70.49,71.8167,4.1733,7.2,51.7067,109.3467,127.58,90.3567,113.21,34.7023,270.6867,215.91,2.7767,8.38,3.5467,67.6967,64.1667,50.2933,54.1167,35.003,normal r,normal,0,train,270
53.9723,50.1013,64.244,67.8413,41.7533,36.8533,70.44,71.7167,4.4167,7.3133,52.54,109.6833,129.2233,90.6733,113.81,34.7573,271.0867,215.9667,2.8067,8.5167,3.5191,67.5967,64.0633,50.2633,54.11,34.7883,normal r,normal,0,train,275
53.9303,50.0813,64.2347,67.816,41.68,36.7867,70.3967,71.6333,4.4233,7.38,52.6633,110.0233,129.3533,90.68,114.2033,34.7347,270.78,215.4367,2.8067,8.5233,3.4982,67.58,64.05,50.2267,54.02,34.5593,normal r,normal,0,train,280
55.6877,46.579,85.47,94.17,40.3633,35.36,99.4833,123.1,9.2367,3.5967,23.8267,111.2,139.4533,102.61,116.0367,79.1287,268.9067,215.83,5.4733,6.0367,3.6398,94.02,85.2633,46.3867,55.73,81.9117,normal r,normal,0,train,310
55.2063,46.0673,85.342,94.1047,39.95,34.95,99.49,123.0333,9.2533,3.43,24.1867,111.1467,139.2333,103.6533,115.9833,80.4017,269.0667,215.9167,5.5233,5.9433,3.5964,93.9133,85.12,45.9167,55.33,82.2423,normal r,normal,0,train,315
55.11,45.9417,85.2553,94.022,39.85,34.84,99.3133,122.7833,9.2867,3.3833,24.2867,111.1933,139.2467,103.87,116.0867,80.2127,268.9667,215.7767,5.5433,6.0367,3.6154,93.76,85.0,45.85,55.26,82.482,normal r,normal,0,train,320
52.2077,46.014,86.0487,92.0337,40.19,35.1967,95.75,115.6433,7.1533,4.0867,32.58,111.3167,138.7367,101.6367,116.4067,61.0597,269.8133,216.0333,3.8667,5.8,3.21,91.9,85.93,46.01,52.4133,55.7443,normal r,normal,0,train,335
52.0937,45.868,86.162,92.2257,40.1733,35.16,95.7967,115.79,7.0333,4.0067,32.55,111.4133,138.74,101.5667,116.65,61.3273,269.71,215.5933,3.8367,5.64,3.2062,92.0067,85.9733,45.81,52.2333,55.9273,normal r,normal,0,train,340
51.948,45.7333,86.1447,92.1863,40.11,35.1167,95.8,115.78,6.9833,3.8533,32.43,111.4133,138.62,102.4,116.8,61.18,269.9433,216.0167,3.8367,5.55,3.2136,91.9533,85.9467,45.6533,51.98,55.9193,normal r,normal,0,train,345
51.8893,45.6827,86.138,92.1657,40.08,35.0767,95.7267,115.6433,6.8767,3.8367,32.4733,111.4,138.4933,102.5033,116.8933,61.2683,269.87,215.7167,3.7933,5.53,3.2002,91.9333,85.9267,45.6,51.97,55.765,normal r,normal,0,train,350
49.3233,45.8347,85.6187,89.2197,40.9,35.98,91.5467,107.3333,5.1367,4.4033,50.65,112.0867,137.3167,100.3233,118.2633,45.6097,270.9033,215.4633,2.4667,5.01,2.4133,89.09,85.44,45.8633,49.4633,31.305,normal r,normal,0,train,365
49.0863,45.5477,85.7347,89.38,40.96,36.0567,91.6133,107.4333,4.95,4.1067,49.64,112.7633,137.2333,100.2167,119.0133,45.6247,270.8267,215.27,2.45,4.5867,2.4497,89.1267,85.5267,45.5267,49.1033,31.7887,normal r,normal,0,train,370
49.0073,45.432,85.7213,89.3707,41.0467,36.1467,91.5733,107.4,4.9833,3.9467,49.5833,113.2933,137.3333,100.12,119.56,45.7437,270.9167,215.64,2.43,4.3633,2.4684,89.1533,85.5133,45.4333,49.04,32.1127,normal r,normal,0,train,375
48.9713,45.3887,85.6733,89.3267,41.02,36.1067,91.5167,107.2833,4.9333,3.93,49.58,113.74,137.3833,100.3767,119.9233,45.648,270.58,215.56,2.44,4.38,2.4765,89.0667,85.4967,45.3967,49.02,32.153,normal r,normal,0,train,380
56.115,45.802,75.6163,85.4447,38.5667,33.7767,91.5133,107.2333,9.95,3.91,21.7133,112.0433,136.3667,102.0567,116.3433,75.2753,267.68,215.99,6.4,7.0433,4.3354,85.1,75.6,45.64,56.2733,92.8207,normal r,normal,0,train,400
56.251,45.8213,75.723,85.6147,38.33,33.54,91.7367,107.7333,10.1433,4.0333,21.7633,111.03,135.8,102.69,115.0833,76.417,267.5067,216.1633,6.4433,7.4433,4.3221,85.32,75.7133,45.77,56.55,93.935,normal r,normal,0,train,405
56.786,46.0487,76.0347,86.217,38.4367,33.64,92.6,109.45,10.46,4.05,21.71,110.34,136.1167,102.83,114.21,79.6503,267.41,216.1833,6.6767,7.4767,4.2702,85.9833,76.0167,45.91,57.0233,96.732,normal r,normal,0,train,410
50.7207,44.5393,76.1273,82.074,38.8833,34.0133,85.6,96.5333,6.4,3.96,32.0933,109.0933,134.5333,99.5367,113.1,52.205,269.5633,215.64,3.8133,5.5967,3.7384,81.7833,76.0867,44.52,50.8433,55.509,normal r,normal,0,train,430
50.7513,44.5587,76.1607,82.0913,38.8433,33.9533,85.6,96.5667,6.35,4.0267,32.06,108.9333,134.2333,99.1533,113.02,52.245,269.3267,215.6133,3.7667,5.7367,3.7428,81.8,76.0867,44.56,50.8633,55.6167,normal r,normal,0,train,435
50.8047,44.6123,76.1667,82.098,38.79,33.9267,85.6467,96.6167,6.43,4.0933,32.0367,108.7667,134.1333,99.25,112.9133,52.2777,269.4933,215.5767,3.8167,5.8367,3.744,81.81,76.1333,44.6067,50.8867,55.6677,normal r,normal,0,train,440
48.3383,45.4503,75.5953,78.6097,40.87,35.9467,80.45,87.45,3.6533,4.2333,56.67,109.9,133.1667,96.0633,115.03,36.6543,270.7667,215.55,1.9867,4.6567,2.4892,78.3967,75.4967,45.5467,48.5133,25.9473,normal r,normal,0,train,455
48.4573,45.4913,75.7993,78.7987,41.1933,36.3067,80.84,88.1,3.99,4.1133,56.4633,111.1733,133.55,96.1767,116.4167,37.1777,270.6267,215.49,2.0767,4.2933,2.5203,78.7333,75.75,45.4467,48.5133,26.65,normal r,normal,0,train,460
48.3987,45.421,75.814,78.8133,41.2233,36.3233,80.91,88.2,3.9733,4.03,56.36,112.2333,133.4,95.95,117.46,37.215,270.4633,215.7,2.1667,4.2033,2.5226,78.7333,75.76,45.39,48.4267,26.701,normal r,normal,0,train,465
48.3453,45.3673,75.8047,78.796,41.2433,36.34,80.86,88.1333,4.02,3.9867,56.39,113.1133,133.5,96.1067,118.27,37.2207,270.2467,215.3967,2.12,4.1133,2.5187,78.74,75.7333,45.37,48.3867,26.663,normal r,normal,0,train,470
55.2803,45.4713,69.949,79.0883,38.56,33.7533,84.92,95.3,8.9267,3.8667,22.7633,111.8967,134.25,99.8333,115.1167,65.5833,269.1633,216.02,5.97,6.86,4.7338,78.9267,69.8267,45.43,55.54,88.2973,normal r,normal,0,train,490
55.9847,45.828,70.4013,79.8053,38.2233,33.4233,85.8733,97.1,9.3433,4.1833,22.3733,110.7133,134.45,100.4867,113.6633,68.2543,268.8867,216.2167,6.1233,7.5433,4.7119,79.75,70.3033,45.7867,56.2567,91.4637,normal r,normal,0,train,495
56.32,45.7893,71.019,80.8653,38.0433,33.26,87.12,99.2833,9.9833,4.1067,21.7733,109.8433,134.7,100.2333,112.7533,71.648,268.7167,216.0167,6.38,7.65,4.6503,80.7233,70.9133,45.6833,56.5633,94.7607,normal r,normal,0,train,500
50.7267,44.2513,66.073,72.0027,37.7833,33.0467,75.8667,80.1833,6.3867,4.5333,31.3333,107.7767,130.2167,96.2933,110.6533,46.3843,275.3633,215.8467,4.25,6.4733,4.4149,71.63,65.9367,44.2733,50.9067,58.243,normal r,normal,0,train,520
51.156,44.4893,66.1443,72.1243,37.95,33.1867,76.1,80.5167,6.4467,4.5533,31.1233,107.52,130.6333,96.4033,110.3267,46.8447,275.2533,216.0033,4.2833,6.5833,4.5027,71.7933,65.98,44.5133,51.28,59.9913,normal r,normal,0,train,525
51.3907,44.6447,66.198,72.2887,37.9867,33.2067,76.37,81.0167,6.5567,4.5367,30.7667,107.2733,130.3667,96.3133,110.0267,47.292,274.85,215.6933,4.4133,6.69,4.5096,71.98,66.0433,44.7067,51.55,60.6577,normal r,normal,0,train,530
48.8543,45.2137,66.299,69.841,39.9233,34.9533,71.9833,74.1667,3.8867,4.6433,49.8033,107.4,128.32,92.3833,110.72,35.4113,271.4367,215.6367,2.4867,5.34,3.2472,69.5233,66.1433,45.26,48.86,32.7017,normal r,normal,0,train,545
48.5663,44.9503,66.3073,69.842,39.9233,34.9133,72.13,74.4167,4.1167,4.51,50.32,108.08,129.5867,92.8467,111.7033,35.6963,271.7767,215.46,2.5367,5.07,3.1967,69.6233,66.1767,44.96,48.6033,32.454,normal r,normal,0,train,550
48.974,45.4873,66.2393,69.6273,40.1833,35.1767,71.92,73.9667,4.07,4.7467,52.3833,109.2867,129.4367,92.3,113.32,35.1097,270.2733,215.4267,2.44,5.3633,3.1381,69.4467,66.1433,45.5267,49.0533,31.3363,normal r,normal,0,train,560
51.7663,42.9367,80.3693,88.5003,37.88,33.12,93.6467,111.5333,8.4133,2.95,22.76,109.38,136.2,101.4967,112.98,71.5103,269.8567,215.72,5.1733,4.8767,3.9019,88.4533,80.3867,42.76,51.8533,79.357,normal r,normal,0,train,580
51.382,42.3083,80.8167,89.2833,37.4133,32.7133,94.41,113.0,8.6033,2.9,22.7333,109.1733,136.1,103.7567,112.96,74.373,269.3367,215.59,5.32,4.6567,3.8542,89.1133,80.7333,42.0867,51.4433,81.5293,normal r,normal,0,train,585
51.268,41.976,81.0473,89.7743,37.1833,32.4833,94.8267,113.8167,8.72,2.8033,22.8133,108.94,136.0,102.9733,112.9667,76.839,269.41,215.5,5.29,4.6333,3.8176,89.5533,80.9333,41.8133,51.3533,83.4287,normal r,normal,0,train,590
51.003,41.59,81.15,90.0907,37.1133,32.4167,95.3033,114.7367,9.09,2.5733,22.7633,108.8467,136.5,103.4133,113.0067,78.823,269.2367,215.48,5.51,4.2267,3.7697,89.8067,81.0267,41.33,51.01,84.514,normal r,normal,0,train,595
50.6607,41.2627,81.1207,90.0947,37.0567,32.3633,95.22,114.6433,9.1533,2.2867,22.71,108.9133,136.6,103.66,113.0733,78.749,269.11,215.17,5.49,3.94,3.7625,89.7633,80.9667,41.02,50.78,84.2687,normal r,normal,0,train,600
47.4267,41.1797,81.11,87.2393,37.4233,32.73,91.0533,106.35,6.93,2.56,29.57,108.7333,135.1833,100.55,113.1,58.653,270.31,215.3433,3.98,3.4967,3.3591,87.0267,81.02,40.9333,47.4033,56.037,normal r,normal,0,train,620
46.5797,40.1493,81.1233,87.3757,37.46,32.76,90.7,105.7167,6.83,1.7433,28.4633,108.6867,135.4667,102.58,113.1,58.6127,270.4433,215.3467,3.71,2.5467,3.4624,87.03,80.9933,40.0,46.5333,57.7133,normal r,normal,0,train,625
46.5953,40.4347,80.9727,86.9877,37.2367,32.5433,90.5933,105.4167,6.9833,2.2967,29.4167,108.66,135.1,102.4667,113.02,57.449,270.7033,215.3,3.9733,3.13,3.3824,86.6033,80.8267,40.38,46.7733,55.2677,normal r,normal,0,train,630
43.5143,39.8827,80.8697,84.7503,38.1,33.3,85.6533,96.7167,3.0267,1.6633,44.8133,108.9467,133.9,99.56,114.0367,43.938,271.6733,214.87,1.25,1.73,2.6047,84.48,80.6833,39.85,43.5533,32.5507,normal r,normal,0,train,645
43.5713,40.0033,80.768,84.5633,38.1567,33.36,85.7267,96.85,3.1033,1.74,45.1433,109.4267,133.95,99.69,114.5833,43.8523,271.6867,215.23,1.3433,1.7767,2.5631,84.4133,80.68,39.9233,43.6733,31.965,normal r,normal,0,train,650
43.6167,40.0673,80.7853,84.5753,38.1667,33.3633,85.7767,96.9333,3.3233,1.7267,45.31,110.03,133.9667,99.6467,115.0067,43.857,271.2233,215.2467,1.3367,1.82,2.5493,84.44,80.6867,39.98,43.6867,31.799,normal r,normal,0,train,655
43.658,40.1113,80.8133,84.598,38.2267,33.42,85.8233,97.0333,3.2433,1.7,45.29,110.4733,134.1,99.67,115.4,43.8553,271.6467,215.3133,1.36,1.8067,2.548,84.4733,80.7333,40.0167,43.7567,31.783,normal r,normal,0,train,660
52.1507,41.3483,70.972,80.9617,35.4967,31.0033,87.2333,99.4333,9.74,3.1367,20.73,108.64,133.1333,101.59,111.5633,75.8277,271.4333,215.6633,6.49,5.6733,4.5003,80.7367,70.8333,41.2167,52.3867,97.0567,normal r,normal,0,train,685
52.498,41.3503,71.1213,81.516,35.4533,30.9633,88.01,100.8333,10.2267,2.9933,20.72,108.0567,133.5333,101.86,110.8933,79.384,269.5433,215.5367,6.7,5.65,4.4347,81.3267,70.9633,41.11,52.5967,100.1103,normal r,normal,0,train,690
45.9393,39.138,71.12,77.6893,36.0267,31.4533,81.35,89.05,6.9633,1.9767,27.08,106.8067,131.45,99.17,109.7767,52.3437,270.5833,215.4367,4.0367,2.9867,4.1011,77.3033,70.9067,38.9533,45.9333,61.046,normal r,normal,0,train,705
46.1427,39.5457,70.9407,77.22,35.6867,31.1367,81.2567,88.8333,7.09,2.7233,27.7067,106.48,131.1333,99.12,109.42,51.6273,270.3933,215.2033,4.25,3.8467,4.0289,77.01,70.7733,39.5,46.29,59.159,normal r,normal,0,train,710
46.3633,39.7213,71.032,77.2787,35.4733,30.9667,81.3933,89.1,6.9167,2.91,27.88,106.28,131.0833,99.1967,109.28,51.8913,270.5767,215.49,4.2833,4.24,4.0394,77.0767,70.8833,39.71,46.4333,59.6177,normal r,normal,0,train,715
46.4047,39.78,71.1147,77.372,35.47,30.9567,81.42,89.2333,6.8633,2.9467,27.89,106.0467,130.8833,99.03,109.1267,52.0113,270.5567,215.2767,4.2333,4.29,4.0152,77.2,70.9533,39.7467,46.5133,59.3957,normal r,normal,0,train,720
43.7007,40.126,71.7477,75.5483,36.9533,32.2967,78.38,82.8,3.7367,2.5667,43.95,106.0933,129.65,96.5533,109.4267,38.9933,271.1567,214.9033,2.4633,3.0567,2.8826,75.06,71.37,40.0167,43.5567,32.0027,normal r,normal,0,train,730
43.304,39.9593,71.1813,74.6573,37.2667,32.5733,76.62,81.45,3.9267,2.3933,47.51,106.78,129.6333,95.9867,110.5467,37.956,271.2767,214.8133,2.0567,2.6367,2.7743,74.5733,71.0533,39.91,43.2733,29.951,normal r,normal,0,train,735
43.2153,39.9883,71.0197,74.4147,37.56,32.83,76.0033,80.4333,3.3667,2.2167,48.51,107.63,129.6167,95.7267,111.5967,37.201,271.3033,214.9233,1.78,2.4367,2.7292,74.2433,70.7733,39.9667,43.28,28.8777,normal r,normal,0,train,740
43.4893,40.25,70.8963,74.2633,37.59,32.8967,76.34,80.9333,4.1033,2.3367,48.9233,108.4933,129.7,95.81,112.47,37.2587,271.4667,215.1,2.1,2.54,2.7424,74.2067,70.75,40.18,43.5467,29.0607,normal r,normal,0,train,745
43.565,40.332,71.0107,74.3703,37.5333,32.8267,76.67,81.5,4.3833,2.4933,49.1533,109.12,130.05,96.0133,113.1633,37.3863,271.1033,215.3367,2.35,2.6633,2.728,74.3033,70.85,40.2033,43.64,29.007,normal r,normal,0,train,750
50.7273,40.648,67.215,76.5587,35.3367,30.8367,82.5133,91.1367,9.6267,2.9567,21.37,108.6333,132.1167,101.6367,111.1067,66.469,268.99,215.59,5.9967,5.1233,4.7886,76.4967,67.18,40.45,50.86,90.5283,normal r,normal,0,train,770
50.8593,40.671,67.4817,76.9537,35.1867,30.6833,82.8,91.6,9.5267,3.0167,21.3467,107.8167,132.6167,101.3567,110.24,67.3063,269.1,215.5033,5.9833,5.3033,4.7791,76.8133,67.3867,40.4733,50.9933,91.4857,normal r,normal,0,train,775
50.9033,40.624,67.6267,77.2013,35.08,30.5733,83.01,92.0,9.5,2.9233,21.21,107.1867,131.9667,100.92,109.5233,68.0223,268.8033,215.6833,5.9933,5.3667,4.7747,77.01,67.5133,40.4533,51.0067,92.3723,normal r,normal,0,train,780
47.264,39.9447,66.5043,73.5627,35.2,30.6967,77.9333,83.4667,7.3467,3.04,26.4733,105.9867,130.5,98.86,108.36,51.735,269.0967,215.4233,4.8567,4.6533,4.4642,73.1067,66.29,39.82,47.1967,65.6877,normal r,normal,0,train,795
47.0293,39.855,66.23,73.0817,35.4533,30.95,77.3567,82.5167,7.4833,2.86,26.6867,105.7133,130.1333,98.2733,108.0767,50.6907,268.7433,215.25,4.64,4.34,4.4642,72.7,66.0833,39.82,47.0667,64.36,normal r,normal,0,train,800
47.106,39.986,66.2113,72.984,35.74,31.21,77.29,82.45,7.4567,2.7233,26.8533,105.5667,130.2167,98.3433,107.88,50.316,269.11,215.2467,4.7067,4.2067,4.4616,72.63,66.0633,39.9,47.18,63.8493,normal r,normal,0,train,805
47.25,40.1687,66.2167,72.9813,35.72,31.2233,77.31,82.4333,7.2233,2.7467,26.9167,105.4267,130.1,97.99,107.87,50.3233,268.8967,215.03,4.63,4.3367,4.4315,72.65,66.09,40.09,47.2967,63.427,normal r,normal,0,train,810
43.6313,39.8853,66.2207,70.078,36.3033,31.7133,72.54,75.05,4.31,2.9467,44.0733,105.8533,125.5767,94.5833,108.8,37.1603,269.63,214.82,2.7733,3.53,3.1726,69.7533,66.0567,39.8467,43.7133,33.5323,normal r,normal,0,train,825
43.5337,39.8153,66.1717,69.9393,36.5367,31.9333,72.4367,75.0,4.5367,2.6867,44.4,106.4267,127.4433,94.5267,109.54,37.0167,269.49,215.2633,2.86,3.27,3.167,69.6733,65.9933,39.8033,43.5867,33.3433,normal r,normal,0,train,830
43.6233,39.9607,66.1053,69.83,36.96,32.2767,72.43,74.9333,4.4333,2.5,44.74,106.9067,127.4033,94.1867,110.2967,36.826,269.8733,215.0433,2.8533,2.9633,3.1323,69.62,65.9367,39.92,43.7467,32.8087,normal r,normal,0,train,835
43.6527,39.9873,66.1327,69.854,36.99,32.3033,72.4,74.8333,4.56,2.43,44.6333,107.38,128.4967,94.31,110.7667,36.856,269.42,215.1267,2.7467,2.93,3.1332,69.6467,65.97,39.9333,43.76,32.8427,normal r,normal,0,train,840
60.249,50.8383,85.0947,93.945,42.6,37.7167,97.1567,118.5333,7.7,5.07,26.22,106.7333,138.5867,100.2467,113.1367,76.0667,266.6167,215.5733,3.2733,7.9733,3.907,93.9133,84.8467,50.62,60.2867,84.525,normal eo,normal,0,train,25
59.876,50.5087,85.068,93.949,42.2767,37.3633,98.2833,120.7167,8.9767,4.99,25.1033,108.64,138.8,100.71,114.2533,75.961,266.5633,215.9433,4.4367,8.0967,3.9013,93.8267,84.82,50.3833,60.04,84.2863,normal eo,normal,0,train,30
59.844,50.4793,85.0133,93.9147,42.1833,37.3033,98.9667,122.0333,9.67,4.99,24.4367,109.7733,138.69,100.67,115.0133,76.1303,266.5433,215.64,5.1833,8.17,3.8862,93.7733,84.8167,50.3733,60.01,84.1453,normal eo,normal,0,train,35
59.8187,50.4553,85.0333,93.9297,42.11,37.2,98.9833,122.1167,9.7133,5.0833,24.46,110.4867,138.5267,100.7867,115.5433,76.165,266.4,215.6333,5.19,8.23,3.884,93.8067,84.8167,50.3367,59.99,84.1377,normal eo,normal,0,train,40
55.9807,49.6847,85.1137,91.0947,42.2567,37.3567,94.27,112.65,6.7933,5.58,34.04,111.3233,136.9,98.6033,116.5067,58.0017,268.6133,215.2867,3.39,7.5033,3.4236,90.8533,84.8933,49.74,56.0967,56.4773,normal eo,normal,0,train,55
55.9647,49.6367,85.1963,91.1933,42.2967,37.3867,94.3667,112.8833,6.8067,5.4233,33.8433,111.6433,137.05,98.71,116.8767,58.2123,268.46,215.2,3.4,7.3967,3.4275,90.9867,84.9433,49.6967,56.09,56.7457,normal eo,normal,0,train,60
55.8807,49.554,85.2153,91.212,42.3733,37.4633,94.3933,112.9,6.7267,5.3167,33.5833,111.9133,137.1667,98.69,117.1633,58.194,268.3867,215.31,3.3967,7.2133,3.4296,90.9867,84.9767,49.59,56.0567,56.763,normal eo,normal,0,train,65
55.878,49.5313,85.193,91.188,42.3533,37.46,94.39,112.9,6.7,5.2933,33.59,112.08,137.5,99.1,117.4467,58.183,268.3,215.2267,3.3767,7.2433,3.44,90.9733,84.9233,49.5733,56.0367,56.9233,normal eo,normal,0,train,70
53.913,50.6357,85.3673,88.6637,43.9733,39.16,90.3833,105.05,4.56,6.0867,56.58,114.99,136.15,96.02,121.52,42.2577,269.39,215.1367,1.9933,6.78,2.4452,88.4267,85.14,50.7567,54.06,29.3863,normal eo,normal,0,train,95
53.8787,50.57,85.3967,88.7413,43.97,39.1867,90.4867,105.2333,4.5967,6.0033,55.7933,115.6967,136.3333,95.9833,122.25,42.325,268.9733,215.5633,2.0467,6.65,2.4694,88.48,85.2067,50.6733,54.0,29.7243,normal eo,normal,0,train,100
60.1513,50.6237,74.1553,83.079,41.43,36.5233,88.5633,101.8,9.33,5.7933,24.92,113.98,135.0,97.78,117.83,65.1563,265.2433,215.5567,5.47,9.15,4.6165,83.1133,74.2333,50.5533,60.37,85.5467,normal eo,normal,0,train,120
60.537,50.665,74.817,84.063,41.3733,36.4633,89.55,103.54,9.5767,5.79,24.4033,112.7933,134.9833,98.0567,116.3733,67.554,264.81,215.82,5.5133,9.23,4.621,84.0067,74.7933,50.6133,60.7133,88.781,normal eo,normal,0,train,125
60.588,50.4913,75.1193,84.602,41.1967,36.2933,90.14,104.5833,9.6767,5.6533,23.9767,111.8267,135.1833,98.2133,115.4733,68.871,264.5733,216.0233,5.6967,9.2033,4.6383,84.4367,75.0833,50.4033,60.6967,90.857,normal eo,normal,0,train,130
56.8687,50.7267,75.572,81.3627,42.5333,37.64,84.35,94.4167,6.0333,6.27,35.27,110.6067,133.5833,94.9933,114.64,49.2883,266.6,215.48,3.1467,8.3033,3.9378,81.2367,75.5767,50.8067,57.0533,55.201,normal eo,normal,0,train,150
56.967,50.7947,75.7767,81.5693,42.5233,37.6167,84.6,94.7667,6.0533,6.29,35.12,110.6933,134.0167,95.4033,114.8133,49.5973,266.53,215.2933,3.1967,8.3367,3.9275,81.3867,75.7367,50.8767,57.17,55.3997,normal eo,normal,0,train,155
56.9197,50.7337,75.814,81.6427,42.4933,37.5867,84.68,94.9333,6.0633,6.25,35.0633,110.7467,133.4167,94.6667,114.8867,49.679,267.14,215.6067,3.1667,8.3133,3.9371,81.4867,75.7667,50.81,57.1,55.6277,normal eo,normal,0,train,160
52.938,50.2163,75.563,78.3803,43.8233,39.03,78.8867,86.3167,3.17,6.0733,62.9667,112.0133,131.5333,91.4133,117.29,34.8003,267.7367,215.1167,1.5933,6.4633,2.4656,78.1767,75.4633,50.3067,53.0533,24.3907,normal eo,normal,0,train,175
52.94,50.1773,75.67,78.4687,43.4733,38.68,79.93,86.6167,3.38,6.46,63.6333,113.2333,131.4333,91.73,118.89,35.123,267.6967,215.2467,1.5867,6.8367,2.4786,78.3467,75.63,50.3233,53.1267,24.7597,normal eo,normal,0,train,180
52.9267,50.1467,75.7513,78.5447,43.6033,38.8133,80.09,86.8833,3.4933,6.3533,63.8367,114.2967,131.75,91.9167,120.03,35.208,267.1633,215.2033,1.6467,6.6467,2.4879,78.4333,75.71,50.28,53.0667,24.9153,normal eo,normal,0,train,185
52.96,50.188,75.8127,78.6087,43.6267,38.83,80.2,87.0333,3.4567,6.3067,63.79,115.0133,131.65,91.61,120.88,35.2197,267.3367,215.2267,1.64,6.66,2.4802,78.5467,75.7567,50.3067,53.12,24.846,normal eo,normal,0,train,190
58.8147,50.05,69.885,78.0937,41.06,36.17,82.49,91.14,7.73,6.0033,28.13,114.9,132.9,95.9567,118.9133,57.212,265.4833,215.4733,4.6867,8.9167,4.8364,77.8267,69.6367,49.9567,58.9033,78.6933,normal eo,normal,0,train,205
58.2857,49.5473,69.3853,77.526,40.7333,35.7533,82.0033,90.2567,7.7533,5.9067,27.4667,113.4833,132.5833,95.9967,116.82,56.6213,265.9,215.6033,4.6333,8.8067,4.8756,77.34,69.1967,49.5233,58.4067,78.5163,normal eo,normal,0,train,210
58.0493,49.35,69.1197,77.2453,40.5167,35.5033,81.7,89.7333,7.7733,5.8733,27.44,112.13,132.5667,96.1133,115.2167,56.3973,265.8067,215.6667,4.6567,8.85,4.8719,77.0333,68.9633,49.3467,58.2167,78.147,normal eo,normal,0,train,215
58.2503,49.501,69.1017,77.2173,40.54,35.5467,81.7033,89.7667,7.8567,5.92,27.2733,111.01,132.4,96.1133,114.0967,56.4223,265.8167,215.5733,4.6367,8.9933,4.8967,77.0867,68.99,49.54,58.47,78.5793,normal eo,normal,0,train,220
56.1173,49.9147,65.6463,71.3997,40.82,35.8867,74.43,77.9833,5.74,6.9267,36.21,109.24,129.0333,92.07,112.2467,42.8477,267.15,215.3567,3.2933,9.2267,4.5696,71.07,65.45,50.0533,56.28,55.6853,normal eo,normal,0,train,235
56.0233,49.829,65.57,71.28,40.8,35.87,74.36,77.9633,5.82,6.9333,36.1467,108.9067,129.0333,92.2067,112.0533,42.8287,267.2233,215.5333,3.2967,9.18,4.5721,71.03,65.4133,50.0033,56.2267,55.6943,normal eo,normal,0,train,240
56.0113,49.7883,65.5607,71.2773,40.8,35.8533,74.34,77.8967,5.75,6.9233,36.23,108.7333,128.9,92.09,111.9133,42.8227,267.5733,215.2133,3.3233,9.19,4.5828,71.04,65.39,49.9833,56.16,55.8157,normal eo,normal,0,train,245
55.9887,49.758,65.546,71.264,40.8,35.8467,74.34,77.85,5.7767,6.8833,36.1367,108.5867,129.2167,92.4533,111.8267,42.842,267.3033,215.4,3.3067,9.1133,4.588,71.0133,65.3933,49.9,56.1333,55.904,normal eo,normal,0,train,250
53.4753,49.816,63.1993,66.622,41.77,36.87,68.3467,68.8167,3.36,7.1367,54.5633,108.76,125.8033,87.8,112.52,33.2217,270.1267,215.3133,1.9767,8.1633,3.474,66.3667,63.02,49.9567,54.3367,32.8237,normal eo,normal,0,train,265
53.581,50.161,62.9553,66.2153,41.8,36.8867,67.7267,68.05,3.2,7.5433,56.97,109.1133,125.46,87.5033,113.1967,32.5197,269.9567,215.1367,1.7833,8.5533,3.3118,65.9967,62.79,50.3433,53.75,30.633,normal eo,normal,0,train,270
53.732,50.2697,63.0377,66.2953,41.61,36.7033,68.11,68.5,3.4267,7.85,57.27,109.4467,126.0167,88.2133,113.88,32.7643,270.03,215.6633,1.9733,8.81,3.34,66.13,62.8733,50.3967,53.8567,31.1247,normal eo,normal,0,train,275
53.536,50.0013,63.1307,66.4097,42.15,37.2467,68.21,68.65,3.37,7.14,56.0267,109.8533,126.0567,87.8133,114.29,32.8497,269.8733,215.2667,2.0033,7.9867,3.3918,66.1967,62.93,50.1433,53.62,31.6927,normal eo,normal,0,train,280
53.0403,45.5813,78.1133,84.97,39.8767,34.88,89.02,103.3833,7.0967,3.58,26.3467,109.68,133.55,97.9733,113.16,58.983,271.06,215.0367,4.03,5.6067,3.9852,84.9733,78.11,45.4867,53.23,66.8523,normal eo,normal,0,train,300
53.2207,45.6293,78.6777,85.7533,39.83,34.8467,89.6933,103.7867,7.1,3.5033,26.21,109.3867,133.8,98.11,113.0133,60.1327,270.5833,215.2067,4.0267,5.7133,3.9799,85.6333,78.7367,45.5133,53.3267,68.066,normal eo,normal,0,train,305
53.262,45.507,79.2063,86.4827,39.6833,34.7333,90.4033,105.1,7.14,3.47,24.8867,108.88,133.9,98.3633,112.81,61.321,270.1033,215.44,4.1633,5.71,3.9928,86.2467,79.1867,45.4033,53.3533,69.637,normal eo,normal,0,train,315
53.3193,45.5173,79.4317,86.7707,39.7433,34.78,90.6367,105.55,7.1367,3.4233,25.5733,108.66,134.1,98.4833,112.6,61.862,270.2633,215.28,4.1133,5.6433,3.9799,86.53,79.4233,45.3867,53.3867,70.0257,normal eo,normal,0,train,320
51.2,45.174,85.1453,90.891,39.7,34.7333,93.85,111.9,6.2567,3.8033,33.04,109.0867,135.2333,99.6433,113.85,58.7247,269.3733,215.1533,3.0567,5.4167,3.2363,90.76,84.9367,45.1333,51.2467,54.0523,normal eo,normal,0,train,335
51.144,45.1167,85.204,91.0173,39.5267,34.6233,93.88,111.9667,6.2367,3.8567,33.0867,109.4733,135.2333,99.7267,114.4667,58.8957,269.4067,215.1267,3.0467,5.4633,3.2273,90.8233,84.9467,45.02,51.1933,54.0593,normal eo,normal,0,train,340
51.064,45.031,85.177,91.004,39.5467,34.63,93.87,111.9833,6.2033,3.8267,33.1,109.8367,135.1667,99.7767,114.94,58.9203,269.06,215.2067,3.0833,5.3667,3.2264,90.8,84.95,44.95,51.1533,54.0657,normal eo,normal,0,train,345
51.0347,45.0,85.21,91.0467,39.55,34.6167,93.94,112.1,6.17,3.7733,33.09,110.1133,135.0833,99.5233,115.1633,59.0167,269.0667,215.2933,3.11,5.3733,3.2217,90.8267,84.94,44.9167,51.13,54.0777,normal eo,normal,0,train,350
49.054,45.6107,85.0867,88.6253,40.8133,35.8667,90.3933,105.0,4.4267,4.2,50.6267,111.1667,134.75,97.8,117.09,44.199,269.6667,214.8133,2.0467,4.8267,2.4544,88.31,84.85,45.6267,49.0967,30.8543,normal eo,normal,0,train,365
49.0007,45.5347,85.1107,88.6523,40.8467,35.9333,90.3933,105.0667,4.46,4.18,50.7067,112.0,134.7,97.5233,118.0167,44.317,270.0833,214.7967,2.0267,4.6733,2.4641,88.3867,84.8633,45.5267,49.0467,31.058,normal eo,normal,0,train,370
48.9273,45.4393,85.162,88.7113,40.9867,36.0733,90.46,105.1667,4.47,4.02,50.4633,112.6067,134.7667,97.73,118.7333,44.4093,269.8667,214.8867,2.05,4.4567,2.4708,88.4267,84.9167,45.4033,48.99,31.208,normal eo,normal,0,train,375
48.8847,45.378,85.1283,88.6777,40.94,36.0333,90.4633,105.1833,4.4633,3.9733,50.34,113.08,134.6667,97.6033,119.2567,44.446,269.7433,215.04,2.0467,4.4433,2.4821,88.4133,84.8933,45.3733,48.98,31.3783,normal eo,normal,0,train,380
56.1547,46.102,74.567,84.119,38.8467,33.9933,89.7633,103.8933,9.3833,4.0,21.82,111.56,133.7,99.0333,115.5567,71.7457,266.8633,215.5233,5.6667,7.1533,4.4243,84.0933,74.6467,45.98,56.4867,90.2727,normal eo,normal,0,train,400
56.4133,45.9323,75.4263,85.3717,38.44,33.64,91.0,106.2667,9.6467,4.0133,21.5433,110.5333,133.9833,99.6733,114.2867,75.7157,266.8067,215.5067,5.8367,7.3567,4.371,85.1733,75.4267,45.81,56.6633,94.1267,normal eo,normal,0,train,405
56.3507,45.744,75.6493,85.739,38.2267,33.43,91.34,106.9167,9.6867,3.9267,21.6733,109.8633,133.75,99.8267,113.4833,77.1203,266.9433,215.65,5.84,7.3967,4.3448,85.46,75.63,45.6067,56.5667,95.298,normal eo,normal,0,train,410
51.0873,44.213,75.814,82.4613,39.1533,34.2567,85.56,96.45,6.04,3.2,28.61,108.64,132.7167,97.6967,112.2067,54.7017,267.73,214.96,3.3967,4.9033,3.9568,82.1867,75.7467,44.0533,51.07,61.559,normal eo,normal,0,train,425
50.762,43.9427,75.6823,82.2643,38.9767,34.0733,85.4167,96.1167,6.0367,3.1533,28.5267,108.4267,132.3833,97.5867,112.0333,54.5047,268.2,214.9233,3.3267,4.8367,3.9405,82.0267,75.6233,43.83,50.85,61.084,normal eo,normal,0,train,430
50.77,44.0393,75.4613,81.954,39.0467,34.1533,84.95,95.4333,5.8967,3.1767,28.9667,108.2667,132.6,97.55,111.8867,53.732,268.0133,214.8367,3.2767,4.91,3.9426,81.7067,75.3933,43.95,50.9067,60.252,normal eo,normal,0,train,435
50.9917,44.2593,75.4293,81.8847,38.7733,33.9233,85.04,95.5333,6.0133,3.49,29.0,108.09,132.2667,97.42,111.74,53.892,268.3,214.73,3.3333,5.4,3.9298,81.72,75.3733,44.16,51.1233,60.2373,normal eo,normal,0,train,440
48.2367,45.3343,75.2723,78.2547,41.1467,36.25,79.79,86.3667,3.5333,3.9267,57.2967,110.5833,130.6167,93.39,115.6367,36.454,269.3667,215.05,1.5733,4.1733,2.5074,78.1867,75.22,45.3367,48.27,25.9973,normal eo,normal,0,train,460
48.11,45.2247,75.2747,78.2493,41.02,36.1267,79.73,86.2833,3.4433,4.02,57.34,111.6367,130.8667,93.6133,116.75,36.3573,269.6,215.1267,1.6267,4.23,2.5019,78.1133,75.1733,45.2833,48.2033,25.8717,normal eo,normal,0,train,465
48.1073,45.2193,75.2613,78.2307,40.9533,36.0533,79.83,86.4167,3.4267,4.1067,57.4533,112.4367,130.8167,93.6867,117.65,36.3387,269.3467,215.0067,1.6967,4.31,2.5042,78.1533,75.18,45.2833,48.22,25.8823,normal eo,normal,0,train,470
53.7367,44.414,67.5737,76.3913,37.8233,33.0867,81.1433,88.65,7.7733,3.7733,24.18,111.4767,131.3167,97.42,114.6567,60.318,267.15,215.61,5.0,6.4067,4.8822,76.0967,67.3167,44.2433,54.6267,83.7567,normal eo,normal,0,train,490
53.1333,43.9203,66.9147,75.6197,37.5667,32.8533,80.19,87.0167,7.65,3.6067,24.2233,110.2867,131.1,97.33,113.0133,59.165,267.5367,215.19,4.8733,6.2367,4.9109,75.2967,66.6567,43.79,53.1833,82.6273,normal eo,normal,0,train,495
52.7517,43.8853,66.1637,74.5037,37.8867,33.1233,78.9667,85.0167,7.46,3.4333,24.7167,109.2133,130.7667,97.0367,111.72,56.72,267.9533,215.4567,4.8,5.9167,4.9337,74.1667,65.9267,43.79,52.8267,79.5907,normal eo,normal,0,train,500
51.5027,44.8263,66.181,72.394,38.55,33.7333,75.4133,79.5167,5.76,4.2,30.9267,107.7867,129.67,94.3967,110.28,46.2213,271.12,215.32,3.41,6.26,4.5571,71.9933,66.01,44.8067,51.5467,59.911,normal eo,normal,0,train,510
51.4193,44.956,66.1533,72.1683,39.0233,34.1367,75.38,79.4833,5.7267,3.9167,31.08,107.4067,128.6167,93.6067,110.0133,45.659,270.8633,215.3967,3.42,5.8667,4.4651,71.89,66.0267,44.91,51.5867,57.9847,normal eo,normal,0,train,515
51.6273,45.1327,66.2313,72.2283,38.2333,33.4267,75.4133,79.5167,5.8533,4.8533,31.6567,107.22,128.8167,94.52,109.9067,45.8397,271.13,215.28,3.4,6.9433,4.4714,71.9533,66.0833,45.1867,51.76,58.2967,normal eo,normal,0,train,520
51.6927,45.1487,66.298,72.3207,38.22,33.4167,75.51,79.6,5.8267,4.8367,31.78,107.1733,127.73,94.2233,109.8233,45.958,270.9233,214.9567,3.4067,6.9733,4.4876,72.0733,66.1533,45.1867,51.8333,58.6597,normal eo,normal,0,train,525
51.7073,45.15,66.33,72.3673,38.21,33.43,75.58,79.7833,5.85,4.85,31.8033,107.0267,128.8333,94.5433,109.8,45.9983,271.0067,215.37,3.4367,6.96,4.5019,72.1333,66.17,45.1867,51.82,58.8977,normal eo,normal,0,train,530
48.5507,45.1,66.3313,69.7413,40.16,35.2,71.2667,73.05,3.17,4.4667,51.5267,108.1633,127.2267,90.1833,111.8933,34.556,269.8833,214.8933,1.79,5.03,3.1428,69.47,66.1733,45.18,48.62,30.8927,normal eo,normal,0,train,550
48.7457,45.2913,66.2893,69.6807,40.1367,35.12,71.3933,73.2167,3.5833,4.6333,52.6533,108.7867,126.3533,90.0933,112.8033,34.7987,268.72,214.75,1.82,5.2167,3.1226,69.5867,66.19,45.32,48.82,30.907,normal eo,normal,0,train,555
48.488,45.0423,66.3353,69.794,40.2867,35.2967,71.5233,73.4,3.5967,4.3133,51.6667,109.2933,126.2867,89.9233,113.5333,34.824,268.5267,214.78,1.8933,4.7467,3.1123,69.5933,66.22,45.0333,48.54,30.8263,normal eo,normal,0,train,560
50.2013,41.537,80.082,88.2377,36.86,32.2033,92.62,109.4667,7.85,2.7367,22.82,108.5133,133.35,100.5767,112.1267,70.7067,268.3567,214.94,4.44,4.44,3.8581,88.1633,80.08,41.3,50.3167,77.581,normal eo,normal,0,train,585
49.699,40.674,80.603,89.139,36.9767,32.3,93.5267,111.35,8.39,1.8767,22.0833,108.2267,133.5833,100.7533,111.9267,73.4967,268.1667,215.0133,4.5633,3.47,3.8685,88.97,80.54,40.42,49.6933,80.8663,normal eo,normal,0,train,590
49.265,40.238,80.4997,89.0827,36.7267,32.0933,93.36,110.9667,8.4367,1.74,21.9767,108.01,133.7167,101.9933,111.8333,73.4523,268.46,215.2933,4.54,3.36,3.8767,88.81,80.3933,40.07,49.3367,80.9877,normal eo,normal,0,train,595
49.1167,40.0873,80.3273,88.9527,36.54,31.9333,93.15,110.5833,8.33,1.7133,21.9967,107.8233,133.75,101.2867,111.7467,73.2073,267.92,215.0367,4.59,3.42,3.8869,88.5867,80.2533,39.9667,49.15,80.931,normal eo,normal,0,train,600
47.262,41.2357,80.81,86.727,36.7867,32.12,89.8967,104.1867,6.1133,3.04,30.7433,107.44,132.5833,99.4333,111.8467,56.8747,268.8267,214.6067,3.3067,4.33,3.3332,86.6033,80.8067,41.0967,47.31,53.9177,normal eo,normal,0,train,615
47.1713,41.0717,81.0647,87.0577,36.8667,32.2233,90.1467,104.5833,5.9833,2.9167,30.35,107.5467,132.6667,99.71,111.96,57.345,268.4833,214.9767,3.3033,4.0333,3.3476,86.78,80.9267,40.9233,47.22,54.596,normal eo,normal,0,train,620
46.684,40.3953,81.1407,87.3273,37.4,32.7067,90.47,105.1833,6.5967,2.04,28.9733,107.5467,133.0333,99.48,112.1067,58.0033,268.6367,214.8633,3.3833,2.7733,3.413,87.0767,81.0067,40.1633,46.6667,56.3027,normal eo,normal,0,train,625
46.184,39.989,80.9853,87.0037,36.8767,32.2233,89.88,104.11,6.3733,2.15,29.4267,107.6,132.7167,99.5767,112.1533,56.7387,268.4767,215.16,3.21,3.0933,3.4427,86.65,80.7933,39.9667,46.3333,55.5593,normal eo,normal,0,train,630
43.4213,39.868,80.77,84.5837,37.97,33.1967,85.3567,96.0833,2.8933,1.8333,45.33,108.32,131.75,97.5133,113.4733,43.329,269.3033,214.8267,1.1067,1.8867,2.5834,84.2233,80.5967,39.83,43.4667,31.8343,normal eo,normal,0,train,645
43.6757,40.2277,80.442,84.08,37.69,32.9833,85.5967,96.5,3.86,2.34,46.8933,108.9267,131.45,97.4133,114.2633,42.8763,269.1867,214.6767,1.7267,2.4767,2.5297,83.87,80.3667,40.1433,43.79,30.8483,normal eo,normal,0,train,650
43.915,40.4653,80.4587,84.0853,37.3667,32.6867,85.61,96.65,4.0233,2.6767,47.7133,109.5433,131.2167,97.54,114.9733,43.0187,269.57,214.8033,1.75,2.9933,2.5247,83.9,80.3767,40.3867,44.0167,30.891,normal eo,normal,0,train,655
44.132,40.5933,80.7963,84.519,37.7967,33.05,86.13,97.55,4.0867,2.3567,46.69,110.0467,131.8667,97.9033,115.3967,43.9983,269.42,214.6967,1.69,2.6633,2.5268,84.4167,80.73,40.4433,44.2067,31.62,normal eo,normal,0,train,660
52.2627,41.9343,70.117,79.8337,35.4933,30.9867,85.28,95.9833,8.5367,3.5667,21.3367,108.84,130.7,99.0233,112.3933,70.7237,265.99,215.6533,5.4833,6.3667,4.614,79.8033,70.0467,41.8167,52.5367,92.807,normal eo,normal,0,train,680
52.1447,41.3487,70.5407,80.7507,35.29,30.8033,86.19,97.6333,8.8133,3.2233,20.9633,108.0467,131.1,99.6867,111.2567,74.8537,266.06,215.2767,5.57,5.8033,4.5484,80.6233,70.3867,41.0967,52.22,96.834,normal eo,normal,0,train,685
52.012,40.9527,70.7447,81.254,35.1533,30.6567,86.8233,98.6833,9.2,2.9533,20.7667,107.4633,131.2667,100.16,110.5933,77.667,265.7733,215.3667,5.7267,5.5567,4.4929,81.0933,70.59,40.76,52.1333,99.2417,normal eo,normal,0,train,690
46.2163,39.6467,70.9193,77.1923,36.04,31.4667,80.67,87.85,6.3333,2.4467,27.9567,106.2067,129.7333,97.4533,109.1667,50.993,269.0367,215.0267,3.57,3.4967,4.0563,77.1033,70.8167,39.54,46.3233,58.8287,normal eo,normal,0,train,710
46.1057,39.5053,70.9973,77.2733,36.17,31.56,80.65,87.7833,6.5133,2.2933,27.76,106.1333,129.8167,97.54,109.1133,51.0153,268.9167,214.9,3.57,3.24,4.0774,77.0933,70.8233,39.3867,46.2133,59.162,normal eo,normal,0,train,715
46.076,39.4947,70.9587,77.2533,36.04,31.44,80.6,87.7,6.4167,2.31,27.8233,106.0267,129.9167,97.5433,109.0667,50.959,269.1,214.47,3.5267,3.33,4.0622,77.06,70.7967,39.36,46.2267,58.872,normal eo,normal,0,train,720
43.5533,40.2603,70.7507,74.218,37.1933,32.48,75.99,80.3667,3.7133,2.7067,48.37,106.7,127.02,94.2867,110.6267,37.4173,269.6233,214.89,1.8233,2.9533,2.7707,74.16,70.6433,40.1267,43.57,29.4857,normal eo,normal,0,train,735
43.276,39.9633,70.879,74.3513,37.2733,32.58,76.03,80.4333,3.7067,2.5233,47.98,107.53,128.84,94.3467,111.7233,37.4697,269.8333,214.2433,1.77,2.63,2.7755,74.2467,70.7,39.8833,43.26,29.5787,normal eo,normal,0,train,740
43.3027,40.1583,70.4607,73.7897,37.71,32.9633,75.0833,79.02,3.1667,2.29,49.6133,108.3667,127.7033,93.6233,112.5433,36.2537,269.6833,214.5467,1.6233,2.3867,2.726,73.49,70.17,40.1033,43.3867,28.1083,normal eo,normal,0,train,745
43.5793,40.416,70.1947,73.4913,37.1533,32.4433,75.07,79.0333,3.5733,2.9433,50.4933,108.9933,127.4167,93.87,113.1633,36.3843,269.9167,214.4833,1.7533,3.17,2.7321,73.3433,70.0267,40.3333,43.6533,28.2703,normal eo,normal,0,train,750
49.9777,40.373,65.462,74.4757,34.77,30.34,79.52,85.9333,8.35,3.1167,22.32,108.4267,129.5833,98.5267,110.83,61.8957,267.81,214.9733,5.2067,5.41,4.8891,74.3233,65.2867,40.2233,50.0467,86.0637,normal eo,normal,0,train,770
49.7607,40.124,65.3367,74.3237,34.59,30.2,79.36,85.6667,8.3767,3.1167,22.13,107.5367,129.1,98.29,109.7567,61.832,267.44,214.84,5.2433,5.4,4.9042,74.12,65.1,39.98,49.8533,86.2433,normal eo,normal,0,train,775
49.6557,40.018,65.2033,74.2033,34.5433,30.1467,79.2,85.3667,8.3967,3.06,22.03,106.8867,128.95,98.0967,108.9933,61.693,267.52,214.8867,5.17,5.3633,4.9168,74.0133,65.0467,39.9033,49.7333,86.2713,normal eo,normal,0,train,780
47.0377,40.4627,64.9343,71.248,35.5067,31.02,74.55,78.17,5.8333,3.2867,29.0467,105.5933,128.44,95.68,107.7033,46.7143,267.9333,215.1067,3.5567,4.7733,4.4358,70.98,64.78,40.3133,47.06,58.9357,normal eo,normal,0,train,795
46.8227,40.2323,64.8483,71.1707,35.6067,31.0867,74.5,78.08,5.8433,3.12,28.8967,105.4267,126.7133,95.61,107.6,46.7333,268.2367,214.7667,3.5933,4.5067,4.436,70.89,64.7367,40.1133,46.8067,58.9627,normal eo,normal,0,train,800
46.7547,40.1673,64.8237,71.1413,35.5933,31.0767,74.49,78.08,5.8967,3.0067,28.7833,105.34,126.6867,95.5333,107.6133,46.6943,267.8533,214.7167,3.5867,4.4467,4.4352,70.8767,64.7167,40.0733,46.8,58.902,normal eo,normal,0,train,805
46.7067,40.1193,64.7767,71.1,35.5867,31.09,74.46,78.0833,5.9,3.04,28.7867,105.3067,127.5367,95.67,107.5667,46.7047,267.7933,214.6933,3.5933,4.4467,4.4339,70.85,64.6333,40.02,46.8,58.8987,normal eo,normal,0,train,810
43.484,39.8927,64.6953,68.3553,36.1133,31.52,70.19,71.3833,3.6533,3.2633,46.2633,105.6533,124.9833,92.5433,108.68,35.358,269.8667,214.7867,2.1433,3.7667,3.1991,68.0533,64.5567,39.86,43.4667,32.1717,normal eo,normal,0,train,825
43.4267,39.9233,64.6287,68.206,36.4767,31.89,69.9933,71.15,3.51,2.98,46.7733,106.18,125.1,92.2233,109.4333,35.0777,269.3967,214.46,2.0933,3.39,3.1427,67.9433,64.4867,39.8967,43.4933,31.3533,normal eo,normal,0,train,830
43.4307,39.9247,64.6153,68.1967,36.5333,31.9467,70.06,71.2333,3.63,2.9467,46.7933,106.6533,124.9167,91.8167,110.0633,35.1587,269.04,214.94,2.1033,3.35,3.145,67.9733,64.49,39.8833,43.4733,31.449,normal eo,normal,0,train,835
43.348,39.8707,64.598,68.1887,36.5267,31.9133,70.07,71.2167,3.7133,2.8667,46.7633,107.0867,124.95,92.1867,110.5867,35.1117,268.05,214.3267,2.0733,3.3333,3.1133,67.9833,64.4967,39.8467,43.38,31.0907,normal eo,normal,0,train,840
61.31,51.841,85.4327,94.384,42.17,37.2667,99.99,124.1333,10.3167,5.7167,25.0633,109.3333,154.7,116.7733,115.2667,77.7883,266.7933,215.4867,5.6633,9.5267,3.8428,94.3333,85.2133,51.7,61.4467,85.0167,normal cf,normal,0,train,30
61.1953,51.6093,85.5763,94.656,41.8233,36.9233,100.3367,124.9833,10.5033,5.66,25.09,110.0067,155.47,117.1433,115.5467,79.6273,266.1867,215.7333,5.7267,9.5833,3.8059,94.6133,85.3767,51.4633,61.2867,86.1923,normal cf,normal,0,train,35
61.0433,51.3793,85.7013,94.935,41.6133,36.7233,100.7667,125.8,10.6967,5.5533,25.16,110.2667,153.4633,117.0167,115.6467,81.6657,266.3367,215.9233,5.76,9.5233,3.7424,94.9467,85.5233,51.1533,61.1333,86.9163,normal cf,normal,0,train,40
56.165,49.8927,85.414,91.4163,41.1867,36.2833,94.9933,114.1167,7.39,6.0833,34.7367,110.98,152.25,116.03,116.52,59.1637,268.75,215.7267,3.68,8.77,3.3513,91.2867,85.2633,49.94,56.4133,56.3923,normal cf,normal,0,train,60
56.2613,49.9893,85.57,91.5767,41.2067,36.3133,95.1667,114.5167,7.31,6.1433,34.8933,110.9933,154.14,116.1667,116.6367,59.4153,269.05,215.4867,3.6633,8.8033,3.3323,91.5067,85.3733,50.03,56.53,56.309,normal cf,normal,0,train,65
56.2613,49.9707,85.5753,91.5967,41.1267,36.2233,95.1467,114.4833,7.39,6.21,34.7933,111.0733,151.76,116.2667,116.73,59.5203,268.99,215.54,3.6433,8.9033,3.3371,91.5067,85.3667,50.0167,56.5167,56.4903,normal cf,normal,0,train,70
53.7107,50.4627,85.76,89.077,43.49,38.6633,90.74,105.6833,4.3633,6.1,54.5367,112.0,152.9067,113.07,118.5133,42.1133,269.7633,214.8633,2.0167,7.07,2.4305,88.69,85.44,50.5567,53.87,29.0913,normal cf,normal,0,train,85
53.7983,50.4653,85.9053,89.289,43.6933,38.8833,91.1933,106.6,4.83,5.8967,55.0367,112.96,153.2067,113.1867,119.72,43.195,269.4567,215.3467,2.05,6.7167,2.4353,89.0867,85.72,50.4133,53.8667,29.9157,normal cf,normal,0,train,90
53.576,50.251,85.8067,89.1617,43.38,38.5867,91.0233,106.3,4.76,6.0667,55.2467,113.8067,152.28,113.5267,120.7,42.9067,269.6567,215.1333,2.0833,6.8667,2.4399,88.9333,85.5533,50.26,53.66,29.774,normal cf,normal,0,train,95
53.4713,50.1453,85.7693,89.1093,43.39,38.6033,91.0133,106.3,4.8067,5.99,55.34,114.34,153.92,113.4167,121.3567,42.889,269.5167,215.2367,2.1067,6.7567,2.4441,88.9,85.58,50.16,53.54,29.8143,normal cf,normal,0,train,100
60.851,50.8183,75.75,85.207,40.7033,35.71,91.1533,106.55,10.4,5.92,24.04,112.2967,152.6467,116.13,116.7267,70.467,264.9767,215.6633,6.02,10.0,4.4988,85.1,75.7967,50.67,61.0,90.17,normal cf,normal,0,train,120
60.764,50.554,75.8767,85.5713,40.64,35.6633,91.46,107.15,10.4967,5.6633,23.67,111.1,153.28,115.98,115.3833,71.411,264.77,215.77,6.12,9.73,4.5194,85.3367,75.8467,50.39,60.87,91.792,normal cf,normal,0,train,125
60.7893,50.526,75.9207,85.6733,40.6733,35.69,91.5967,107.5167,10.5867,5.59,23.55,110.18,153.42,116.0833,114.4,71.746,264.73,215.6667,6.2667,9.7067,4.5204,85.3833,75.8767,50.3733,60.91,92.2413,normal cf,normal,0,train,130
56.909,50.5357,76.3307,82.471,40.8733,35.9367,85.84,97.0167,6.8133,6.9333,34.33,108.8467,150.14,113.2767,113.2133,51.2927,266.8467,215.25,3.6167,9.6333,3.9183,82.21,76.3433,50.4867,57.0467,57.1633,normal cf,normal,0,train,145
56.7167,50.3217,76.356,82.432,40.9,36.0133,85.81,96.9667,6.6633,6.78,34.4967,108.7933,150.5067,113.6733,113.18,51.305,266.7033,215.2067,3.61,9.4233,3.9299,82.21,76.35,50.3467,56.8633,57.3453,normal cf,normal,0,train,150
56.4473,50.096,76.3533,82.416,40.8367,35.8967,85.7967,96.9333,6.6967,6.65,34.4567,108.86,150.3933,113.6267,113.3267,51.303,267.1567,215.5733,3.5333,9.2767,3.9091,82.2233,76.3667,50.0967,56.6067,57.039,normal cf,normal,0,train,155
56.368,50.0253,76.3133,82.376,40.8133,35.87,85.7667,96.8833,6.6433,6.5933,34.32,108.86,150.6333,113.7033,113.4133,51.284,267.15,215.0567,3.5533,9.2733,3.897,82.1933,76.3333,50.0967,56.6167,56.841,normal cf,normal,0,train,160
53.354,50.6043,76.0337,78.8453,43.53,38.6767,80.44,87.4667,3.5333,6.5533,63.8967,111.7867,148.9,109.0967,118.03,35.562,267.9567,215.26,1.6833,7.1033,2.4389,78.79,76.0067,50.62,53.4233,24.6653,normal cf,normal,0,train,180
53.3847,50.625,76.0817,78.849,43.2067,38.3367,80.39,87.3833,3.7267,6.8667,64.34,112.92,148.65,109.2533,119.2467,35.4687,267.9433,215.24,1.54,7.4233,2.4522,78.8133,76.0267,50.64,52.59,24.735,normal cf,normal,0,train,185
53.318,50.5473,76.104,78.8867,43.4533,38.66,80.49,87.5333,3.61,6.5867,64.0,113.87,149.0333,109.1233,120.11,35.5023,267.3667,215.4267,1.66,7.07,2.4615,78.86,76.0633,50.58,53.3733,24.8547,normal cf,normal,0,train,190
59.1147,49.811,71.3637,80.1377,40.0167,35.02,85.3067,95.95,9.0067,5.9533,25.9933,112.0833,150.2767,114.5767,115.8433,62.0323,265.47,215.6333,5.3933,9.69,4.7381,79.9033,71.1533,49.7167,59.2733,83.593,normal cf,normal,0,train,210
58.7973,49.476,71.1373,79.832,39.8933,34.8967,84.99,95.45,8.9233,5.86,27.5067,110.7,150.48,114.8967,114.3933,61.751,266.09,215.4733,5.3767,9.4967,4.7644,79.6067,70.94,49.4133,58.9,83.678,normal cf,normal,0,train,215
58.623,49.3107,71.02,79.6863,39.7233,34.7533,84.8,95.1,8.9167,5.77,23.9767,109.66,149.7167,114.2,113.2233,61.6613,265.7533,215.7933,5.2967,9.5167,4.7736,79.4833,70.85,49.2133,58.7433,83.716,normal cf,normal,0,train,220
56.74,50.0487,66.928,73.2167,40.1267,35.1667,76.2667,80.85,5.9733,7.1633,34.8633,108.1267,146.1833,109.99,111.7167,45.526,267.94,215.4733,3.6033,9.87,4.6415,72.6633,66.6167,50.02,56.8,60.0753,normal cf,normal,0,train,235
56.4027,50.1573,66.3007,72.1297,41.1367,36.2367,75.1967,79.2167,5.7633,6.5467,35.5267,107.9,145.8333,108.8,111.2533,43.652,268.0933,215.6367,3.47,9.0367,4.5185,71.7533,66.1467,50.1633,56.67,56.1003,normal cf,normal,0,train,240
56.4787,50.245,66.2847,72.0587,40.8867,35.9867,75.2233,79.25,5.8933,6.79,35.5733,107.6333,145.8167,109.01,111.04,43.707,267.94,215.7033,3.4133,9.3567,4.5095,71.7667,66.1633,50.2667,56.7,56.0567,normal cf,normal,0,train,245
56.468,50.2137,66.262,72.032,40.8733,35.99,75.16,79.1667,5.8333,6.8333,35.66,107.62,145.6667,108.63,110.9533,43.6917,267.94,215.65,3.43,9.3867,4.5219,71.76,66.1233,50.2733,56.7333,56.192,normal cf,normal,0,train,250
54.1967,50.4517,64.7047,68.351,41.5233,36.63,70.5967,71.9833,4.0967,7.5567,52.7633,108.3733,143.1333,105.3967,112.3867,34.6443,269.5933,215.1933,2.4833,8.93,3.4086,68.1033,64.5767,50.4467,54.3267,33.5887,normal cf,normal,0,train,270
54.03,50.1823,64.686,68.3263,41.8467,36.94,70.5733,71.9667,4.2033,7.2433,52.1633,108.7133,143.6333,105.6033,112.9267,34.67,269.6467,215.4533,2.4467,8.4267,3.4975,68.1133,64.5667,50.22,54.1233,34.488,normal cf,normal,0,train,275
53.9417,50.1147,64.6553,68.294,41.8367,36.9433,70.6167,72.05,4.1633,7.1433,52.0367,108.9867,143.4333,105.5833,113.2467,34.6163,269.27,215.36,2.5867,8.3433,3.4862,68.0467,64.5333,50.2133,54.07,34.3233,normal cf,normal,0,train,280
55.4683,47.006,83.43,91.1603,40.3667,35.3633,94.1133,112.4333,6.7433,3.8,25.8067,109.0,153.7,116.7233,112.9333,70.2363,268.97,215.4367,2.5967,6.5167,3.8021,91.5467,83.59,46.8733,55.71,75.9487,normal cf,normal,0,train,300
55.8007,47.1367,84.6203,92.7077,40.2267,35.24,95.6467,115.4733,7.1367,3.86,26.34,108.92,152.8433,116.84,113.2767,73.1777,268.6233,215.5433,2.8367,6.7333,3.7362,92.8233,84.56,47.0,55.9933,77.7587,normal cf,normal,0,train,305
55.9113,47.118,85.0173,93.3153,39.9433,34.9467,96.5167,117.2167,7.5767,4.0267,26.5233,108.9933,152.0967,117.4033,113.6533,75.2077,268.92,214.99,3.22,7.0467,3.6815,93.3167,84.8233,47.0,56.0733,78.747,normal cf,normal,0,train,310
55.9447,47.0367,85.112,93.5607,39.6767,34.7267,97.7733,119.7167,8.7867,4.21,25.9233,109.04,152.6733,117.3767,113.8733,76.791,268.3433,215.4967,4.2967,7.2233,3.6621,93.4767,84.8767,46.8733,56.0833,79.98,normal cf,normal,0,train,315
55.962,46.9847,85.2347,93.78,39.39,34.48,98.9833,122.1333,9.8567,4.28,25.3733,109.1,152.2833,117.8833,114.0967,78.3323,268.34,215.2933,5.3067,7.47,3.6153,93.6733,85.0233,46.8333,56.1233,80.5467,normal cf,normal,0,train,320
51.4353,45.3543,85.5927,91.5027,39.1567,34.2667,94.9,113.9633,7.09,4.2233,33.58,109.2933,151.52,116.24,114.6533,60.1387,269.3133,215.3367,3.46,6.13,3.1885,91.44,85.5033,45.3167,51.5733,54.5387,normal cf,normal,0,train,335
51.1453,44.9517,85.924,91.9107,39.24,34.3567,95.19,114.4333,6.9633,3.81,32.83,109.3533,151.68,116.5167,114.8267,60.782,268.8533,215.05,3.3933,5.5967,3.2102,91.7233,85.74,44.83,51.1767,55.495,normal cf,normal,0,train,340
50.6887,44.4807,85.9493,91.9907,39.2933,34.4067,95.0867,114.3,6.6567,3.4267,32.11,109.4667,151.6733,116.2967,114.92,61.0107,268.71,214.72,3.2733,5.02,3.201,91.8067,85.7133,44.36,50.7167,55.545,normal cf,normal,0,train,345
50.2773,44.1077,85.8813,91.936,39.19,34.29,94.9367,113.9833,6.41,3.2167,31.7167,109.5333,151.9133,116.5667,114.9667,60.9887,268.8467,214.8667,3.22,4.74,3.1838,91.7067,85.6467,43.9167,50.3367,55.227,normal cf,normal,0,train,350
49.1953,45.8387,85.26,88.7623,41.2067,36.3,90.54,105.3167,4.55,4.0267,51.5733,111.07,151.3267,114.1433,117.49,44.4697,269.9267,215.0,1.92,4.5967,2.378,88.64,85.11,45.81,49.3367,30.075,normal cf,normal,0,train,370
49.1593,45.7893,85.199,88.713,40.8933,35.9633,90.39,105.0167,4.3433,4.2833,51.27,111.7267,151.0433,114.0,118.1333,44.078,270.1267,214.9533,1.9733,4.92,2.4092,88.4233,84.93,45.7667,49.2667,30.202,normal cf,normal,0,train,375
49.218,45.8413,85.239,88.7183,40.9467,36.0267,90.44,105.1833,4.45,4.38,52.3067,112.1867,151.03,114.06,118.6433,44.1827,269.6733,214.8467,2.0,4.9267,2.4015,88.4933,85.0067,45.84,49.3333,30.1743,normal cf,normal,0,train,380
56.8647,46.5853,75.8267,85.633,39.19,34.3,91.1833,106.6,9.5067,3.84,22.0067,110.6933,151.0233,116.2267,115.0267,74.2173,267.26,215.3367,5.75,7.19,4.3706,85.44,75.8433,46.3967,57.0333,92.2573,normal cf,normal,0,train,400
56.8487,46.3217,76.035,86.095,38.2867,33.4733,91.9367,108.0833,10.1167,4.1467,21.79,109.6667,150.8133,116.7667,113.8033,76.9587,267.0533,215.7233,6.08,7.9,4.3236,85.83,76.0,46.18,57.0133,94.6313,normal cf,normal,0,train,405
56.9843,46.3037,76.1417,86.3887,37.88,33.12,92.4633,109.1667,10.6967,4.26,22.13,108.9867,150.3533,116.4833,112.99,79.497,266.8667,215.37,6.34,8.2667,4.2375,86.1133,76.1067,46.1533,57.1867,95.8107,normal cf,normal,0,train,410
52.1033,45.2327,76.208,82.8447,38.7667,33.9,86.39,97.95,6.7567,4.1867,29.27,107.6633,148.95,113.9767,111.84,55.0,268.0833,215.1833,3.76,6.3767,3.9385,82.61,76.1633,45.1333,52.2033,61.6103,normal cf,normal,0,train,425
52.0173,45.15,76.2093,82.8233,38.7,33.8667,86.35,97.9167,6.6967,4.18,29.1433,107.36,148.6333,113.8833,111.57,55.0067,268.1133,215.1933,3.7233,6.38,3.9376,82.6133,76.1933,45.08,52.1533,61.6007,normal cf,normal,0,train,430
52.004,45.1487,76.188,82.794,38.68,33.86,86.3,97.8833,6.7333,4.1367,29.1233,107.2667,148.85,114.1267,111.3533,55.0207,268.22,215.0667,3.7633,6.3533,3.927,82.5667,76.1733,45.02,52.1467,61.454,normal cf,normal,0,train,435
52.0013,45.142,76.188,82.7953,38.7,33.8567,86.26,97.7167,6.6233,4.16,29.2033,107.2,148.8,113.9267,111.2067,54.999,268.2633,215.4433,3.6633,6.39,3.9379,82.5667,76.1667,45.0467,52.1133,61.599,normal cf,normal,0,train,440
48.1667,45.1483,75.9127,79.048,40.56,35.5867,80.59,87.7,3.4,4.1667,55.15,108.4267,147.3,110.6167,113.6667,37.4427,269.1567,214.91,1.68,4.4633,2.5363,78.86,75.8567,45.0733,48.13,27.0083,normal cf,normal,0,train,455
48.2767,45.3207,75.7993,78.7773,40.82,35.9,80.36,87.35,3.5767,4.1167,57.0067,110.7,147.4333,110.4533,116.2933,36.9813,269.3467,214.8967,1.6133,4.4267,2.5166,78.7033,75.7867,45.24,48.3067,26.4693,normal cf,normal,0,train,465
47.9927,45.094,75.83,78.824,40.96,36.06,80.45,87.4833,3.59,3.9633,56.24,111.5833,147.4333,110.32,117.1567,37.0103,269.6,214.5767,1.7133,4.03,2.4608,78.7733,75.7733,44.98,47.9933,25.9037,normal cf,normal,0,train,470
55.25,45.232,70.3787,79.8057,37.6067,32.9033,85.0867,95.65,8.79,4.1367,22.7867,110.36,148.65,115.1233,113.8,66.6807,266.8067,215.51,5.5533,7.5033,4.7445,79.6,70.1667,45.1233,55.3267,89.979,normal cf,normal,0,train,490
54.994,44.971,70.1027,79.45,37.38,32.6733,84.75,95.0167,8.82,4.0867,22.55,109.1533,148.5333,115.33,112.28,66.4013,266.8267,215.37,5.4467,7.5167,4.7605,79.26,69.8933,44.87,55.0767,89.9047,normal cf,normal,0,train,495
54.8553,44.816,70.0227,79.3793,37.4467,32.7467,84.62,94.8167,8.7567,3.9467,22.3967,108.13,148.5167,115.1267,111.2367,66.3683,266.7867,215.5133,5.4633,7.2867,4.7739,79.21,69.8333,44.76,54.9533,90.1137,normal cf,normal,0,train,500
51.875,45.0197,67.5177,74.05,38.1567,33.3633,77.1033,82.1667,5.8367,4.5333,30.3367,106.4733,145.85,111.4233,109.5533,47.8713,271.0533,215.0333,3.64,6.7667,4.5107,73.43,67.1467,44.9167,51.8967,61.421,normal cf,normal,0,train,515
51.634,45.1733,66.5013,72.6093,38.0567,33.3067,75.6833,79.9167,5.68,4.91,31.9333,106.34,145.0,110.8267,109.2467,45.5943,271.3867,215.13,3.6,7.12,4.4647,72.0933,66.2867,45.2167,51.8,57.9,normal cf,normal,0,train,520
51.868,45.3673,66.4393,72.454,37.6733,32.96,75.81,80.0833,5.9967,5.2967,32.4767,106.22,144.8,111.04,109.1267,45.9053,271.5667,215.46,3.6367,7.6567,4.4659,72.1833,66.3033,45.3767,51.95,58.3073,normal cf,normal,0,train,525
51.7863,45.278,66.434,72.4513,37.7733,33.0467,75.7833,80.0833,5.93,5.2267,32.2533,106.1333,145.05,111.1767,109.0667,45.89,271.1467,215.3867,3.5967,7.55,4.4735,72.2,66.3,45.31,51.9033,58.3873,normal cf,normal,0,train,530
48.7873,45.2733,66.6013,70.1237,39.1567,34.28,71.84,73.9667,3.41,5.32,50.2333,106.4467,142.9333,107.5933,109.8733,34.765,269.3367,214.7433,2.1233,6.14,3.1801,69.7467,66.38,45.3033,48.8667,31.442,normal cf,normal,0,train,545
48.6577,45.0793,66.5913,70.1167,38.59,33.7633,72.05,74.2167,3.9333,5.7933,51.3367,107.06,142.9167,108.1767,111.0267,35.275,268.6533,215.1033,2.13,6.45,3.1965,69.9067,66.4667,45.0067,48.65,32.071,normal cf,normal,0,train,550
48.5573,45.2047,66.3893,69.734,40.0133,35.0533,71.5967,73.5167,3.5733,4.6567,51.59,107.72,142.7833,106.6633,111.8567,34.2593,268.8867,215.1267,2.12,5.23,3.0837,69.4767,66.21,45.2533,48.71,30.0437,normal cf,normal,0,train,555
48.8447,45.3973,66.4877,69.894,39.26,34.3533,71.7833,73.8,3.8633,5.5333,52.6,108.3533,142.9833,107.7133,112.55,34.8137,268.78,215.1267,2.0567,6.0867,3.117,69.73,66.3967,45.35,48.9,30.8637,normal cf,normal,0,train,560
50.2413,41.63,80.0867,88.1187,37.04,32.3767,92.5933,109.4667,7.6833,2.2833,22.33,108.22,149.8567,116.78,111.57,69.8997,268.6467,215.3833,4.5133,4.3233,3.8887,88.08,80.0833,41.39,50.3533,77.3067,normal cf,normal,0,train,580
50.16,41.4613,80.306,88.572,36.1567,31.5867,92.9,110.0667,7.71,2.97,23.0033,107.5967,149.93,117.6133,111.1667,71.6053,268.4633,215.27,4.6,4.9533,3.829,88.3,80.2667,41.18,50.2633,77.9777,normal cf,normal,0,train,585
50.004,41.265,80.3473,88.7237,35.4767,30.99,93.0833,110.35,7.9,3.2133,23.61,107.16,149.0167,117.2967,110.98,73.0507,268.26,215.24,4.6433,5.54,3.7744,88.3933,80.28,40.9933,50.1,78.4173,normal cf,normal,0,train,590
49.918,41.1017,80.4013,88.846,35.1267,30.6167,93.3233,110.9,8.1233,3.2967,24.1567,106.7667,149.0667,117.5367,110.7933,74.5253,268.8233,215.07,4.8067,5.8167,3.7269,88.5267,80.3267,40.93,50.0533,78.995,normal cf,normal,0,train,595
49.9407,41.054,80.4813,88.9767,35.1867,30.6633,93.49,111.2333,8.2433,3.22,24.2333,106.62,149.0633,117.6433,110.82,75.19,268.4067,215.1233,4.7633,5.7267,3.7246,88.7133,80.3933,40.9133,50.0733,79.6497,normal cf,normal,0,train,600
46.857,40.8123,80.766,86.7057,37.0033,32.33,89.8867,104.1233,6.01,2.66,30.0433,106.66,149.2167,115.9267,111.0133,56.7893,269.1933,214.7,3.35,3.6233,3.3498,86.5167,80.7067,40.6067,46.96,54.1093,normal cf,normal,0,train,620
46.832,40.6953,81.022,87.0407,37.1767,32.4733,90.05,104.4667,5.99,2.4467,29.7667,106.6867,148.9,115.4433,111.0933,57.0777,268.96,214.5467,3.3467,3.31,3.3797,86.7067,80.8267,40.4667,46.8467,54.866,normal cf,normal,0,train,625
46.7013,40.532,80.978,87.02,37.2733,32.5667,90.08,104.5167,6.0467,2.3167,29.6033,106.8267,149.0333,115.5067,111.1933,57.0983,269.3533,214.97,3.41,3.0833,3.4008,86.6933,80.8333,40.37,46.8,55.227,normal cf,normal,0,train,630
43.433,39.903,80.46,84.278,37.9,33.1333,85.54,96.4333,3.5033,1.8933,45.4,107.34,147.8167,113.7033,112.5333,43.242,269.89,214.9533,1.5933,2.0,2.5722,83.8933,80.2733,39.8533,43.48,31.6327,normal cf,normal,0,train,645
43.7513,40.3577,80.1043,83.7593,38.1267,33.3133,85.43,96.25,4.0567,2.04,46.77,108.0467,148.0167,113.5067,113.35,42.4267,270.3,214.9667,1.86,2.1367,2.5204,83.5533,80.04,40.2533,43.87,30.4137,normal cf,normal,0,train,650
44.0457,40.608,80.2313,83.858,37.5333,32.8233,85.55,96.4,4.3233,2.7367,47.55,108.7733,147.7833,113.8667,114.0733,42.657,270.0233,214.6767,1.87,2.9867,2.5316,83.6867,80.1,40.4833,44.14,30.715,normal cf,normal,0,train,655
44.2133,40.7833,80.181,83.8653,37.6067,32.89,85.7367,96.8,4.2233,2.6867,47.3667,109.1733,147.8333,113.7633,114.5767,43.2487,270.16,214.59,2.0067,3.0033,2.495,83.7367,80.1533,40.63,44.3067,30.6897,normal cf,normal,0,train,660
51.539,41.5537,69.2233,78.748,35.0833,30.5733,84.11,93.95,8.61,3.3633,21.1967,107.96,146.8833,115.49,111.2767,68.2727,266.0033,215.36,5.5567,6.25,4.615,78.56,69.1167,41.3167,51.76,89.605,normal cf,normal,0,train,680
51.5207,41.0507,69.6743,79.5463,34.5567,30.1533,85.0,95.4667,8.6867,3.2867,21.0733,106.9733,147.0167,116.41,109.9833,72.0247,266.1333,214.9833,5.6,6.1933,4.5778,79.4033,69.5467,40.7733,51.61,93.7777,normal cf,normal,0,train,685
51.3133,40.778,69.6567,79.592,34.4333,30.04,85.08,95.5833,8.6367,3.19,21.1233,106.2867,146.8833,116.3433,109.2067,72.3127,266.0733,215.1833,5.67,6.08,4.5962,79.38,69.5067,40.5233,51.3733,94.5297,normal cf,normal,0,train,690
45.6007,39.1897,70.063,76.295,35.7267,31.2067,79.46,85.7833,5.91,2.2,27.5733,105.1267,145.45,113.2133,108.03,49.4293,269.2533,214.9233,3.5033,3.3633,4.0838,75.9233,69.7967,39.08,45.7067,57.417,normal cf,normal,0,train,705
45.646,39.342,69.6607,75.791,35.1867,30.6833,79.05,85.1333,6.0,2.81,28.7467,104.0267,144.75,113.22,107.7867,49.1567,269.7533,214.9233,3.45,4.0167,4.0377,75.56,69.5133,39.1867,45.7667,56.4507,normal cf,normal,0,train,710
45.665,39.407,69.6327,75.7053,35.01,30.52,78.2067,85.2167,5.96,2.8933,29.1033,103.0533,144.8333,113.4833,107.62,49.0873,269.6633,214.78,3.5067,4.2433,4.0146,75.54,69.4833,39.2733,45.8067,56.0477,normal cf,normal,0,train,715
45.7223,39.4587,69.6673,75.722,35.02,30.52,78.2367,85.25,5.9367,2.9467,29.1333,104.6067,144.75,113.3233,107.58,49.0903,269.6633,214.7633,3.5,4.3067,4.0168,75.6167,69.5333,39.3133,45.8467,56.0813,normal cf,normal,0,train,720
43.593,40.468,69.7373,73.0753,37.4367,32.7433,74.7,78.44,3.5333,2.6567,50.2567,105.42,143.8833,110.0833,109.51,36.0913,269.84,214.09,1.8133,2.8667,2.716,72.8733,69.6333,40.3067,43.58,27.8783,normal cf,normal,0,train,735
43.255,40.1263,69.8113,73.1353,37.66,32.95,74.67,78.3733,3.3667,2.3633,49.86,106.46,143.8333,109.8567,110.76,36.1403,269.88,214.77,1.7467,2.34,2.7231,72.8933,69.6733,40.0167,43.2167,27.9903,normal cf,normal,0,train,740
43.656,40.704,69.0277,72.1863,37.5867,32.87,73.98,77.3133,3.5633,2.7667,52.7633,107.99,143.5833,109.65,112.38,35.2387,270.1967,214.4233,1.9133,2.9633,2.6302,72.0833,69.0133,40.5733,43.8033,26.361,normal cf,normal,0,train,750
49.567,40.4293,64.674,73.2607,35.19,30.6967,78.1167,83.7333,7.83,2.8333,23.0367,107.2733,145.25,113.9033,109.88,58.886,267.8467,214.99,5.16,4.9867,4.8893,72.95,64.5367,40.22,49.6367,81.8843,normal cf,normal,0,train,770
49.3813,40.236,64.5687,73.1767,35.1,30.59,77.97,83.5167,7.79,2.7667,22.9933,106.4267,145.35,114.03,108.7533,58.9333,268.0,215.16,5.0933,4.9333,4.8916,72.8667,64.4367,40.06,49.47,81.9893,normal cf,normal,0,train,775
49.2547,40.094,64.4873,73.1033,35.0567,30.55,77.87,83.35,7.8467,2.6933,22.8267,105.7133,145.3167,114.0667,107.9067,58.8293,268.06,215.0733,5.11,4.8833,4.904,72.7767,64.34,39.9433,49.3667,82.0533,normal cf,normal,0,train,780
46.808,40.192,64.8187,71.1827,35.3567,30.8767,74.56,78.2133,5.91,3.11,28.8667,104.3867,143.8167,111.9733,106.7533,47.0573,268.16,215.1433,3.6633,4.6667,4.4316,70.88,64.6867,40.0167,46.8333,59.3127,normal cf,normal,0,train,795
46.5953,39.986,64.816,71.1757,35.56,31.0433,74.51,78.13,5.87,2.9333,28.7167,104.3067,143.9167,111.79,106.6533,46.8653,268.2133,215.0733,3.6367,4.36,4.4435,70.8467,64.66,39.8767,46.76,59.2293,normal cf,normal,0,train,800
46.712,40.222,64.6673,70.9037,35.56,31.0733,74.23,77.7167,5.82,3.08,29.03,104.2267,143.5667,111.5,106.64,46.304,268.0433,214.67,3.65,4.5533,4.4067,70.6,64.5333,40.1267,46.8067,58.0353,normal cf,normal,0,train,805
46.8893,40.416,64.7127,70.9127,35.47,30.9767,74.21,77.7,5.8433,3.32,29.2267,104.1867,143.6833,111.8267,106.6133,46.2827,268.35,214.98,3.5767,4.7967,4.4076,70.6533,64.62,40.2967,46.92,58.0207,normal cf,normal,0,train,810
43.8537,40.3697,64.8183,68.4507,37.1367,32.4333,70.4833,71.8,3.85,2.82,46.4633,105.7133,141.3667,108.0067,108.0367,35.3053,269.2933,214.6667,2.2433,3.0733,3.1035,68.2367,64.7033,40.22,43.8433,31.1637,normal cf,normal,0,train,825
43.4583,40.0867,64.6177,68.1443,37.4467,32.7233,69.9667,71.0667,3.5633,2.46,47.1733,105.4733,141.25,107.3133,108.9267,34.4597,268.3967,214.63,2.2,2.6033,3.0777,67.7633,64.37,40.0467,43.51,30.1707,normal cf,normal,0,train,830
43.9647,40.7127,63.9307,67.2633,36.1133,31.54,69.2433,70.1333,3.4733,4.0633,50.35,106.0467,140.6667,107.9867,109.6,33.8657,268.7533,214.8533,2.2167,4.4967,3.0227,67.05,63.8033,40.63,44.0733,29.1137,normal cf,normal,0,train,835
44.1013,40.7337,64.2603,67.5997,36.2433,31.6467,69.74,70.7333,3.8933,3.9633,49.6967,106.5133,141.0167,108.31,110.2267,34.273,268.7467,214.81,2.2133,4.3333,3.0938,67.4933,64.1433,40.6067,44.1933,30.1587,normal cf,normal,0,train,840
60.793,51.147,85.6933,94.8213,42.3567,37.4467,98.59,121.3333,8.5833,5.1133,26.14,107.22,160.1,121.7667,113.5967,79.6783,266.1033,215.2733,3.83,8.6067,3.8178,94.7867,85.45,50.9567,60.85,86.5127,normal cf2,normal,0,train,25
60.772,51.0267,85.8853,95.1793,42.0333,37.14,99.1833,122.4667,8.8633,5.1,26.2233,108.7467,159.9333,122.31,114.4667,81.9483,265.8733,215.2967,3.9533,8.8033,3.7507,95.2,85.7267,50.8567,60.8967,87.4163,normal cf2,normal,0,train,30
60.7547,50.936,86.0573,95.4613,41.9533,37.0533,99.4533,123.0667,8.9067,5.0833,26.6733,109.56,158.75,121.1433,115.0133,83.257,265.6867,215.8067,4.1067,8.8233,3.7288,95.3433,85.8467,50.7833,60.89,88.294,normal cf2,normal,0,train,35
60.8883,51.075,86.0387,95.4813,41.9267,37.0233,99.53,123.2,8.8467,5.1033,26.72,110.1833,158.8667,121.5167,115.4933,83.239,265.94,215.5833,4.19,8.9867,3.7232,95.3367,85.88,50.9333,61.0533,88.145,normal cf2,normal,0,train,40
56.0233,49.8953,85.3673,91.3597,42.3,37.3933,94.6967,113.55,7.1167,5.3467,34.41,111.0867,156.5833,118.26,116.2833,58.2317,268.2,215.43,3.54,7.6533,3.3233,91.1533,85.1767,49.9567,56.3033,55.0433,normal cf2,normal,0,train,55
56.0667,49.843,85.514,91.522,42.2667,37.37,94.9367,114.0167,7.1567,5.31,34.03,111.24,157.1333,118.7533,116.4533,58.6273,268.1533,215.0467,3.54,7.54,3.3479,91.3467,85.32,49.8333,56.2467,55.824,normal cf2,normal,0,train,60
56.0287,49.7833,85.5167,91.5233,42.2567,37.3667,94.9033,113.9667,7.18,5.32,34.0333,111.3433,157.1833,119.0667,116.57,58.631,268.1433,215.0267,3.5267,7.51,3.3561,91.3733,85.3167,49.7667,56.2333,55.9663,normal cf2,normal,0,train,65
56.0127,49.737,85.549,91.57,42.3467,37.4467,94.96,114.05,7.1367,5.17,33.9333,111.45,158.7767,120.2767,116.7667,58.7783,268.41,215.0567,3.5133,7.3967,3.3636,91.4333,85.34,49.72,56.1367,56.23,normal cf2,normal,0,train,70
53.6067,50.2043,85.8293,89.2857,43.6433,38.86,90.9067,106.0667,4.4067,5.69,53.3633,112.5633,161.8333,121.7667,118.74,42.8167,269.0967,214.4867,2.0267,6.5167,2.4966,88.8933,85.5233,50.1833,53.6167,30.407,normal cf2,normal,0,train,85
53.54,50.255,85.7587,89.094,43.88,39.0867,90.92,106.0167,4.7933,5.6433,55.16,113.2967,162.2,122.2067,119.7967,42.742,268.6567,215.05,2.0067,6.3667,2.4194,88.9133,85.5333,50.27,53.6333,29.4097,normal cf2,normal,0,train,90
53.5387,50.25,85.7747,89.106,43.83,39.0567,90.9467,106.1667,4.7433,5.7333,55.29,114.07,162.3167,122.13,120.6267,42.7633,269.05,214.9167,2.04,6.3967,2.4185,88.9167,85.5467,50.2333,53.64,29.415,normal cf2,normal,0,train,95
53.5197,50.2367,85.8187,89.14,43.8633,39.0633,91.02,106.3,4.7867,5.6733,55.2533,114.74,162.0633,121.92,121.33,42.7893,268.8667,215.1467,2.0567,6.3767,2.4137,88.9433,85.5867,50.2533,53.6267,29.374,normal cf2,normal,0,train,100
60.68,50.5673,75.858,85.4553,40.98,36.0767,91.3233,106.8667,10.2767,5.61,23.5767,112.7233,162.04,125.2767,117.0533,70.7357,264.8067,215.36,6.06,9.4467,4.5094,85.2433,75.81,50.43,60.8167,90.7223,normal cf2,normal,0,train,120
60.6747,50.3833,75.9353,85.7073,40.84,35.9033,91.5667,107.4167,10.4633,5.4833,23.3467,111.4833,162.18,125.55,115.61,71.845,264.4033,215.38,6.1767,9.44,4.5206,85.4167,75.8967,50.26,60.8067,92.373,normal cf2,normal,0,train,125
60.6427,50.3167,75.9127,85.7263,40.7267,35.7367,91.64,107.5333,10.5067,5.5133,23.3567,110.56,162.2833,125.8667,114.7433,72.138,264.55,215.3,6.2067,9.4233,4.5162,85.4267,75.8933,50.2,60.7267,92.658,normal cf2,normal,0,train,130
56.5357,50.1833,76.343,82.468,41.95,37.0467,85.5867,96.55,6.31,5.8033,33.76,109.16,160.7167,122.6033,113.52,50.8317,265.66,215.5133,3.4467,8.2133,3.9459,82.1267,76.2567,50.1267,56.6467,57.043,normal cf2,normal,0,train,145
56.6713,50.493,76.24,82.164,42.1433,37.2467,85.4267,96.2,6.4667,6.06,34.5867,109.18,161.15,122.9533,113.6533,50.276,266.0233,214.98,3.4567,8.38,3.8686,81.9933,76.28,50.4933,56.9433,55.3173,normal cf2,normal,0,train,150
56.9107,50.667,76.3587,82.3667,42.0533,37.1533,85.6767,96.7167,6.5267,6.18,34.51,109.32,160.4667,122.2967,113.8533,50.823,265.7667,215.0667,3.4767,8.5767,3.8732,82.1967,76.3867,50.6133,57.07,55.987,normal cf2,normal,0,train,155
56.449,50.176,76.3667,82.4107,42.0933,37.2,85.5767,96.5833,6.4033,5.8067,34.0933,109.4133,161.05,122.9433,113.96,50.913,265.8433,215.0933,3.3767,8.0567,3.8824,82.2167,76.3767,50.2,56.6067,56.22,normal cf2,normal,0,train,160
53.1527,50.3803,76.0783,78.9317,43.8433,39.0433,80.48,87.55,3.45,6.0033,62.5367,111.0533,158.6667,118.66,116.8533,35.8463,267.07,214.9467,1.57,6.49,2.436,78.9033,76.02,50.35,53.2333,24.837,normal cf2,normal,0,train,175
52.8787,50.1147,76.0903,78.9147,43.6533,38.85,80.53,87.6,3.5567,6.03,62.56,112.3433,158.5167,118.5433,118.5333,35.674,266.94,214.8167,1.6633,6.4367,2.4366,78.84,76.0133,50.1133,53.0,24.7233,normal cf2,normal,0,train,180
52.7747,50.0413,76.0677,78.884,43.6533,38.8533,80.47,87.5167,3.5167,5.9733,62.6433,113.4167,158.6,118.94,119.5833,35.694,266.9833,214.9867,1.6,6.4067,2.4094,78.82,76.0267,50.0433,52.8767,24.461,normal cf2,normal,0,train,185
52.7053,49.9587,76.115,78.92,43.67,38.8533,80.53,87.6333,3.5367,5.9133,62.54,114.1633,158.3667,118.3667,120.29,35.693,266.8933,215.33,1.6567,6.3167,2.4254,78.8933,76.0533,49.98,52.8,24.623,normal cf2,normal,0,train,190
59.5263,50.3043,71.6647,80.3237,40.9,35.9467,85.5833,96.5167,8.87,5.8667,26.2967,113.8833,159.95,123.19,118.1967,61.8827,265.4033,215.2133,5.31,9.29,4.6986,80.2667,71.4767,50.1833,59.7133,82.694,normal cf2,normal,0,train,205
59.6173,50.2133,71.7307,80.5327,40.63,35.6267,85.7433,96.8,9.03,5.8633,25.7467,112.3667,160.5833,124.0733,116.1167,62.5783,265.14,215.59,5.31,9.5567,4.7463,80.41,71.5533,50.19,59.7667,84.4733,normal cf2,normal,0,train,210
59.3473,49.9693,71.7037,80.547,40.44,35.45,85.6267,96.6,8.9,5.7933,26.4967,111.1433,160.2667,124.1667,114.7133,62.487,265.05,215.1367,5.29,9.4367,4.7309,80.3367,71.5033,49.8867,59.4933,84.0787,normal cf2,normal,0,train,215
59.1627,49.8083,71.5673,80.3553,40.3467,35.3267,85.46,96.2333,8.88,5.7433,24.73,110.0433,160.5667,124.4433,113.6767,62.297,265.1633,215.7233,5.3367,9.4467,4.746,80.14,71.4,49.7467,59.3633,84.09,normal cf2,normal,0,train,220
57.068,50.2033,67.6317,74.0573,40.9167,35.9733,77.2933,82.3833,6.14,6.6233,33.6633,108.4267,157.9167,120.95,112.1733,46.5493,267.8433,215.43,3.68,9.2467,4.6555,73.6133,67.35,50.1167,57.07,61.6187,normal cf2,normal,0,train,235
56.54,50.1333,66.641,72.659,40.8633,35.93,75.8567,80.15,6.0433,6.7633,34.9233,108.2267,157.3167,120.5967,111.8533,44.4873,267.8167,215.1833,3.5967,9.3267,4.5367,72.2233,66.4367,50.18,56.74,57.401,normal cf2,normal,0,train,240
56.396,50.0427,66.478,72.4153,40.7933,35.8233,75.79,80.05,6.1733,6.6933,34.9067,108.1133,157.6333,120.88,111.6933,44.453,268.0633,215.0933,3.6033,9.2533,4.5043,72.1733,66.3533,50.0633,56.6067,56.9507,normal cf2,normal,0,train,245
56.2973,49.9253,66.366,72.2857,40.7133,35.7133,75.6133,79.8,6.1,6.6333,34.9567,107.83,157.3,120.4767,111.4867,44.3607,268.1667,215.2967,3.6167,9.2467,4.5319,71.9667,66.2133,49.9467,56.4933,57.1777,normal cf2,normal,0,train,250
53.8523,50.0113,64.712,68.4577,41.5833,36.69,70.1933,71.5167,3.28,7.1767,50.3367,108.1667,155.1867,116.7133,112.19,34.7323,268.8333,215.1967,2.2967,8.48,3.4855,67.9433,64.31,50.06,53.9333,34.4353,normal cf2,normal,0,train,265
53.6267,50.038,63.6123,67.0523,41.9167,37.02,68.77,69.4,3.2767,7.07,54.6167,108.5533,154.97,116.0967,112.84,33.372,269.2867,215.1667,2.0167,8.1833,3.386,66.6933,63.3767,50.1467,53.7233,32.141,normal cf2,normal,0,train,270
53.543,50.0267,63.3787,66.7053,42.19,37.2833,68.6333,69.2,3.6233,6.9133,55.33,108.9333,156.0067,115.98,113.3833,33.3557,269.19,215.0133,2.11,7.8767,3.3185,66.4967,63.21,50.06,53.6267,31.4837,normal cf2,normal,0,train,275
53.4353,49.9133,63.32,66.6237,42.08,37.1767,68.52,69.1167,3.5833,6.89,55.2933,109.22,154.4833,116.3933,113.8533,33.3183,269.46,214.6967,2.1067,7.89,3.3304,66.4567,63.1667,49.9867,54.3333,31.5587,normal cf2,normal,0,train,280
55.6937,46.8027,84.1577,92.317,40.09,35.06,95.69,115.5533,7.3333,3.7767,25.1533,109.06,163.4133,127.5567,113.0,74.9073,267.9333,215.1033,3.0233,6.67,3.741,92.6967,84.2733,46.7133,55.9967,79.695,normal cf2,normal,0,train,300
55.7527,46.707,84.9827,93.505,39.8167,34.8533,96.8067,117.8,7.6,3.7733,26.11,109.0,163.41,127.13,113.3267,77.855,267.84,215.09,3.32,6.71,3.6611,93.52,84.8167,46.5533,55.87,81.0603,normal cf2,normal,0,train,305
55.3827,46.2017,85.1173,93.9073,39.5433,34.6167,97.1233,118.3833,7.4267,3.62,26.2233,109.06,163.37,128.2767,113.66,80.0483,267.7067,214.8933,3.27,6.48,3.6097,93.84,84.9033,46.0333,55.51,82.1803,normal cf2,normal,0,train,310
55.701,46.525,85.2233,94.01,39.7633,34.78,97.3233,118.8167,7.6967,3.7533,26.42,109.1533,163.6567,126.77,114.0067,79.7457,267.68,214.7033,3.4533,6.78,3.6185,93.9,84.9867,46.48,55.9667,82.0743,normal cf2,normal,0,train,315
56.0287,46.8297,85.274,94.058,39.8933,34.87,97.4867,119.0667,7.9567,3.8333,26.6167,109.3333,163.66,127.3367,114.3533,79.882,267.4267,215.0533,3.5067,6.9467,3.6307,93.98,85.0467,46.8,56.2333,82.4887,normal cf2,normal,0,train,320
50.9093,44.8387,85.3607,91.359,39.8933,34.8967,94.3767,112.8667,6.4567,3.23,32.3067,109.7867,162.3833,127.28,115.0,59.441,268.57,214.58,3.21,4.8833,3.2103,91.1333,85.2167,44.77,51.0267,54.274,normal cf2,normal,0,train,335
50.9293,44.8267,85.35,91.332,39.8233,34.84,94.3567,112.9,6.42,3.3033,32.2733,109.9433,161.9267,126.0633,115.1733,59.478,268.21,214.8833,3.3,4.9167,3.2288,91.0667,85.09,44.75,51.0167,54.622,normal cf2,normal,0,train,340
50.75,44.636,85.2567,91.224,39.77,34.7933,94.26,112.6167,6.39,3.19,32.0933,109.98,162.1667,126.2767,115.2167,59.5617,268.46,214.8867,3.2667,4.77,3.233,90.9533,85.0067,44.5,50.8433,54.7663,normal cf2,normal,0,train,345
50.6847,44.5863,85.3073,91.273,39.77,34.7867,94.3533,112.7833,6.4633,3.2033,32.0033,110.0867,161.8667,126.2633,115.3533,59.536,268.3733,214.8667,3.28,4.7567,3.2232,91.0533,85.11,44.4667,50.8433,54.5777,normal cf2,normal,0,train,350
48.7963,45.0203,85.635,89.5647,40.4833,35.5,91.06,106.4333,4.2133,3.6967,46.18,110.2433,160.65,123.93,115.8333,46.1517,269.3333,214.45,2.0167,4.38,2.5677,89.0633,85.27,44.87,48.6367,33.7277,normal cf2,normal,0,train,360
48.634,45.1953,85.058,88.6217,40.7433,35.79,90.2633,104.8167,4.44,3.8533,50.0,110.7267,160.75,123.6033,116.8067,44.1227,269.7333,214.3833,1.96,4.4667,2.4452,88.2933,84.84,45.21,48.7367,30.683,normal cf2,normal,0,train,365
48.946,45.4647,85.0683,88.644,40.76,35.8033,90.4,105.1167,4.6033,4.1,50.45,111.4233,160.2,123.52,117.7133,44.622,269.3133,214.8467,2.0733,4.6533,2.4556,88.3733,84.85,45.4167,49.03,31.1653,normal cf2,normal,0,train,370
56.4887,46.118,75.317,85.2083,38.42,33.6233,91.1967,106.6833,10.05,4.0467,21.6467,110.7667,160.8833,127.4533,115.0467,75.495,266.8867,215.17,6.0967,7.5933,4.3299,85.0933,75.3567,45.9867,56.8,92.9663,normal cf2,normal,0,train,400
56.6767,45.8907,75.9007,86.2023,38.05,33.2567,92.1933,108.65,10.3267,4.0133,21.7133,109.6867,161.2833,128.3033,113.7267,79.5007,266.46,215.6133,6.26,7.71,4.2843,85.96,75.89,45.77,56.8567,96.8717,normal cf2,normal,0,train,405
56.4437,45.6027,75.9207,86.35,37.6867,32.9767,92.32,108.9333,10.4133,4.0533,22.01,109.02,161.1167,127.57,112.9667,80.7793,266.82,214.8267,6.29,7.73,4.2251,86.0567,75.88,45.39,56.6367,97.0717,normal cf2,normal,0,train,410
51.3687,44.457,75.9207,82.6307,38.7467,33.92,86.02,97.3833,6.4633,3.6267,28.7367,107.87,159.8333,124.9633,111.9133,55.082,268.02,214.9067,3.7533,5.5267,3.951,82.31,75.8533,44.32,51.3933,61.8973,normal cf2,normal,0,train,425
51.1373,44.27,75.834,82.5027,38.6367,33.83,85.8867,97.1167,6.55,3.5733,28.4867,107.6367,159.7667,125.0367,111.6933,55.0433,268.0233,214.6267,3.6633,5.46,3.9245,82.2533,75.7667,44.0867,51.17,61.44,normal cf2,normal,0,train,430
51.044,44.1813,75.8207,82.4267,38.5567,33.7533,85.8967,97.1,6.46,3.5,28.59,107.5333,159.4333,124.7733,111.5767,54.9463,267.38,214.7267,3.6767,5.4367,3.927,82.2033,75.7567,44.0,51.11,61.369,normal cf2,normal,0,train,435
51.0,44.1453,75.818,82.416,38.5433,33.74,85.83,96.9833,6.5033,3.5333,28.55,107.3867,159.8167,125.3333,111.4067,54.9383,267.9033,214.6633,3.6067,5.4733,3.9194,82.2,75.7367,43.9667,51.1067,61.2423,normal cf2,normal,0,train,440
48.5427,45.756,75.051,78.0413,41.1233,36.2233,79.62,86.1167,3.3267,4.2733,57.5433,108.94,157.75,120.53,114.2867,36.085,268.9267,214.8633,1.7,4.6133,2.4295,77.9,74.97,45.6967,48.67,24.9347,normal cf2,normal,0,train,455
48.4853,45.7,75.106,78.064,41.0867,36.2,79.6,86.05,3.4433,4.3033,58.0967,110.29,157.6,120.3,115.7967,36.052,268.9633,214.5533,1.68,4.55,2.4272,77.9433,75.0,45.6133,48.5933,24.888,normal cf2,normal,0,train,460
48.456,45.6347,75.1247,78.084,41.2133,36.2933,79.67,86.1667,3.4767,4.1767,58.2567,111.37,157.9333,120.6133,116.96,36.1153,268.7667,214.8767,1.7233,4.3933,2.4588,77.9433,75.02,45.56,48.5,25.2563,normal cf2,normal,0,train,465
48.4173,45.604,75.1393,78.1,41.2433,36.3333,79.62,86.1,3.4533,4.1267,58.38,112.1967,157.7833,120.4,117.77,36.124,268.87,214.4967,1.66,4.2933,2.4466,77.9767,75.0533,45.5333,48.44,25.137,normal cf2,normal,0,train,470
53.8233,44.1377,68.4107,77.5417,37.1567,32.47,82.3333,90.8,8.12,3.8433,23.6633,110.71,158.9333,125.8467,113.9967,63.1077,266.96,215.3067,5.1733,6.7733,4.8416,77.13,68.0933,43.9333,53.7833,86.8927,normal cf2,normal,0,train,490
53.161,43.896,67.2357,76.0063,37.4467,32.74,80.68,87.8833,7.76,3.6033,24.1033,109.2533,158.5167,125.33,112.4,59.5973,267.6767,215.0967,5.1233,6.2933,4.8999,75.53,66.9133,43.7667,53.1933,83.0593,normal cf2,normal,0,train,495
52.856,44.0403,66.3283,74.699,37.2567,32.5633,79.24,85.45,7.66,3.9333,24.77,108.2033,158.0333,124.6767,111.1133,56.8767,268.0033,214.7667,5.01,6.68,4.8767,74.2467,66.09,43.91,52.96,78.8943,normal cf2,normal,0,train,500
51.733,45.62,65.826,71.5027,38.85,33.9933,74.75,78.48,5.81,4.8033,33.2633,106.4867,156.55,121.5467,109.3533,44.0143,271.5067,215.0433,3.5267,6.7567,4.3772,71.2433,65.7233,45.58,51.87,54.7963,normal cf2,normal,0,train,515
51.896,45.716,65.988,71.6913,38.62,33.8133,74.99,78.85,5.8533,5.0233,33.3667,106.4333,156.4833,121.7267,109.36,44.3053,270.7567,214.8133,3.5267,7.08,4.3875,71.4433,65.8733,45.6933,51.9667,55.2887,normal cf2,normal,0,train,520
51.9187,45.7013,66.124,71.8193,38.7533,33.9033,75.1,79.0833,5.7467,4.88,33.2267,106.5067,156.2667,121.3467,109.44,44.5217,270.72,214.54,3.5067,6.9433,4.3875,71.5967,65.9633,45.66,52.0067,55.5583,normal cf2,normal,0,train,525
51.956,45.7187,66.2087,71.9387,38.8,33.9333,75.2367,79.3,5.8033,4.87,32.9767,106.5733,156.6333,121.7233,109.52,44.6417,271.13,214.7867,3.57,6.9,4.3951,71.6967,66.08,45.7133,52.0433,55.805,normal cf2,normal,0,train,530
48.7833,45.371,66.3687,69.796,39.97,35.02,71.41,73.2,3.36,4.6933,50.2133,107.0067,155.6367,118.76,110.6533,34.521,268.0067,214.35,1.9133,5.3433,3.1055,69.4567,66.18,45.3633,48.8267,30.4843,normal cf2,normal,0,train,545
48.5977,45.1863,66.374,69.8407,40.44,35.4533,71.55,73.5,3.56,4.1233,50.9933,107.6433,155.82,118.5233,111.79,34.8763,267.4633,214.47,1.9533,4.67,3.0734,69.6633,66.2367,45.09,48.6267,30.4877,normal cf2,normal,0,train,550
48.344,44.9333,66.346,69.794,40.4267,35.4133,71.6733,73.6167,3.71,3.9933,51.4367,108.3267,154.7833,118.3167,112.6367,34.8507,267.64,214.6167,2.0367,4.4533,3.0731,69.6333,66.2133,44.87,48.3567,30.4627,normal cf2,normal,0,train,555
48.2357,44.86,66.3353,69.7767,40.18,35.18,71.66,73.5667,3.7033,4.1967,51.5367,108.8267,154.8833,118.7033,113.1733,34.754,267.75,214.66,2.0633,4.67,3.0564,69.5633,66.1867,44.8333,48.29,30.2107,normal cf2,normal,0,train,560
49.662,40.9553,80.1747,88.2953,36.75,32.13,90.8767,106.0333,5.8967,1.4267,23.2633,108.2467,160.9167,127.98,111.5833,71.5143,268.2533,214.8633,2.6733,3.9133,3.8315,88.2133,80.19,40.7133,49.72,77.9153,normal cf2,normal,0,train,580
49.4837,40.6823,80.3563,88.7403,36.5667,31.9667,91.2167,106.6833,5.8867,0.98,24.29,107.6467,161.0,130.0333,111.2333,73.3307,268.07,214.6633,2.7467,3.8367,3.7745,88.4733,80.2867,40.4133,49.5367,78.7247,normal cf2,normal,0,train,585
49.2653,40.44,80.384,88.8713,36.4033,31.8033,91.56,107.3167,6.1067,0.9167,23.7267,107.3133,161.0667,127.6533,111.0667,74.0723,268.0267,214.27,2.97,3.8433,3.7399,88.54,80.2933,40.2067,49.3467,78.789,normal cf2,normal,0,train,590
49.1487,40.3,80.3287,88.8633,36.3367,31.7433,92.83,109.8833,7.4933,0.88,22.1067,106.9533,161.0333,129.3933,110.8267,74.1753,267.9367,214.4333,4.3567,3.7633,3.7506,88.48,80.26,40.1233,49.1933,79.127,normal cf2,normal,0,train,595
49.157,40.308,80.3273,88.85,36.3433,31.7367,93.1867,110.6,7.8367,0.8267,21.81,106.8133,161.0133,128.6567,110.6,74.058,267.9,214.1867,4.6833,3.8233,3.7523,88.4667,80.2467,40.1267,49.2367,79.0337,normal cf2,normal,0,train,600
46.834,40.51,81.2707,87.558,36.87,32.1933,90.5333,105.4,6.0367,2.2033,28.7833,106.6067,159.75,126.65,110.5467,58.3487,268.64,214.2933,3.5333,3.4267,3.4024,87.03,81.0333,40.3167,46.7367,56.4583,normal cf2,normal,0,train,610
46.559,40.484,81.0033,86.9903,36.6033,31.9767,90.0667,104.45,6.0633,2.6467,30.0067,106.64,159.5167,126.66,110.8267,56.9257,268.5,214.44,3.42,3.77,3.3532,86.6467,80.8467,40.3467,46.6933,54.291,normal cf2,normal,0,train,615
46.7533,40.702,81.0433,87.014,36.68,32.0667,90.17,104.6667,6.15,2.7733,30.2133,106.7,159.6,127.6633,111.0133,57.0797,268.51,214.64,3.4767,3.8033,3.333,86.7,80.9,40.4933,46.8,54.1107,normal cf2,normal,0,train,620
46.7173,40.6493,81.05,87.0283,36.6933,32.0833,90.2,104.7167,6.1067,2.7867,30.1767,106.8267,159.75,126.8033,111.23,57.1337,268.4133,214.3333,3.4933,3.7667,3.3318,86.7267,80.9,40.4567,46.8,54.1407,normal cf2,normal,0,train,625
46.6373,40.568,81.0313,87.0227,36.7,32.1,90.12,104.5833,6.1133,2.68,30.2,106.8133,159.6333,125.7833,111.4433,57.1047,268.56,214.4467,3.46,3.6967,3.3361,86.69,80.9067,40.4033,46.7933,54.181,normal cf2,normal,0,train,630
43.4433,39.842,80.747,84.574,37.9967,33.2067,85.6833,96.7833,3.33,1.7,44.8833,107.7033,158.4667,124.24,113.0567,43.3233,269.61,214.0333,1.51,1.8233,2.6086,84.1833,80.53,39.8067,43.4133,32.1433,normal cf2,normal,0,train,645
43.738,40.3777,80.2037,83.812,37.69,32.9267,85.4167,96.1833,3.99,2.4667,47.3933,108.3933,158.2333,124.3333,113.81,42.206,269.09,214.02,1.7867,2.6367,2.4971,83.6,80.1033,40.3167,43.88,29.9753,normal cf2,normal,0,train,650
44.176,40.767,80.4357,84.067,37.4967,32.8033,85.91,97.1333,4.2933,2.7467,47.54,108.9467,157.9333,124.1033,114.44,43.177,270.0333,214.21,1.9333,3.1467,2.4787,83.9733,80.4233,40.6533,44.32,30.4393,normal cf2,normal,0,train,655
44.1973,40.7133,80.8523,84.545,37.71,32.9967,86.35,97.8333,4.4167,2.5967,46.71,109.44,158.3167,124.3,114.9267,43.678,269.26,214.16,1.9433,2.8067,2.5026,84.4033,80.7433,40.5467,44.28,31.0887,normal cf2,normal,0,train,660
51.5553,41.286,70.0027,79.757,35.3,30.8033,85.43,96.3,8.77,2.74,20.8733,108.0667,158.8833,128.2667,111.6767,71.4907,266.0867,214.75,5.7267,5.69,4.5192,78.8567,69.93,41.0,51.78,91.8863,normal cf2,normal,0,train,680
51.4277,40.667,70.432,80.6477,35.32,30.8167,86.22,97.7,8.8633,1.0767,20.31,107.1,159.2833,128.0133,110.4733,75.518,265.9033,214.9033,5.7667,5.07,4.4855,80.4667,70.2733,40.3667,51.5333,96.3407,normal cf2,normal,0,train,685
51.276,40.4453,70.3853,80.656,35.1633,30.66,86.25,97.65,8.8367,0.9833,20.21,106.4533,158.95,127.98,109.7067,75.7123,265.8167,214.7567,5.7567,5.0333,4.5024,80.43,70.2167,40.19,51.32,96.9523,normal cf2,normal,0,train,690
45.6813,39.084,71.1053,77.494,36.2,31.6067,80.84,88.1667,6.3067,1.17,26.5867,105.5467,157.8,125.3533,108.5733,51.9903,268.58,214.2433,3.6733,2.7833,3.9866,77.1733,70.87,38.9933,45.7367,58.932,normal cf2,normal,0,train,705
45.9287,39.4977,70.904,77.093,35.7567,31.2133,80.66,87.8167,6.2,2.47,27.9233,105.3733,157.1,124.94,108.42,50.7647,268.3867,214.21,3.7,3.6133,3.9769,76.94,70.7467,39.3967,46.0733,57.4217,normal cf2,normal,0,train,710
45.8453,39.332,71.0987,77.32,35.9567,31.3867,80.8,88.0833,6.21,2.0467,27.6967,105.3,157.2833,125.1933,108.34,51.0577,268.36,214.3767,3.6467,3.2167,4.0035,77.15,70.9033,39.1733,45.9167,58.1377,normal cf2,normal,0,train,715
45.9013,39.4383,71.06,77.2573,35.8167,31.25,80.83,88.0833,6.2433,2.44,27.8967,105.1933,157.15,125.0067,108.3,50.8953,268.6133,214.42,3.6767,3.49,3.9912,77.0767,70.8633,39.28,45.9867,57.7727,normal cf2,normal,0,train,720
43.4077,40.1723,71.2927,74.7263,37.7633,33.0233,75.9067,80.2367,3.0567,2.2867,48.18,106.2267,155.85,121.72,110.2867,36.7623,269.3533,214.5067,1.47,2.36,2.766,74.37,70.9833,40.1067,43.4133,28.922,normal cf2,normal,0,train,735
43.8247,40.7693,70.5937,73.848,37.4767,32.7567,75.65,79.8333,3.7567,2.9133,50.5267,107.1267,155.7,121.8333,111.5067,36.4397,269.26,214.4067,1.7967,3.2033,2.6362,73.8333,70.4767,40.6733,43.9533,27.3237,normal cf2,normal,0,train,740
43.8447,40.6887,71.1373,74.4533,37.9233,33.1667,76.27,80.85,3.7833,2.4967,49.84,108.1033,156.1333,121.91,112.4667,36.985,269.3033,214.45,1.8767,2.5967,2.6815,74.4167,71.01,40.5033,43.88,28.2063,normal cf2,normal,0,train,745
43.7287,40.5533,71.204,74.548,38.2067,33.4233,76.21,80.7167,3.7333,2.2167,49.54,108.78,156.1333,121.69,113.2,37.0663,269.37,214.3533,1.72,2.18,2.6882,74.4867,71.0567,40.4033,43.8067,28.3393,normal cf2,normal,0,train,750
50.272,40.4293,66.8293,76.07,34.9033,30.44,81.3867,89.1333,8.4533,2.8167,21.4467,107.7867,158.1167,127.0567,110.5467,64.5563,267.2867,215.1533,5.4633,5.28,4.8066,75.9333,66.7133,40.2267,50.3667,88.254,normal cf2,normal,0,train,770
50.1907,40.3313,66.8053,76.0753,34.82,30.4,81.3467,89.05,8.4333,2.8433,21.3967,106.8667,158.3833,127.59,109.4333,64.7083,267.0867,214.5233,5.44,5.2567,4.7891,75.9367,66.6367,40.1233,50.3,88.1377,normal cf2,normal,0,train,775
50.0933,40.1757,66.7733,76.078,34.9267,30.4433,81.4,89.1167,8.5267,2.6333,21.2333,106.16,158.1167,127.0933,108.7867,64.7757,267.19,214.5233,5.4433,5.1067,4.8088,75.9467,66.6567,39.9867,50.1933,88.5913,normal cf2,normal,0,train,780
47.0483,40.317,65.859,72.358,34.9267,30.4767,75.86,80.1667,6.1233,3.47,28.4133,105.0933,155.8333,124.5367,107.6733,48.303,267.9067,214.5433,3.9333,5.2233,4.3807,71.9,65.6467,40.18,47.08,60.1827,normal cf2,normal,0,train,795
46.8673,40.0527,65.8213,72.3473,35.1567,30.6567,75.98,80.3667,6.1967,3.24,28.0033,103.9733,155.9333,124.5433,107.5267,48.748,267.62,214.4133,3.8967,4.7533,4.3918,72.0733,65.6667,39.93,46.86,60.8913,normal cf2,normal,0,train,800
46.6907,39.963,65.671,72.1177,35.4167,30.93,75.67,79.8667,6.0433,3.0133,28.15,103.92,155.3133,124.2733,107.4,48.06,267.7,214.43,3.8533,4.4467,4.397,71.75,65.4733,39.8933,46.78,60.1023,normal cf2,normal,0,train,805
46.8187,40.19,65.4953,71.8383,35.5667,31.05,75.3467,79.45,6.0,3.1133,28.5367,104.6733,156.0,124.0633,107.3933,47.594,267.8167,214.4433,3.8133,4.5333,4.3737,71.5433,65.35,40.09,46.8333,59.2037,normal cf2,normal,0,train,810
43.8993,40.348,65.65,69.296,36.4433,31.8367,71.2333,73.0,3.6767,3.3633,46.38,105.4133,153.8667,121.0533,108.7667,35.934,269.21,214.2,2.1833,3.79,3.107,69.0233,65.46,40.2333,43.9167,31.7547,normal cf2,normal,0,train,825
43.7433,40.1743,65.6593,69.2973,36.72,32.0867,71.3367,73.1667,3.88,3.04,46.0267,106.0,153.9333,120.8167,109.68,36.026,268.2267,214.3833,2.2733,3.3933,3.1088,69.06,65.48,40.1,43.7933,31.8543,normal cf2,normal,0,train,830
43.587,40.01,65.65,69.3107,36.7533,32.13,71.2567,73.0833,3.8233,2.9067,45.9567,106.54,154.4333,121.21,110.3667,36.0697,267.9667,214.2133,2.1433,3.17,3.1097,69.1067,65.46,39.9467,43.6267,31.901,normal cf2,normal,0,train,835
43.495,39.9113,65.634,69.2867,36.8267,32.16,71.2767,73.0833,3.8667,2.8133,45.85,106.96,154.9533,121.02,110.7267,36.065,267.7567,214.1,2.1867,3.0467,3.1227,69.0867,65.4433,39.8667,43.54,32.0307,normal cf2,normal,0,train,840
60.6587,50.958,85.5207,94.6973,42.1433,37.25,98.5767,121.3333,8.6933,5.12,26.1867,106.88,164.51,126.4633,113.4433,80.0593,266.6867,215.8633,3.8933,8.6533,3.8314,94.6733,85.34,50.81,60.7133,87.2393,normal cf4,normal,0,train,25
60.644,50.9,85.607,94.8893,41.8167,36.9167,98.81,121.75,8.8167,5.1833,26.51,108.43,164.6167,126.24,114.2767,81.369,266.46,215.5633,3.9367,8.95,3.7814,94.84,85.3833,50.7333,60.74,87.5103,normal cf4,normal,0,train,30
60.6,50.808,85.7013,95.0687,41.67,36.7833,99.1267,122.3667,8.9,5.1333,26.5933,109.3667,163.9833,127.3467,114.8933,82.6127,265.8433,215.9833,4.07,8.9233,3.7505,95.0533,85.4633,50.5767,60.72,88.121,normal cf4,normal,0,train,35
60.5707,50.8,85.724,95.114,41.5667,36.6667,99.2267,122.65,9.04,5.19,26.7,110.0033,164.4467,126.98,115.38,82.8553,266.1933,215.62,4.2233,9.0067,3.725,95.0333,85.5,50.5533,60.68,87.7807,normal cf4,normal,0,train,40
56.0503,49.887,85.2723,91.272,41.9467,37.05,94.9367,114.0333,7.4,5.5533,34.36,110.9667,162.7567,124.79,116.3567,58.607,268.42,215.0867,3.76,7.9,3.3165,91.16,85.1533,49.8433,56.2867,55.2853,normal cf4,normal,0,train,55
55.998,49.7273,85.4553,91.5007,42.0167,37.11,95.0233,114.15,7.3033,5.42,34.11,111.18,162.6033,124.81,116.62,58.7957,268.4467,214.8567,3.6633,7.7067,3.3572,91.32,85.2367,49.72,56.1233,56.1433,normal cf4,normal,0,train,60
55.9713,49.6913,85.4313,91.478,41.9867,37.0833,95.0567,114.25,7.37,5.4033,34.08,111.3067,162.8833,124.8467,116.7867,58.747,268.58,215.0933,3.7567,7.66,3.3681,91.26,85.2467,49.7133,56.08,56.276,normal cf4,normal,0,train,65
56.006,49.7193,85.4273,91.466,41.96,37.0633,94.98,114.2167,7.3033,5.4367,34.22,111.4333,162.6267,124.5233,116.9133,58.7233,268.3067,215.17,3.7033,7.8,3.3744,91.3067,85.2367,49.7333,56.14,56.359,normal cf4,normal,0,train,70
53.9977,50.774,85.5577,88.866,43.4133,38.6,90.9167,106.1333,4.91,6.3033,55.5233,112.3267,161.6833,121.9333,118.8333,42.957,268.89,215.1467,2.2167,7.3167,2.3649,88.7267,85.39,50.75,54.1533,28.899,normal cf4,normal,0,train,85
53.7187,50.3793,85.6563,89.018,43.4467,38.64,91.0567,106.3167,4.9067,6.0967,55.1,113.32,161.7167,122.1567,120.17,42.945,268.8467,214.82,2.2033,6.93,2.4483,88.83,85.4233,50.3567,53.7933,29.9047,normal cf4,normal,0,train,90
53.504,50.1697,85.665,89.0167,43.3667,38.5733,90.97,106.2333,4.8633,5.9967,55.1633,114.09,161.7333,122.1667,120.9767,42.904,269.0167,215.27,2.1733,6.8167,2.4486,88.82,85.4,50.1467,54.4267,29.8797,normal cf4,normal,0,train,95
53.4007,50.0733,85.5807,88.9713,43.3467,38.5533,90.9867,106.2833,4.8567,5.9367,55.07,114.7133,161.9167,122.3467,121.6033,42.9257,269.17,215.0133,2.2467,6.72,2.4425,88.7867,85.3967,50.07,53.4433,29.8207,normal cf4,normal,0,train,100
60.793,50.575,75.8567,85.5493,40.8,35.8567,91.71,107.7333,10.6533,5.66,23.4467,112.7233,161.68,125.5067,116.8567,71.8383,264.7233,215.2133,6.3433,9.5667,4.4858,85.37,75.8433,50.3767,60.92,91.653,normal cf4,normal,0,train,120
60.68,50.298,75.9007,85.7853,40.7667,35.8133,91.9133,108.0833,10.64,5.42,23.1633,111.4967,161.5333,125.21,115.54,72.5907,264.7733,215.5767,6.4367,9.3633,4.5187,85.4867,75.85,50.1467,60.8133,93.289,normal cf4,normal,0,train,125
60.6773,50.2553,75.8913,85.8107,40.6867,35.7,91.8767,108.0667,10.7,5.3667,23.1533,110.6267,161.8967,124.72,114.65,72.787,264.5733,215.3267,6.4433,9.4367,4.5179,85.4933,75.87,50.1233,60.7933,93.5277,normal cf4,normal,0,train,130
56.3713,50.086,76.2853,82.3923,41.6333,36.7333,85.4367,96.2167,6.2967,6.07,33.9567,109.1867,159.8,122.09,113.3267,50.725,266.3367,215.6267,3.4333,8.4633,3.915,82.0,76.1967,50.11,56.6067,56.478,normal cf4,normal,0,train,145
56.6457,50.4327,76.212,82.1517,41.4833,36.5767,85.38,96.1167,6.4767,6.5433,35.0667,109.2,160.3833,122.79,113.5033,50.51,266.24,215.73,3.4467,8.97,3.8862,81.98,76.2333,50.4367,56.8033,55.8287,normal cf4,normal,0,train,150
56.3977,50.1847,76.2253,82.174,41.47,36.5667,85.3333,96.0333,6.4333,6.28,34.91,109.3133,160.2833,122.5833,113.7467,50.5757,266.3567,215.0533,3.4,8.6933,3.8698,81.94,76.2133,50.16,56.5833,55.6677,normal cf4,normal,0,train,155
56.2613,50.088,76.22,82.1607,41.45,36.5433,85.3467,96.0333,6.32,6.2967,34.8967,109.3133,159.6833,122.12,113.9,50.56,266.4233,215.2967,3.44,8.6233,3.8491,81.92,76.2133,50.0767,56.51,55.35,normal cf4,normal,0,train,160
53.0817,50.3433,75.922,78.7583,43.3567,38.5033,80.37,87.3333,3.3667,6.4467,62.8833,110.87,158.45,118.8133,116.7533,35.3903,267.0267,215.0733,1.7633,7.0033,2.4409,78.6267,75.8833,50.3633,53.22,24.5697,normal cf4,normal,0,train,175
53.0363,50.2343,75.9847,78.825,43.47,38.6333,80.66,87.8333,3.8467,6.3033,63.04,112.2633,158.4833,118.76,118.4067,35.8783,266.94,214.9833,1.8033,6.7,2.4579,78.8333,75.9733,50.1567,53.09,25.085,normal cf4,normal,0,train,180
52.9687,50.3213,75.8633,78.6023,43.6633,38.8467,80.17,86.9,3.4967,6.3067,64.2367,113.3467,158.2667,118.3533,119.5633,34.8133,267.31,215.13,1.6233,6.7467,2.397,78.4533,75.7967,50.3967,53.16,23.72,normal cf4,normal,0,train,185
53.1673,50.4313,76.068,78.828,43.5967,38.79,80.59,87.7,3.7233,6.4233,63.8067,114.2767,158.0667,118.14,120.4167,35.4337,267.0633,215.1467,1.7633,6.8267,2.4315,78.7967,76.0,50.4033,53.2667,24.5053,normal cf4,normal,0,train,190
59.5523,50.2093,71.721,80.5593,40.8233,35.88,85.7933,96.9167,8.9167,5.7767,26.09,114.0667,160.6,123.9967,118.1733,62.6737,265.1,215.4567,5.3967,9.2233,4.7059,80.4267,71.5067,49.99,59.6367,83.8783,normal cf4,normal,0,train,205
59.1627,49.8383,71.47,80.266,40.4033,35.41,85.3267,96.0167,8.8567,5.74,25.7567,112.5767,159.8167,123.35,116.12,62.0347,265.1767,215.4567,5.2833,9.32,4.7452,80.0233,71.2533,49.72,59.3067,83.7207,normal cf4,normal,0,train,210
58.94,49.65,71.2773,80.0267,40.2567,35.2733,85.08,95.6333,8.8367,5.6733,26.5367,111.1033,160.0167,123.7633,114.6567,61.8417,265.2767,215.3033,5.2867,9.31,4.7377,79.8167,71.1067,49.5567,59.1067,83.3313,normal cf4,normal,0,train,215
58.856,49.5633,71.2267,79.9613,40.25,35.2833,85.05,95.55,8.78,5.6233,25.5933,110.1067,160.2,124.2267,113.5233,61.8673,265.6967,215.1733,5.2267,9.23,4.7343,79.8067,71.0667,49.4933,59.0267,83.3047,normal cf4,normal,0,train,220
56.7443,50.1683,67.2443,73.4047,41.0267,36.0967,76.3333,80.95,5.72,6.5867,34.69,108.4933,156.8333,119.6533,112.02,45.098,269.5033,215.24,3.4867,9.1367,4.5981,72.83,66.9167,50.1633,56.83,58.982,normal cf4,normal,0,train,235
56.479,50.2677,66.4433,72.2137,40.78,35.8167,75.19,79.2167,5.7,6.9933,36.2,108.2467,156.5833,119.78,111.7533,43.7183,269.9733,215.26,3.3567,9.49,4.4823,71.83,66.3133,50.27,56.6533,55.7337,normal cf4,normal,0,train,240
56.4,50.1803,66.3713,72.0947,40.72,35.7233,75.1767,79.2167,5.7167,6.9733,36.26,108.1467,155.95,119.3433,111.4967,43.702,270.2967,215.2533,3.4333,9.5033,4.4866,71.7633,66.2533,50.1933,56.5767,55.767,normal cf4,normal,0,train,245
56.356,50.1373,66.3513,72.0453,40.7067,35.7033,75.18,79.1833,5.73,6.9733,36.2233,108.0867,156.7333,120.35,111.48,43.68,269.9533,215.4133,3.3933,9.52,4.4912,71.7633,66.2133,50.2,56.5733,55.794,normal cf4,normal,0,train,250
54.1327,50.0413,65.8023,69.7213,41.51,36.6033,71.85,73.9167,4.1267,7.2467,48.8067,108.3733,153.5667,116.69,112.2833,36.0557,268.8633,215.1067,2.4767,8.59,3.5751,69.4033,65.48,50.1,54.1967,36.6597,normal cf4,normal,0,train,265
53.9317,49.9573,65.3803,69.1637,41.6933,36.7767,71.17,72.9,4.0367,7.03,50.0967,108.7,152.6767,116.2367,112.8533,35.3517,268.5667,215.16,2.3433,8.3933,3.5442,68.8133,65.1267,50.0333,54.0267,35.64,normal cf4,normal,0,train,270
54.074,50.1673,65.0907,68.7767,41.84,36.92,70.93,72.5833,4.1567,7.1267,51.5633,109.0267,154.3667,116.51,113.3667,35.1433,268.4067,215.2,2.37,8.38,3.5003,68.6033,64.95,50.2033,54.1533,34.986,normal cf4,normal,0,train,275
54.0127,50.1013,65.1093,68.7833,41.82,36.92,71.01,72.7,4.1733,7.0933,51.41,109.2533,153.2067,116.2067,113.74,35.1673,268.6533,215.1767,2.4067,8.35,3.5012,68.6167,64.95,50.1933,54.13,35.0167,normal cf4,normal,0,train,280
55.83,46.9323,84.9107,93.1037,40.1167,35.1067,96.3467,116.8167,7.3833,3.7867,25.2233,109.3133,163.1567,126.9467,113.3667,75.851,267.88,215.3,3.0167,6.6567,3.7,93.3633,84.8067,46.7867,55.9233,79.8127,normal cf4,normal,0,train,300
55.5653,46.489,85.3417,93.9663,39.94,34.9467,97.2,118.5333,7.4033,3.6033,27.0233,109.3133,162.94,127.3,113.86,79.074,268.19,215.2267,3.2367,6.3333,3.6186,93.9867,85.19,46.2833,55.6433,81.3783,normal cf4,normal,0,train,305
55.4977,46.384,85.4767,94.2247,39.8633,34.8633,97.4033,118.95,7.4733,3.5367,26.5933,109.3667,163.1733,128.4367,114.27,80.033,267.9167,214.8667,3.2267,6.3767,3.5837,94.1833,85.3033,46.24,55.7,81.5723,normal cf4,normal,0,train,310
55.9167,46.7307,85.564,94.349,39.9967,35.0067,97.66,119.4333,7.7433,3.6733,26.63,109.4933,163.31,126.79,114.59,80.0113,267.61,215.2067,3.3567,6.6567,3.6194,94.3067,85.3633,46.68,56.1133,82.3627,normal cf4,normal,0,train,315
56.097,46.9593,85.6283,94.3953,40.07,35.0833,97.8933,119.9167,7.9767,3.7567,26.61,109.56,163.3967,127.69,114.84,79.8383,267.5467,215.0933,3.5967,6.7367,3.6069,94.3033,85.3867,46.8133,56.2733,81.9033,normal cf4,normal,0,train,320
51.015,44.9587,85.7417,91.683,39.68,34.7333,94.9933,114.1,6.78,3.51,32.8967,109.9333,161.8,126.2433,115.1933,60.2183,268.4533,214.73,3.3667,5.16,3.1628,91.5933,85.6567,44.8433,51.0867,54.168,normal cf4,normal,0,train,335
50.7513,44.6707,85.8893,91.8323,39.57,34.6367,94.9267,113.9833,6.53,3.41,32.56,109.95,161.4667,125.9967,115.3667,59.9913,268.6333,214.8467,3.2867,5.0067,3.1928,91.63,85.62,44.56,50.84,54.4793,normal cf4,normal,0,train,340
50.6233,44.5177,85.7187,91.6713,39.51,34.5933,94.8633,113.9,6.5967,3.4133,32.3867,110.07,162.0967,126.7267,115.46,60.0737,268.73,214.8333,3.36,4.91,3.1974,91.54,85.4533,44.4,50.6733,54.6317,normal cf4,normal,0,train,345
50.4147,44.3433,85.6907,91.642,39.4667,34.5633,94.81,113.7333,6.5567,3.25,32.1933,110.07,161.5333,126.1433,115.4933,60.1097,268.8867,214.9467,3.31,4.7567,3.1816,91.52,85.4533,44.19,50.4533,54.393,normal cf4,normal,0,train,350
48.833,45.525,85.24,88.736,41.0833,36.1667,90.24,104.8167,3.9633,3.93,51.1067,111.1467,160.4333,123.2133,117.6633,43.2317,269.8367,214.78,2.0333,4.4933,2.4091,88.24,84.9167,45.5833,48.9767,29.6057,normal cf4,normal,0,train,365
49.1433,45.8213,85.2077,88.678,41.2033,36.31,90.46,105.1167,4.5067,4.03,50.59,111.8867,160.85,123.2633,118.3567,43.7823,269.6733,214.8967,2.0267,4.58,2.3895,88.3833,84.98,45.7733,49.2067,29.755,normal cf4,normal,0,train,370
49.1717,45.8453,85.2297,88.702,41.11,36.2167,90.5467,105.3833,4.5567,4.12,52.2367,112.4167,160.7167,123.4733,118.9933,43.8687,269.4033,215.1767,2.1567,4.7133,2.3909,88.41,84.9767,45.8467,49.28,29.829,normal cf4,normal,0,train,375
49.1933,45.8467,85.2927,88.7687,41.1,36.2,90.6133,105.4833,4.5267,4.1633,51.41,112.82,160.45,123.3267,119.28,43.9283,269.38,214.6267,2.07,4.74,2.3933,88.52,85.04,45.8267,49.3067,29.8993,normal cf4,normal,0,train,380
56.5877,46.0037,76.11,86.2643,38.3733,33.5767,92.2133,108.6667,10.1733,3.9633,21.7467,111.0333,161.15,126.0167,115.38,77.9617,266.9,214.9867,6.22,7.5,4.2755,85.9733,76.06,45.8633,56.79,94.7993,normal cf4,normal,0,train,400
56.3947,45.5657,76.1587,86.4993,38.0467,33.2733,92.4867,109.25,10.1533,3.7767,21.78,110.0,161.1667,126.4867,114.0667,80.22,267.04,215.3767,6.2633,7.3533,4.2596,86.21,76.1,45.45,56.5633,97.1877,normal cf4,normal,0,train,405
56.2107,45.2967,76.1267,86.4953,37.77,33.0367,92.4233,109.05,10.1667,3.85,21.8967,109.2667,160.5,127.9567,113.2533,80.743,266.5533,214.9433,6.2233,7.4867,4.255,86.2,76.0767,45.26,56.3867,97.7147,normal cf4,normal,0,train,410
51.362,44.4987,76.1987,82.838,38.4367,33.6367,86.21,97.6167,6.52,3.9133,29.1867,107.8067,159.5667,124.8833,111.9933,55.188,267.8,215.0833,3.61,5.9567,3.9195,82.5767,76.1533,44.3733,51.3867,61.521,normal cf4,normal,0,train,425
51.7587,44.8927,76.2053,82.8127,38.4333,33.6467,86.32,97.85,6.6267,4.1667,29.14,107.4867,158.95,124.5833,111.6633,55.1857,267.7633,215.0067,3.6733,6.4567,3.9191,82.62,76.2133,44.9333,52.02,61.5127,normal cf4,normal,0,train,430
52.4817,45.571,76.2747,82.886,38.5567,33.7367,86.43,98.0333,6.7467,4.54,29.4967,107.2933,159.5333,124.88,111.51,55.21,267.49,215.0633,3.7233,6.9767,3.9449,82.71,76.2967,45.51,52.66,61.9453,normal cf4,normal,0,train,435
52.387,45.4593,76.3573,82.9903,38.82,33.9533,86.52,98.15,6.6467,4.2133,29.3833,107.2,159.4333,124.4767,111.4767,55.3933,267.59,215.0567,3.7333,6.53,3.9409,82.8,76.3333,45.3467,52.4433,62.089,normal cf4,normal,0,train,440
48.0823,45.0793,76.0003,79.164,40.6067,35.6033,80.85,88.1167,3.4433,4.07,54.81,108.5133,158.0667,121.4,113.9067,37.518,268.73,214.74,1.82,4.3967,2.5186,79.0,75.9033,45.0033,48.0667,26.8763,normal cf4,normal,0,train,455
48.4027,45.4917,75.8327,78.7933,40.8533,35.92,80.54,87.5667,3.7467,4.2867,57.1467,110.84,157.6333,120.65,116.6533,36.7693,268.66,214.9033,1.7633,4.56,2.4935,78.7,75.7633,45.4267,48.44,26.0773,normal cf4,normal,0,train,465
48.4427,45.524,75.8313,78.7893,40.7933,35.8433,80.5,87.5667,3.59,4.4067,57.54,111.76,158.0333,121.12,117.4333,36.7547,268.77,214.6333,1.7967,4.6633,2.4983,78.7433,75.7733,45.4867,48.4733,26.117,normal cf4,normal,0,train,470
55.0543,44.7807,70.5737,80.2653,37.28,32.57,85.6567,96.6167,8.9933,4.05,22.4533,110.4767,159.4667,126.3767,114.0867,68.5967,266.4933,215.1567,5.6367,7.36,4.7203,79.96,70.3067,44.6433,55.1133,92.0907,normal cf4,normal,0,train,490
54.6303,44.3953,70.1787,79.7693,36.9633,32.2567,85.14,95.6833,8.9367,4.0133,22.2833,109.2667,159.45,126.3467,112.5933,68.059,266.26,214.81,5.6067,7.3567,4.7323,79.5067,69.9633,44.2867,54.6933,91.6023,normal cf4,normal,0,train,495
54.4393,44.2767,70.013,79.5613,36.8367,32.18,84.94,95.3667,8.9767,3.98,22.1967,108.3133,158.9333,125.3167,111.5433,67.896,266.4767,214.8267,5.5933,7.2933,4.7104,79.3333,69.8233,44.12,54.48,90.9607,normal cf4,normal,0,train,500
51.629,45.088,66.655,72.893,38.1133,33.33,75.7067,80.0167,5.5,4.7,31.9033,106.6,155.25,121.1967,109.7767,45.9833,271.0833,214.73,3.53,6.9533,4.4738,72.2167,66.3567,45.0767,51.72,58.5133,normal cf4,normal,0,train,515
51.6927,45.318,66.25,72.176,38.1033,33.2967,75.2233,79.25,5.6333,5.0233,32.7067,106.4133,155.6333,121.4867,109.5133,45.4103,271.1233,214.51,3.4233,7.2333,4.4128,71.8133,66.11,45.2967,51.8067,56.9913,normal cf4,normal,0,train,520
51.6713,45.2953,66.2407,72.1333,38.08,33.2933,75.2733,79.35,5.64,5.0133,32.6033,106.28,155.7333,121.73,109.4,45.423,271.02,215.03,3.4633,7.2067,4.4228,71.81,66.1067,45.3067,51.82,57.1407,normal cf4,normal,0,train,525
51.658,45.282,66.258,72.1347,38.0867,33.2933,75.2667,79.3333,5.7933,4.99,32.5733,106.2467,155.6333,121.51,109.34,45.4417,270.5867,214.77,3.4233,7.19,4.4158,71.8133,66.09,45.2867,51.7933,57.0707,normal cf4,normal,0,train,530
48.7733,45.349,66.2193,69.572,40.0533,35.06,71.3933,73.25,3.67,4.6267,52.2167,107.36,153.3867,117.19,111.55,34.6653,268.9467,214.79,1.9833,5.2733,3.1068,69.4133,66.11,45.3167,48.7967,30.633,normal cf4,normal,0,train,550
48.6053,45.2287,66.2207,69.5453,39.7833,34.82,71.4133,73.2333,3.65,4.8633,52.66,108.12,151.8467,117.6033,112.41,34.5313,268.7767,214.6667,2.02,5.4067,3.0774,69.38,66.0567,45.2433,48.69,30.2247,normal cf4,normal,0,train,555
48.528,45.1607,66.2273,69.5613,39.91,34.9233,71.3867,73.2167,3.6233,4.64,52.7267,108.6333,153.62,117.6733,113.02,34.618,268.68,214.81,1.9067,5.19,3.063,69.3967,66.07,45.1333,48.6333,30.156,normal cf4,normal,0,train,560
49.5643,40.9033,79.8427,87.965,36.9333,32.2533,91.2733,106.8,6.5367,1.31,22.4467,108.2667,160.7,127.0,111.67,71.7487,267.08,214.6767,3.3167,3.69,3.7967,87.9667,79.89,40.6233,49.67,77.457,normal cf4,normal,0,train,580
49.2917,40.4893,80.1277,88.5567,36.7533,32.1133,91.2267,106.75,6.0733,0.86,22.1533,107.7167,160.4333,127.65,111.2167,73.584,267.0167,214.7067,2.9833,3.5133,3.763,88.2933,80.0467,40.2767,49.35,78.7503,normal cf4,normal,0,train,585
49.17,40.4093,80.1087,88.5747,36.7133,32.0833,91.8167,107.8667,6.6967,0.9,21.7767,107.18,160.6333,127.32,110.8333,73.1967,267.2867,214.5867,3.5633,3.5367,3.7654,88.2367,80.0267,40.2033,49.2667,78.3917,normal cf4,normal,0,train,590
49.17,40.3907,80.0727,88.532,36.6067,32.0,92.8133,109.9,7.8267,0.8333,21.04,106.86,160.5333,127.69,110.4933,73.0347,266.9533,214.95,4.65,3.5867,3.7884,88.18,79.95,40.1867,49.2267,78.6937,normal cf4,normal,0,train,595
49.0873,40.3043,79.9293,88.4013,36.5,31.9,92.8433,109.9333,7.9767,0.8333,21.0467,106.5733,160.1833,126.7867,110.3067,72.853,266.84,214.6133,4.7767,3.6133,3.793,88.08,79.86,40.12,49.1067,78.595,normal cf4,normal,0,train,600
46.4973,40.0553,81.1033,87.4613,36.1833,31.5933,90.4,105.1333,6.06,2.3533,28.4067,106.2467,159.3333,126.79,110.1467,58.6283,267.34,214.7233,3.5033,3.6633,3.4561,86.9,80.84,39.8767,46.3767,57.638,normal cf4,normal,0,train,610
46.199,40.006,80.7293,86.8293,36.0,31.4467,89.96,104.3167,6.0533,2.7467,29.82,106.2867,158.3167,125.8833,110.4267,57.6873,267.4233,214.5233,3.3867,3.86,3.3731,86.54,80.63,39.8933,46.2867,55.344,normal cf4,normal,0,train,615
46.079,39.8913,80.7067,86.776,36.35,31.75,89.9233,104.2167,6.1233,2.4867,29.72,106.32,158.8333,125.4367,110.6933,57.457,268.6733,214.3367,3.4433,3.4567,3.3855,86.44,80.54,39.8033,46.1867,55.3243,normal cf4,normal,0,train,620
46.0813,39.91,80.5653,86.596,36.55,31.9467,89.8067,104.05,6.1333,2.3333,29.6033,106.4,158.8833,125.9567,110.9,57.101,268.4733,214.6133,3.5167,3.2567,3.402,86.3133,80.4733,39.83,46.18,55.2507,normal cf4,normal,0,train,625
46.2163,40.05,80.785,86.78,36.6533,32.0267,89.87,104.1833,6.0967,2.3933,29.71,106.4933,159.4167,126.5567,111.1,57.2067,268.5233,214.5667,3.3567,3.2833,3.3881,86.55,80.6867,39.9667,46.3433,55.125,normal cf4,normal,0,train,630
44.0017,40.5307,80.2233,83.9027,37.4933,32.78,85.5633,96.4833,4.1367,2.6567,47.2267,107.44,157.85,123.9833,112.9133,42.9413,269.6033,214.3,1.88,2.95,2.5363,83.6933,80.13,40.42,44.0667,30.976,normal cf4,normal,0,train,645
44.1107,40.628,80.2407,83.931,37.52,32.8067,85.6967,96.7667,4.25,2.6667,47.1233,108.2833,157.9333,124.1333,113.8967,43.2807,269.6933,214.8267,1.9533,2.9533,2.5286,83.7767,80.1933,40.4833,44.16,31.1277,normal cf4,normal,0,train,650
43.955,40.448,80.3623,84.084,37.85,33.0967,85.83,97.0,4.11,2.3233,46.5133,108.8267,158.05,123.9433,114.5,43.589,269.6367,214.3233,1.9533,2.4067,2.5274,83.9267,80.3133,40.2767,43.9567,31.3333,normal cf4,normal,0,train,655
43.6613,40.1167,80.434,84.176,37.7767,33.05,85.6867,96.7,3.98,2.19,46.04,109.2467,157.8667,123.6733,114.8867,43.626,269.5733,214.3667,1.6767,2.22,2.5504,83.9733,80.35,39.97,43.67,31.646,normal cf4,normal,0,train,660
51.393,41.131,69.6743,79.4103,35.1467,30.6533,85.0167,95.4833,8.7067,2.9933,20.9667,108.1167,157.8833,126.1567,111.6133,70.9287,266.02,214.9733,5.6767,5.6833,4.5556,79.34,69.6067,40.82,51.6067,91.9023,normal cf4,normal,0,train,680
51.3193,40.636,69.995,80.0507,34.9767,30.5,85.5767,96.4667,8.79,2.1067,20.7967,107.2067,158.2,126.12,110.45,73.7927,266.3367,214.8333,5.7133,5.3533,4.5564,79.87,69.7933,40.3467,51.3633,95.632,normal cf4,normal,0,train,685
51.0507,40.2957,69.8713,80.016,34.8633,30.4233,85.5267,96.3833,8.8133,1.0433,20.5833,106.5733,158.1,126.3733,109.72,74.6583,266.6333,214.6867,5.74,5.1567,4.5301,79.7933,69.7,40.07,51.09,96.1933,normal cf4,normal,0,train,690
45.646,39.318,70.077,76.2613,34.9633,30.49,79.71,86.2667,5.99,2.9367,28.58,105.3733,154.03,123.3333,108.4867,49.8647,268.7233,214.5733,3.73,4.2033,3.9895,75.9533,69.8367,39.1567,45.78,56.5817,normal cf4,normal,0,train,705
45.5327,39.2073,69.9353,76.0673,35.19,30.6967,79.58,86.05,6.09,2.7067,28.6667,105.12,155.4,123.7767,108.3,49.6527,269.1,214.81,3.7067,3.8567,4.0094,75.8567,69.7333,39.0467,45.5667,56.6183,normal cf4,normal,0,train,710
45.5993,39.3397,69.734,75.8243,35.2433,30.7433,79.4,85.75,6.2133,2.7967,28.89,105.0333,155.3667,123.6433,108.1533,49.3497,269.1267,214.6667,3.7533,3.9433,3.9885,75.6467,69.5833,39.16,45.7,55.983,normal cf4,normal,0,train,715
45.566,39.282,69.838,75.9113,35.3467,30.8433,79.52,85.8833,6.2633,2.7,28.65,104.9933,155.4333,123.7233,108.1133,49.508,269.5667,214.5767,3.6733,3.79,3.9897,75.81,69.69,39.13,45.6467,56.177,normal cf4,normal,0,train,720
43.603,40.6277,69.3277,72.5557,37.2067,32.5167,73.91,77.1333,2.8167,3.08,52.42,106.1133,152.4267,120.3267,110.3267,35.231,269.78,214.24,1.71,3.3433,2.6493,72.1433,69.0833,40.5233,43.7067,26.5447,normal cf4,normal,0,train,735
43.5873,40.5787,69.3987,72.6343,37.7033,32.9833,74.2,77.6633,3.33,2.6267,51.6733,107.04,154.3167,120.4367,111.5467,35.6313,269.67,214.4667,1.77,2.7233,2.6475,72.42,69.3233,40.4367,43.6333,26.8293,normal cf4,normal,0,train,740
43.4797,40.456,69.524,72.7667,37.8667,33.0933,74.27,77.7733,3.47,2.5733,50.6367,107.9033,154.55,120.5867,112.44,35.644,269.6867,213.9933,1.7233,2.42,2.6621,72.5367,69.4033,40.2867,43.4733,26.988,normal cf4,normal,0,train,745
43.4547,40.448,69.52,72.725,37.58,32.8833,74.27,77.84,3.39,2.7133,52.0,108.6,153.5633,120.4233,113.04,35.5667,269.6867,214.4,1.77,2.76,2.6587,72.52,69.3867,40.3433,43.4933,26.894,normal cf4,normal,0,train,750
48.4347,39.5773,63.7433,72.0237,34.6267,30.23,76.48,81.2,7.4067,2.77,23.8467,107.6833,154.9833,124.0367,110.21,56.6757,268.15,214.6667,4.82,4.7767,4.9143,71.65,63.54,39.4133,48.4333,79.215,normal cf4,normal,0,train,770
48.2627,39.4693,63.5357,71.7587,34.4433,30.04,76.19,80.7167,7.3833,2.8033,23.74,106.6667,155.0333,124.25,109.06,56.423,268.1333,214.3967,4.7833,4.8233,4.8976,71.3967,63.33,39.24,48.27,78.5933,normal cf4,normal,0,train,775
48.09,39.3347,63.376,71.582,34.3067,29.9167,76.1,80.5667,7.44,2.7433,23.6867,105.88,154.9167,124.1967,108.1967,56.2937,268.1967,214.61,4.8867,4.82,4.8884,71.2233,63.1667,39.1367,48.1133,78.2667,normal cf4,normal,0,train,780
47.0927,40.5487,64.67,70.9473,35.27,30.7733,74.38,77.97,6.03,3.4933,28.9233,103.9533,155.7233,122.6333,107.14,46.6477,267.19,214.3,3.6333,5.0833,4.4051,70.7333,64.5967,40.3633,47.0233,58.4443,normal cf4,normal,0,train,790
46.812,40.3047,64.6567,70.905,35.1033,30.6133,74.38,77.9333,5.9567,3.37,29.25,104.62,153.9367,122.5933,107.0333,46.6283,267.16,214.67,3.7433,5.0333,4.391,70.62,64.5033,40.1533,46.82,58.2297,normal cf4,normal,0,train,795
46.6853,40.1847,64.6033,70.8393,35.0867,30.59,74.31,77.8033,5.91,3.36,29.2567,104.4733,154.0667,122.6233,107.02,46.575,267.52,214.77,3.7233,4.9833,4.3876,70.5733,64.4633,40.0567,46.7933,58.122,normal cf4,normal,0,train,800
46.628,40.1247,64.598,70.834,35.0867,30.5967,74.3,77.8533,5.9567,3.3433,29.19,104.44,154.2,122.7167,107.0733,46.5643,267.2567,214.7333,3.73,4.8967,4.3897,70.5667,64.4633,40.02,46.7867,58.136,normal cf4,normal,0,train,805
46.575,40.0713,64.5593,70.798,35.0733,30.5767,74.29,77.79,6.02,3.3433,29.1633,104.4467,154.07,122.71,107.0133,46.5483,267.4633,214.8,3.75,4.9167,4.3961,70.54,64.45,39.9733,46.74,58.1997,normal cf4,normal,0,train,810
43.4793,40.1393,64.1703,67.6363,36.6267,32.02,69.49,70.4333,3.3733,3.04,48.1433,104.94,151.6333,118.7,108.3,34.3957,267.92,214.4333,2.1733,3.4833,3.0512,67.2767,63.95,40.1133,43.5133,29.8493,normal cf4,normal,0,train,825
43.504,40.166,64.0907,67.5147,36.7867,32.1533,69.6133,70.6,3.7133,3.0033,48.16,105.58,151.6433,118.37,109.24,34.4353,267.6833,214.8567,2.2267,3.35,3.0527,67.32,63.92,40.1033,43.5333,29.897,normal cf4,normal,0,train,830
43.4579,40.1293,64.1214,67.549,36.9138,32.2345,69.5655,70.5862,3.7069,2.9103,48.1793,106.1276,152.6,118.5586,109.9655,34.4555,267.9379,214.7069,2.2448,3.1724,3.0398,67.3414,63.9655,40.0586,43.5172,29.79,normal cf4,normal,0,train,835
43.4293,40.1007,64.128,67.5547,36.9333,32.2233,69.55,70.55,3.7033,2.87,48.1667,106.5533,152.2433,118.84,110.4,34.4433,267.2833,214.2367,2.18,3.0733,3.0343,67.37,63.9667,40.04,43.4733,29.7253,normal cf4,normal,0,train,840
60.7353,51.2367,85.4313,94.3837,42.27,37.3733,97.98,120.15,8.3433,5.31,26.4933,107.2567,154.9,116.91,113.5067,77.6957,265.3667,215.18,3.6233,8.7833,3.853,94.3733,85.2567,51.08,60.7333,85.1413,normal nc,normal,0,train,25
60.6987,51.087,85.6157,94.757,41.8767,36.9467,98.63,121.4,8.63,5.3267,26.5433,108.6133,153.6133,116.84,114.3067,80.0673,265.1833,215.17,3.8933,9.0467,3.7833,94.7133,85.4267,50.92,60.8467,86.149,normal nc,normal,0,train,30
60.7973,51.0987,85.8893,95.192,41.6767,36.7833,99.1067,122.3333,8.8567,5.34,26.8867,109.3533,154.7833,117.3967,114.8133,82.096,265.0133,214.64,3.91,9.2067,3.7159,95.17,85.7333,50.88,60.9467,86.757,normal nc,normal,0,train,35
60.8457,51.0887,85.96,95.344,41.6433,36.7367,99.33,122.8167,8.95,5.2933,27.07,109.96,155.95,118.6533,115.37,82.6787,265.02,215.0433,4.09,9.2433,3.7178,95.25,85.7867,50.9067,60.9867,87.4237,normal nc,normal,0,train,40
55.8297,49.643,85.334,91.3423,42.01,37.11,94.7967,113.7667,7.1567,5.38,34.4033,110.98,152.9067,114.93,116.32,58.2127,267.4733,214.6667,3.6933,7.6833,3.3415,91.1,85.1467,49.6667,56.06,55.3223,normal nc,normal,0,train,55
56.0127,49.7867,85.434,91.4593,41.9567,37.0667,94.95,113.9833,7.37,5.4933,34.35,111.1533,153.1533,115.2433,116.5333,58.6173,267.3633,214.74,3.6333,7.8233,3.3431,91.24,85.2367,49.78,56.1867,55.7333,normal nc,normal,0,train,60
55.922,49.6313,85.4287,91.4833,42.01,37.1033,94.95,114.0333,7.28,5.3,34.1233,111.3733,154.0333,115.36,116.7133,58.6433,267.03,214.8433,3.6267,7.5967,3.3759,91.32,85.2467,49.62,56.05,56.3077,normal nc,normal,0,train,65
55.9087,49.6273,85.422,91.4607,41.9733,37.08,94.9333,114.0167,7.33,5.3467,34.15,111.43,153.0433,115.0133,116.82,58.622,267.6567,214.6,3.6833,7.6267,3.3683,91.2533,85.27,49.6167,56.05,56.1607,normal nc,normal,0,train,70
53.44,50.0943,85.5597,88.9983,43.5267,38.72,90.57,105.3333,4.2833,5.7433,53.8067,112.2767,152.8567,113.06,118.49,42.352,268.39,214.67,2.0067,6.6133,2.4862,88.4967,85.28,50.12,52.6367,29.9327,normal nc,normal,0,train,85
53.465,50.172,85.514,88.8967,43.5367,38.7367,90.6967,105.6667,4.6,5.8333,55.3733,113.1433,153.1567,113.4133,119.6267,42.6053,268.5233,214.71,2.0367,6.7133,2.4312,88.6533,85.33,50.1867,52.7333,29.46,normal nc,normal,0,train,90
53.505,50.1893,85.585,88.9607,43.5533,38.75,90.7567,105.7833,4.6833,5.9233,55.5667,114.0667,152.7867,112.93,120.5833,42.6557,268.31,214.5333,1.97,6.6533,2.4386,88.7733,85.3933,50.2267,53.5933,29.5843,normal nc,normal,0,train,95
53.5223,50.2083,85.6027,88.962,43.53,38.73,90.7367,105.7333,4.7033,5.9133,55.81,114.66,152.61,112.7667,121.3033,42.656,268.0267,214.64,2.04,6.67,2.4365,88.7533,85.3567,50.22,53.6333,29.5593,normal nc,normal,0,train,100
60.8973,50.772,75.7303,85.2733,40.9133,35.9967,91.2167,106.65,10.3833,5.76,23.7633,112.9,151.3167,114.6,117.0067,70.7023,264.47,215.11,6.0367,9.71,4.5123,85.16,75.7767,50.61,61.0333,90.7377,normal nc,normal,0,train,120
60.812,50.5327,75.858,85.6097,40.8133,35.86,91.4733,107.1833,10.5467,5.58,23.5767,111.6467,151.1367,114.4567,115.5433,71.7003,264.77,215.38,6.0833,9.5833,4.5244,85.3633,75.82,50.37,60.9167,92.2617,normal nc,normal,0,train,125
60.768,50.426,75.8673,85.7103,40.7867,35.7967,91.7033,107.6167,10.6767,5.5267,23.3233,110.72,151.4333,115.0767,114.66,72.192,264.4733,215.2133,6.2167,9.5433,4.518,85.42,75.8267,50.29,60.8733,92.7673,normal nc,normal,0,train,130
56.8237,50.4053,76.252,82.4747,42.3533,37.4567,85.67,96.6667,6.5067,5.5767,33.4333,109.1867,149.8633,111.4367,113.3867,51.211,265.68,214.94,3.42,7.9667,3.9466,82.23,76.2833,50.32,56.8967,57.4837,normal nc,normal,0,train,145
56.4473,50.0533,76.2413,82.4267,42.3233,37.4267,85.6333,96.6,6.3733,5.4333,33.2633,109.1667,149.7633,111.38,113.47,51.1487,265.8333,214.66,3.4067,7.7033,3.931,82.2,76.2667,50.0267,56.64,57.186,normal nc,normal,0,train,150
56.8367,50.6997,76.1233,81.9647,42.1167,37.24,85.29,95.95,6.5067,6.11,35.1467,109.3267,149.73,111.7233,113.72,50.1137,265.92,214.9533,3.4533,8.5267,3.8584,81.8467,76.12,50.6467,57.0267,54.995,normal nc,normal,0,train,160
53.1727,50.4327,75.8047,78.6073,43.7033,38.8867,80.16,87.0167,3.5333,6.2467,64.0233,112.2267,147.5167,107.5233,118.25,35.2803,266.65,214.4933,1.6667,6.6933,2.4384,78.5067,75.7633,50.3933,53.2733,24.4677,normal nc,normal,0,train,180
53.077,50.323,75.8487,78.6687,43.8433,39.0467,80.29,87.25,3.55,6.0667,63.6967,113.2667,147.7667,107.7,119.4167,35.3633,265.5067,214.4,1.7533,6.47,2.4473,78.59,75.8367,50.3,53.1867,24.6147,normal nc,normal,0,train,185
52.8733,50.1333,75.8713,78.699,43.98,39.1833,80.38,87.3333,3.58,5.7167,63.17,114.18,147.9667,107.82,120.22,35.442,265.4533,214.5867,1.74,6.1233,2.4282,78.6267,75.8533,50.1133,52.9467,24.4777,normal nc,normal,0,train,190
59.6207,50.367,71.43,80.0913,40.9833,36.0567,85.29,96.0,8.8433,5.7933,26.3133,113.9767,149.8467,112.9133,118.05,61.5997,265.2833,214.7733,5.3167,9.1833,4.7266,79.9967,71.24,50.1733,59.7433,82.8073,normal nc,normal,0,train,205
59.1263,49.869,71.148,79.8347,40.6533,35.6667,84.85,95.2333,8.63,5.6333,25.89,112.52,149.3833,112.8067,116.0,61.247,265.15,214.8233,5.2667,9.1067,4.7568,79.5967,70.9267,49.7867,59.2667,82.8607,normal nc,normal,0,train,210
58.8387,49.5927,70.8857,79.5207,40.4767,35.4833,84.51,94.6667,8.59,5.5667,25.8433,111.1267,149.35,113.0933,114.55,60.8793,265.1933,214.9333,5.18,9.0567,4.7809,79.3733,70.7167,49.53,58.98,82.7833,normal nc,normal,0,train,215
58.7653,49.5007,70.758,79.3793,40.3733,35.3633,84.38,94.4333,8.5467,5.4867,26.6633,110.0433,149.25,113.2667,113.4733,60.6947,265.21,214.8867,5.16,9.0833,4.8045,80.0533,70.5733,49.4533,58.8767,82.9367,normal nc,normal,0,train,220
56.2253,50.05,66.2097,71.9847,41.3533,36.4367,74.74,78.43,5.4567,6.3433,35.8,108.26,145.6333,108.2133,111.5733,42.9057,269.8233,214.9533,3.28,8.73,4.5297,71.4433,65.97,50.0633,56.4,55.277,normal nc,normal,0,train,235
56.1827,50.0627,66.1167,71.7633,41.5433,36.6333,74.79,78.57,5.66,6.2167,35.74,107.9867,145.6,108.0,111.2533,42.9627,269.74,215.0533,3.3167,8.5,4.4847,71.47,65.9433,50.06,56.4067,54.8,normal nc,normal,0,train,240
56.212,50.0987,66.1567,71.7647,41.5133,36.6133,74.79,78.5567,5.6467,6.2233,35.8333,107.83,145.85,108.0667,111.18,43.0287,270.0733,215.0233,3.35,8.56,4.4722,71.4533,66.0133,50.0733,56.4067,54.7303,normal nc,normal,0,train,245
56.256,50.096,66.214,71.834,41.2167,36.2967,74.92,78.7667,5.7867,6.57,35.7667,107.82,145.4667,108.1967,111.0933,43.39,270.0833,214.8233,3.31,8.88,4.4656,71.6267,66.09,50.1,56.5,55.1067,normal nc,normal,0,train,250
53.8937,49.9333,64.753,68.5853,41.4733,36.5733,70.6267,72.0667,3.8733,7.2033,49.9,108.0733,142.6167,104.9067,111.8267,34.9973,268.0533,214.7033,2.5133,8.55,3.5628,68.1233,64.46,50.0067,53.9467,35.468,normal nc,normal,0,train,265
53.7,49.8237,64.184,67.865,41.5867,36.69,69.93,71.0333,4.03,7.0133,51.5733,108.3933,142.3333,104.86,112.3667,34.4947,268.2633,214.6167,2.4533,8.2767,3.534,67.5233,63.9767,49.88,53.7933,34.6743,normal nc,normal,0,train,270
53.6013,49.827,63.856,67.45,42.2,37.3,69.6033,70.6167,3.88,6.5933,52.3433,108.68,142.7,104.28,112.8167,34.114,268.13,214.7933,2.4367,7.69,3.4809,67.1967,63.7,49.84,53.6867,33.772,normal nc,normal,0,train,275
53.6387,50.0253,63.461,66.8797,41.5533,36.66,68.9633,69.7,3.74,7.4,54.18,108.9533,141.95,104.28,113.1733,33.5657,268.2767,214.5233,2.3533,8.5367,3.381,66.6233,63.3,50.0633,53.7567,32.278,normal nc,normal,0,train,280
55.665,46.893,83.639,91.6537,40.15,35.15,94.9633,114.0967,7.2033,3.78,25.21,108.96,152.2633,116.34,112.7533,72.8663,268.3933,215.23,2.8867,6.6567,3.7955,92.02,83.82,46.8,55.95,78.651,normal nc,normal,0,train,300
55.483,46.5333,84.6073,93.018,39.9567,34.96,96.0133,116.2033,7.0833,3.6333,26.07,109.0267,153.23,116.8467,113.1567,75.9813,268.0433,214.88,3.01,6.3767,3.708,93.0333,84.5,46.3133,55.51,80.125,normal nc,normal,0,train,305
55.3973,46.328,84.9987,93.6497,39.74,34.7733,96.83,117.8,7.4033,3.5667,25.0733,109.1267,152.4233,116.87,113.5967,78.421,267.9333,215.07,3.21,6.4533,3.6444,93.6033,84.8433,46.1933,55.6567,81.2827,normal nc,normal,0,train,310
55.655,46.496,85.1397,93.9347,39.56,34.6433,97.2733,118.6833,7.75,3.6967,26.45,109.16,153.7733,117.4967,113.86,79.8103,267.8567,214.8367,3.4533,6.7767,3.613,93.7967,84.8933,46.35,55.8067,82.0143,normal nc,normal,0,train,315
55.6597,46.492,85.2077,94.0233,39.6733,34.7333,98.0,120.15,8.2667,3.6767,25.8467,109.3467,152.7533,117.4233,114.2133,79.862,268.0233,215.0167,4.12,6.6667,3.6169,93.88,84.9767,46.3533,55.8333,82.1533,normal nc,normal,0,train,320
51.22,45.0627,85.326,91.36,39.4533,34.56,94.6467,113.4,6.82,3.6333,32.44,109.5533,151.1433,115.6833,114.7733,60.002,268.62,214.3067,3.45,5.4467,3.2228,91.2333,85.19,44.9267,51.24,54.9973,normal nc,normal,0,train,335
51.12,44.9667,85.434,91.4487,39.43,34.5267,94.6167,113.3833,6.7,3.62,32.5333,109.5867,151.0733,115.5733,114.86,59.948,268.61,214.63,3.4067,5.4367,3.2256,91.2333,85.2333,44.8667,51.1667,54.9953,normal nc,normal,0,train,340
51.0,44.848,85.3927,91.415,39.4033,34.5,94.6033,113.3333,6.6467,3.5433,32.4567,109.7067,151.34,116.01,114.96,59.883,268.8633,214.28,3.4433,5.3433,3.2232,91.1667,85.18,44.7833,51.0633,54.8947,normal nc,normal,0,train,345
50.83,44.696,85.298,91.2713,39.38,34.45,94.4533,113.0667,6.62,3.5767,32.4233,109.7933,150.76,115.39,115.0733,59.7493,268.7,214.6067,3.4267,5.23,3.2308,91.01,85.0067,44.5733,50.8833,54.904,normal nc,normal,0,train,350
48.8893,45.167,85.4057,89.2393,40.4,35.3967,90.82,105.9167,4.2833,3.91,47.2533,109.9933,150.3167,113.8433,115.6767,45.563,269.55,214.0033,2.0633,4.6533,2.5604,88.7733,85.0967,45.06,48.76,33.1997,normal nc,normal,0,train,360
48.48,44.9843,84.976,88.6023,40.6667,35.6633,90.25,104.7833,4.2667,3.72,50.0667,110.5067,150.4333,113.7233,116.67,44.4167,269.2233,214.2367,2.0267,4.2633,2.4691,88.2167,84.7567,44.9167,48.5033,31.1857,normal nc,normal,0,train,365
48.7423,45.4473,84.7097,88.1417,40.7333,35.72,89.7833,103.99,4.4433,4.13,51.9367,111.1033,150.5767,113.9533,117.5267,43.3657,269.5933,214.2567,1.9267,4.7867,2.3856,87.9,84.5567,45.4433,48.9333,29.4227,normal nc,normal,0,train,370
49.0567,45.612,84.94,88.4827,40.9467,36.03,90.2,104.7333,4.5533,4.02,51.2133,111.88,150.5433,113.51,118.2967,44.417,269.4667,214.24,1.9967,4.6033,2.4357,88.25,84.76,45.5,49.09,30.7717,normal nc,normal,0,train,375
48.6887,45.2047,85.016,88.5987,41.0133,36.12,90.3767,105.0,4.4567,3.73,50.0333,112.2733,150.7767,113.4667,118.7333,44.557,269.77,214.2267,2.0467,4.1333,2.4551,88.33,84.8067,45.0933,48.7233,31.1133,normal nc,normal,0,train,380
56.592,46.596,74.732,84.2237,38.5067,33.72,90.19,104.6467,9.9667,4.3467,22.12,110.58,149.6267,115.64,114.73,71.86,267.02,214.4167,5.94,7.9633,4.3692,84.2033,74.83,46.5233,56.98,89.2977,normal nc,normal,0,train,400
56.982,46.4453,75.716,85.7043,38.2767,33.4767,91.77,107.75,10.4033,4.2533,21.6167,109.52,149.81,115.82,113.42,76.8233,266.69,214.8567,6.17,7.99,4.3167,85.5833,75.75,46.24,57.1433,94.3143,normal nc,normal,0,train,405
56.711,45.8773,75.95,86.2727,37.9433,33.1733,92.3233,108.9,10.45,4.0167,21.6933,108.94,149.7,116.0067,112.73,79.6113,267.0467,215.07,6.3067,7.7133,4.2873,86.0267,75.8933,45.69,56.8467,97.0737,normal nc,normal,0,train,410
51.655,44.7853,75.8873,82.5527,38.6667,33.86,85.87,97.0667,6.4833,3.91,29.1633,107.8733,148.25,113.5267,111.6867,54.7663,267.7333,214.6133,3.6367,5.9567,3.9441,82.2267,75.8067,44.6367,51.6967,61.4363,normal nc,normal,0,train,425
51.4143,44.533,75.8007,82.3773,38.4867,33.6867,85.8333,97.0167,6.5233,3.8933,29.05,107.5867,148.45,113.8933,111.4167,54.6717,267.8867,214.52,3.7467,5.92,3.9532,82.1067,75.7067,44.41,51.5067,61.4723,normal nc,normal,0,train,430
51.3633,44.4753,75.7927,82.356,38.47,33.66,85.7733,96.9333,6.4967,3.9167,29.05,107.4333,148.2333,113.7867,111.2867,54.65,267.8233,214.59,3.66,5.9267,3.9617,82.12,75.6833,44.37,51.48,61.576,normal nc,normal,0,train,435
51.3923,44.5183,75.8087,82.3613,38.4533,33.6567,85.85,97.0333,6.5733,3.9033,28.97,107.32,148.4167,113.92,111.1133,54.6287,267.2633,214.2733,3.7533,5.97,3.9486,82.0933,75.6867,44.4333,51.5333,61.3503,normal nc,normal,0,train,440
47.9133,45.012,75.0713,78.156,40.66,35.66,79.71,86.2333,3.4533,4.0067,56.04,108.3933,146.5167,109.73,113.38,36.5037,268.72,214.1567,1.7633,4.24,2.4937,77.9667,74.9867,44.8967,47.8967,25.889,normal nc,normal,0,train,455
48.1727,45.3877,74.7687,77.6767,41.0,36.09,79.38,85.7333,3.53,4.0433,58.97,110.76,146.45,109.25,116.1533,35.892,268.98,214.02,1.7567,4.3267,2.4319,77.6267,74.7833,45.34,48.25,24.8257,normal nc,normal,0,train,465
48.2753,45.4817,74.8337,77.718,40.7733,35.8067,79.36,85.6667,3.5633,4.49,59.02,111.6533,146.3667,109.5067,117.1967,35.7713,268.75,214.3533,1.68,4.6633,2.4536,77.63,74.78,45.48,48.33,24.962,normal nc,normal,0,train,470
53.924,44.382,68.1,77.0743,37.35,32.65,82.0467,90.33,8.21,3.9567,23.7467,110.4533,147.3667,113.9933,113.61,61.9813,267.3667,214.4833,5.31,6.7867,4.8378,76.7433,67.84,44.1233,53.9133,85.2833,normal nc,normal,0,train,490
53.4087,43.952,67.4653,76.341,37.0967,32.3933,81.2133,88.7667,8.1067,3.8333,23.8033,109.1867,147.0667,113.87,111.99,61.0307,267.2267,214.37,5.1867,6.69,4.8664,76.0333,67.2667,43.79,53.42,84.467,normal nc,normal,0,train,495
53.147,43.936,66.94,75.6233,37.3833,32.6833,80.34,87.2833,7.84,3.65,24.01,108.17,146.9667,113.4033,110.8267,59.153,266.9033,214.39,5.0667,6.4133,4.89,75.2767,66.7133,43.7933,53.25,82.2663,normal nc,normal,0,train,500
51.7423,45.2427,65.9513,72.0487,38.05,33.2933,74.89,78.7067,5.4633,4.7933,32.5267,106.7667,144.2333,109.9467,109.3733,44.9787,270.5067,213.9533,3.4567,7.0867,4.5283,71.4333,65.6767,45.1467,51.6467,57.9407,normal nc,normal,0,train,510
51.4193,45.254,65.4687,71.2333,38.5067,33.7033,74.21,77.6667,5.5933,4.7133,33.36,106.4133,144.1167,109.5133,109.1067,43.8183,270.5767,214.5133,3.32,6.7533,4.4194,70.9,65.2967,45.2333,51.5133,55.077,normal nc,normal,0,train,515
51.4007,45.2273,65.4847,71.2027,38.5133,33.72,74.23,77.7333,5.5733,4.7167,33.3633,106.34,144.3167,109.7267,109.0,43.8147,270.9733,214.35,3.3633,6.67,4.4223,70.8967,65.32,45.2133,51.52,55.106,normal nc,normal,0,train,520
51.3633,45.2047,65.458,71.176,38.4367,33.64,74.22,77.7,5.5933,4.7267,33.3433,106.26,144.3167,109.68,109.0133,43.807,270.6367,214.5033,3.3367,6.7533,4.4191,70.89,65.2967,45.1933,51.5,55.0603,normal nc,normal,0,train,525
51.342,45.1847,65.454,71.1653,38.45,33.6533,74.26,77.7467,5.6367,4.7433,33.36,106.28,144.1833,109.61,109.0133,43.8063,270.45,214.6,3.3233,6.7267,4.4231,70.8733,65.29,45.1733,51.4267,55.1067,normal nc,normal,0,train,530
51.1397,45.0917,65.6697,71.2717,38.6633,33.8233,74.0767,77.4967,5.3033,4.53,33.68,106.28,143.85,109.0167,109.06,42.825,270.3967,214.5533,3.1567,6.3767,4.4484,70.9433,65.5833,45.02,51.01,54.1103,normal nc,normal,0,train,535
48.408,45.1027,65.3057,68.6387,39.5133,34.5967,70.4933,71.8333,3.4633,4.8,52.0967,106.6733,141.65,105.89,110.0467,33.791,267.3167,214.1833,2.1667,5.52,3.0692,68.3233,65.0833,45.1033,48.4433,29.498,normal nc,normal,0,train,545
48.2837,45.0593,65.2983,68.5277,39.8967,34.9333,70.22,71.4833,3.32,4.6033,53.7833,107.28,141.45,105.4533,111.12,33.39,267.5267,214.15,1.9867,5.1667,3.0281,68.25,65.0867,45.0567,48.36,28.764,normal nc,normal,0,train,550
48.4907,45.2913,65.1777,68.3553,39.94,34.94,70.3067,71.55,3.6267,4.8433,54.8033,108.0033,141.4667,105.3667,112.08,33.351,267.5233,214.3833,2.1367,5.36,3.0111,68.1967,65.05,45.28,48.6067,28.5627,normal nc,normal,0,train,555
48.4747,45.2287,65.326,68.5227,40.0367,35.0367,70.4233,71.75,3.7067,4.7233,54.4133,108.56,141.7,105.5567,112.7433,33.466,267.29,214.2867,2.1,5.17,3.0442,68.34,65.1133,45.2267,48.5,28.9757,normal nc,normal,0,train,560
48.9553,40.8327,77.2367,84.8143,37.0333,32.3467,89.2267,102.99,7.4867,1.3133,22.6167,108.1833,148.5833,115.54,111.1,64.7897,268.9567,214.2233,4.4067,3.5233,3.9368,84.83,77.3133,40.5833,49.0267,72.5193,normal nc,normal,0,train,580
49.074,40.7767,78.0563,85.881,36.9033,32.2233,90.26,104.85,7.5333,1.3367,22.07,107.42,148.8333,115.6767,110.6333,66.6143,268.4133,214.56,4.5167,3.65,3.9191,85.7433,78.0667,40.5467,49.1533,74.2177,normal nc,normal,0,train,585
49.195,40.824,78.5793,86.517,36.8067,32.16,90.77,105.8,7.4633,1.35,22.24,106.8933,148.95,116.2333,110.2133,67.3833,268.05,214.38,4.4367,3.7733,3.9034,86.3433,78.5667,40.5933,49.2867,74.7933,normal nc,normal,0,train,590
49.2493,40.8113,78.7907,86.8987,36.74,32.0867,91.1733,106.6,7.53,1.2,22.66,106.46,148.95,116.13,109.9133,68.1567,268.0233,214.03,4.5533,3.86,3.8814,86.6333,78.78,40.5467,49.3533,75.24,normal nc,normal,0,train,595
49.2813,40.782,78.9253,87.0913,36.5867,31.98,91.3267,106.9333,7.58,1.3767,22.8,106.2333,148.85,116.0933,109.71,68.5753,268.42,214.3967,4.5333,3.9133,3.8931,86.7733,78.8667,40.5,49.38,75.9313,normal nc,normal,0,train,600
46.474,40.1297,80.7053,86.906,36.5533,31.9267,89.69,103.85,5.7867,2.2633,28.4533,106.14,148.25,115.3633,109.9333,57.331,268.13,213.8933,3.3,3.42,3.4665,86.4,80.46,39.9633,46.3467,56.5323,normal nc,normal,0,train,610
46.3513,40.3787,80.1593,86.082,36.3033,31.7033,89.05,102.66,5.9033,2.85,30.6333,106.22,147.9667,115.3167,110.2967,55.726,268.03,213.8767,3.2933,3.8967,3.3595,85.7667,80.06,40.18,46.4067,53.245,normal nc,normal,0,train,615
46.3687,40.3773,80.2367,86.1643,36.4067,31.8133,89.1767,102.8467,5.94,2.82,30.65,106.24,147.9167,115.2667,110.5267,55.8403,268.46,214.0867,3.29,3.78,3.3667,85.86,80.1467,40.17,46.39,53.469,normal nc,normal,0,train,620
46.266,40.2357,80.25,86.1793,36.4233,31.8133,89.1867,102.8867,6.0,2.7267,30.59,106.22,148.1333,115.63,110.6067,55.9197,268.5467,213.4967,3.3267,3.6867,3.3719,85.88,80.1267,40.12,46.3433,53.627,normal nc,normal,0,train,625
46.1593,40.1287,80.25,86.182,36.44,31.8533,89.1567,102.8733,5.9567,2.6933,30.4867,106.3267,148.1167,115.3867,110.72,55.9363,268.5367,213.7867,3.3067,3.5267,3.3761,85.8733,80.1333,39.9733,46.26,53.7107,normal nc,normal,0,train,630
43.645,39.9173,80.6523,84.647,37.4367,32.7567,85.87,97.0667,3.4233,2.09,43.0,106.56,147.25,113.4767,111.2733,43.844,268.9567,213.7467,1.7733,2.3667,2.6617,84.09,80.33,39.8367,43.4733,33.2167,normal nc,normal,0,train,640
43.7353,40.4007,79.676,83.2747,37.4767,32.7633,84.95,95.3833,4.1067,2.6433,47.75,107.1533,146.8,112.9333,112.3467,41.875,269.0833,213.79,1.86,2.88,2.4948,83.06,79.5833,40.34,43.87,29.7133,normal nc,normal,0,train,645
44.0273,40.5813,79.8747,83.5507,37.48,32.7667,85.4133,96.1833,4.2967,2.7067,47.3267,107.9467,147.1167,113.29,113.29,42.6573,269.2733,213.7533,2.01,2.9867,2.5255,83.39,79.83,40.46,44.06,30.6413,normal nc,normal,0,train,650
43.934,40.472,79.932,83.6367,37.6133,32.91,85.41,96.2,4.33,2.56,46.96,108.6267,147.25,113.1167,113.92,42.7733,269.1733,214.0533,1.9933,2.7233,2.5404,83.4633,79.8733,40.34,43.94,30.9043,normal nc,normal,0,train,655
43.7673,40.3413,79.92,83.6367,37.6267,32.9267,85.4267,96.2167,4.3167,2.4867,46.8533,109.0533,147.25,113.1833,114.4433,42.8093,269.5067,213.8433,1.9967,2.5667,2.5097,83.4333,79.8867,40.18,43.8,30.557,normal nc,normal,0,train,660
50.726,40.679,68.5963,78.1333,35.2733,30.7733,83.4,92.6333,8.4867,1.95,21.5133,107.8733,146.65,115.2033,111.29,67.7723,266.2667,214.34,5.5567,5.0667,4.6553,77.8567,68.4,40.3633,50.7833,89.734,normal nc,normal,0,train,680
50.4443,40.3333,68.444,77.9787,35.0933,30.5933,83.24,92.4,8.55,1.81,20.9867,106.9267,146.7333,115.4233,110.01,67.471,266.13,214.1533,5.5167,5.0333,4.7039,77.7367,68.31,40.1,50.5133,90.2673,normal nc,normal,0,train,685
50.5707,40.48,68.5867,78.0653,35.07,30.5733,83.36,92.6,8.54,2.5933,20.9333,106.22,146.5833,115.3967,109.14,67.2353,266.1633,214.45,5.5267,5.2367,4.715,77.8533,68.48,40.3033,50.72,90.1597,normal nc,normal,0,train,690
45.817,39.4953,70.409,76.5387,35.5133,31.0133,79.93,86.6333,5.9767,2.74,28.41,105.0133,144.7333,112.8367,107.9233,49.733,268.3,213.98,3.6133,3.9067,3.9856,76.3733,70.2533,39.3733,45.92,56.3747,normal nc,normal,0,train,705
45.713,39.3103,70.4923,76.678,35.9667,31.4033,80.14,86.9833,6.2633,2.1233,28.1533,105.7533,145.4,113.0067,107.82,50.1797,268.1467,213.95,3.6167,3.1567,3.9981,76.5467,70.3267,39.14,45.8,57.0583,normal nc,normal,0,train,710
45.5127,39.0767,70.4613,76.649,35.7933,31.26,80.14,86.9833,6.21,1.9933,28.0033,104.7933,144.75,112.76,107.83,50.1147,267.91,214.4633,3.5833,3.16,4.0368,76.5067,70.2867,38.94,45.54,57.5397,normal nc,normal,0,train,715
45.4527,39.0753,70.3213,76.4613,35.53,31.0367,79.91,86.55,6.1333,2.3267,28.3133,104.82,144.8333,113.0567,107.7767,49.8957,268.2767,214.32,3.5767,3.4233,4.0141,76.33,70.1533,38.9533,45.5133,56.964,normal nc,normal,0,train,720
43.2517,39.8397,70.906,74.51,36.9133,32.25,75.7633,80.0,3.1333,2.4667,45.2433,104.1133,143.6833,110.2733,108.2767,37.326,268.6733,214.0067,1.61,2.8833,2.8617,74.11,70.5633,39.8067,43.12,30.3997,normal nc,normal,0,train,730
43.1807,40.0717,69.9577,73.3017,37.2933,32.6167,74.62,78.3433,3.2,2.5233,49.9833,105.6867,143.1,109.4033,109.4933,36.0237,268.8,213.73,1.6933,2.7033,2.704,72.96,69.7033,40.0533,43.24,27.7077,normal nc,normal,0,train,735
43.452,40.3547,69.7313,73.032,37.08,32.3833,74.58,78.29,3.5767,2.95,50.8733,106.6533,143.35,110.0133,110.8033,35.9383,269.0033,213.9533,1.8267,3.16,2.7065,72.7767,69.6067,40.26,43.5067,27.6647,normal nc,normal,0,train,740
43.5473,40.4173,69.7833,73.0813,37.0467,32.36,74.65,78.3833,3.5133,3.0333,51.0133,107.5367,143.0833,109.6867,111.7733,36.0587,268.8733,213.8533,1.8067,3.2833,2.72,72.8733,69.6433,40.3033,43.58,27.8957,normal nc,normal,0,train,745
43.3093,40.1903,69.902,73.19,37.3,32.5833,74.81,78.5667,3.51,2.7567,50.56,108.27,143.3833,109.8067,112.49,36.1783,268.2967,214.0533,1.8167,2.7867,2.703,73.0167,69.7533,40.06,43.26,27.813,normal nc,normal,0,train,750
48.9793,40.2237,63.7953,72.0013,34.84,30.3933,76.43,81.1,7.2233,3.0533,24.2367,107.42,144.3333,113.22,109.93,56.0753,267.8433,214.35,4.7567,5.2467,4.9014,71.64,63.6567,40.0767,49.04,78.1683,normal nc,normal,0,train,770
48.8387,40.0767,63.674,71.831,34.67,30.2733,76.28,80.8667,7.2633,3.0467,24.15,106.5267,144.5333,113.32,108.7867,55.987,267.77,214.13,4.77,5.25,4.9079,71.5067,63.5067,39.9267,48.8733,78.1497,normal nc,normal,0,train,775
48.6133,39.883,63.5213,71.6647,34.5833,30.18,76.09,80.55,7.3133,3.1067,24.05,105.7533,144.0167,113.1633,107.9433,55.7563,267.8933,214.0733,4.7467,5.2333,4.9132,71.3333,63.3433,39.7867,48.6767,77.9137,normal nc,normal,0,train,780
46.5913,40.2937,64.4127,70.4567,35.4567,30.9633,73.74,76.8833,5.7767,3.2667,30.0033,104.5467,142.6667,110.7367,106.9667,45.4927,267.42,213.96,3.5667,4.6833,4.3395,70.17,64.24,40.15,46.7133,56.1507,normal nc,normal,0,train,795
46.43,40.0607,64.374,70.4387,35.5133,31.0067,73.82,77.05,5.8733,3.1067,29.5967,104.4467,142.6333,110.5567,106.9467,45.5703,267.52,214.0833,3.6233,4.4,4.3846,70.18,64.2133,39.9333,46.48,56.8293,normal nc,normal,0,train,800
46.3327,39.9233,64.2907,70.3827,35.4733,30.9667,73.73,76.9167,5.8633,3.0667,29.6067,104.4133,142.6833,110.96,106.9333,45.4973,267.37,214.03,3.65,4.3867,4.4189,70.1,64.1267,39.8533,46.3767,57.1807,normal nc,normal,0,train,805
46.2767,39.9497,64.2093,70.2567,35.65,31.1367,73.4767,74.7933,5.63,2.9767,29.87,104.4067,142.75,110.7833,106.94,44.9247,267.3467,214.0133,3.5933,4.2433,4.4169,69.8767,64.0233,39.9267,46.3867,56.434,normal nc,normal,0,train,810
44.0647,40.5753,64.7467,68.2917,36.6267,31.99,69.77,70.8667,2.6367,3.3267,46.0633,104.6,140.8867,107.8667,107.29,34.256,268.54,213.9133,2.1667,3.9067,3.1994,67.65,64.34,40.5733,44.0367,31.103,normal nc,normal,0,train,820
43.6443,40.2263,64.4753,67.998,37.1133,32.4167,70.0867,71.2333,3.8567,2.75,47.3833,104.28,140.8533,107.54,108.4067,34.8703,268.3367,214.0767,2.3133,2.9867,3.0745,67.76,64.3333,40.0533,43.6,30.4923,normal nc,normal,0,train,825
43.3053,40.0113,64.2543,67.6777,37.1733,32.4867,69.42,70.3333,3.3867,2.6867,48.2333,105.8333,140.69,107.24,109.28,33.9897,268.5733,214.0733,2.1567,2.7967,3.0401,67.31,63.9633,39.9933,43.38,29.3957,normal nc,normal,0,train,830
43.6777,40.4773,63.5523,66.83,36.69,32.04,68.8567,69.55,3.5367,3.43,50.55,106.3333,140.31,107.2233,109.9733,33.7753,268.56,213.9367,2.2167,3.6967,2.9683,66.6267,63.4067,40.39,43.75,28.516,normal nc,normal,0,train,835
43.5247,40.251,63.802,67.198,37.2033,32.5,69.3067,70.1833,3.86,2.8433,48.95,106.82,140.5233,106.8033,110.5667,34.0997,268.74,213.8567,2.26,2.93,3.0082,67.04,63.6733,40.1333,43.5333,29.1737,normal nc,normal,0,train,840
61.9353,52.5007,84.9537,93.379,42.55,37.6633,97.3267,118.8,7.89,6.2367,26.4467,104.0067,143.9667,105.6733,108.7,76.1447,266.73,216.07,3.5,9.9067,3.9222,93.84,85.0367,52.4767,62.18,84.9263,normal2,normal,0,holdout,20
62.1533,52.3947,85.582,94.62,42.2633,37.3733,98.5067,121.1667,8.3567,6.1667,26.94,106.5867,144.3667,106.2867,111.4833,80.0863,266.1333,216.15,3.8033,10.0133,3.8586,94.6733,85.39,52.2933,62.3067,87.8843,normal2,normal,0,holdout,25
61.921,51.9913,85.7027,95.054,41.9867,37.0933,99.05,122.2667,8.61,5.9833,27.0933,108.61,144.25,106.46,113.47,83.0193,265.9267,216.27,4.0367,9.8433,3.7899,95.04,85.5067,51.84,62.0133,89.4863,normal2,normal,0,holdout,30
61.6013,51.632,85.664,95.1153,41.8767,36.97,99.1933,122.5167,8.7567,5.7733,27.2167,110.0267,144.4167,106.9067,114.8967,83.5247,266.2167,216.21,4.1667,9.7067,3.7823,95.0533,85.4567,51.57,61.74,89.8527,normal2,normal,0,holdout,35
61.7103,51.7493,85.68,95.1367,41.8633,36.9733,99.43,123.0167,8.9767,5.86,27.0667,111.1,144.6667,107.12,115.92,83.5583,266.1033,216.5033,4.39,9.8033,3.7814,95.0467,85.48,51.6767,61.92,89.8647,normal2,normal,0,holdout,40
56.9467,50.6983,85.31,91.297,42.3,37.3933,94.5167,113.2167,6.7467,6.1,34.94,112.58,143.05,104.6867,117.5333,58.3803,268.38,216.0433,3.46,8.3933,3.3896,91.0733,85.12,50.6967,57.14,56.281,normal2,normal,0,holdout,55
56.9327,50.6633,85.3327,91.316,42.3267,37.43,94.5967,113.3667,6.76,6.01,34.7833,112.7833,143.0333,104.7167,117.73,58.456,268.7467,215.9967,3.5133,8.3367,3.3968,91.1067,85.14,50.66,57.14,56.4757,normal2,normal,0,holdout,60
56.9487,50.674,85.3353,91.3283,42.4367,37.5033,94.6267,113.4167,6.7833,6.0167,34.5467,112.9067,143.05,103.7333,117.96,58.5563,268.96,216.0567,3.5033,8.2533,3.3956,91.1267,85.1467,50.68,57.1433,56.5533,normal2,normal,0,holdout,65
56.9533,50.677,85.338,91.3417,42.4433,37.5433,94.6567,113.4,6.7433,5.99,34.5567,113.0067,143.1,104.35,117.99,58.577,268.8433,216.13,3.48,8.26,3.3963,91.1467,85.1733,50.68,57.16,56.5833,normal2,normal,0,holdout,70
53.9177,50.7717,84.899,88.1493,43.3833,38.56,89.8767,104.0533,4.3767,6.59,55.9667,113.9833,141.0833,100.5867,119.6767,41.69,270.0533,215.5833,1.9933,7.4433,2.3853,87.82,84.6533,50.82,54.0967,28.256,normal2,normal,0,holdout,85
53.9333,50.7223,85.16,88.4373,43.6067,38.8133,90.3133,104.9,4.5333,6.44,56.4433,114.8833,141.8167,101.7133,120.88,42.2427,269.34,215.8333,2.08,7.1,2.4066,88.22,84.9533,50.69,54.0533,28.9147,normal2,normal,0,holdout,90
53.9037,50.6577,85.1947,88.4667,43.7,38.9,90.41,105.0667,4.69,6.32,56.3633,115.6567,141.4033,101.5033,121.8267,42.278,269.6733,215.62,2.1233,6.96,2.4269,88.2667,84.9433,50.62,54.0467,29.1813,normal2,normal,0,holdout,95
54.0607,50.792,85.2497,88.544,43.6333,38.8267,90.4533,105.1667,4.59,6.4533,56.3333,116.2767,141.75,101.8533,122.37,42.4647,269.37,216.18,2.1533,7.1867,2.438,88.2933,84.9967,50.8133,54.1633,29.4407,normal2,normal,0,holdout,100
61.3187,50.068,75.8433,86.556,40.7667,35.7833,92.7367,109.7333,10.4,5.1133,22.18,113.4167,141.64,105.5567,117.1033,78.7657,264.85,216.0267,6.4833,9.1633,4.5197,86.23,75.81,49.9333,61.5067,101.2467,normal2,normal,0,holdout,125
61.233,50.016,75.8313,86.5033,40.7,35.6867,92.6333,109.5,10.3833,5.0933,22.2367,112.4633,141.15,104.9467,116.1167,78.618,264.58,216.2533,6.41,9.1867,4.5213,86.21,75.7733,49.8733,61.3533,101.0967,normal2,normal,0,holdout,130
60.9163,49.8537,75.7873,86.3737,40.5567,35.57,92.2933,108.8167,10.1733,5.11,22.4433,111.8867,141.5733,105.2567,115.4567,76.977,262.36,215.9633,6.3233,9.0733,4.5487,85.9733,75.71,49.6367,60.8767,99.5817,normal2,normal,0,holdout,135
57.0397,50.7467,75.5213,81.4373,41.8367,36.9433,84.96,95.3833,6.48,6.48,34.7333,110.7467,138.7067,99.97,114.52,50.534,267.14,215.9033,3.6533,8.9,3.9414,81.3133,75.5433,50.7567,57.2567,56.6477,normal2,normal,0,holdout,150
57.0,50.6423,75.8407,81.8723,42.32,37.42,85.37,96.0667,6.44,6.0033,33.8033,110.7867,139.1533,100.8,114.5567,50.975,267.44,216.0867,3.6667,8.3067,3.9471,81.7133,75.8233,50.6133,57.1833,57.2257,normal2,normal,0,holdout,155
56.8513,50.506,75.7553,81.7657,42.27,37.3633,85.22,95.8167,6.4033,5.99,33.9,110.7867,139.5467,101.1167,114.68,50.8603,266.7567,216.0633,3.6467,8.18,3.9496,81.5667,75.6867,50.45,57.0067,57.1343,normal2,normal,0,holdout,160
53.1287,50.4033,75.2827,78.092,43.5,38.71,79.64,86.15,3.3767,6.5333,64.0833,113.7733,136.6,96.8967,119.21,35.2857,266.79,215.8133,1.6433,6.8767,2.4393,77.9867,75.2467,50.3667,53.24,24.4803,normal2,normal,0,holdout,180
53.0947,50.382,75.356,78.1507,43.5533,38.7467,79.79,86.3333,3.4567,6.52,64.1,114.8433,137.15,97.1467,120.22,35.324,266.8233,215.63,1.6967,6.8033,2.4264,78.0933,75.3,50.37,53.2333,24.376,normal2,normal,0,holdout,185
53.1273,50.4087,75.3813,78.1853,43.5167,38.7333,79.8,86.4,3.5233,6.53,64.12,115.5733,136.85,97.3067,121.01,35.3053,267.0967,215.8667,1.6933,6.8333,2.4328,78.1067,75.3333,50.3733,53.25,24.4267,normal2,normal,0,holdout,190
59.2757,50.2393,70.6367,79.092,41.32,36.4267,84.41,94.4833,8.3333,5.6367,26.6333,115.28,139.1267,102.73,118.88,60.601,265.8433,216.3067,5.35,8.6767,4.726,79.0767,70.46,49.9633,59.43,81.4557,normal2,normal,0,holdout,205
59.0667,49.9507,70.682,79.2173,41.0833,36.1833,84.3033,94.3,8.1433,5.56,26.7967,113.9067,138.9067,101.1233,116.8867,60.4557,265.4233,216.14,5.19,8.7733,4.777,79.1067,70.5133,49.8467,59.33,82.1403,normal2,normal,0,holdout,210
59.1703,50.0453,70.7487,79.2807,40.9967,36.1167,84.36,94.35,8.1533,5.67,25.9433,112.6233,139.13,102.3067,115.48,60.5333,265.53,215.92,5.1833,8.96,4.7675,79.1467,70.58,49.96,59.4033,82.0763,normal2,normal,0,holdout,215
59.262,50.1013,70.7833,79.3047,40.94,36.0333,84.39,94.4333,8.2367,5.79,25.9133,111.6533,138.6567,102.96,114.4567,60.691,265.7367,216.2333,5.1833,9.0833,4.7795,77.48,70.6267,50.0233,59.5133,82.4963,normal2,normal,0,holdout,220
56.4147,49.9073,66.54,72.773,40.92,35.9933,75.7767,80.1,5.69,6.57,34.4333,109.92,134.9833,97.9267,112.6133,44.839,267.4833,215.9167,3.7067,9.0267,4.5909,72.09,66.1867,49.96,56.5433,58.5567,normal2,normal,0,holdout,235
56.1237,49.7563,66.0013,71.9067,41.02,36.0733,75.25,79.3167,5.99,6.4367,34.9767,109.4733,134.1833,97.1267,112.2633,44.196,267.5267,216.3467,3.7167,8.7767,4.5656,71.5467,65.83,49.7867,56.3067,57.3933,normal2,normal,0,holdout,240
56.123,49.908,65.8387,71.6233,41.43,36.52,75.04,78.95,6.0267,6.26,35.1767,109.2667,134.15,96.78,112.0467,43.6253,267.54,215.77,3.69,8.5133,4.5045,71.35,65.71,49.94,56.34,55.8913,normal2,normal,0,holdout,245
56.1333,49.9133,65.828,71.594,41.4267,36.5133,75.05,78.9833,5.9867,6.2867,35.2667,109.12,134.0833,96.6633,111.9667,43.6293,267.3933,216.3933,3.72,8.5067,4.5188,71.3267,65.72,49.98,56.34,56.074,normal2,normal,0,holdout,250
54.011,50.164,64.6313,68.3547,42.0933,37.2033,70.59,71.9833,4.09,6.98,51.7533,109.82,131.4833,93.2667,113.3767,35.127,269.3,215.86,2.4833,8.0433,3.4622,68.12,64.52,50.12,54.12,34.5883,normal2,normal,0,holdout,270
53.8573,49.9827,64.5833,68.282,42.1167,37.22,70.5867,71.9333,4.13,6.8733,48.79,110.2333,131.4,93.2067,113.8667,35.0973,269.08,215.7433,2.53,7.87,3.4925,68.04,64.4567,49.9833,53.91,34.8647,normal2,normal,0,holdout,275
53.7827,49.8973,64.5313,68.2367,42.0933,37.2033,70.5067,71.9333,4.2033,6.8467,50.41,110.5067,131.2667,93.1567,114.24,35.0703,269.0167,215.9233,2.56,7.8233,3.5082,67.9733,64.4433,49.92,53.87,34.993,normal2,normal,0,holdout,280
56.362,47.3693,85.4153,93.9773,40.2167,35.21,97.04,118.2833,6.91,4.1433,26.5833,111.1667,142.3167,106.4667,115.3467,77.9643,267.2767,215.9033,3.1333,6.8767,3.6483,93.9033,85.22,47.1,56.4033,80.8973,normal2,normal,0,holdout,305
55.6563,46.558,85.4433,94.1673,39.7667,34.7967,97.4967,119.1333,7.14,3.8567,26.4033,111.3233,142.5333,106.7567,115.6467,79.882,267.2133,216.1233,3.47,6.63,3.6065,94.0333,85.2333,46.39,55.7333,81.937,normal2,normal,0,holdout,310
55.356,46.2983,85.3407,94.0593,39.5133,34.5867,98.7933,121.7333,8.6433,3.79,25.04,111.5067,142.5833,107.2733,115.9,79.628,267.0967,215.5267,4.9033,6.71,3.589,93.9133,85.14,46.2,55.5367,81.282,normal2,normal,0,holdout,315
55.34,46.288,85.33,94.0487,39.5233,34.6067,99.0867,122.3,8.8833,3.7567,24.7667,111.57,142.5667,107.4567,116.0633,79.7077,267.1933,215.58,5.2533,6.6833,3.5841,93.8333,85.1333,46.2,55.5267,81.2513,normal2,normal,0,holdout,320
51.504,45.3293,85.756,91.8307,39.4467,34.54,94.91,113.9833,6.4667,4.03,32.76,111.76,141.4,106.0367,116.46,60.5397,268.1,215.81,3.42,5.86,3.2238,91.5367,85.51,45.3233,51.7033,55.5043,normal2,normal,0,holdout,335
51.4373,45.2153,85.7427,91.8317,39.5033,34.5867,95.0033,114.15,6.5233,3.82,32.3467,111.7067,141.35,105.7667,116.48,60.869,267.71,215.44,3.3733,5.5433,3.2262,91.63,85.51,45.1133,51.5367,55.8527,normal2,normal,0,holdout,340
51.2573,45.0163,85.7373,91.783,39.5167,34.6033,94.9933,114.1333,6.5133,3.6667,32.2267,111.7133,141.4167,105.8933,116.55,60.765,268.04,215.5167,3.3633,5.4167,3.2437,91.6233,85.5133,44.92,51.3133,56.0577,normal2,normal,0,holdout,345
51.3637,45.1487,85.7573,91.7943,39.5033,34.5933,94.99,114.1167,6.54,3.82,32.3633,111.7067,141.4033,105.8867,116.56,60.7477,268.01,215.5,3.3733,5.63,3.2307,91.6167,85.52,45.13,51.5567,55.818,normal2,normal,0,holdout,350
48.9287,45.2983,85.414,89.1553,40.6067,35.6133,91.06,106.4,4.6,4.08,48.9367,112.1733,140.2533,103.4167,117.6767,45.7913,269.2033,215.4533,2.15,4.63,2.5014,88.9233,85.2367,45.24,48.9533,32.5773,normal2,normal,0,holdout,365
48.6303,45.0433,85.4287,89.1517,40.7067,35.7033,91.1067,106.4667,4.7133,3.7867,48.77,112.7,140.36,104.4633,118.38,45.836,269.4133,215.32,2.16,4.2233,2.469,88.9333,85.23,44.9333,48.6967,32.189,normal2,normal,0,holdout,370
48.4573,44.844,85.406,89.1137,40.7133,35.7033,91.0867,106.4167,4.6267,3.6367,48.72,113.0933,140.2567,103.6967,118.7833,45.6427,269.23,215.3167,2.23,4.08,2.4958,88.88,85.1933,44.7867,48.5067,32.3957,normal2,normal,0,holdout,375
48.8977,45.4567,85.2553,88.782,40.4467,35.4467,90.68,105.6833,4.6033,4.4267,49.8967,113.48,139.73,103.9133,119.1133,44.479,268.9667,215.3067,2.2,5.04,2.4419,88.4967,85.02,45.46,49.0767,30.89,normal2,normal,0,holdout,380
56.7927,45.866,75.93,86.3363,38.34,33.5267,92.3567,108.95,9.8,3.8833,21.6,111.2267,139.74,105.8,114.7567,80.917,266.1833,215.9333,6.2933,7.3433,4.2725,86.0733,75.9133,45.6733,56.95,98.3197,normal2,normal,0,holdout,405
56.3137,45.264,75.8913,86.4567,38.1733,33.38,92.35,108.95,9.6933,3.5967,21.5833,110.6933,139.82,105.91,114.1467,81.8353,266.0333,215.54,6.23,6.9133,4.2636,86.11,75.8533,45.1067,56.5067,99.2383,normal2,normal,0,holdout,410
50.0637,44.0523,75.8427,81.8013,38.6667,33.8433,84.87,95.25,5.8567,3.6733,32.0033,109.5333,137.78,103.6133,113.04,51.3113,268.3367,215.5267,3.5367,5.2667,3.6987,81.3467,75.7,43.9533,50.14,53.9733,normal2,normal,0,holdout,425
50.1837,44.1763,75.7287,81.5613,38.5567,33.7633,84.85,95.2333,6.0133,3.8567,32.0467,109.28,137.7333,104.5267,112.9067,51.3823,267.73,215.4533,3.5433,5.5333,3.6896,81.31,75.66,44.1,50.3133,53.921,normal2,normal,0,holdout,430
50.1827,44.1717,75.754,81.5707,38.62,33.8033,84.87,95.2333,6.13,3.82,32.03,109.1533,137.9067,103.23,112.7267,51.3653,268.1333,215.5633,3.5367,5.4367,3.6945,81.3133,75.6867,44.02,50.2767,53.973,normal2,normal,0,holdout,435
49.9493,43.9507,75.71,81.5253,38.56,33.76,84.83,95.2167,6.0533,3.6767,31.94,109.0467,137.1333,104.2733,112.72,51.329,268.44,215.5233,3.52,5.26,3.6912,81.3,75.6533,43.8167,50.04,53.8883,normal2,normal,0,holdout,440
48.1173,45.1933,75.4973,78.557,40.48,35.49,80.16,87.0,3.36,4.25,56.12,110.0167,135.8167,99.4933,114.4633,36.7557,268.9933,215.72,1.7767,4.7167,2.5145,78.3367,75.4367,45.23,48.2167,26.2847,normal2,normal,0,holdout,455
48.251,45.2793,75.5613,78.642,40.7767,35.7867,80.42,87.4167,3.7433,4.1333,56.1,111.1167,136.4,99.56,115.7667,37.1953,269.0533,215.3467,1.8833,4.45,2.5223,78.5467,75.5533,45.2333,48.3067,26.682,normal2,normal,0,holdout,460
48.154,45.178,75.606,78.6687,40.7933,35.8433,80.45,87.4667,3.7433,4.08,55.86,112.1267,136.4333,99.5567,116.7167,37.2573,268.8767,215.67,1.7867,4.3133,2.5265,78.6167,75.56,45.12,48.25,26.772,normal2,normal,0,holdout,465
48.0793,45.1433,75.56,78.6487,40.8,35.8533,80.43,87.45,3.7867,4.0467,55.87,112.94,136.6333,99.7967,117.48,37.2477,269.3033,215.85,1.8833,4.24,2.4945,78.5633,75.5467,45.0133,48.1733,26.4257,normal2,normal,0,holdout,470
55.7313,45.1833,71.0827,81.0567,37.9367,33.17,86.73,98.4833,9.1733,3.9033,21.8467,111.8967,138.21,104.5867,114.8167,71.248,266.1,215.7267,5.9333,7.03,4.6792,80.8067,70.8867,44.9633,55.8133,94.819,normal2,normal,0,holdout,490
55.3933,44.8893,70.8413,80.7977,37.6533,32.9433,86.46,98.0333,9.0,3.82,21.71,110.7733,138.3467,104.7367,113.61,70.842,265.8267,215.92,5.86,7.1367,4.6889,80.5567,70.6633,44.8,55.5333,94.473,normal2,normal,0,holdout,495
55.239,44.7613,70.6927,80.6173,37.4733,32.7667,86.24,97.6667,9.08,3.82,21.6733,109.96,138.29,104.86,112.6533,70.6913,266.1133,215.7333,5.8233,7.1733,4.6855,80.4033,70.5133,44.6733,55.4067,94.2073,normal2,normal,0,holdout,500
51.1587,43.9773,65.6887,72.43,37.16,32.46,76.32,80.95,6.5033,4.5,29.11,107.6467,133.15,99.8433,110.24,48.9853,269.02,215.59,4.3067,6.72,4.6304,72.0467,65.5367,43.8567,51.22,64.5107,normal2,normal,0,holdout,520
51.252,44.056,65.7177,72.398,37.1533,32.4533,76.4,81.0833,6.58,4.5167,29.0767,107.2867,133.1,99.77,109.83,49.033,268.9433,215.8467,4.32,6.78,4.6412,72.1067,65.56,43.9567,51.3067,64.724,normal2,normal,0,holdout,525
51.2907,44.1013,65.7467,72.4353,37.2367,32.5367,76.4,81.05,6.59,4.51,29.0333,107.0867,133.2167,99.78,109.62,49.0893,268.9867,215.6533,4.2567,6.7367,4.6269,72.17,65.5667,44.0267,51.3867,64.6013,normal2,normal,0,holdout,530
48.4387,44.9883,65.9933,69.3627,39.8733,34.88,71.35,73.2,3.7533,4.5167,51.6333,108.0567,130.6,94.8667,111.54,34.8873,269.5467,215.46,2.2733,5.0267,3.1177,69.1167,65.8267,44.9033,48.4667,30.9367,normal2,normal,0,holdout,550
48.974,45.688,65.7027,68.923,39.96,34.9533,70.9633,72.6333,3.77,5.1167,54.2833,109.38,130.1667,94.2833,113.3367,34.1603,268.8167,215.2133,2.1767,5.6867,3.0332,68.8,65.5933,45.6633,49.0433,29.469,normal2,normal,0,holdout,560
51.6087,42.6583,80.5067,88.841,37.19,32.49,91.8667,107.9833,6.2667,3.1233,24.5833,109.6267,139.1433,105.8933,112.9467,73.1547,267.5567,215.61,3.1,5.19,3.8647,88.7533,80.4867,42.3867,51.67,80.406,normal2,normal,0,holdout,580
50.9743,41.812,80.7147,89.3703,36.7067,32.07,92.8233,109.8833,6.8333,2.9133,24.2833,109.4533,138.9867,106.41,112.9,76.1293,267.5367,215.4667,3.6133,4.7833,3.7996,89.1867,80.64,41.5267,50.9767,82.263,normal2,normal,0,holdout,585
50.4233,41.1567,80.804,89.636,36.3433,31.7333,94.4733,113.0833,8.4067,2.7267,23.1033,109.2467,139.1167,106.74,112.9733,77.643,267.4467,215.52,5.1,4.5967,3.7677,89.3733,80.7067,40.93,50.45,83.2023,normal2,normal,0,holdout,590
50.2093,40.9767,80.7147,89.568,36.28,31.6767,94.3867,112.9333,8.4333,2.6167,23.1767,109.2067,138.9633,106.68,113.0533,77.5107,267.58,215.5933,5.1767,4.4933,3.7609,89.2467,80.5967,40.76,50.3033,82.91,normal2,normal,0,holdout,595
50.0383,40.7873,80.684,89.5603,36.2967,31.7,94.4067,112.9,8.5567,2.47,22.8267,109.1067,139.31,106.9633,113.1067,77.5973,267.5133,215.64,5.14,4.2633,3.7672,89.2333,80.59,40.55,50.1467,83.1437,normal2,normal,0,holdout,600
46.1043,40.004,80.2523,86.3177,36.8333,32.17,89.4433,103.4033,6.3,2.2167,29.9367,108.9667,138.0533,105.01,113.0067,56.2407,268.6833,215.1733,3.6433,3.15,3.4198,85.8267,80.1233,39.9633,46.2333,54.7037,normal2,normal,0,holdout,615
46.6623,40.711,80.1447,86.0357,36.4667,31.86,89.3833,103.2433,6.2633,2.96,30.82,108.76,137.23,104.3867,112.84,56.1037,268.51,215.2567,3.6267,4.1167,3.3461,85.7433,80.1167,40.5833,46.7933,53.393,normal2,normal,0,holdout,620
46.7573,40.7453,80.2567,86.2233,36.46,31.86,89.5267,103.5333,6.2233,2.9667,30.7333,108.66,137.47,104.4933,112.78,56.5433,268.25,215.24,3.63,4.0967,3.3533,85.9567,80.2,40.5433,46.8,53.9283,normal2,normal,0,holdout,625
46.6747,40.632,80.2993,86.282,36.52,31.9467,89.5967,103.6667,6.3133,2.88,30.5133,108.5267,137.6433,104.7833,112.6733,56.639,268.5333,215.3433,3.6,3.9267,3.3622,85.9833,80.22,40.45,46.7867,54.16,normal2,normal,0,holdout,630
43.667,40.2267,80.1647,83.8857,37.79,33.04,85.5867,96.55,4.04,2.2233,46.2333,109.02,136.8167,104.5333,113.76,43.0867,269.3567,215.0933,1.91,2.3633,2.5152,83.7133,80.0933,40.1133,43.7967,30.822,normal2,normal,0,holdout,645
43.6607,40.166,80.238,83.96,37.5,32.7867,85.9533,97.2667,4.5367,2.41,46.3367,109.6733,137.0167,103.11,114.49,43.536,269.2633,215.23,2.2333,2.5767,2.5272,83.78,80.1333,40.0767,43.74,31.2943,normal2,normal,0,holdout,650
43.6353,40.1527,80.202,83.906,37.3867,32.6867,85.9067,97.1333,4.4833,2.4833,46.5833,110.3333,137.1133,102.3767,115.11,43.5,269.3567,215.16,2.1667,2.66,2.5197,83.7533,80.1133,40.05,43.6967,31.1733,normal2,normal,0,holdout,655
43.6767,40.206,80.2247,83.9157,37.3933,32.6933,85.9533,97.1833,4.6,2.5033,46.7,110.6667,136.4333,102.6767,115.5033,43.4773,269.3,215.3867,2.1567,2.7367,2.5147,83.7567,80.13,40.11,43.7967,31.0977,normal2,normal,0,holdout,660
51.5433,40.4227,70.67,81.2927,35.0667,30.56,87.4033,99.75,9.8833,2.53,20.3567,109.3533,135.7633,105.7333,112.4333,78.8237,265.4567,215.86,6.3633,5.1533,4.4621,81.02,70.5,40.2,51.6733,100.036,normal2,normal,0,holdout,680
51.5963,40.3577,70.6807,81.375,34.85,30.3967,87.5533,100.05,9.8533,2.57,20.6567,108.7133,135.5333,104.7933,111.6733,80.2003,265.5233,215.79,6.4,5.4033,4.429,81.1367,70.53,40.2367,51.8,101.0267,normal2,normal,0,holdout,685
52.104,40.8753,70.7593,81.481,35.0167,30.53,87.6133,100.1833,9.7967,2.7367,21.01,108.24,136.2,105.36,111.0667,80.4463,264.88,215.72,6.3833,5.6833,4.4125,81.24,70.6467,40.6867,52.2867,100.964,normal2,normal,0,holdout,690
46.0163,39.0777,71.9073,78.7313,35.44,30.9267,82.06,90.3533,6.3633,2.3233,26.8467,107.2133,134.35,101.7567,110.07,53.7027,268.4067,215.3233,3.87,3.48,4.0763,78.17,71.48,38.9,46.02,62.2617,normal2,normal,0,holdout,705
45.804,39.0937,71.1747,77.654,35.66,31.16,81.35,89.0667,6.78,2.14,26.9767,106.78,133.9667,101.9833,109.5267,52.3153,268.66,215.2633,3.95,3.2933,4.0444,77.4267,70.9733,38.9867,45.8933,60.1787,normal2,normal,0,holdout,710
45.8573,39.1633,71.1787,77.6007,35.7533,31.2333,81.3633,89.05,6.7833,2.2467,26.9567,106.46,133.9833,102.85,109.2,52.3433,268.4733,215.5033,3.9133,3.2933,4.0368,77.45,70.9767,39.0533,45.94,60.097,normal2,normal,0,holdout,715
45.888,39.2007,71.1973,77.6287,35.7333,31.2233,81.42,89.1833,6.8433,2.1933,27.03,106.26,134.1,103.7467,109.0933,52.357,268.8067,215.15,3.9033,3.34,4.025,77.5133,71.03,39.0667,45.9633,59.9373,normal2,normal,0,holdout,720
43.792,40.0857,73.031,76.8417,36.4633,31.85,78.8433,84.7667,4.03,2.9,42.87,106.2467,132.9667,100.2067,109.33,40.1093,268.5833,215.02,2.3433,3.55,2.9126,76.5,72.7333,40.04,43.8133,33.22,normal2,normal,0,holdout,730
43.6023,40.1313,71.982,75.6887,37.2233,32.52,77.58,82.8667,3.76,2.5067,46.27,106.8733,132.9833,99.42,110.44,38.8653,269.08,215.1267,2.16,2.85,2.8109,75.4033,71.7167,40.07,43.69,31.0713,normal2,normal,0,holdout,735
43.398,39.9167,71.6127,75.2723,37.26,32.5667,77.2333,82.35,4.09,2.5033,46.2333,107.77,132.6333,99.11,111.4333,38.6873,269.03,215.2967,2.1533,2.56,2.8405,75.08,71.4333,39.8233,43.4067,31.2557,normal2,normal,0,holdout,740
43.3693,39.974,71.2813,74.848,37.44,32.7333,76.59,81.4833,3.8033,2.39,47.2133,108.58,132.7,98.95,112.19,38.1153,268.9033,215.1067,1.9567,2.47,2.8095,74.67,71.1033,39.88,43.4333,30.455,normal2,normal,0,holdout,745
43.4013,40.01,71.2107,74.74,37.38,32.68,76.66,81.4833,4.07,2.5,47.26,109.2667,132.7833,99.1433,112.7867,38.0933,269.4633,214.9933,1.9933,2.52,2.8062,74.66,71.1,39.9067,43.4467,30.403,normal2,normal,0,holdout,750
50.0933,40.1713,66.442,75.814,35.2033,30.7033,81.3367,89.0167,9.2533,2.5367,21.2333,108.6933,133.95,102.71,110.7467,64.7113,266.7267,215.6333,5.69,4.8367,4.8417,75.65,66.34,40.07,50.2133,89.1113,normal2,normal,0,holdout,770
50.1933,40.2683,66.5307,75.9153,35.0533,30.54,81.3833,89.0667,9.1333,2.6967,21.3,107.8967,134.05,101.9467,109.8,65.011,266.6167,215.8633,5.64,5.0733,4.8286,75.73,66.4067,40.1233,50.3233,89.2787,normal2,normal,0,holdout,775
50.1587,40.198,66.543,75.926,34.9033,30.4333,81.4,89.15,9.1167,2.8267,21.2767,107.2667,133.8,102.8133,109.18,65.263,267.0,215.58,5.65,5.19,4.8181,75.7733,66.42,40.0767,50.2467,89.432,normal2,normal,0,holdout,780
47.2243,40.087,66.152,73.0257,35.8,31.2467,76.89,81.8833,6.7033,2.7433,26.96,106.1467,132.7333,100.7867,108.12,50.3843,267.21,215.4733,4.22,4.15,4.4717,72.6733,65.95,39.9467,47.1967,64.0823,normal2,normal,0,holdout,795
47.1417,40.1917,65.8857,72.5193,35.3333,30.82,76.23,80.7833,6.57,3.23,27.5967,105.9533,132.2667,100.5133,107.94,49.098,267.2933,215.4133,4.0933,4.8333,4.4685,72.11,65.6833,40.1433,47.2267,62.3993,normal2,normal,0,holdout,800
47.4603,40.4947,65.8653,72.4513,35.0533,30.5667,76.31,80.95,6.5,3.5167,27.91,105.8333,131.9333,100.5433,107.83,49.3917,267.13,215.15,4.15,5.3467,4.4436,72.19,65.7433,40.3967,47.5,62.4223,normal2,normal,0,holdout,805
47.6213,40.619,65.98,72.5993,35.0867,30.6067,76.5,81.2667,6.45,3.5033,27.8867,105.7733,132.2667,100.6367,107.77,49.6193,267.4267,215.2367,4.19,5.41,4.4475,72.3433,65.86,40.4767,47.7133,62.765,normal2,normal,0,holdout,810
43.8887,40.3367,65.668,69.3467,36.5267,31.9167,71.44,73.25,3.7,3.3,45.9133,106.2267,129.6667,96.7567,108.86,36.0703,268.14,214.98,2.4,3.7033,3.1066,68.99,65.4267,40.25,43.94,31.8683,normal2,normal,0,holdout,825
43.774,40.1677,65.641,69.324,36.58,31.9733,71.66,73.65,4.1133,3.1667,45.73,106.8,129.8,96.83,109.6567,36.3143,268.02,215.0533,2.5467,3.5167,3.1269,69.1067,65.4767,40.09,43.8333,32.298,normal2,normal,0,holdout,830
43.618,40.022,65.6167,69.292,36.6,32.0,71.5833,73.5833,4.2267,2.9933,45.59,107.38,129.7833,96.7767,110.3667,36.2967,267.83,215.2333,2.53,3.3267,3.1214,69.0833,65.4433,39.9433,43.7,32.224,normal2,normal,0,holdout,835
43.5617,39.9353,65.6087,69.2867,36.6267,32.0367,71.5733,73.5167,4.1267,2.9133,45.5167,107.8167,129.7,96.7233,110.86,36.3043,268.1833,215.1667,2.5033,3.2267,3.1483,69.0767,65.4467,39.8667,43.5867,32.5083,normal2,normal,0,holdout,840
61.0383,51.4857,85.4153,94.454,42.34,37.4267,99.9833,124.05,10.28,5.7733,24.8333,110.8867,133.6833,95.73,116.13,77.7523,265.8967,215.54,5.5833,9.0367,3.8794,94.39,85.22,51.3833,61.09,85.786,normal r1,normal,0,holdout,35
60.7133,51.054,85.4887,94.655,41.86,36.9767,100.3367,124.9167,10.5033,5.62,24.8733,111.3733,133.9333,96.2067,116.3233,79.6463,265.7567,215.6367,5.7133,9.0867,3.8318,94.5867,85.3167,50.94,60.8133,86.7977,normal r1,normal,0,holdout,40
55.3977,49.0153,85.6833,91.9067,42.7433,37.85,94.9567,114.05,6.63,4.3533,32.1333,112.08,132.8667,94.1967,117.1,59.5287,267.5533,215.3967,3.2467,6.16,3.3828,91.7,85.44,48.9033,55.4767,57.2773,normal r1,normal,0,holdout,60
56.0713,49.7383,85.5097,91.526,42.4767,37.6,94.8067,113.7833,6.93,5.27,33.8633,112.2533,132.4167,93.9833,117.3967,58.6673,268.0433,215.3133,3.3667,7.2833,3.4055,91.46,85.3633,49.75,56.2667,56.8227,normal r1,normal,0,holdout,70
54.01,50.7362,85.9248,89.2434,44.4103,39.5931,90.9379,106.131,4.5517,5.7448,55.6759,114.3241,132.4483,91.8345,120.3759,42.3024,268.6517,215.2,1.9138,6.4207,2.4408,89.0172,85.7034,50.7828,54.1241,29.3652,normal r1,normal,0,holdout,90
53.907,50.631,85.828,89.1463,44.3833,39.5833,90.8633,105.9333,4.56,5.6567,55.5433,115.2233,132.4,91.72,121.5033,42.2627,268.8333,215.1867,1.88,6.34,2.4441,88.9333,85.62,50.6933,54.02,29.3803,normal r1,normal,0,holdout,95
53.88,50.5887,85.872,89.1753,44.42,39.6333,90.8633,106.0167,4.5733,5.5767,55.62,115.92,132.6167,91.9567,122.35,42.317,268.4667,215.2167,1.92,6.2033,2.4524,88.9733,85.6933,50.6733,53.9933,29.517,normal r1,normal,0,holdout,100
60.764,50.6543,75.854,85.4793,42.07,37.1667,90.8367,105.9167,9.39,5.0767,23.36,114.5033,131.9333,94.2567,118.2633,69.604,264.3367,215.6833,5.6433,8.4633,4.5912,85.18,75.8167,50.5367,60.8967,90.887,normal r1,normal,0,holdout,120
60.8957,50.6907,75.878,85.5727,41.5667,36.6633,91.0267,106.3,9.66,5.4233,23.5067,113.3267,131.5167,94.3667,116.8867,70.387,264.4733,215.59,5.76,9.01,4.5803,85.29,75.86,50.5533,61.0567,91.6923,normal r1,normal,0,holdout,125
60.9727,50.6727,75.91,85.66,41.2433,36.3333,91.2167,106.7667,9.88,5.6833,23.57,112.27,131.15,94.2267,115.79,71.0557,264.4433,215.89,5.8733,9.36,4.5848,85.3467,75.86,50.6133,61.1333,92.6533,normal r1,normal,0,holdout,130
56.8633,50.4987,76.355,82.5233,42.52,37.62,85.5133,96.4,6.15,5.9633,33.8867,110.6,129.7167,91.1533,114.4967,50.7293,265.5433,215.1333,3.3267,8.0767,3.9545,82.1933,76.31,50.6033,57.0733,57.0567,normal r1,normal,0,holdout,145
56.598,50.2253,76.3533,82.472,42.26,37.3633,85.4167,96.2,6.14,6.01,33.9133,110.5533,129.9167,91.5867,114.4267,50.7413,265.8333,215.2867,3.1867,8.0567,3.9606,82.2433,76.36,50.31,56.8,57.1583,normal r1,normal,0,holdout,150
56.3413,50.0307,76.304,82.3893,42.1733,37.27,85.3267,96.0167,6.1067,5.9,34.1267,110.5467,129.65,91.3667,114.5733,50.674,265.7433,215.7633,3.15,7.92,3.9362,82.18,76.3333,50.0933,56.56,56.7327,normal r1,normal,0,holdout,155
56.2333,49.9147,76.2907,82.3627,42.13,37.2167,85.28,95.9333,6.11,5.7467,34.1,110.62,129.8667,91.6067,114.66,50.6797,265.42,215.55,3.0967,7.89,3.9372,82.2,76.3,49.9967,56.42,56.7527,normal r1,normal,0,holdout,160
52.732,49.9503,76.0087,78.8813,43.6933,38.8833,80.31,87.25,3.05,5.8233,61.9967,111.8567,127.4433,87.5267,116.9633,35.4027,266.6433,215.0467,1.5767,6.32,2.4739,78.71,75.9333,50.01,52.8333,24.9087,normal r1,normal,0,holdout,175
52.7047,49.9267,75.9873,78.807,42.8533,37.9667,80.3,87.2333,3.34,6.72,63.1433,113.01,126.3067,88.2133,118.5933,35.3073,266.7867,215.06,1.5967,7.2133,2.4783,78.7,75.9467,50.0833,52.8333,24.887,normal r1,normal,0,holdout,180
52.916,50.1537,75.9487,78.7353,42.6833,37.76,80.37,87.3667,3.5867,7.1133,64.4133,114.11,127.04,88.32,119.6533,35.272,266.69,215.38,1.7067,7.6733,2.4696,78.6967,75.9567,50.2833,53.1,24.775,normal r1,normal,0,holdout,185
53.0733,50.3093,76.102,78.8613,42.7133,37.8133,80.6,87.7333,3.6367,7.19,64.6233,114.9733,127.1933,88.3,120.5467,35.3963,266.2333,215.3033,1.78,7.6967,2.4664,78.83,76.0433,50.4167,53.2467,24.8287,normal r1,normal,0,holdout,190
58.9727,49.7247,71.257,79.966,41.16,36.2667,84.62,94.8333,8.1267,5.4367,25.9,113.78,130.3667,93.49,117.0267,60.9927,265.51,215.42,4.84,8.4467,4.7852,79.77,71.0767,49.6067,59.1467,83.008,normal r1,normal,0,holdout,210
58.8093,49.5313,71.16,79.8133,41.12,36.22,84.37,94.4167,8.02,5.2867,25.8233,112.4067,130.6833,93.6567,115.56,60.899,265.5533,215.6833,4.7933,8.3467,4.8132,79.5933,71.01,49.5067,58.9367,83.3677,normal r1,normal,0,holdout,215
58.76,49.4647,71.1253,79.7707,41.04,36.1467,84.39,94.4833,8.1067,5.2967,25.56,111.39,130.5167,93.65,114.5133,60.8417,265.2333,215.9633,4.8233,8.4,4.8331,79.5767,70.9267,49.42,58.87,83.633,normal r1,normal,0,holdout,220
56.5563,49.8573,66.8793,73.2173,41.4033,36.5,76.1133,80.6667,5.8067,6.2133,34.17,109.5733,126.0167,89.28,112.7567,45.2507,267.1233,215.5433,3.4333,8.4867,4.6731,72.7133,66.5633,49.9167,56.64,60.1447,normal r1,normal,0,holdout,235
56.2053,49.7967,66.306,72.2803,41.8067,36.9133,75.3367,79.4333,5.6933,5.9667,34.54,109.2533,126.2433,88.2867,112.3067,43.813,266.9967,215.93,3.3633,8.1267,4.6254,71.92,66.17,49.9233,56.42,57.639,normal r1,normal,0,holdout,240
56.288,49.976,66.3047,72.1607,41.32,36.4167,75.2233,79.2333,5.8067,6.5067,35.0833,108.9867,125.8933,88.6167,112.06,43.843,267.1267,215.33,3.34,8.7567,4.5417,71.91,66.1567,50.0733,56.5467,56.6337,normal r1,normal,0,holdout,245
56.2747,49.9,66.322,72.2,40.9733,36.08,75.3167,79.4167,5.8733,6.7333,35.21,108.9333,125.98,88.97,111.9267,44.0123,266.9967,215.3533,3.4033,9.0333,4.5708,71.94,66.1633,50.0367,56.52,57.214,normal r1,normal,0,holdout,250
54.186,50.001,65.7953,69.775,41.4,36.4867,71.59,73.45,3.7467,7.3967,48.3733,109.0133,123.1667,85.7033,112.5067,36.115,268.8333,215.5767,2.1,8.74,3.6601,69.4033,65.5033,50.1633,54.3267,37.5973,normal r1,normal,0,holdout,265
53.9847,49.729,65.482,69.4157,41.19,36.2933,71.4233,73.2833,4.0633,7.4567,48.8,109.3067,123.1,85.86,113.0267,36.084,269.1933,215.5133,2.2667,8.73,3.7236,69.17,65.2867,49.91,54.05,38.2123,normal r1,normal,0,holdout,270
53.935,49.8817,65.1617,68.942,42.1233,37.22,70.9,72.5167,3.85,6.7967,49.8733,109.5533,123.1833,85.0533,113.5067,35.3963,269.23,215.33,2.25,7.9267,3.6147,68.68,64.9867,50.0567,54.06,36.391,normal r1,normal,0,holdout,275
53.9433,49.9013,65.0933,68.878,42.18,37.2667,70.85,72.4333,3.99,6.79,49.95,109.75,123.3833,85.2067,113.8533,35.4257,269.2467,215.4333,2.18,7.8667,3.6038,68.6633,64.9533,50.03,54.08,36.3113,normal r1,normal,0,holdout,280
55.1087,46.5093,83.835,91.7233,40.5867,35.5733,94.3433,112.8667,6.1833,3.5333,25.29,109.8367,133.0333,96.6733,113.7133,71.3907,268.1667,215.4633,2.28,5.7867,3.8039,92.06,83.9233,46.3633,55.26,77.228,normal r1,normal,0,holdout,300
55.1207,46.2997,84.6817,92.9763,40.2833,35.28,95.5467,115.27,6.2867,3.4633,25.5433,109.82,133.4333,97.3433,113.96,74.6407,267.8867,215.4467,2.4833,5.8567,3.7311,93.0333,84.6,46.12,55.28,79.2083,normal r1,normal,0,holdout,305
54.9273,45.9127,84.9827,93.4983,39.9533,34.9667,95.9733,116.1,6.3967,3.33,24.96,109.79,133.25,97.6767,114.1267,76.3377,267.5767,215.4533,2.59,5.8533,3.726,93.4333,84.8033,45.8133,55.01,80.898,normal r1,normal,0,holdout,310
54.842,45.8213,85.02,93.6067,39.7033,34.7333,96.59,117.3,6.9033,3.37,25.5267,109.8933,133.45,97.9667,114.2867,77.0053,267.5967,215.5967,3.1333,6.03,3.6968,93.4533,84.8167,45.73,54.9667,80.964,normal r1,normal,0,holdout,315
54.8037,45.7467,85.0573,93.6907,39.5567,34.63,98.2433,120.65,8.4767,3.4833,24.2,109.99,133.4667,98.15,114.5433,77.507,267.5667,215.67,4.7467,6.1067,3.6913,93.5067,84.8367,45.6267,54.9467,81.3733,normal r1,normal,0,holdout,320
51.0687,44.8843,85.7867,91.7933,40.0,35.0033,94.92,113.95,6.49,3.18,32.0667,110.36,132.45,96.52,115.08,60.4797,268.3933,215.3267,3.1433,4.7,3.2261,91.7833,85.6967,44.7167,51.0667,55.491,normal r1,normal,0,holdout,335
50.6207,44.454,85.9347,91.9453,39.9233,34.93,94.8433,113.8333,6.19,2.99,31.66,110.4533,132.8167,97.0033,115.2,60.3557,268.69,215.1967,3.0467,4.4033,3.2193,91.81,85.72,44.3467,50.6933,55.2617,normal r1,normal,0,holdout,340
50.55,44.39,85.828,91.84,39.9,34.9,94.7,113.55,6.0433,2.9933,31.7833,110.5733,132.4333,96.7767,115.53,60.1833,268.2367,215.0533,3.06,4.4033,3.2228,91.6533,85.5867,44.3133,50.6333,55.165,normal r1,normal,0,holdout,345
50.682,44.5167,85.8507,91.844,39.8833,34.9067,94.7733,113.7,6.22,3.02,31.7767,110.6333,132.5333,96.8,115.61,60.214,268.53,215.2833,3.1367,4.5367,3.2276,91.6667,85.64,44.4467,50.8433,55.2737,normal r1,normal,0,holdout,350
48.9793,45.5393,85.2303,88.7517,40.4367,35.4433,90.4667,105.2333,4.3867,4.4333,51.2367,111.2267,131.3333,94.8,116.8367,44.193,269.3933,215.2133,2.0333,5.1833,2.4563,88.4667,85.0267,45.64,49.1233,30.8757,normal r1,normal,0,holdout,365
49.1087,45.5813,85.5537,89.1783,40.91,35.98,91.0767,106.4167,4.7733,4.0033,51.1167,111.8567,131.8167,94.7,117.74,45.3803,269.42,214.96,2.01,4.61,2.4491,89.04,85.4133,45.5267,49.1833,31.6103,normal r1,normal,0,holdout,370
48.492,44.9863,85.707,89.3517,40.9833,36.05,90.8833,106.05,4.2067,3.4533,48.8533,112.32,131.8,94.6733,118.25,44.96,269.49,214.91,1.8633,3.99,2.4545,88.9767,85.3767,44.96,48.5833,31.381,normal r1,normal,0,holdout,375
48.7927,45.33,85.343,88.906,41.14,36.2467,90.6933,105.6333,4.48,3.6733,50.19,112.7467,131.8833,94.46,118.6233,44.5443,269.3567,214.77,1.9833,4.2033,2.4428,88.7,85.1533,45.3333,48.8867,30.946,normal r1,normal,0,holdout,380
56.7817,46.1107,76.0997,86.2948,38.6448,33.8138,91.8517,107.9586,9.6517,3.9724,21.5828,111.0379,131.1552,96.7,114.9345,77.6048,266.4724,215.9138,5.8138,7.3207,4.3497,86.0517,76.031,45.9621,56.969,96.0048,normal r1,normal,0,holdout,405
56.8487,45.9387,76.1607,86.5543,38.3767,33.5767,92.34,108.95,9.9767,3.96,21.59,110.3567,131.1833,97.0233,113.9733,80.046,266.6533,215.52,6.02,7.4333,4.3045,86.31,76.1333,45.8133,57.0433,97.9967,normal r1,normal,0,holdout,410
53.25,46.142,76.224,83.0303,39.4467,34.5533,86.34,97.8667,6.4267,4.46,29.1867,109.0867,129.7667,94.43,112.94,55.5247,267.9967,215.09,3.5633,6.61,4.0331,82.7967,76.2067,46.08,54.16,63.6907,normal r1,normal,0,holdout,425
52.9363,45.8713,76.216,82.9807,39.43,34.5267,86.26,97.7333,6.4167,4.3167,28.9733,108.88,129.6,94.3167,112.7333,55.4857,268.1867,215.2033,3.5033,6.3833,4.0146,82.77,76.1967,45.8333,53.06,63.3553,normal r1,normal,0,holdout,430
52.7627,45.7293,76.1947,82.9367,39.4067,34.4967,86.2,97.6333,6.3633,4.15,28.95,108.7133,129.55,94.1267,112.53,55.498,267.9933,215.39,3.43,6.25,3.9969,82.7633,76.1667,45.6867,52.88,63.09,normal r1,normal,0,holdout,435
52.6453,45.6147,76.2373,82.9753,39.4,34.4967,86.31,97.8333,6.3767,4.0267,28.8133,108.66,129.6333,94.31,112.4167,55.4907,267.8267,215.4467,3.53,6.1033,3.9994,82.7867,76.22,45.4833,52.7167,63.1207,normal r1,normal,0,holdout,440
48.3137,45.2953,75.9607,79.1303,41.1767,36.27,80.68,87.9167,3.3767,3.79,55.4,109.5867,127.6667,90.39,114.48,37.466,269.13,215.12,1.73,4.0267,2.5393,79.0067,75.9167,45.1967,48.28,27.0573,normal r1,normal,0,holdout,455
48.329,45.4213,75.6923,78.6423,41.2867,36.3867,80.28,87.1833,3.6233,3.97,57.6733,111.81,127.5467,90.04,117.04,36.691,269.0333,214.8433,1.6933,4.13,2.4898,78.6267,75.6833,45.4133,48.38,25.9827,normal r1,normal,0,holdout,465
48.238,45.326,75.8073,78.7813,41.3667,36.4733,80.35,87.3667,3.4867,3.85,56.92,112.7,128.5633,90.2833,117.9667,36.7683,269.0033,215.0967,1.6833,3.96,2.4971,78.7,75.7733,45.3267,48.2867,26.114,normal r1,normal,0,holdout,470
55.086,45.3987,69.9327,79.0253,38.58,33.7767,83.9167,93.5667,8.04,3.8233,23.2433,111.6833,128.8,94.35,114.93,64.1433,266.67,215.37,5.0533,6.7233,4.7665,78.86,69.7833,45.3367,55.3,86.9557,normal r1,normal,0,holdout,490
55.1767,45.5027,69.9447,79.0347,38.3267,33.5233,83.9,93.5833,8.1333,4.0133,23.3033,110.5733,127.7667,94.3633,113.5033,64.3127,266.5733,215.2833,5.03,7.0433,4.7483,78.8867,69.8033,45.3767,55.38,86.851,normal r1,normal,0,holdout,495
55.2533,45.5227,69.9547,79.0787,38.15,33.3633,84.0433,93.8333,8.2633,4.0833,23.21,109.6567,128.7867,94.84,112.46,64.6903,266.68,215.4033,5.0733,7.2633,4.7491,78.98,69.8067,45.4167,55.4633,87.376,normal r1,normal,0,holdout,500
50.626,43.872,66.4857,72.8887,38.3133,33.51,76.05,80.4833,5.7933,3.6067,29.7633,107.58,125.4467,90.9133,110.2767,47.1597,272.6233,215.4667,3.5367,5.5033,4.5208,72.52,66.3467,43.7867,50.72,60.6383,normal r1,normal,0,holdout,520
50.7353,44.0957,66.3567,72.5663,37.8167,33.0867,75.8933,80.25,5.8567,4.23,30.28,107.3533,124.8833,91.0167,109.8867,46.8137,272.49,215.67,3.59,6.2267,4.4801,72.2933,66.22,44.0333,50.8633,59.6527,normal r1,normal,0,holdout,525
50.7673,44.0547,66.4447,72.7227,38.06,33.28,76.02,80.45,5.8467,3.9167,30.11,107.1867,125.3333,91.1633,109.6867,47.167,272.8267,215.19,3.5833,5.89,4.4862,72.44,66.3167,43.9233,50.8567,60.184,normal r1,normal,0,holdout,530
48.3643,44.8553,66.7563,70.2677,40.3967,35.41,71.6767,73.6667,3.2033,4.0433,50.6867,108.2367,122.4833,85.96,111.9067,34.7797,268.6333,215.2033,1.81,4.4867,3.182,69.9067,66.5333,44.8933,48.3667,31.4633,normal r1,normal,0,holdout,550
48.7853,45.4503,66.407,69.7167,40.2533,35.2833,71.4333,73.2833,3.45,4.6,53.26,108.7867,122.3333,86.0167,112.8033,34.4977,268.5933,215.0567,1.8367,5.2367,3.0428,69.6167,66.32,45.4967,48.9,29.8633,normal r1,normal,0,holdout,555
48.6623,45.2407,66.608,70.0393,40.7933,35.83,71.7433,73.7667,3.4367,4.0367,51.8467,109.32,122.65,85.6733,113.5033,34.8273,268.54,215.1067,1.9133,4.4967,3.0985,69.8433,66.4567,45.2833,48.7467,30.6923,normal r1,normal,0,holdout,560
50.145,41.5053,79.7127,87.7107,37.4033,32.6933,92.27,108.8333,8.1767,2.45,22.2367,109.2467,129.7667,96.4033,112.6367,69.3743,268.3667,215.07,4.42,3.9167,3.9226,87.8667,79.8433,41.3267,50.3033,77.394,normal r1,normal,0,holdout,580
49.901,40.7763,80.7563,89.3777,36.8667,32.2267,93.6833,111.5667,8.4167,1.9933,21.9733,108.4733,130.1833,97.3,112.1533,73.8903,268.0367,215.0033,4.57,3.72,3.8899,89.1167,80.61,40.6333,50.0033,81.749,normal r1,normal,0,holdout,590
49.838,40.6607,80.7493,89.4653,36.8933,32.21,93.84,111.9833,8.5067,1.9133,22.03,108.2867,130.35,97.3267,111.94,75.037,268.0733,215.1133,4.6,3.5367,3.854,89.2567,80.67,40.4567,49.92,82.254,normal r1,normal,0,holdout,595
49.6847,40.532,80.6693,89.3827,36.6,31.9967,93.66,111.5833,8.4233,2.0067,22.2333,108.1333,130.1833,97.6333,111.9733,74.7983,267.82,215.05,4.6,3.7733,3.8531,89.03,80.5133,40.37,49.7533,81.9693,normal r1,normal,0,holdout,600
47.058,41.1277,80.6663,86.5263,37.5267,32.8267,89.71,103.8833,6.2233,2.52,30.49,107.86,129.2333,95.5567,111.9867,56.126,268.9567,214.7467,3.33,3.4833,3.3226,86.4067,80.6433,41.0067,47.1933,53.047,normal r1,normal,0,holdout,615
47.1233,41.1003,81.0033,86.8987,37.2733,32.5733,89.92,104.2167,6.1233,2.7167,30.51,107.89,129.1333,95.6733,112.1667,56.3487,269.0633,214.9867,3.3567,3.69,3.3633,86.5667,80.8567,40.95,47.2067,53.903,normal r1,normal,0,holdout,620
47.186,41.1907,81.0033,86.9,37.2333,32.5333,89.94,104.3,5.95,2.7767,30.74,107.8767,129.0333,95.5167,112.3433,56.324,269.0167,215.14,3.3733,3.7733,3.3563,86.57,80.8767,41.02,47.2433,53.767,normal r1,normal,0,holdout,625
47.1833,41.186,81.0233,86.9213,37.22,32.51,89.95,104.2833,6.0,2.7767,30.74,107.9433,129.25,95.8767,112.3767,56.3923,268.8767,214.76,3.2967,3.7767,3.3473,86.6,80.8733,40.9867,47.2533,53.6853,normal r1,normal,0,holdout,630
44.192,40.8643,79.9947,83.563,37.9133,33.1467,85.07,95.7,3.79,2.5167,48.57,108.5933,126.21,93.6467,113.6033,42.0017,270.2233,214.6,1.71,2.9,2.4904,83.4167,79.99,40.8133,44.3733,29.7397,normal r1,normal,0,holdout,645
44.446,41.0047,80.7233,84.4017,38.21,33.4067,86.0167,97.3,4.14,2.2967,46.7767,109.3867,128.4167,93.9,114.55,43.4513,269.8367,214.6733,1.72,2.6267,2.4884,84.3133,80.66,40.88,44.5467,30.7517,normal r1,normal,0,holdout,650
44.2787,40.808,80.9367,84.654,38.27,33.47,86.11,97.4833,3.8733,2.1967,46.38,109.9467,127.8467,93.9433,115.12,43.6003,269.7933,214.9133,1.6333,2.3467,2.5091,84.4533,80.78,40.6267,44.3667,31.1143,normal r1,normal,0,holdout,655
44.1227,40.592,80.885,84.6087,38.25,33.46,85.7967,96.9667,3.5133,2.1133,46.23,110.38,128.35,94.0733,115.4233,43.5427,269.9567,214.76,1.4233,2.1767,2.5482,84.4233,80.7567,40.44,44.1933,31.557,normal r1,normal,0,holdout,660
51.4833,40.536,70.244,80.6373,35.4867,30.9733,85.89,97.1333,9.2967,2.5667,20.3933,108.0767,129.22,96.1033,110.9333,74.9203,265.54,215.59,5.5267,4.91,4.6138,80.3833,70.0367,40.3633,51.6367,98.3123,normal r1,normal,0,holdout,690
46.032,39.697,70.0333,76.1783,35.9233,31.36,78.6167,85.9,6.0433,2.5733,28.6333,106.7467,125.3467,93.06,109.4467,49.337,269.5267,214.6833,3.5267,3.72,4.0397,75.9633,69.8367,39.61,46.14,56.681,normal r1,normal,0,holdout,705
45.6987,39.1813,70.2973,76.5447,36.4333,31.84,79.75,86.3167,6.3467,1.6667,27.4333,106.5267,125.6967,93.0067,109.1667,50.0363,269.2367,214.8167,3.29,2.5733,4.1007,76.4433,70.1233,39.03,45.75,58.358,normal r1,normal,0,holdout,710
45.739,39.4453,69.9593,75.998,35.7033,31.17,79.11,85.25,6.0233,2.5867,28.6333,106.36,125.0833,93.1767,109.0267,48.6187,269.2033,214.9367,3.4233,3.7467,4.0764,75.74,69.7133,39.41,45.9,56.3697,normal r1,normal,0,holdout,715
46.08,39.776,69.993,76.043,36.0667,31.47,79.46,85.8667,6.2767,2.4867,28.7667,106.1933,125.1667,92.8933,108.88,49.152,269.2967,214.8033,3.4867,3.6367,4.0359,75.97,69.8767,39.6867,46.2067,56.4197,normal r1,normal,0,holdout,720
43.3733,40.2533,70.0183,73.3447,37.6833,32.9633,74.75,78.4767,3.3267,2.3833,49.72,106.7933,123.5833,89.4933,110.5033,36.1563,270.28,214.8667,1.6667,2.4567,2.7172,73.0533,69.83,40.1367,43.38,27.9417,normal r1,normal,0,holdout,735
43.26,40.1473,69.9747,73.2687,37.6367,32.93,74.76,78.5367,3.42,2.4167,50.0067,107.6967,123.5667,89.58,111.6933,36.1137,269.98,214.8633,1.7133,2.4467,2.7096,73.07,69.7867,40.06,43.3,27.831,normal r1,normal,0,holdout,740
43.212,40.0967,69.974,73.262,37.5667,32.8833,74.78,78.5467,3.34,2.3233,49.98,108.4667,123.6333,89.71,112.5367,36.0703,269.8167,214.4733,1.71,2.4333,2.7104,73.0533,69.8,40.0167,43.2,27.8053,normal r1,normal,0,holdout,745
43.18,40.0753,69.9817,73.262,37.53,32.8567,74.68,78.43,3.2367,2.4067,50.2033,109.0667,123.6,89.55,113.1933,36.0353,269.7033,214.39,1.6933,2.4367,2.7025,73.06,69.8133,40.01,43.1933,27.6973,normal r1,normal,0,holdout,750
49.0153,39.9647,64.352,72.8437,35.3233,30.8267,77.4033,82.6167,8.18,2.7167,23.2567,108.4733,125.2833,93.6533,110.78,57.6503,268.2433,215.1267,4.8833,4.51,4.9497,72.5267,64.17,39.8333,49.0467,81.159,normal r1,normal,0,holdout,770
48.7627,39.7527,64.022,72.482,35.14,30.6367,76.9067,81.95,8.06,2.64,23.3,107.6067,125.05,93.7833,109.6267,57.3007,267.5233,214.9733,4.82,4.5067,4.9515,72.1333,63.7833,39.66,48.8333,80.6953,normal r1,normal,0,holdout,775
48.8353,39.815,63.9057,72.3727,35.09,30.5933,76.8367,81.7833,8.0567,2.65,23.1867,106.8667,124.9667,93.6467,108.82,57.31,267.79,215.16,4.77,4.6133,4.957,72.08,63.7367,39.74,48.8667,80.799,normal r1,normal,0,holdout,780
47.1347,40.5997,64.8957,71.184,35.8367,31.2733,74.18,76.7867,5.6967,3.22,29.22,105.82,123.5,91.3967,107.8133,45.888,267.4667,214.9067,3.4967,4.7433,4.4848,70.68,64.66,40.5633,47.17,58.5143,normal r1,normal,0,holdout,790
46.9897,40.4307,64.872,71.1627,36.21,31.6133,74.44,78.05,5.9233,2.9067,28.91,105.5867,123.8833,91.4367,107.6267,46.5473,268.1533,215.0433,3.5533,4.0733,4.4413,70.9,64.75,40.28,47.0067,58.7967,normal r1,normal,0,holdout,795
46.8507,40.2917,64.8693,71.1707,36.2,31.6033,74.54,78.1167,6.04,2.8133,28.7367,105.42,123.9167,91.4467,107.6267,46.5707,268.1833,214.9433,3.63,3.9033,4.4376,70.9033,64.7433,40.1667,46.8533,58.7793,normal r1,normal,0,holdout,800
46.772,40.2103,64.8417,71.1387,36.2467,31.6467,74.44,78.0533,6.09,2.76,28.73,105.4267,123.7333,91.2567,107.5933,46.578,268.2133,214.92,3.5667,3.8633,4.433,70.8667,64.7267,40.1367,46.8133,58.726,normal r1,normal,0,holdout,805
46.7,40.1393,64.79,71.1027,36.2167,31.6233,74.44,78.02,6.14,2.7033,28.56,105.3133,123.8333,91.48,107.5267,46.5343,268.49,214.93,3.6467,3.8033,4.4362,70.8367,64.65,40.0333,46.8,58.713,normal r1,normal,0,holdout,810
43.7167,40.2727,64.5927,68.1633,36.5533,31.9533,69.9,70.95,3.5867,3.27,47.5633,105.84,120.4167,87.3467,108.7267,34.9977,268.9367,214.8633,1.99,3.6267,3.0969,67.9067,64.4767,40.1667,43.7633,30.8267,normal r1,normal,0,holdout,825
43.497,40.0407,64.578,68.1367,36.5933,32.0,69.9533,71.0833,3.5867,3.0,47.37,106.3533,120.5333,87.4033,109.5667,34.979,268.5767,214.6233,2.1233,3.3833,3.1085,67.87,64.47,40.0067,43.5133,30.9257,normal r1,normal,0,holdout,830
43.3627,39.914,64.5633,68.1113,36.6333,32.03,69.94,71.0667,3.58,2.86,47.3167,106.8533,120.2333,87.21,110.2567,34.969,268.5967,214.9267,2.0467,3.2167,3.1091,67.88,64.4533,39.8933,43.38,30.9227,normal r1,normal,0,holdout,835
43.2827,39.897,64.558,68.0727,36.8933,32.2533,69.74,70.8333,3.33,2.6533,47.6167,107.3067,120.3333,87.0867,110.7067,34.4087,268.5733,214.5333,2.0633,3.0433,3.096,67.7267,64.3933,39.9067,43.37,30.2797,normal r1,normal,0,holdout,840
60.755,51.3967,84.8443,93.5733,41.6667,36.78,97.45,119.05,8.5333,5.71,26.8767,105.9533,164.0967,126.5833,111.8,77.1813,265.1467,215.46,3.67,9.6,3.8265,93.7733,84.76,51.27,60.9533,83.991,normal cf5,normal,0,holdout,30
60.6827,51.0337,85.238,94.359,41.5567,36.65,98.3367,120.8333,8.6833,5.4633,26.7967,107.4233,164.6967,126.52,113.0,80.4203,264.9,215.26,3.93,9.2967,3.7838,94.4,85.05,50.84,60.7567,86.544,normal cf5,normal,0,holdout,35
60.552,50.808,85.394,94.696,41.3967,36.5033,98.7,121.55,8.8367,5.4033,27.0733,108.46,164.3967,128.95,114.0167,81.9903,264.5033,215.1867,4.0567,9.2633,3.7464,94.6267,85.2033,50.62,60.6267,87.3607,normal cf5,normal,0,holdout,40
55.5787,49.3847,85.087,91.0787,41.8167,36.9133,94.6333,113.4167,7.27,5.2633,34.21,110.2467,162.69,124.84,115.7533,58.1437,267.1367,214.8533,3.7533,7.5767,3.3533,90.8733,84.8667,49.36,55.66,55.4553,normal cf5,normal,0,holdout,55
55.5267,49.3253,85.136,91.1027,41.8867,37.0,94.6133,113.4167,7.28,5.19,34.0133,110.5333,163.0267,124.8333,116.1233,58.241,267.2667,214.7433,3.7433,7.36,3.3484,90.8867,84.86,49.2933,55.6367,55.465,normal cf5,normal,0,holdout,60
55.5187,49.3173,85.1447,91.12,41.9,36.9867,94.61,113.4,7.2967,5.2067,33.9233,110.78,163.03,125.0633,116.3967,58.2627,267.0,214.9767,3.7333,7.3867,3.351,90.8933,84.8767,49.28,55.6533,55.5287,normal cf5,normal,0,holdout,65
55.58,49.3683,85.1703,91.1173,41.9133,36.9933,94.6767,113.5,7.25,5.2733,34.0433,110.9467,163.44,125.4833,116.61,58.266,267.0933,215.06,3.7267,7.5067,3.3588,90.94,84.9,49.4067,55.7467,55.66,normal cf5,normal,0,holdout,70
54.0573,50.8053,85.39,88.7103,43.55,38.7667,90.5567,105.3167,4.7167,6.41,56.9333,113.3967,162.1167,122.36,120.2067,42.166,267.5733,214.92,2.0333,7.2367,2.4284,88.5,85.21,50.7867,54.1233,29.124,normal cf5,normal,0,holdout,90
53.8547,50.5953,85.3527,88.686,43.7033,38.92,90.5333,105.25,4.6233,6.1267,56.3667,114.33,162.1167,122.22,121.1967,42.2423,268.08,214.8567,2.07,6.84,2.4304,88.42,85.12,50.5133,53.9067,29.1997,normal cf5,normal,0,holdout,95
53.7067,50.4527,85.366,88.68,43.7667,38.9667,90.5233,105.3,4.52,5.92,56.2867,114.9267,162.5233,122.52,121.9867,42.254,268.1533,215.0967,2.1,6.6467,2.4263,88.43,85.14,50.43,53.81,29.1583,normal cf5,normal,0,holdout,100
59.7263,50.5447,73.7,82.504,41.1867,36.2867,87.9933,100.7333,9.2633,5.7467,26.2033,114.32,161.8167,124.7,119.22,64.203,265.2067,215.3733,5.49,9.1533,4.5112,82.46,73.72,50.3433,59.9267,82.4057,normal cf5,normal,0,holdout,115
60.0247,50.4287,74.4387,83.5147,40.8467,35.9233,89.1267,102.7567,9.7633,5.76,24.65,112.77,161.9267,125.4267,116.94,66.5143,264.7967,215.22,5.7133,9.5167,4.5488,83.4367,74.48,50.3367,60.2367,86.052,normal cf5,normal,0,holdout,120
60.2153,50.3593,74.8283,84.127,40.74,35.7733,89.7567,103.9833,9.9467,5.6,24.31,111.5133,161.95,125.68,115.4833,68.2063,264.7633,215.42,5.79,9.4967,4.5613,83.9967,74.78,50.2633,60.34,88.4833,normal cf5,normal,0,holdout,125
60.19,50.2253,74.906,84.316,40.6667,35.6733,89.99,104.3333,9.9733,5.5467,24.1067,110.48,161.63,125.2267,114.51,68.8353,264.5267,215.32,5.8367,9.4667,4.565,84.1433,74.8567,50.1633,60.31,89.3727,normal cf5,normal,0,holdout,130
56.5777,50.551,75.44,81.1873,41.95,37.0567,84.36,94.3833,6.19,6.3133,35.8533,109.4267,159.9167,121.7633,113.8933,49.0167,265.7467,214.9,3.38,8.54,3.8693,80.9667,75.3733,50.5167,56.7433,53.9403,normal cf5,normal,0,holdout,150
56.3333,50.319,75.4653,81.234,42.1433,37.2567,84.34,94.35,6.0733,6.0433,35.4467,109.54,160.2667,122.17,114.1067,49.0927,265.46,215.2567,3.3433,8.1467,3.8653,80.98,75.4,50.3033,56.5367,53.9697,normal cf5,normal,0,holdout,155
56.2387,50.1943,75.4027,81.1673,42.0667,37.1567,84.22,94.1667,6.0167,5.9567,35.4833,109.6467,159.9,121.8267,114.25,49.064,266.19,215.1033,3.3567,8.12,3.8787,80.91,75.3133,50.1833,56.4333,54.1273,normal cf5,normal,0,holdout,160
53.1097,50.4873,75.3383,78.0657,43.6367,38.8167,79.54,85.9833,3.36,6.35,64.6367,111.18,157.9167,118.0633,117.15,34.3467,266.2833,215.0333,1.7433,6.8967,2.406,77.83,75.2167,50.5333,53.2033,23.4743,normal cf5,normal,0,holdout,175
53.1607,50.4873,75.4493,78.1853,43.5133,38.6933,79.88,86.5333,3.53,6.5333,64.9767,112.5367,158.2333,118.22,118.85,34.8303,266.4967,215.09,1.8233,6.9633,2.415,78.0733,75.38,50.5,53.2667,23.924,normal cf5,normal,0,holdout,180
53.1473,50.4593,75.568,78.311,43.82,39.0267,80.0,86.7167,3.5567,6.21,64.99,113.6067,158.3833,118.0933,119.9533,34.982,266.3633,214.91,1.75,6.6167,2.4158,78.2433,75.56,50.44,53.25,24.0373,normal cf5,normal,0,holdout,185
53.1287,50.454,75.677,78.4207,43.89,39.1133,80.12,86.9167,3.6633,6.2033,64.7833,114.4533,157.95,117.7767,120.7667,35.0393,266.2967,215.2667,1.7467,6.57,2.4038,78.3367,75.64,50.42,53.2533,23.955,normal cf5,normal,0,holdout,190
58.6017,50.1737,69.3973,77.309,40.7733,35.8167,81.94,90.14,7.8733,6.1067,28.6667,114.0367,158.9833,122.24,118.2833,55.4677,265.78,215.4667,4.8967,9.2067,4.7955,77.05,69.1567,49.99,58.6767,75.6477,normal cf5,normal,0,holdout,205
58.0593,49.678,68.8613,76.7273,40.48,35.48,81.3467,89.0333,7.82,5.9667,28.0467,112.4267,158.9167,122.5333,115.9633,54.9517,265.8667,215.46,4.8367,9.0667,4.8143,76.5067,68.6467,49.51,58.1467,75.2423,normal cf5,normal,0,holdout,210
57.7057,49.3363,68.5547,76.328,40.2467,35.2367,80.96,88.3833,7.9367,5.8267,27.92,111.0033,158.2833,122.2267,114.3867,54.7177,265.89,215.2467,4.82,8.9033,4.823,76.1567,68.3567,49.1733,57.85,75.0573,normal cf5,normal,0,holdout,215
57.3893,49.1053,68.3003,76.0763,40.0733,35.0867,80.71,87.9667,7.88,5.7,27.8633,109.9433,158.5333,122.5967,113.1633,54.5313,266.2967,215.2,4.84,8.84,4.7903,75.8967,68.0867,48.8833,57.5233,74.295,normal cf5,normal,0,holdout,220
56.084,50.2233,65.4727,70.8877,41.1367,36.2467,73.81,77.0333,5.45,6.8033,37.78,108.3,156.9867,119.1767,111.61,41.7253,270.4967,215.05,3.29,9.0633,4.4246,70.5467,65.2967,50.2267,56.2133,52.5097,normal cf5,normal,0,holdout,235
56.0007,50.1213,65.414,70.7887,41.0933,36.2,73.75,76.8667,5.52,6.7867,37.68,108.1067,155.9667,118.7,111.5433,41.6933,270.7967,215.17,3.24,9.0067,4.4452,70.48,65.2667,50.1033,56.1233,52.7113,normal cf5,normal,0,holdout,240
55.9727,50.1,65.3927,70.7527,41.17,36.2633,73.75,77.7367,5.48,6.74,37.61,107.9767,156.4833,119.0833,111.48,41.7153,270.4533,215.0033,3.2533,8.9433,4.4341,70.4967,65.2467,50.1133,56.0833,52.6087,normal cf5,normal,0,holdout,245
55.9553,50.0973,65.394,70.7473,41.1033,36.1833,73.79,77.0,5.54,6.75,37.5733,107.85,154.8967,118.4833,111.3233,41.6927,270.43,214.9733,3.3233,9.0233,4.4247,70.4667,65.24,50.1367,56.0833,52.4677,normal cf5,normal,0,holdout,250
53.5327,50.1783,62.9073,66.1723,41.9833,37.09,67.8867,68.2167,3.23,7.2467,56.9667,108.2667,151.6733,114.33,112.4,32.3813,268.71,215.1133,2.0467,8.25,3.264,65.8533,62.69,50.2467,53.6267,30.0547,normal cf5,normal,0,holdout,265
53.4087,49.9853,62.9487,66.2487,42.3033,37.4133,68.2333,68.6667,3.64,6.7733,56.5,108.6467,152.3233,114.47,113.1933,32.7833,268.5033,214.7833,2.2633,7.6933,3.2892,66.0233,62.78,49.9967,54.2767,30.667,normal cf5,normal,0,holdout,270
53.3487,49.936,62.9593,66.2593,42.2967,37.3867,68.1533,68.5833,3.5867,6.7467,56.49,109.0533,152.5433,114.8967,113.7067,32.7873,268.6267,215.0267,2.16,7.6567,3.2817,66.02,62.78,49.9533,53.39,30.6033,normal cf5,normal,0,holdout,275
53.354,49.94,62.986,66.266,42.3367,37.44,68.3133,68.7333,3.69,6.74,56.36,109.3467,151.8167,114.8833,114.0267,32.8103,268.4333,215.0767,2.2167,7.6233,3.2818,66.0767,62.84,49.9367,53.3867,30.623,normal cf5,normal,0,holdout,280
55.7153,46.8097,84.548,92.882,39.7733,34.8,96.2767,116.7067,7.6833,3.86,26.0433,109.0333,163.29,128.7567,113.2833,76.2003,268.19,215.04,3.2233,6.94,3.682,93.06,84.54,46.7533,55.9667,79.795,normal cf5,normal,0,holdout,305
55.4663,46.4077,85.0573,93.679,39.5533,34.6233,96.9,117.9667,7.5633,3.7033,26.65,109.0267,163.37,127.1133,113.7367,79.0653,267.8067,214.98,3.36,6.64,3.6083,93.58,84.8233,46.22,55.4967,81.1383,normal cf5,normal,0,holdout,310
55.4103,46.3437,85.1633,93.8677,39.5533,34.64,97.1567,118.45,7.6133,3.6233,26.7,109.1467,163.3967,127.3,114.11,79.413,267.68,215.3533,3.41,6.7167,3.6011,93.75,84.9,46.2467,55.61,81.336,normal cf5,normal,0,holdout,315
55.647,46.5707,85.2157,93.9443,39.6767,34.7133,97.5,119.1667,7.9267,3.7733,26.5367,109.3333,163.49,128.92,114.41,79.4783,267.7133,215.38,3.71,6.76,3.6032,93.8133,84.97,46.4033,55.8,81.451,normal cf5,normal,0,holdout,320
51.0167,44.9443,85.4103,91.3653,39.3333,34.44,94.74,113.6167,6.9167,3.6633,32.97,109.7,161.6133,126.3033,114.9,59.6387,269.2567,214.9933,3.5,5.5033,3.206,91.2333,85.2967,44.8167,51.03,54.3813,normal cf5,normal,0,holdout,335
50.758,44.67,85.466,91.4247,39.44,34.53,94.66,113.45,6.7267,3.4367,32.6333,109.7267,161.4967,126.16,115.0133,59.7877,268.78,214.7167,3.3933,5.1,3.2041,91.22,85.2433,44.5633,50.7833,54.4843,normal cf5,normal,0,holdout,340
50.5593,44.466,85.4487,91.4033,39.3633,34.4467,94.5467,113.25,6.6067,3.4067,32.4567,109.8567,161.3333,126.0533,115.1533,59.6623,268.5933,214.86,3.41,5.0267,3.2121,91.1667,85.2333,44.3567,50.5933,54.506,normal cf5,normal,0,holdout,345
50.5523,44.4793,85.3633,91.2887,39.26,34.3667,94.5,113.15,6.6233,3.3867,32.59,109.87,161.5967,126.5067,115.2,59.5377,269.1733,214.81,3.46,5.09,3.2073,91.0333,85.16,44.39,50.6133,54.3107,normal cf5,normal,0,holdout,350
48.9243,45.6043,85.143,88.61,40.7867,35.84,90.0633,104.4833,3.9833,4.1833,51.7,110.7533,160.2833,123.4033,117.0167,43.199,269.5267,214.5167,1.9067,4.8833,2.4168,88.1233,84.7933,45.6567,49.0367,29.6783,normal cf5,normal,0,holdout,365
49.17,45.84,85.044,88.5333,40.8867,35.97,90.3267,104.9333,4.4567,4.2333,51.77,111.48,160.65,123.4833,117.93,43.7973,269.5067,214.97,2.0633,4.91,2.3953,88.25,84.83,45.8167,49.2467,29.8383,normal cf5,normal,0,holdout,370
49.166,45.824,85.0893,88.5653,40.9733,36.0533,90.3033,104.8667,4.5633,4.2067,51.5567,112.06,160.7667,123.7133,118.5,43.8357,269.49,214.4433,1.9867,4.8267,2.3963,88.3167,84.85,45.79,49.26,29.8753,normal cf5,normal,0,holdout,375
49.138,45.7747,85.0987,88.58,40.98,36.0867,90.3567,104.9333,4.4767,4.16,51.5233,112.5067,160.6667,123.33,118.9567,43.845,269.74,214.5967,2.0033,4.72,2.4132,88.3033,84.8433,45.7333,49.1867,30.093,normal cf5,normal,0,holdout,380
56.4233,46.0103,75.7007,85.663,38.1633,33.37,91.6467,107.55,10.19,4.1767,21.8733,110.7467,160.7167,126.8367,114.9933,76.2447,266.49,214.9767,6.2233,7.7767,4.3016,85.4267,75.68,45.91,56.7167,93.2653,normal cf5,normal,0,holdout,400
56.5353,45.8187,76.0153,86.2987,37.76,33.04,92.5,109.2667,10.62,4.1633,21.8533,109.7667,161.05,126.74,113.7767,79.6477,266.39,215.3167,6.4433,7.8267,4.2436,86.0467,75.9667,45.6067,56.69,96.1297,normal cf5,normal,0,holdout,405
56.2693,45.451,76.038,86.43,37.5267,32.82,92.5733,109.4667,10.5167,4.05,22.0467,109.04,161.1,127.5967,112.9933,80.862,266.4867,214.8333,6.46,7.74,4.2104,86.1067,75.9767,45.2667,56.4533,96.833,normal cf5,normal,0,holdout,410
50.9017,43.9907,76.0913,82.7997,38.2467,33.4633,86.16,97.6167,6.45,3.63,28.7333,107.6233,158.7833,124.3467,111.6967,55.36,267.52,214.5267,3.7,5.5567,3.9242,82.4767,76.0,43.8,50.91,61.7877,normal cf5,normal,0,holdout,425
50.7673,43.9853,75.9873,82.6003,38.3367,33.5433,85.98,97.2833,6.4733,3.6433,28.82,107.34,158.8833,124.6267,111.3267,54.9313,267.41,214.71,3.6767,5.5333,3.8841,82.3267,75.9367,43.8433,50.8733,60.6813,normal cf5,normal,0,holdout,430
50.7687,43.98,75.9593,82.5547,38.2933,33.49,85.92,97.1833,6.4433,3.6233,28.8467,107.1467,159.05,124.59,111.1867,54.8947,267.4267,214.3733,3.6467,5.5733,3.8846,82.28,75.9367,43.8533,50.8733,60.6483,normal cf5,normal,0,holdout,435
50.7487,43.9627,75.9633,82.56,38.31,33.4933,85.95,97.2167,6.4567,3.6467,28.84,107.0067,159.2667,124.89,111.04,54.929,267.4233,214.6467,3.6667,5.5233,3.8854,82.29,75.93,43.8467,50.85,60.7027,normal cf5,normal,0,holdout,440
48.4613,45.588,75.4187,78.4593,40.98,36.1,80.11,86.9,3.5467,4.1667,56.75,108.4767,157.7333,120.6,113.77,36.4603,268.7667,214.4933,1.73,4.4567,2.477,78.3133,75.37,45.49,48.4667,25.6853,normal cf5,normal,0,holdout,455
48.3423,45.4713,75.4213,78.4247,41.1367,36.2367,80.18,87.0167,3.66,4.02,57.11,109.8,157.5833,120.2,115.3767,36.4603,268.4567,214.4067,1.8667,4.2433,2.4711,78.29,75.3533,45.3667,48.3533,25.6253,normal cf5,normal,0,holdout,460
48.2303,45.3687,75.4347,78.4353,41.2033,36.3033,80.13,86.95,3.7133,3.9267,57.0,110.95,157.5667,120.05,116.54,36.4993,268.1933,214.7867,1.7867,4.11,2.4671,78.35,75.38,45.3267,48.28,25.6117,normal cf5,normal,0,holdout,465
48.158,45.306,75.4227,78.4193,41.23,36.3333,80.09,86.85,3.6533,3.8867,57.13,111.8867,157.8833,120.48,117.3567,36.4663,268.0433,214.5867,1.7867,4.03,2.459,78.3167,75.36,45.2533,48.2167,25.5023,normal cf5,normal,0,holdout,470
54.6107,44.8493,69.6927,78.829,37.2033,32.5033,84.0333,93.8167,8.6233,4.2433,23.25,110.5167,158.7667,125.35,113.7933,64.6683,266.53,215.1467,5.42,7.59,4.7574,78.6267,69.5333,44.78,54.6733,87.5037,normal cf5,normal,0,holdout,490
54.52,44.7893,69.5817,78.6793,37.11,32.4167,83.8867,93.5333,8.6667,4.2533,23.1467,109.18,159.0333,126.1,112.2767,64.349,266.47,214.8067,5.42,7.6267,4.7582,78.5,69.44,44.7333,54.5933,87.0847,normal cf5,normal,0,holdout,495
54.4813,44.7693,69.5453,78.65,37.1,32.4033,83.89,93.55,8.7733,4.2467,23.08,108.1933,158.8,125.8,111.18,64.35,266.9333,215.1067,5.42,7.61,4.7555,78.47,69.4267,44.72,54.5833,87.0367,normal cf5,normal,0,holdout,500
51.635,45.0177,66.976,73.2883,38.0733,33.3,76.2133,80.7167,5.5967,4.7433,31.4933,106.54,155.7,121.6267,109.5467,46.4483,270.54,214.7933,3.5233,6.9267,4.4835,72.6833,66.6467,45.0,51.6933,59.2373,normal cf5,normal,0,holdout,515
51.4913,45.0253,66.4073,72.506,37.7667,33.0367,75.5467,79.7167,5.7433,5.01,32.0233,106.34,155.5667,121.5767,109.3467,45.9657,270.46,214.44,3.4,7.1933,4.4176,72.16,66.27,44.92,51.5933,57.7537,normal cf5,normal,0,holdout,520
51.3977,44.8867,66.3567,72.4087,37.7733,33.05,75.56,79.7167,5.83,4.9233,32.0333,106.2133,155.9833,122.0667,109.16,45.944,270.41,214.6367,3.44,7.07,4.4536,72.1233,66.2167,44.8333,51.4933,58.1957,normal cf5,normal,0,holdout,525
51.339,44.8587,66.342,72.3887,37.76,33.0467,75.5367,79.7,5.7667,4.91,31.93,106.1933,155.3167,121.4833,109.14,45.9207,270.3267,214.8267,3.4533,7.0533,4.444,72.1233,66.2067,44.8133,51.4667,58.04,normal cf5,normal,0,holdout,530
48.528,45.0867,66.5657,70.0587,39.6833,34.7367,71.69,73.7,3.3367,4.74,50.8267,106.62,153.6033,117.7167,110.1633,34.6267,267.2267,214.5533,2.04,5.3433,3.1245,69.6833,66.3533,45.0833,48.5833,30.77,normal cf5,normal,0,holdout,545
48.6823,45.2953,66.3607,69.7443,39.8367,34.8567,71.6367,73.5833,3.7767,4.8067,52.9967,108.06,152.6667,117.3767,112.3333,34.5883,267.3667,214.39,2.1,5.44,3.0758,69.57,66.2167,45.2533,48.72,30.2577,normal cf5,normal,0,holdout,555
48.5053,45.1473,66.3567,69.758,39.8767,34.8967,71.6533,73.6,3.7467,4.7233,52.5533,108.5733,154.58,118.0467,112.9167,34.6243,267.4167,214.5867,2.11,5.2033,3.0506,69.5667,66.1733,45.0867,48.6133,30.0407,normal cf5,normal,0,holdout,560
49.6457,41.022,79.9833,88.062,36.5133,31.9167,90.7633,105.8,5.85,2.1767,24.3133,108.1633,160.3833,127.9433,111.51,70.6483,268.1,214.7233,2.7533,4.21,3.8381,88.06,79.9867,40.73,49.7133,77.1143,normal cf5,normal,0,holdout,580
49.4867,40.7473,80.2913,88.6317,36.3433,31.7433,91.2267,106.6833,5.9,1.45,24.5433,107.5933,160.3667,127.8067,111.1833,72.5697,267.7,214.5933,2.8967,4.1267,3.787,88.35,80.21,40.4367,49.5467,78.159,normal cf5,normal,0,holdout,585
49.316,40.532,80.302,88.736,36.1833,31.5833,92.5767,109.4167,7.2233,1.26,23.3333,107.2067,160.7,127.5467,111.02,73.147,267.9833,215.0533,4.17,4.1167,3.7822,88.4,80.1867,40.2967,49.4233,78.6837,normal cf5,normal,0,holdout,590
49.2147,40.444,80.266,88.729,36.22,31.62,93.18,110.6,7.8233,1.12,22.7033,107.02,160.5,128.0033,110.9533,73.239,267.8533,214.5767,4.79,4.0,3.7644,88.3867,80.1867,40.2033,49.2933,78.412,normal cf5,normal,0,holdout,595
49.1473,40.368,80.174,88.6427,36.1033,31.4967,93.1067,110.4667,7.83,1.06,22.5867,106.84,160.4,127.97,110.7933,73.374,268.01,214.88,4.8333,4.0533,3.7695,88.2767,80.0667,40.1533,49.2,78.663,normal cf5,normal,0,holdout,600
46.5183,40.1003,81.2987,87.6413,36.5533,31.9333,90.3933,105.09,5.7933,1.99,28.66,106.7533,159.15,126.2767,110.74,58.5503,268.19,214.1833,3.3733,3.3367,3.4407,87.01,81.0,39.93,46.37,57.281,normal cf5,normal,0,holdout,610
46.5523,40.6323,80.6423,86.524,36.3267,31.7233,89.5,103.5133,5.8967,2.99,30.83,106.8,159.2667,126.5967,110.9133,56.1563,268.2033,214.7967,3.29,4.19,3.3177,86.2333,80.5633,40.5033,46.72,52.9883,normal cf5,normal,0,holdout,615
46.864,40.8633,80.982,86.8947,36.6067,31.9933,89.95,104.25,5.9367,3.0067,30.6767,106.7933,159.05,127.0167,111.1,56.7977,268.3533,214.9733,3.3433,4.04,3.3289,86.6067,80.8467,40.6333,46.8667,53.7757,normal cf5,normal,0,holdout,620
46.848,40.822,81.022,86.9673,36.6133,32.01,89.97,104.2333,5.9767,2.98,30.7533,106.8267,159.2667,126.5867,111.2567,56.8717,268.11,214.5133,3.23,3.98,3.3318,86.6767,80.87,40.6133,46.86,53.894,normal cf5,normal,0,holdout,625
46.792,40.7727,81.0073,86.9483,36.5933,31.9833,90.03,104.4333,5.9667,2.9533,30.77,106.9533,159.0667,126.4733,111.47,56.9057,268.3167,214.2867,3.3333,3.9267,3.3224,86.6767,80.8633,40.5333,46.8067,53.7737,normal cf5,normal,0,holdout,630
43.496,39.9087,80.6597,84.4613,37.59,32.8867,85.8833,97.0667,3.82,2.1933,45.4767,107.62,158.55,124.8233,112.89,43.65,269.4233,214.4633,1.7233,2.2667,2.5866,84.1533,80.4667,39.86,43.4933,32.111,normal cf5,normal,0,holdout,645
43.5127,40.01,80.5147,84.224,37.5033,32.81,85.96,97.2,4.23,2.4033,46.23,108.23,157.5167,123.8,113.66,43.4663,269.1833,214.3033,1.8633,2.4133,2.5315,84.0467,80.43,39.9367,43.6,31.295,normal cf5,normal,0,holdout,650
43.642,40.1773,80.5493,84.244,37.5,32.7967,85.97,97.2667,4.2733,2.4567,46.61,108.7667,157.65,123.7467,114.27,43.4757,269.32,214.05,1.8933,2.6133,2.4953,84.08,80.4433,40.0967,43.76,30.8547,normal cf5,normal,0,holdout,655
43.766,40.3017,80.5853,84.2877,37.5,32.7933,86.02,97.35,4.3433,2.59,46.79,109.14,158.3833,124.4367,114.7467,43.5947,268.9767,214.45,1.91,2.6767,2.4991,84.14,80.47,40.16,43.8667,30.9857,normal cf5,normal,0,holdout,660
51.5577,41.2983,69.9603,79.6933,35.1233,30.6267,85.28,95.9833,8.7167,3.1767,21.1167,107.8933,157.9833,127.5433,111.3967,71.2537,265.7433,214.6933,5.6667,5.8933,4.5291,79.61,69.85,41.0367,51.77,91.7837,normal cf5,normal,0,holdout,680
51.5273,40.811,70.3927,80.5673,34.8567,30.4033,86.21,97.6833,8.8833,2.6167,20.7033,106.98,158.1667,127.1,110.2533,74.9763,265.4167,215.0933,5.8067,5.6267,4.504,80.4267,70.2567,40.5,51.6267,96.0413,normal cf5,normal,0,holdout,685
51.315,40.4293,70.3987,80.7347,34.8933,30.4467,86.35,97.9167,8.98,1.2,20.6533,106.4733,158.1833,130.09,109.56,76.6237,265.45,214.7,5.87,5.2533,4.4698,80.4967,70.2267,40.1733,51.34,97.409,normal cf5,normal,0,holdout,690
45.7847,39.3007,70.994,77.296,35.2067,30.7033,80.89,88.2167,6.3067,2.6933,27.6333,105.4133,154.6633,123.8,108.58,51.171,268.49,214.55,3.87,3.9667,3.9824,77.01,70.7967,39.1667,45.8933,57.96,normal cf5,normal,0,holdout,705
45.7287,39.2287,71.0493,77.308,35.6467,31.1233,80.94,88.2833,6.31,2.3867,27.65,105.2,155.95,123.7,108.3667,50.972,268.2467,214.23,3.8167,3.4633,4.0026,77.11,70.81,39.1,45.85,58.0253,normal cf5,normal,0,holdout,710
46.1173,39.7027,70.9893,77.1453,35.1733,30.67,80.75,88.0167,6.24,3.0867,28.45,105.06,155.6833,124.1367,108.2667,50.815,268.35,214.34,3.7367,4.4733,3.9627,77.0067,70.8367,39.64,46.2833,57.2733,normal cf5,normal,0,holdout,715
46.2593,39.7507,71.1547,77.3493,35.2233,30.7367,81.04,88.4667,6.2867,3.07,28.3033,105.0,155.7333,124.23,108.2067,51.238,268.1533,214.62,3.83,4.4067,3.9906,77.18,70.9767,39.64,46.33,58.154,normal cf5,normal,0,holdout,720
43.502,40.3243,71.085,74.457,37.2433,32.5567,75.6633,79.9167,3.02,2.7833,49.5733,106.0667,154.7,120.9467,110.1867,36.5027,269.0867,213.8667,1.57,3.0367,2.7272,74.1033,70.76,40.2667,43.5733,28.31,normal cf5,normal,0,holdout,735
43.8207,40.6603,70.9073,74.2097,37.2333,32.5367,75.8567,80.1833,3.5967,2.9733,49.77,106.9867,154.5,120.8133,111.4133,36.8653,269.24,214.4933,1.7233,3.2767,2.6918,74.1367,70.79,40.5267,43.8667,28.2247,normal cf5,normal,0,holdout,740
43.7927,40.6133,71.1653,74.4987,37.4467,32.7667,76.16,80.65,3.64,2.81,50.04,107.8433,155.57,120.9667,112.2833,37.0823,268.87,214.12,1.7267,3.0067,2.6876,74.4,71.0,40.4767,43.83,28.3467,normal cf5,normal,0,holdout,745
43.7487,40.56,71.204,74.544,37.5233,32.8133,76.17,80.6833,3.5633,2.7867,49.82,108.5733,155.2,121.4833,112.98,37.0973,269.1667,214.64,1.6967,2.9233,2.701,74.4633,71.0567,40.4367,43.83,28.4983,normal cf5,normal,0,holdout,750
50.086,40.472,66.5133,75.5747,34.69,30.2867,80.92,88.2667,8.3467,3.1267,21.85,107.5767,156.2,125.39,110.2667,63.2783,267.0233,214.7633,5.4767,5.6267,4.781,75.48,66.43,40.3233,50.2767,86.0427,normal cf5,normal,0,holdout,770
50.4243,40.5587,66.911,76.12,34.5367,30.1367,81.53,89.3667,8.4267,3.19,21.6733,106.7133,157.3333,126.3667,109.26,64.8907,267.25,214.9667,5.4767,5.8367,4.7889,76.0433,66.7733,40.39,50.5067,88.3817,normal cf5,normal,0,holdout,775
50.4337,40.5373,67.0967,76.3227,34.5533,30.16,81.61,89.5667,8.26,3.15,21.67,105.98,157.2833,126.3567,108.6133,65.0273,267.2033,214.9733,5.4167,5.8133,4.7941,76.1933,66.9167,40.38,50.5267,88.665,normal cf5,normal,0,holdout,780
46.8893,39.877,66.4563,73.2637,35.6,31.0733,76.5733,81.3167,5.9233,2.8133,27.6133,104.9,155.5167,123.47,107.5067,49.5093,267.1567,214.6933,3.81,4.1933,4.4572,72.7167,66.1567,39.7733,46.84,62.765,normal cf5,normal,0,holdout,795
46.7427,39.902,66.065,72.6397,35.6533,31.1533,76.09,80.5667,6.1767,2.7767,27.6967,103.8933,155.8367,123.0133,107.3533,48.906,267.7467,214.6567,3.7967,4.1767,4.4001,72.29,65.8867,39.81,46.8,61.205,normal cf5,normal,0,holdout,800
46.7213,39.8793,66.0307,72.582,35.62,31.1133,76.04,80.45,6.1267,2.87,27.7367,104.6533,154.9333,123.1533,107.24,48.8597,267.7033,214.6133,3.79,4.1767,4.4042,72.2567,65.8667,39.7933,46.8,61.2027,normal cf5,normal,0,holdout,805
46.7173,39.938,65.992,72.4873,35.7067,31.18,75.9,80.25,6.08,2.7433,27.9533,104.6,154.7333,122.7167,107.2267,48.435,267.6633,214.4067,3.75,4.1367,4.3973,72.14,65.8333,39.8533,46.82,60.5747,normal cf5,normal,0,holdout,810
44.2393,40.6333,66.3207,70.101,37.2233,32.54,72.16,74.45,3.94,2.91,45.8767,105.9733,151.9267,119.1167,109.6,36.5987,267.4433,214.5633,2.31,3.2167,3.0968,69.8967,66.2033,40.45,44.28,32.2363,normal cf5,normal,0,holdout,830
44.04,40.4413,66.3127,70.036,37.1567,32.4533,72.07,74.2667,4.0233,2.9033,45.7433,106.5333,153.36,119.7067,110.31,36.5317,267.5833,214.7033,2.2567,3.16,3.0972,69.7833,66.1467,40.3067,44.0733,32.182,normal cf5,normal,0,holdout,835
43.9683,40.3987,66.3073,70.0277,37.18,32.4733,72.08,74.3333,4.09,2.8767,45.7,106.9733,154.04,119.68,110.74,36.519,267.6133,214.2433,2.3233,3.05,3.0731,69.7833,66.1433,40.2233,44.0133,31.9193,normal cf5,normal,0,holdout,840
60.5693,50.936,85.1797,94.2517,42.14,37.2367,98.1167,120.4,8.5467,5.1633,26.2,107.4933,159.6167,121.6167,113.5533,78.76,265.7433,215.5633,3.8367,8.6633,3.8612,94.2833,84.9667,50.81,60.6467,86.4937,normal cf6,normal,0,holdout,25
60.5173,50.824,85.2993,94.4827,41.8067,36.91,98.49,121.05,8.8,5.0867,26.2267,108.7467,159.55,121.8567,114.36,80.0193,266.06,215.79,4.03,8.9233,3.8287,94.44,85.1067,50.7267,60.6,87.1347,normal cf6,normal,0,holdout,30
60.7027,50.972,85.446,94.7597,41.7767,36.87,98.8867,121.8833,8.88,5.2033,26.4267,109.5133,159.6,122.0667,114.8467,81.4783,265.8533,215.75,4.1067,9.0,3.7746,94.7733,85.2767,50.8033,60.8567,87.4673,normal cf6,normal,0,holdout,35
60.4907,50.6643,85.4767,94.938,41.6033,36.7,99.04,122.2167,9.0833,5.1467,26.53,110.0733,158.55,121.5833,115.2367,82.8237,265.5133,215.38,4.2033,8.8,3.7436,94.8467,85.28,50.3733,60.58,88.1857,normal cf6,normal,0,holdout,40
55.938,49.7997,85.012,90.9483,41.9833,37.0767,94.5067,113.2,7.3667,5.4833,34.72,110.8467,156.4667,118.4167,115.9633,57.7397,268.27,215.2667,3.75,7.81,3.3535,90.7767,84.8433,49.7433,56.1033,55.0753,normal cf6,normal,0,holdout,55
55.7593,49.546,85.1323,91.0933,42.0333,37.13,94.67,113.5,7.2967,5.26,34.1667,111.0133,156.5,118.52,116.2467,58.0923,268.19,215.3033,3.7667,7.51,3.3724,90.89,84.8767,49.54,55.8933,55.7203,normal cf6,normal,0,holdout,60
55.6267,49.3983,85.1477,91.1387,42.1433,37.2367,94.7067,113.55,7.2633,5.09,33.89,111.1867,156.7,118.4967,116.41,58.2027,267.8967,215.3567,3.7867,7.2667,3.3779,90.9333,84.9167,49.4133,55.7667,55.9163,normal cf6,normal,0,holdout,65
55.635,49.423,85.1147,91.092,42.0567,37.16,94.5867,113.35,7.2367,5.1833,33.97,111.32,156.7,118.6367,116.55,58.1337,268.24,215.3667,3.71,7.3733,3.3755,90.8767,84.88,49.4633,55.78,55.8107,normal cf6,normal,0,holdout,70
53.9217,50.6993,85.3747,88.7003,43.65,38.8567,90.66,105.55,4.7567,6.0667,55.77,112.3233,161.5833,121.4533,118.4633,42.5307,268.8,214.96,2.0967,7.0,2.3852,88.5767,85.2533,50.68,54.0467,28.8593,normal cf6,normal,0,holdout,85
53.5663,50.2613,85.4393,88.8287,43.6533,38.86,90.5467,105.3833,4.62,5.7933,55.3767,113.3667,161.65,121.7967,119.9233,42.6277,268.8067,214.8533,2.0067,6.5933,2.4397,88.5733,85.24,50.25,52.76,29.58,normal cf6,normal,0,holdout,90
53.3433,50.0493,85.354,88.7243,43.5833,38.78,90.5,105.2167,4.5133,5.73,55.3967,114.2067,162.0667,122.1633,120.8833,42.5807,268.64,215.1233,2.0633,6.4433,2.4383,88.42,85.1033,50.0233,53.35,29.5297,normal cf6,normal,0,holdout,95
53.1727,49.8907,85.3447,88.7053,43.6133,38.8367,90.53,105.2833,4.6933,5.53,55.2467,114.8533,162.1833,122.36,121.6233,42.557,268.6967,214.9233,2.0633,6.2533,2.4285,88.4633,85.1733,49.8667,53.2567,29.3923,normal cf6,normal,0,holdout,100
59.686,50.59,73.5723,82.323,41.28,36.37,87.7767,100.3833,9.1667,5.68,27.2333,114.27,161.4467,124.3133,118.9267,63.555,265.3467,214.9733,5.4833,9.13,4.5053,82.2667,73.59,50.4067,59.8867,81.4653,normal cf6,normal,0,holdout,115
60.0707,50.5567,74.3553,83.3693,41.0367,36.1333,89.0133,102.5433,9.6733,5.7,24.65,112.7967,161.78,124.8867,116.8267,65.9767,265.0367,215.5567,5.6967,9.4133,4.5523,83.31,74.3933,50.4433,60.2967,85.4193,normal cf6,normal,0,holdout,120
60.3407,50.5087,74.8873,84.1657,40.88,35.9767,89.8533,104.15,9.8667,5.6533,24.3,111.4867,161.6833,124.97,115.3367,68.124,264.8967,215.4933,5.8133,9.5033,4.5569,84.0367,74.8533,50.3633,60.5033,88.2923,normal cf6,normal,0,holdout,125
60.306,50.3137,75.01,84.464,40.78,35.8333,90.24,104.7333,10.06,5.5533,23.8733,110.52,161.9633,125.45,114.4133,68.9853,265.0567,215.1567,5.93,9.4333,4.5672,84.2633,74.9567,50.2133,60.46,89.6083,normal cf6,normal,0,holdout,130
56.774,50.792,75.4307,81.1527,41.9967,37.1,84.33,94.3667,6.33,6.5267,35.9867,109.46,160.35,122.4267,113.8533,48.656,265.8233,214.99,3.41,8.82,3.8739,80.94,75.3867,50.8,56.94,53.6103,normal cf6,normal,0,holdout,150
56.6847,50.673,75.5347,81.2847,42.1767,37.2733,84.47,94.5667,6.2967,6.1967,35.6267,109.6067,160.4833,122.2533,113.96,48.914,265.73,215.32,3.32,8.5,3.8761,81.13,75.54,50.68,56.8633,53.924,normal cf6,normal,0,holdout,155
56.6807,50.6627,75.7153,81.426,42.23,37.3333,84.64,94.85,6.27,6.1933,35.48,109.6933,160.45,122.2533,114.1067,48.9757,265.7233,214.6267,3.3233,8.4067,3.8631,81.2667,75.68,50.6333,56.8767,53.81,normal cf6,normal,0,holdout,160
53.0233,50.329,75.488,78.2707,44.0667,39.2633,79.95,86.6667,3.5833,5.9033,64.02,112.5233,158.8167,118.4,118.6733,35.0443,266.42,214.8867,1.7533,6.2467,2.4211,78.2133,75.4733,50.3267,53.1167,24.1323,normal cf6,normal,0,holdout,180
52.8147,50.1307,75.5267,78.3167,44.0767,39.2767,79.96,86.7167,3.5167,5.7233,63.7067,113.6233,158.8667,118.4067,119.76,35.0493,266.3967,214.84,1.78,6.02,2.4069,78.2333,75.5133,50.1233,52.88,23.9927,normal cf6,normal,0,holdout,185
52.7387,50.092,75.5647,78.3453,44.0933,39.2933,80.14,86.9667,3.65,5.6333,63.48,114.3367,158.55,117.91,120.43,35.0473,266.55,214.7067,1.8267,5.9867,2.3712,78.28,75.53,50.0933,52.8333,23.636,normal cf6,normal,0,holdout,190
58.5887,50.0993,69.4863,77.4607,41.1333,36.23,82.2467,90.72,8.02,5.7533,28.0767,113.8567,159.6333,122.7067,118.1267,55.8043,265.4,215.3567,4.9833,8.8767,4.7997,77.2667,69.29,49.9733,58.6767,76.1723,normal cf6,normal,0,holdout,205
58.111,49.6213,69.0503,77.016,40.8033,35.8467,81.5767,89.4833,7.9133,5.6467,27.69,112.3433,159.4,122.7367,115.87,55.3167,265.9467,215.34,4.8067,8.74,4.8413,76.7633,68.8767,49.5333,58.1967,76.1693,normal cf6,normal,0,holdout,210
57.6237,49.2053,68.6583,76.5167,40.5933,35.5833,81.1833,88.7333,7.9967,5.4933,27.44,110.9433,159.9833,123.3967,114.3467,55.0043,266.2367,214.93,4.87,8.5467,4.8182,76.3467,68.46,49.1,57.7267,75.3763,normal cf6,normal,0,holdout,215
57.3007,48.9367,68.398,76.2263,40.4533,35.47,80.84,88.1167,7.8767,5.3533,27.4533,109.8133,159.15,122.93,113.1633,54.5153,266.29,215.51,4.8,8.4,4.8456,76.0267,68.22,48.8733,57.42,75.1237,normal cf6,normal,0,holdout,220
56.4743,50.105,66.0477,71.9967,40.76,35.8167,74.8133,78.58,5.53,6.5933,36.08,108.44,157.0333,120.3867,111.7933,43.5453,269.7233,215.49,3.3467,9.19,4.6194,71.4233,65.78,49.96,56.2867,57.2077,normal cf6,normal,0,holdout,230
55.926,50.135,65.3397,70.668,40.8367,35.8667,73.46,76.4,5.3633,7.0367,38.0133,108.1,156.2333,119.3067,111.41,41.1137,270.61,215.2067,3.1767,9.3867,4.4428,70.2733,65.14,50.2233,56.14,51.952,normal cf6,normal,0,holdout,235
56.0407,50.3127,65.2873,70.4963,40.6933,35.7167,73.54,76.55,5.6667,7.3267,38.5833,107.87,156.5667,120.12,111.2067,41.1473,270.6067,214.9567,3.22,9.6167,4.3888,70.2833,65.1,50.3533,56.22,51.3617,normal cf6,normal,0,holdout,240
56.07,50.311,65.3473,70.5613,40.7467,35.7767,73.61,77.52,5.6033,7.2267,38.4567,107.82,156.65,119.5567,111.2133,41.3087,270.1233,214.8567,3.27,9.54,4.3927,70.3433,65.1933,50.32,56.2333,51.6093,normal cf6,normal,0,holdout,245
56.0127,50.1693,65.4087,70.738,40.74,35.7933,73.75,76.9,5.6367,7.13,37.9467,107.7633,156.85,120.1567,111.22,41.6113,270.1733,215.1733,3.2667,9.4167,4.4262,70.48,65.2767,50.2067,56.1867,52.382,normal cf6,normal,0,holdout,250
55.795,50.094,65.576,70.7507,41.2033,36.2533,73.3333,76.2833,5.1033,6.7833,38.69,107.7367,156.3667,119.1967,111.1733,39.9587,268.9167,214.92,2.9933,8.9533,4.5008,70.3533,65.4767,50.1433,55.6567,51.0437,normal cf6,normal,0,holdout,255
53.5237,50.1857,62.871,66.1453,42.0967,37.2033,67.92,68.2333,3.3367,7.1233,56.8033,108.1167,153.37,115.7933,112.2533,32.388,268.5,215.03,2.09,8.1133,3.2473,65.8233,62.7067,50.23,55.3233,29.9073,normal cf6,normal,0,holdout,265
53.4527,50.0483,62.894,66.1757,42.64,37.7467,68.2067,68.6,3.6233,6.5367,56.8833,108.5333,154.4167,115.7733,113.04,32.6763,268.56,214.9333,2.1767,7.4033,3.2814,66.0033,62.7733,50.0333,53.4733,30.494,normal cf6,normal,0,holdout,270
53.3287,49.9413,62.918,66.1917,42.5333,37.6467,68.0467,68.4667,3.5333,6.5433,56.5133,108.9667,154.2833,115.6233,113.5567,32.664,268.79,215.0767,2.06,7.42,3.2699,65.9933,62.7633,49.9667,53.3733,30.3783,normal cf6,normal,0,holdout,275
53.3247,49.9413,62.9153,66.193,42.48,37.5733,68.1533,68.5833,3.5767,6.5933,56.5767,109.2133,154.3167,115.43,113.9533,32.6337,268.6567,214.9967,2.1767,7.5067,3.268,65.99,62.7367,49.9833,53.38,30.332,normal cf6,normal,0,holdout,280
54.8683,46.0713,83.501,91.7157,39.6667,34.7267,94.79,113.7433,6.89,3.5067,25.2433,108.7333,162.6067,126.2967,112.7333,73.529,267.72,214.97,2.8567,6.23,3.7678,91.96,83.6033,45.9133,55.07,78.7853,normal cf6,normal,0,holdout,305
55.2503,46.3493,84.561,93.0473,39.69,34.7267,96.2267,116.6167,7.4067,3.65,25.9267,108.7133,163.0,126.9467,113.0533,76.7143,267.2733,214.8,3.1333,6.61,3.6515,93.1067,84.5167,46.2667,55.4767,79.665,normal cf6,normal,0,holdout,310
55.392,46.345,84.9973,93.7073,39.5567,34.6267,96.9367,118.05,7.5333,3.6667,26.4467,108.82,163.4367,128.94,113.36,79.1167,267.2067,215.0833,3.3167,6.6567,3.6016,93.6467,84.8233,46.22,55.55,81.0427,normal cf6,normal,0,holdout,315
55.3613,46.286,85.0507,93.8173,39.51,34.6133,97.0567,118.2333,7.5233,3.6,26.6633,108.9733,163.3733,126.4433,113.84,79.3883,267.0767,214.8767,3.3867,6.59,3.596,93.66,84.8333,46.14,55.52,81.1963,normal cf6,normal,0,holdout,320
50.63,44.696,84.9903,90.8047,39.85,34.8667,93.92,112.0833,6.4233,3.1733,33.0933,109.4267,161.85,125.9533,114.64,58.3063,268.0333,214.76,3.3033,4.7433,3.2026,90.6133,84.84,44.5467,50.6933,53.11,normal cf6,normal,0,holdout,335
50.6313,44.7333,85.0627,90.8487,39.7867,34.81,93.9633,112.0833,6.4033,3.2233,32.98,109.5533,162.0667,126.22,114.8933,58.2797,268.2967,214.8633,3.2967,4.87,3.1857,90.68,84.8467,44.6467,50.78,52.8067,normal cf6,normal,0,holdout,340
50.6207,44.72,85.0347,90.8033,39.6967,34.7333,93.8333,111.9667,6.4367,3.32,33.12,109.7133,162.1833,126.4367,115.0267,58.209,268.22,214.4267,3.27,4.9567,3.1847,90.6133,84.8367,44.6133,50.7267,52.725,normal cf6,normal,0,holdout,345
50.5887,44.6773,85.036,90.7953,39.7667,34.7933,93.95,112.1167,6.4467,3.2533,33.02,109.7967,162.03,127.2433,115.1533,58.2027,268.2167,214.91,3.3533,4.8,3.1982,90.5967,84.8333,44.6067,50.7133,52.9413,normal cf6,normal,0,holdout,350
48.917,45.2653,85.4327,89.2123,40.6067,35.6233,90.8067,105.8667,4.2333,3.8267,47.6267,110.0733,160.9667,124.3333,115.8033,45.119,268.5467,214.64,1.9633,4.5633,2.5433,88.7733,85.1333,45.1833,48.8033,32.648,normal cf6,normal,0,holdout,360
48.778,45.3407,84.9427,88.5173,40.84,35.9067,90.09,104.5,4.2867,3.9267,50.68,110.6,160.6167,123.6,116.8333,44.2473,268.5433,214.7333,1.8567,4.5033,2.4412,88.2533,84.7467,45.3267,48.8367,30.722,normal cf6,normal,0,holdout,365
48.5947,45.17,84.8347,88.4107,40.8333,35.9067,90.03,104.4333,4.35,3.8067,50.65,111.3767,160.5833,123.3733,117.71,44.2293,268.8633,214.6533,1.84,4.3,2.4371,88.1467,84.7033,45.1,48.6767,30.66,normal cf6,normal,0,holdout,370
48.4453,45.015,84.84,88.3973,40.8333,35.89,90.0,104.4167,4.3433,3.7,50.3933,111.9,160.3167,123.2067,118.32,44.2423,268.45,214.73,1.8767,4.0933,2.4365,88.16,84.6933,44.9067,48.4933,30.6603,normal cf6,normal,0,holdout,375
48.3327,44.9767,84.756,88.262,40.8233,35.87,89.84,104.09,4.3133,3.67,50.8067,112.27,160.5167,123.6333,118.7367,43.5723,269.0533,214.7167,1.87,4.1633,2.4206,87.9433,84.5633,44.9833,48.4267,29.9997,normal cf6,normal,0,holdout,380
55.7323,45.7277,74.5653,84.135,38.0733,33.28,89.7133,103.9,9.5667,4.1467,22.34,110.55,160.7167,126.9733,114.8367,71.6893,266.5667,215.2267,5.8167,7.5433,4.3986,83.9333,74.5367,45.63,55.9467,89.6873,normal cf6,normal,0,holdout,400
55.661,45.4407,74.772,84.4987,37.78,33.0533,90.07,104.5333,9.6267,4.14,22.0033,109.5333,161.3333,127.48,113.3933,73.1737,266.8067,215.0467,5.8667,7.56,4.4,84.2533,74.7167,45.3567,55.78,91.5727,normal cf6,normal,0,holdout,405
55.5107,45.238,74.7643,84.5353,37.6133,32.9067,90.07,104.4667,9.5633,4.1333,22.0633,108.66,160.7833,129.2267,112.41,73.5637,266.8233,215.09,5.8,7.59,4.4008,84.2867,74.6733,45.1867,55.6233,92.0777,normal cf6,normal,0,holdout,410
50.332,44.0657,74.777,80.9733,38.9033,34.0433,83.9167,93.5833,5.8267,3.48,30.96,107.4267,158.6333,124.04,111.3267,51.2943,267.8967,214.9033,3.3967,5.1133,3.8471,80.4933,74.55,43.9933,50.44,56.1153,normal cf6,normal,0,holdout,425
50.4867,44.3193,74.2167,80.2297,38.7833,33.94,83.37,92.6167,5.9767,3.6933,31.3933,107.3533,159.1833,124.6233,111.2467,50.5583,267.77,215.03,3.4333,5.4533,3.8436,79.9967,74.1533,44.2333,50.66,55.268,normal cf6,normal,0,holdout,430
50.8153,44.555,74.3057,80.283,38.55,33.7633,83.5967,92.95,6.1367,4.05,31.5267,107.42,159.3833,124.5167,111.24,50.8187,268.01,214.78,3.4167,5.8967,3.876,80.1433,74.3133,44.5,50.9067,56.0243,normal cf6,normal,0,holdout,435
50.7807,44.4967,74.44,80.4373,38.6,33.79,83.77,93.25,6.1833,3.9933,31.2433,107.3333,159.0833,124.4,111.22,50.946,267.74,215.16,3.4633,5.8433,3.8876,80.2533,74.3933,44.4333,50.8867,56.331,normal cf6,normal,0,holdout,440
48.356,45.5147,74.966,77.9353,40.7867,35.82,79.65,86.2,3.6033,4.3,57.4033,108.6,158.0667,121.2433,113.8333,36.007,268.5867,214.5167,1.8133,4.6533,2.4799,77.82,74.88,45.4433,48.3933,25.3977,normal cf6,normal,0,holdout,455
48.3003,45.4747,74.97,77.913,40.8133,35.8867,79.58,86.05,3.6667,4.3533,58.01,109.8067,157.8833,120.7867,115.3367,36.0467,268.46,214.4767,1.7767,4.5767,2.4635,77.8433,74.9067,45.4,48.3233,25.2553,normal cf6,normal,0,holdout,460
48.1993,45.3687,74.9567,77.913,40.84,35.9367,79.64,86.1833,3.6833,4.2867,57.9667,110.8933,157.7833,120.8367,116.4433,36.063,268.1033,214.4467,1.8467,4.5033,2.4658,77.8467,74.9067,45.3267,48.24,25.2907,normal cf6,normal,0,holdout,465
48.122,45.2913,74.9687,77.917,40.84,35.9467,79.59,86.0833,3.69,4.1733,58.0,111.73,157.5667,120.54,117.1767,36.058,268.1633,214.6067,1.7633,4.42,2.468,77.8333,74.9133,45.2733,48.1867,25.309,normal cf6,normal,0,holdout,470
54.5613,45.0703,68.2483,77.1747,37.5133,32.8133,82.2767,90.75,8.4833,4.2767,23.9467,110.51,159.1667,125.6833,113.6367,62.0617,267.0,215.1333,5.3167,7.4933,4.8216,76.94,68.04,45.0067,54.6467,85.1053,normal cf6,normal,0,holdout,490
54.3373,44.8283,68.1167,77.0277,37.4133,32.7133,82.0767,90.4367,8.3833,4.21,23.8433,109.2,159.2167,125.8767,112.1567,62.0183,267.1167,215.1633,5.2833,7.2833,4.8329,76.8533,67.9167,44.6933,54.34,85.246,normal cf6,normal,0,holdout,495
53.578,44.129,67.6217,76.5083,37.09,32.3933,81.4833,89.3333,8.2333,3.97,23.8,108.1367,159.0667,125.67,111.0633,61.3023,267.23,214.9233,5.24,6.8667,4.8536,76.24,67.4,43.9533,53.5433,84.622,normal cf6,normal,0,holdout,500
51.287,44.9753,65.6983,71.599,38.5533,33.7533,74.65,78.3367,5.6067,4.4233,32.5467,106.42,156.6833,122.06,109.46,44.6253,270.86,215.1367,3.4633,6.2967,4.4595,71.2167,65.5133,44.8667,51.3033,56.582,normal cf6,normal,0,holdout,515
51.457,45.5607,65.3137,70.8297,38.8567,34.0,73.78,76.95,5.4133,4.82,34.32,106.4,156.2167,121.16,109.3067,42.8023,270.7633,215.1633,3.29,6.76,4.3433,70.4867,65.1533,45.6167,51.6633,52.8657,normal cf6,normal,0,holdout,520
51.654,45.6827,65.4167,71.006,39.0133,34.13,74.06,77.4333,5.59,4.74,34.1033,106.3933,156.5,121.4167,109.28,43.224,271.0467,215.2333,3.2967,6.6667,4.3577,70.7833,65.2867,45.6367,51.82,53.5713,normal cf6,normal,0,holdout,525
51.6953,45.716,65.4767,71.0707,38.8833,34.0133,74.2,77.6667,5.5633,4.9,34.0833,106.44,156.5167,121.5933,109.3267,43.3317,270.8467,214.6467,3.3433,6.8367,4.3408,70.82,65.3,45.6867,51.8267,53.4983,normal cf6,normal,0,holdout,530
48.4073,45.1433,65.3373,68.6143,39.7867,34.8333,70.32,71.6,3.28,4.7533,52.4033,106.8533,154.64,117.9367,110.4133,33.5317,268.78,214.67,2.03,5.37,3.0583,68.2467,65.1433,45.16,48.4767,29.175,normal cf6,normal,0,holdout,545
48.5267,45.3113,65.3117,68.5133,40.0567,35.06,70.3833,71.6833,3.63,4.7167,54.4,107.4367,153.7,117.63,111.55,33.5897,268.9833,214.8233,2.0633,5.23,3.0112,68.3367,65.1633,45.2967,48.6133,28.7677,normal cf6,normal,0,holdout,550
48.4867,45.2593,65.386,68.5973,40.0867,35.0967,70.4667,71.7833,3.63,4.7567,54.1767,108.0867,154.1667,117.8533,112.3867,33.6323,268.9467,214.84,2.0967,5.1833,3.0193,68.3767,65.22,45.2533,48.5667,28.881,normal cf6,normal,0,holdout,555
48.48,45.2513,65.3593,68.5613,40.0067,34.99,70.54,71.8833,3.66,4.8467,54.3733,108.6,153.8167,117.8467,113.0533,33.5997,268.7033,214.65,2.1433,5.28,3.0208,68.3633,65.1733,45.24,48.6,28.8653,normal cf6,normal,0,holdout,560
49.0167,40.7913,77.878,85.5953,36.8733,32.1967,90.0933,104.5,7.6033,1.5733,22.0367,108.0833,160.2,128.3533,111.1,65.9997,267.78,214.7933,4.4833,3.69,3.9252,85.6233,77.96,40.56,49.1067,73.6533,normal cf6,normal,0,holdout,580
49.1853,40.842,78.6167,86.572,36.5567,31.9533,91.0067,106.2333,7.49,2.12,22.6233,107.3533,160.4,126.9333,110.6733,67.3813,267.8933,214.74,4.5333,3.99,3.8973,86.45,78.67,40.54,49.3133,74.6847,normal cf6,normal,0,holdout,585
49.3107,40.8233,79.2097,87.3827,36.4733,31.88,91.88,107.9667,7.7133,2.0,22.55,106.9133,160.3333,128.8633,110.4867,69.1103,267.2867,214.9067,4.6867,4.0733,3.8666,87.22,79.23,40.5167,49.47,76.0013,normal cf6,normal,0,holdout,590
49.2987,40.7037,79.3913,87.704,36.3267,31.7267,92.15,108.55,7.6533,1.9567,22.6667,106.6667,160.4667,129.0167,110.4267,70.1127,267.1733,214.9967,4.7167,4.1067,3.8609,87.4333,79.3267,40.45,49.4,76.9897,normal cf6,normal,0,holdout,595
49.13,40.4787,79.354,87.7333,36.2733,31.67,92.14,108.5167,7.8167,1.17,22.6467,106.5,160.7833,128.2467,110.4,71.1317,267.51,215.1167,4.7167,3.9933,3.8347,87.4067,79.3,40.2667,49.1933,77.5797,normal cf6,normal,0,holdout,600
46.7323,40.8673,80.1353,86.027,36.7767,32.1233,89.09,102.73,5.99,2.9033,30.7767,106.4733,159.8833,126.08,110.6933,55.5553,267.62,214.44,3.2967,3.89,3.3168,85.7767,80.1067,40.6667,46.8,52.4103,normal cf6,normal,0,holdout,615
46.6323,40.6403,80.3537,86.31,36.9467,32.2867,89.2633,103.8867,5.9667,2.6133,30.48,106.5933,159.8,126.45,110.9133,55.9337,268.0067,214.47,3.2367,3.4967,3.3655,86.02,80.2433,40.45,46.76,53.541,normal cf6,normal,0,holdout,620
46.642,40.69,80.298,86.2447,36.94,32.2567,89.2467,102.9833,6.04,2.6933,30.7367,106.72,160.0167,127.5733,111.16,55.896,267.6367,214.6667,3.27,3.5333,3.3472,85.9733,80.2133,40.4667,46.76,53.2123,normal cf6,normal,0,holdout,625
46.5007,40.4947,80.2967,86.2767,37.0567,32.35,89.26,102.9867,6.0233,2.5067,30.4667,106.8333,159.7167,126.7667,111.3133,56.0037,267.7567,214.74,3.2333,3.2533,3.3756,86.0133,80.2267,40.3167,46.6067,53.767,normal cf6,normal,0,holdout,630
43.883,40.1183,80.6877,84.7347,37.4033,32.6967,86.0767,97.4333,3.6733,2.35,43.0067,107.0267,158.7833,124.8733,111.8667,44.532,269.13,214.15,1.89,2.58,2.6491,84.2,80.41,39.9367,43.72,33.5727,normal cf6,normal,0,holdout,640
43.4827,40.045,79.8467,83.57,37.8433,33.09,84.9867,95.5167,3.6433,2.1067,46.3767,107.5267,157.9167,123.8433,112.86,42.326,269.8867,214.5733,1.7933,2.1533,2.5544,83.2267,79.74,39.99,43.5367,30.7597,normal cf6,normal,0,holdout,645
43.8927,40.5147,79.7707,83.3733,37.6333,32.9333,85.12,95.6333,4.37,2.59,47.81,108.3733,158.0,123.9233,113.78,42.2943,269.8067,214.37,1.8333,2.76,2.5091,83.2233,79.7133,40.4267,43.98,30.183,normal cf6,normal,0,holdout,650
44.092,40.6777,79.86,83.516,37.4533,32.7633,85.2967,95.9833,4.28,2.7867,47.74,108.9733,158.0333,124.3833,114.4767,42.7237,269.8067,214.4967,1.9033,3.0767,2.5095,83.4,79.8267,40.5433,44.18,30.4923,normal cf6,normal,0,holdout,655
44.034,40.5467,80.1773,83.8783,37.92,33.15,85.6767,96.6167,4.31,2.32,46.6133,109.3867,158.6167,124.27,114.9267,43.3023,269.5133,214.35,1.8733,2.4633,2.5276,83.75,80.1,40.37,44.0333,31.13,normal cf6,normal,0,holdout,660
50.8457,40.706,68.7627,78.4133,35.1967,30.69,83.82,93.4,8.5533,2.2067,21.3733,108.0533,158.7333,128.3833,111.4667,69.0483,266.9,215.1867,5.65,5.2,4.6296,78.1733,68.5767,40.3767,50.9567,90.924,normal cf6,normal,0,holdout,680
50.694,40.42,68.8527,78.6087,35.1667,30.6333,83.94,93.6333,8.57,1.46,20.83,107.1933,159.0667,126.93,110.2933,69.7627,266.7967,214.8567,5.5667,5.0367,4.6363,78.36,68.6867,40.15,50.8333,91.9903,normal cf6,normal,0,holdout,685
50.6327,40.3373,68.802,78.542,35.0433,30.57,83.8933,93.5833,8.57,1.5467,20.8233,106.5467,158.4333,126.5667,109.3533,69.684,266.6067,214.64,5.6033,5.0633,4.6468,78.2967,68.6633,40.1167,50.7367,92.0943,normal cf6,normal,0,holdout,690
45.49,39.178,69.707,75.9003,35.5933,31.0833,79.25,85.5,6.11,2.3833,28.48,105.36,156.2,124.3167,108.3133,49.186,268.5733,214.41,3.6833,3.4567,4.0311,75.6033,69.5167,39.0267,45.5,56.392,normal cf6,normal,0,holdout,705
45.414,39.2633,69.2723,75.295,35.9633,31.41,78.6767,84.5333,6.19,2.2533,28.97,105.2,156.4667,124.2667,108.2467,48.1863,268.7067,214.6333,3.6833,3.1833,4.0111,74.9833,69.0533,39.1367,45.48,54.9723,normal cf6,normal,0,holdout,710
45.47,39.3447,69.042,75.006,35.68,31.1733,78.4433,84.2167,6.1033,2.5567,29.33,105.22,156.2167,124.12,108.26,47.9707,269.1267,214.5267,3.6233,3.5,4.0102,74.7933,68.9067,39.2133,45.5267,54.7137,normal cf6,normal,0,holdout,715
45.4607,39.3367,69.0713,75.042,35.4167,30.9133,78.67,84.5167,6.34,2.72,29.2167,105.2133,157.0033,124.3367,108.28,48.27,269.1467,214.4667,3.7267,3.7567,3.9835,74.8667,68.96,39.1733,45.54,54.687,normal cf6,normal,0,holdout,720
43.5183,40.52,69.0117,72.2547,37.1233,32.4467,73.74,75.2267,2.93,3.0367,52.3233,106.1333,154.8,121.2867,110.2,35.2663,269.3633,214.6033,1.8867,3.2733,2.673,71.8567,68.8,40.4067,43.54,26.8107,normal cf6,normal,0,holdout,735
43.368,40.38,69.034,72.2827,37.5167,32.8133,73.86,77.1,3.4433,2.6367,51.6133,107.0867,154.95,121.0367,111.4967,35.5053,269.3733,214.3667,1.7433,2.6967,2.6459,72.0967,68.9,40.2267,43.3733,26.7197,normal cf6,normal,0,holdout,740
43.1793,40.1757,69.158,72.4073,37.67,32.97,73.8,77.8533,3.29,2.4367,51.3633,107.92,154.8667,120.85,112.33,35.5483,269.59,214.3367,1.58,2.3567,2.6497,72.2167,69.0233,40.0533,43.1533,26.7883,normal cf6,normal,0,holdout,745
43.018,40.0047,69.2053,72.458,37.7,32.9867,73.71,76.9,2.87,2.3367,51.1367,108.54,154.8667,120.8333,112.8833,35.5143,269.2933,214.58,1.5033,2.2167,2.6709,72.2433,69.05,39.9067,43.0067,26.979,normal cf6,normal,0,holdout,750
48.9327,40.1153,63.7913,72.04,35.1033,30.6067,76.6067,81.3667,7.5433,2.8,23.7267,107.4767,156.5167,125.2067,109.98,56.3487,267.9733,214.8467,4.89,4.86,4.924,71.7433,63.65,39.97,49.0267,78.915,normal cf6,normal,0,holdout,770
49.0287,40.1983,63.9193,72.1533,35.0267,30.5333,76.78,81.65,7.53,2.85,23.7467,106.6067,156.4167,125.22,108.7667,56.567,268.1633,214.88,4.91,5.02,4.9141,71.9,63.8067,40.09,49.1033,79.0567,normal cf6,normal,0,holdout,775
49.342,40.4813,64.422,72.7257,35.11,30.6033,77.6267,83.0,7.7933,3.0033,23.2867,105.88,156.5,125.28,108.0533,57.498,267.8433,214.4867,5.1233,5.2533,4.8429,72.52,64.3733,40.3167,49.5133,79.1953,normal cf6,normal,0,holdout,780
46.8107,40.102,65.5033,71.968,35.8733,31.32,75.37,79.4667,5.9867,2.8667,28.3133,103.92,155.6,123.1633,107.1867,47.7707,266.46,214.2133,3.73,4.0633,4.4066,71.6333,65.3367,39.9367,46.8,59.8727,normal cf6,normal,0,holdout,795
46.7533,40.0647,65.486,71.9093,35.7467,31.24,75.2933,79.3333,6.0367,2.8633,28.34,104.6533,155.55,123.4767,107.18,47.843,267.0367,214.42,3.6367,4.15,4.3906,71.63,65.32,39.91,46.8,59.7457,normal cf6,normal,0,holdout,800
46.768,40.0807,65.5087,71.912,35.8067,31.2833,75.3567,79.4333,6.0633,2.8467,28.3467,104.6067,155.5833,123.3967,107.2267,47.813,267.2667,214.6933,3.7167,4.1633,4.3982,71.65,65.35,39.9333,46.8,59.8107,normal cf6,normal,0,holdout,805
46.796,40.1073,65.55,71.9533,35.7867,31.2667,75.4033,79.5167,6.03,2.8367,28.3433,104.62,155.9,123.4967,107.1933,47.8463,267.1467,214.6733,3.73,4.2133,4.3955,71.6833,65.3567,40.0,46.8067,59.8143,normal cf6,normal,0,holdout,810
43.636,40.1637,65.7503,69.384,36.9933,32.32,71.1867,72.95,3.62,2.79,46.0267,105.2067,153.7167,120.3533,108.5133,35.5767,268.2333,214.4067,2.1767,3.0967,3.0673,69.01,65.5,40.09,43.7433,31.04,normal cf6,normal,0,holdout,825
43.8313,40.3267,65.6273,69.2003,36.3167,31.7267,71.2733,73.0833,3.9567,3.5167,46.7833,105.8,153.7667,121.0067,109.3933,35.6767,267.36,214.29,2.31,3.9033,3.0888,68.99,65.4633,40.22,43.88,31.3403,normal cf6,normal,0,holdout,830
43.8233,40.298,65.778,69.384,36.6133,32.0033,71.44,73.3667,4.02,3.2567,46.6267,106.3667,153.6333,120.53,110.1067,35.8833,266.9467,214.5733,2.2733,3.5833,3.0928,69.24,65.6533,40.1933,43.87,31.5643,normal cf6,normal,0,holdout,835
43.7647,40.237,65.8933,69.5093,36.78,32.1367,71.6967,73.7167,4.0733,3.0467,46.1733,106.86,153.1967,120.9233,110.5667,35.9483,267.01,214.1633,2.39,3.4,3.0767,69.3467,65.7667,40.1433,43.86,31.457,normal cf6,normal,0,holdout,840
60.2397,50.2803,85.7973,96.7247,42.6833,37.7767,101.0867,125.6867,9.6267,4.2933,25.8567,109.6633,144.8667,106.5967,116.13,84.7647,234.3767,215.8767,4.6233,7.5033,3.7157,96.48,85.56,50.2133,60.4433,89.5777,fwc10,reduced_condenser_flow,1,fault,25
60.734,50.8003,85.8027,96.6767,42.7067,37.81,102.2267,129.0833,10.7567,4.5967,24.3567,111.2133,145.15,106.6967,117.0,84.7403,234.9767,215.9767,5.7567,7.98,3.7087,96.4867,85.5867,50.6867,60.9,89.3857,fwc10,reduced_condenser_flow,1,fault,30
60.8893,50.944,85.8893,96.7793,42.7633,37.8567,102.39,129.3833,10.81,4.57,24.3733,112.19,145.2,106.6833,117.7033,84.8747,234.61,215.8333,5.75,8.06,3.703,96.6,85.68,50.8333,61.02,89.3897,fwc10,reduced_condenser_flow,1,fault,35
60.7837,50.8653,85.8293,96.7167,42.69,37.79,102.3133,129.25,10.7767,4.6133,24.3867,112.8233,145.0,106.6633,118.13,84.6797,234.1667,215.8,5.7733,8.02,3.7037,96.5333,85.6067,50.7333,60.8933,89.202,fwc10,reduced_condenser_flow,1,fault,40
56.3093,50.4273,85.3513,91.9013,43.1533,38.2733,94.9533,114.0333,7.0133,5.3467,35.79,113.7533,142.7667,103.4967,118.8733,57.1433,236.36,215.9633,3.2833,7.2067,3.2568,91.6567,85.17,50.37,56.53,52.931,fwc10,reduced_condenser_flow,1,fault,55
56.4533,50.538,85.3593,91.88,43.1767,38.28,94.9867,114.1333,7.02,5.4733,35.75,113.84,142.9667,103.5833,119.0667,57.213,236.4967,215.6933,3.28,7.3467,3.2676,91.7,85.1733,50.49,56.7333,53.171,fwc10,reduced_condenser_flow,1,fault,60
56.573,50.6407,85.39,91.9253,43.2267,38.3667,95.0467,114.3167,7.0567,5.5033,35.73,113.9133,142.8167,103.51,119.1167,57.2317,236.7167,215.4633,3.3267,7.42,3.2705,91.7433,85.1933,50.6267,56.7933,53.2377,fwc10,reduced_condenser_flow,1,fault,65
56.822,50.7947,85.5013,92.0933,43.2033,38.3433,95.3167,114.7433,7.3067,5.6167,35.4567,113.9067,143.1167,103.7967,119.1133,57.8223,236.6267,215.45,3.3667,7.55,3.2922,91.9267,85.2833,50.77,56.9933,54.1403,fwc10,reduced_condenser_flow,1,fault,70
53.5343,50.5233,85.2477,88.7893,44.19,39.38,90.5767,105.4,4.66,5.7867,57.7033,114.6933,142.75,103.15,120.6133,41.3493,236.9733,215.65,1.9233,6.29,2.2969,88.6367,85.1,50.4767,53.6667,27.0123,fwc10,reduced_condenser_flow,1,fault,85
53.5293,50.482,85.354,88.9433,44.2067,39.3967,90.6167,105.4667,4.66,5.7833,58.3867,115.6567,143.2833,103.6033,122.03,41.571,237.3533,215.6867,1.8633,6.2333,2.3122,88.76,85.1533,50.4333,53.62,27.338,fwc10,reduced_condenser_flow,1,fault,90
53.4863,50.4353,85.3567,88.9513,44.28,39.4867,90.6533,105.5333,4.7067,5.7133,58.2967,116.5633,143.5333,102.9533,122.9933,41.631,237.3567,215.5767,1.8967,6.0767,2.3149,88.7533,85.1533,50.3733,51.8533,27.41,fwc10,reduced_condenser_flow,1,fault,95
53.398,50.3287,85.3553,88.9513,44.3433,39.54,90.6167,105.4333,4.71,5.6067,58.1733,117.2833,143.1833,102.6733,123.6633,41.646,237.57,215.42,1.8867,5.9233,2.3298,88.7133,85.1567,50.26,53.4333,27.5973,fwc10,reduced_condenser_flow,1,fault,100
60.9157,49.8537,76.002,87.5693,41.6967,36.7933,93.5,111.25,10.5967,4.4533,21.7133,115.4467,143.0833,105.8233,119.3167,77.6377,242.6,216.1967,6.3167,8.05,4.5127,87.1867,75.96,49.7333,61.0633,99.645,fwc10,reduced_condenser_flow,1,fault,120
60.928,49.9013,75.9687,87.4887,41.5867,36.6833,93.39,111.05,10.5833,4.5233,21.8067,114.1567,143.25,106.2667,117.8933,77.492,242.61,215.7567,6.2533,8.1367,4.4975,87.1167,75.9133,49.7333,61.03,99.1193,fwc10,reduced_condenser_flow,1,fault,125
60.7507,49.7443,75.8807,87.3833,41.52,36.6267,93.2033,110.6833,10.46,4.4367,21.82,113.16,143.5,106.4333,116.9033,77.4273,242.6733,215.55,6.17,8.0533,4.4892,87.03,75.82,49.5867,60.8633,98.8587,fwc10,reduced_condenser_flow,1,fault,130
56.9077,50.103,78.256,85.6137,42.3,37.41,89.0267,102.6267,7.15,5.3833,31.65,111.4833,142.1833,103.9333,115.64,55.2727,240.6433,215.8933,4.0267,7.69,3.8939,85.02,78.0233,49.9867,57.0067,61.211,fwc10,reduced_condenser_flow,1,fault,145
56.6053,50.0373,77.2713,84.3363,42.4433,37.55,87.6667,100.2167,6.9333,5.3767,32.6567,111.2667,141.65,102.31,115.58,53.34,240.8133,215.83,3.7733,7.5467,3.8915,83.9,77.1067,50.0,56.7633,59.036,fwc10,reduced_condenser_flow,1,fault,150
56.3137,49.9373,76.7513,83.629,42.6367,37.75,87.0233,99.0333,6.8267,5.1267,32.9967,111.2067,141.45,101.75,115.5033,52.2337,241.2067,215.7133,3.7133,7.2233,3.8588,83.2967,76.6333,49.8767,56.4833,57.3247,fwc10,reduced_condenser_flow,1,fault,155
56.24,50.008,76.2263,82.922,42.74,37.8433,86.26,97.7167,6.7033,5.2,33.6233,111.1467,141.45,102.7633,115.4933,51.1943,241.14,215.2233,3.5667,7.24,3.8371,82.6233,76.11,49.9933,56.4467,55.871,fwc10,reduced_condenser_flow,1,fault,160
53.0157,50.4283,75.5457,78.6023,44.27,39.4567,80.8133,86.7167,3.18,5.78,64.44,112.7367,138.5233,97.8233,118.2,34.7807,242.1367,215.34,1.6133,6.1933,2.3475,78.3267,75.41,50.45,53.1633,23.2053,fwc10,reduced_condenser_flow,1,fault,175
52.8453,50.2313,75.5133,78.5553,44.18,39.3933,80.01,86.75,3.58,5.86,64.9533,114.0,138.4433,98.0267,119.7033,35.1427,242.1567,215.3067,1.56,5.9867,2.3445,78.4433,75.4767,50.1733,52.9233,23.4323,fwc10,reduced_condenser_flow,1,fault,180
52.662,50.056,75.508,78.53,44.33,39.5433,80.18,87.0167,3.67,5.57,65.1,115.0633,138.5567,97.8833,120.8033,35.1743,242.59,215.7633,1.7133,5.6833,2.3398,78.45,75.4867,49.99,52.74,23.408,fwc10,reduced_condenser_flow,1,fault,185
52.5607,49.968,75.516,78.5327,44.2167,39.4167,80.09,86.8333,3.6333,5.59,65.1333,115.8167,138.3933,97.8867,121.7567,35.1357,242.29,215.53,1.64,5.76,2.3337,78.4367,75.4533,49.95,52.6433,23.3217,fwc10,reduced_condenser_flow,1,fault,190
59.2697,49.7083,71.699,81.607,42.0733,37.1667,87.2333,99.4167,9.3533,4.5167,24.5767,115.65,142.0167,104.3867,119.65,64.8293,243.6833,215.84,5.74,7.34,4.6649,81.5067,71.5367,49.3667,59.3533,86.007,fwc10,reduced_condenser_flow,1,fault,205
58.6837,49.1747,71.3453,81.2383,41.4467,36.5433,86.44,98.0,8.9633,4.5467,24.3033,114.35,141.32,104.2767,117.71,63.6393,243.4367,215.9833,5.5133,7.5333,4.7278,80.9,71.11,48.9867,58.78,85.5663,fwc10,reduced_condenser_flow,1,fault,210
58.7417,49.356,71.1747,80.8293,41.04,36.1133,86.01,97.3167,9.0167,5.0667,24.74,112.9967,140.76,103.95,116.2233,62.884,243.46,215.79,5.45,8.1433,4.714,80.5833,70.9767,49.18,58.8667,84.311,fwc10,reduced_condenser_flow,1,fault,215
58.7947,49.3947,71.1827,80.8467,41.0167,36.0933,86.07,97.4,9.02,5.1,24.7633,111.92,140.43,103.7667,115.1067,62.977,243.7167,215.9533,5.4567,8.26,4.7212,80.62,70.9967,49.2333,58.9633,84.5657,fwc10,reduced_condenser_flow,1,fault,220
56.3573,49.9317,66.6627,73.4367,41.61,36.7133,76.5467,81.3,6.1767,6.03,34.24,110.1267,136.35,98.5333,113.24,45.064,245.0633,216.03,3.8267,8.2833,4.5123,72.7567,66.2867,49.9133,56.5033,57.8363,fwc10,reduced_condenser_flow,1,fault,235
56.1617,49.996,65.9873,72.2827,41.7533,36.8667,75.56,79.7167,6.2033,6.0667,35.6133,109.7367,135.3333,97.6333,112.7367,43.6103,245.1933,216.2033,3.71,8.2467,4.4767,71.84,65.8067,50.0267,56.3733,55.522,fwc10,reduced_condenser_flow,1,fault,240
56.208,50.0347,65.992,72.232,41.6133,36.7233,75.6933,79.9333,6.37,6.2633,35.4967,109.4933,135.2167,97.7567,112.45,43.9407,245.3067,215.64,3.78,8.3733,4.436,71.94,65.8533,50.0167,56.3733,55.4387,fwc10,reduced_condenser_flow,1,fault,245
56.0587,49.8767,65.9853,72.2463,41.6367,36.7333,75.5933,79.7833,6.3,6.1033,35.4467,109.4067,135.4833,97.8933,112.3067,43.7913,245.39,215.7433,3.6833,8.23,4.4654,71.9,65.8,49.88,56.2333,55.6123,fwc10,reduced_condenser_flow,1,fault,250
54.3657,50.1573,66.1087,70.6127,42.42,37.52,72.7533,75.35,4.3167,6.4833,46.39,109.3467,133.5667,95.05,112.3967,36.8643,242.5033,215.88,2.6967,7.7067,3.6096,70.0833,65.75,50.1433,54.3767,37.8463,fwc10,reduced_condenser_flow,1,fault,260
53.9303,50.0067,65.0357,69.19,42.3433,37.4333,71.37,73.1833,4.2633,6.66,50.61,109.6467,132.85,94.42,113.0667,35.376,243.0733,215.6967,2.5833,7.6867,3.5073,68.79,64.7767,50.0767,54.0133,35.2773,fwc10,reduced_condenser_flow,1,fault,265
53.752,49.895,64.5633,68.6563,42.4833,37.5933,70.9267,72.4833,4.49,6.4967,52.32,110.06,131.85,93.4733,113.5833,35.0617,242.8,215.6933,2.5633,7.4033,3.4771,68.35,64.4067,49.8667,53.8133,34.6753,fwc10,reduced_condenser_flow,1,fault,270
53.7253,49.959,64.3317,68.2937,42.5,37.6067,70.71,72.2,4.5133,6.5367,52.3967,110.3333,131.9667,93.28,114.0133,34.678,242.97,215.6,2.6967,7.48,3.4324,68.0267,64.1367,49.98,53.84,33.8383,fwc10,reduced_condenser_flow,1,fault,275
53.7587,50.0307,64.248,68.15,42.3967,37.5133,70.5733,71.95,4.5733,6.7,52.7567,110.5533,131.9667,93.5833,114.3633,34.7667,243.22,215.7633,2.64,7.6,3.3895,67.93,64.07,50.0133,53.84,33.5177,fwc10,reduced_condenser_flow,1,fault,280
54.2143,45.2867,85.33,94.8157,40.28,35.2833,97.79,119.7667,7.01,2.8067,25.52,110.9333,143.9,107.7967,115.0,78.3713,238.8033,215.77,2.9633,4.75,3.6012,94.8467,85.1367,45.0433,54.25,80.271,fwc10,reduced_condenser_flow,1,fault,300
54.3823,45.438,85.3393,94.9793,40.2133,35.2,98.5433,121.2,7.6933,2.9033,25.1033,111.1667,144.05,108.0467,115.59,78.9553,238.3,215.3,3.67,5.1,3.5731,94.86,85.12,45.31,54.5067,80.2417,fwc10,reduced_condenser_flow,1,fault,305
54.365,45.345,85.3473,95.118,40.1167,35.12,100.0133,124.1667,9.0533,2.8133,23.98,111.3167,143.8833,108.04,115.9033,80.1623,238.3233,215.7367,5.07,5.0267,3.5562,94.9733,85.1467,45.1633,54.4233,81.078,fwc10,reduced_condenser_flow,1,fault,310
54.13,45.0917,85.3327,95.1717,40.0667,35.0633,100.0867,124.2833,9.07,2.86,23.9833,111.56,144.2667,108.6267,116.2533,80.4087,238.1,215.8733,5.0567,4.82,3.5551,94.9933,85.1133,44.88,54.1867,81.304,fwc10,reduced_condenser_flow,1,fault,315
54.0127,44.9507,85.3287,95.1607,40.04,35.0367,100.0933,124.35,9.1933,2.7733,23.8667,111.7333,143.9667,108.4967,116.4633,80.3797,238.1733,215.7833,5.14,4.7467,3.5611,94.9733,85.1,44.8033,54.1233,81.4137,fwc10,reduced_condenser_flow,1,fault,320
51.552,45.7953,85.6447,92.052,40.41,35.4133,95.1267,114.4,6.8833,3.79,34.4633,112.0533,142.6333,106.07,117.36,58.8557,239.3333,215.1967,3.3,5.2367,3.0859,91.8267,85.4167,45.6333,51.6133,51.6547,fwc10,reduced_condenser_flow,1,fault,340
51.397,45.6093,85.6663,92.0853,40.3767,35.37,95.13,114.4,6.87,3.6633,34.0967,112.06,143.0333,106.6467,117.5067,58.9057,239.4967,215.3833,3.26,5.1467,3.1004,91.8933,85.4267,45.5,51.5567,51.944,fwc10,reduced_condenser_flow,1,fault,345
51.4367,45.684,85.7,92.116,40.39,35.3967,95.1833,114.4967,6.8433,3.7267,34.28,112.1533,143.0667,106.6333,117.5867,58.963,239.42,215.4867,3.2533,5.1533,3.0784,91.92,85.42,45.5533,51.59,51.6247,fwc10,reduced_condenser_flow,1,fault,350
48.655,45.2767,85.9057,90.0563,41.2933,36.3733,91.2867,106.85,3.98,3.4667,49.0833,112.3867,141.65,104.3767,118.1267,44.614,239.9367,215.0867,1.9633,3.95,2.3888,89.3333,85.3833,45.23,48.6833,30.2837,fwc10,reduced_condenser_flow,1,fault,360
48.3317,45.0777,85.3427,89.245,41.35,36.45,90.9633,106.15,4.67,3.31,51.03,113.0333,141.5167,104.1133,118.99,43.9787,239.72,215.5,1.9733,3.69,2.3362,88.9367,85.1067,45.0,48.4067,29.214,fwc10,reduced_condenser_flow,1,fault,365
48.5453,45.3087,85.3993,89.2837,41.61,36.71,91.2,106.6,4.92,3.2567,51.7233,113.65,141.9833,104.28,119.71,44.2813,239.8467,215.3633,2.12,3.5933,2.3055,89.0533,85.1967,45.2467,48.6067,29.035,fwc10,reduced_condenser_flow,1,fault,370
48.496,45.2407,85.4007,89.2947,41.62,36.7167,91.1533,106.5333,4.91,3.22,51.5633,114.16,141.6833,103.8467,120.2933,44.249,239.86,215.55,2.1033,3.5433,2.3228,89.04,85.19,45.14,48.6,29.232,fwc10,reduced_condenser_flow,1,fault,375
48.4773,45.1927,85.3927,89.2853,41.5967,36.7,91.1267,106.5167,4.92,3.2433,52.3,114.61,141.6167,103.9233,120.6867,44.2683,239.8467,215.32,2.05,3.48,2.3407,89.0567,85.1867,45.1133,48.52,29.4703,fwc10,reduced_condenser_flow,1,fault,380
56.3187,45.1567,75.91,88.0847,38.7533,33.9433,94.1567,112.5167,10.4767,3.12,21.4667,112.1333,141.6,107.02,116.02,84.6703,236.25,215.52,6.4233,6.1533,4.1631,87.73,75.8467,44.9433,56.5,100.2613,fwc10,reduced_condenser_flow,1,fault,405
56.2413,45.0913,75.87,88.0407,38.63,33.8067,93.96,112.1333,10.4833,3.2733,21.4833,111.5433,141.9333,107.6433,115.46,84.5497,235.8533,215.6467,6.2667,6.2567,4.1667,87.6967,75.8433,44.87,56.4467,100.1993,fwc10,reduced_condenser_flow,1,fault,410
50.5717,44.6373,75.9037,82.4433,39.14,34.25,85.5567,96.4667,6.3767,3.77,32.8833,110.3,138.7833,103.5733,114.2367,51.2917,242.0967,215.09,3.6033,5.4667,3.6464,81.9433,75.7467,44.6333,50.7567,53.1927,fwc10,reduced_condenser_flow,1,fault,425
50.5807,44.5473,75.8527,82.3773,39.2767,34.3667,85.64,96.6667,6.5067,3.6867,32.4267,109.87,138.9733,103.67,113.8333,51.7317,241.9333,215.54,3.5167,5.17,3.6795,82.14,75.83,44.4133,50.6467,54.1367,fwc10,reduced_condenser_flow,1,fault,430
50.5313,44.4927,75.8727,82.3733,39.28,34.37,85.6967,96.75,6.56,3.6233,32.3333,109.64,138.8433,103.5133,113.7133,51.747,241.89,215.4167,3.5467,5.1167,3.6789,82.13,75.86,44.38,50.6,54.143,fwc10,reduced_condenser_flow,1,fault,435
50.5273,44.4847,75.8687,82.3627,39.2733,34.37,85.7433,96.8667,6.6,3.61,32.29,109.5067,138.6733,102.6833,113.54,51.7547,242.0833,215.46,3.5767,5.1033,3.6814,82.1767,75.86,44.3767,50.6,54.1893,fwc10,reduced_condenser_flow,1,fault,440
47.8447,45.107,75.4347,78.691,40.9333,36.01,80.28,87.1333,3.3967,3.94,58.11,110.4933,136.8,99.6933,115.3667,36.3607,242.5767,215.1867,1.68,4.13,2.3746,78.56,75.3567,45.0533,47.8667,24.545,fwc10,reduced_condenser_flow,1,fault,455
47.85,45.121,75.456,78.682,41.21,36.34,80.44,87.4833,3.8433,3.68,58.52,111.6167,137.3667,99.9267,116.6467,36.6083,242.9067,215.0467,1.83,3.7633,2.3512,78.6067,75.4133,44.9967,47.88,24.48,fwc10,reduced_condenser_flow,1,fault,460
47.6893,44.9533,75.4853,78.706,41.2033,36.3,80.36,87.3833,3.7533,3.5833,58.14,112.71,137.3167,99.8667,117.7067,36.627,242.9433,215.4067,1.75,3.63,2.3549,78.6333,75.4333,44.8467,47.7,24.532,fwc10,reduced_condenser_flow,1,fault,465
47.7947,45.1337,75.3243,78.4657,41.3133,36.4267,80.07,86.85,3.5933,3.7567,59.5967,113.5333,137.1833,99.8,118.48,35.9027,243.0,215.4867,1.74,3.79,2.3384,78.3233,75.23,45.1233,47.9133,23.869,fwc10,reduced_condenser_flow,1,fault,470
56.0473,45.1097,71.3917,82.7887,38.0833,33.3033,88.9233,102.45,10.11,3.6,21.1867,112.4367,139.41,105.5333,115.6433,75.198,243.5733,215.62,6.4533,6.7967,4.5952,82.4833,71.1867,44.8867,56.1467,98.28,fwc10,reduced_condenser_flow,1,fault,490
55.998,45.0807,71.2653,82.6777,37.8433,33.0967,88.7933,102.1,10.1933,3.7,21.0333,111.25,139.33,105.6,114.4033,75.248,243.4,215.81,6.4267,7.0533,4.589,82.3567,71.1167,44.87,56.1367,98.2137,fwc10,reduced_condenser_flow,1,fault,495
56.0607,45.1407,71.331,82.754,37.8,33.0533,88.8633,102.2833,10.1867,3.6933,21.0667,110.3733,139.3867,105.7567,113.4467,75.5253,243.2333,215.8767,6.4,7.1567,4.575,82.4767,71.1633,44.97,56.2467,98.2737,fwc10,reduced_condenser_flow,1,fault,500
51.176,44.149,65.6567,73.06,38.28,33.4667,76.9,81.9167,7.0033,3.7967,28.94,108.1433,134.3667,99.87,110.62,48.8077,243.0667,215.1867,4.2867,5.74,4.5398,72.6433,65.4533,44.0067,51.2467,63.0187,fwc10,reduced_condenser_flow,1,fault,520
51.2213,44.1133,65.6747,73.0987,38.2667,33.46,77.02,82.0333,7.1167,3.7367,28.7667,107.7533,134.0667,99.7733,110.1767,49.2227,243.6567,215.43,4.2433,5.68,4.5573,72.7733,65.4867,43.9233,51.2233,63.8003,fwc10,reduced_condenser_flow,1,fault,525
51.1493,44.0293,65.654,73.0777,38.26,33.4667,77.0267,82.0667,7.1333,3.6667,28.6467,107.4333,134.3,100.0267,109.7767,49.2533,243.47,215.3467,4.2933,5.6067,4.5596,72.7533,65.4833,43.8733,51.19,63.873,fwc10,reduced_condenser_flow,1,fault,530
48.6213,45.286,66.044,69.6873,40.76,35.7933,71.8667,73.9667,4.1833,4.0233,52.35,108.3533,131.3,94.36,111.5,34.8207,244.0633,215.1633,2.4133,4.4833,3.0205,69.4967,65.9033,45.2567,48.69,29.9127,fwc10,reduced_condenser_flow,1,fault,550
48.5507,45.23,66.0693,69.7007,40.7133,35.72,71.8267,73.9167,4.1933,4.1067,52.3533,109.0667,131.7,94.9,112.5333,34.7857,244.3733,215.1733,2.3467,4.52,3.0101,69.5033,65.8933,45.1733,48.66,29.781,fwc10,reduced_condenser_flow,1,fault,555
48.5187,45.206,66.0797,69.7233,40.7133,35.72,71.91,73.95,4.2833,4.08,52.3967,109.6467,131.1333,94.3567,113.2267,34.8277,244.3233,214.9833,2.33,4.4733,2.9966,69.5167,65.91,45.2,48.6333,29.6817,fwc10,reduced_condenser_flow,1,fault,560
49.6247,40.3377,80.52,90.4903,37.0333,32.3333,93.48,111.1667,8.13,0.7467,22.7767,109.4867,140.66,107.6333,112.86,77.239,239.09,215.2767,3.3067,3.1533,3.7921,90.1667,80.4333,40.18,49.7567,83.306,fwc10,reduced_condenser_flow,1,fault,585
49.726,40.4,80.592,90.63,37.02,32.33,95.3467,114.8733,9.74,0.6933,21.86,109.3067,140.62,107.62,112.82,78.3987,239.05,215.3367,4.96,3.16,3.7526,90.3867,80.49,40.1867,49.78,83.6747,fwc10,reduced_condenser_flow,1,fault,590
49.6913,40.328,80.6427,90.718,36.9667,32.27,95.73,115.6567,10.1067,0.6867,21.6733,109.14,140.63,107.6533,112.88,78.7857,238.5633,215.55,5.2733,3.2067,3.753,90.4933,80.54,40.1467,49.76,84.0953,fwc10,reduced_condenser_flow,1,fault,595
49.8073,40.416,80.6893,90.7927,36.9867,32.2767,95.85,115.84,10.0967,0.9067,21.8033,109.12,140.6733,107.9233,112.9467,78.914,239.0067,215.4167,5.3,3.2667,3.7561,90.5333,80.5667,40.2267,49.94,84.3027,fwc10,reduced_condenser_flow,1,fault,600
46.462,40.7123,80.351,86.7907,37.05,32.3433,90.08,104.4833,6.78,2.68,32.0033,108.96,138.9233,105.59,113.1267,55.7863,239.4033,214.97,3.5967,3.4467,3.2482,86.4967,80.2833,40.5033,46.58,51.5383,fwc10,reduced_condenser_flow,1,fault,620
46.382,40.5393,80.4677,86.9863,37.3633,32.67,90.31,104.8333,7.03,2.31,31.4833,108.88,139.1267,105.4867,113.12,56.3287,239.78,215.3,3.61,2.9633,3.2715,86.7133,80.4033,40.3033,46.4167,52.4113,fwc10,reduced_condenser_flow,1,fault,625
46.0053,40.0833,80.444,87.0483,37.4467,32.7467,90.3633,105.0167,7.2167,1.7867,30.64,108.9067,139.37,105.6133,113.2267,56.5147,239.8133,214.8633,3.6233,2.4767,3.299,86.76,80.38,39.9333,46.07,53.0287,fwc10,reduced_condenser_flow,1,fault,630
43.6513,40.33,80.3817,84.4467,38.2833,33.48,85.69,96.7333,3.63,1.8167,47.16,109.5267,138.1833,103.6,114.2,42.753,240.4533,215.2133,1.37,1.87,2.4485,84.31,80.3167,40.16,43.7167,29.7747,fwc10,reduced_condenser_flow,1,fault,645
43.465,40.0887,80.4533,84.538,38.0633,33.2733,85.8067,96.9333,3.8233,1.8967,46.98,110.2767,137.73,103.56,114.9133,42.9827,240.55,214.74,1.3867,1.8767,2.4722,84.38,80.3633,39.94,43.4533,30.222,fwc10,reduced_condenser_flow,1,fault,650
43.3947,40.022,80.429,84.506,37.97,33.2,85.7733,96.8833,3.78,1.9367,47.3433,110.8067,137.94,103.04,115.4433,42.97,240.45,214.9033,1.4333,1.9233,2.4727,84.3367,80.3133,39.8967,43.3933,30.2217,fwc10,reduced_condenser_flow,1,fault,655
43.364,40.0007,80.46,84.5207,37.97,33.1867,85.79,96.9333,3.8067,1.9133,47.27,111.25,137.96,104.43,115.76,42.9713,240.45,215.0933,1.3867,1.91,2.4678,84.3933,80.3933,39.8967,43.3667,30.161,fwc10,reduced_condenser_flow,1,fault,660
51.544,40.4857,70.441,82.0033,35.61,31.1033,88.18,101.0833,10.86,2.0633,20.0133,109.9633,137.67,106.07,112.8067,78.092,243.2167,215.3433,6.4433,4.5667,4.4677,81.73,70.2733,40.21,51.5933,99.2293,fwc10,reduced_condenser_flow,1,fault,680
51.7587,40.6203,70.474,82.0897,35.4133,30.9033,88.32,101.3667,10.74,2.36,20.1733,109.2333,137.0133,105.7067,111.9267,79.324,243.03,215.59,6.4967,5.05,4.4338,81.85,70.3067,40.4333,51.9067,100.0283,fwc10,reduced_condenser_flow,1,fault,685
51.94,40.6327,70.5993,82.4053,35.3767,30.8833,88.75,102.0167,10.9333,2.3567,20.43,108.68,137.8867,106.4533,111.2233,81.2,242.9333,215.62,6.6033,5.0633,4.3971,82.1433,70.39,40.4167,52.0633,101.55,fwc10,reduced_condenser_flow,1,fault,690
45.695,39.2077,70.6647,77.7063,36.4,31.8033,81.0933,88.6,7.0533,1.59,27.5367,107.4733,134.8833,101.4267,109.89,50.9547,242.19,215.1067,3.7633,2.6367,4.0127,77.3367,70.4333,39.0833,45.73,58.1503,fwc10,reduced_condenser_flow,1,fault,705
45.8653,39.5293,70.5787,77.385,36.4033,31.7933,81.1067,88.5667,7.3,2.03,28.35,107.0867,134.6333,100.99,109.5467,50.735,241.7833,215.1733,3.8233,2.9933,3.9362,77.2667,70.4333,39.3867,45.9533,56.7997,fwc10,reduced_condenser_flow,1,fault,710
45.6457,39.2487,70.6873,77.5567,36.5667,31.9667,81.1767,88.6833,7.44,1.6133,27.94,106.9133,134.6333,102.74,109.4467,50.9137,241.8133,215.28,3.7533,2.5467,3.9632,77.3967,70.49,39.1133,45.7533,57.3907,fwc10,reduced_condenser_flow,1,fault,715
45.606,39.2047,70.7447,77.6007,36.5133,31.9267,81.17,88.7167,7.4167,1.5867,27.9533,106.8733,134.75,101.1267,109.32,50.913,241.93,214.9867,3.72,2.54,3.9612,77.4633,70.56,39.0867,45.7067,57.3603,fwc10,reduced_condenser_flow,1,fault,720
43.2597,39.938,71.726,75.7447,37.3433,32.6467,77.0667,82.0833,3.4967,2.2933,45.53,106.9333,133.1167,99.4267,109.7733,38.0653,241.9967,214.9467,1.8633,2.52,2.7481,75.1967,71.2433,39.83,43.2133,29.7613,fwc10,reduced_condenser_flow,1,fault,730
43.2483,40.146,70.783,74.5053,38.0533,33.2867,75.56,79.6833,3.0867,1.9767,49.5133,107.5667,133.0167,98.73,110.8133,36.6673,242.1733,214.7133,1.1733,1.9933,2.6589,74.3467,70.5933,40.0667,43.2867,27.728,fwc10,reduced_condenser_flow,1,fault,735
43.1933,40.024,70.9383,74.6763,37.8233,33.0867,75.92,80.3,3.3267,2.12,48.8433,108.4167,132.8167,98.7767,111.8367,37.0973,242.3133,214.94,1.3,2.09,2.6897,74.65,70.7933,39.9067,43.1467,28.3797,fwc10,reduced_condenser_flow,1,fault,740
43.2867,40.214,70.7677,74.43,38.09,33.2933,75.63,79.85,3.1467,2.05,49.9567,109.14,133.1,98.7167,112.5767,36.641,242.0767,214.5567,1.2933,1.9767,2.6362,74.3967,70.5933,40.1133,43.3267,27.4763,fwc10,reduced_condenser_flow,1,fault,745
43.208,40.0567,70.992,74.6747,37.82,33.0933,75.99,80.35,3.2833,2.1267,49.19,109.7867,133.4167,99.29,113.21,37.0437,242.0367,214.64,1.2867,2.0433,2.6724,74.66,70.8467,39.9267,43.2,28.157,fwc10,reduced_condenser_flow,1,fault,750
49.17,39.9393,65.2767,74.7507,35.84,31.3,80.08,86.8667,9.7333,2.0867,22.33,109.16,134.6667,103.63,111.1167,60.4097,244.06,215.0733,5.5033,4.0067,4.8183,74.5767,65.0733,39.8567,49.2667,82.7857,fwc10,reduced_condenser_flow,1,fault,770
49.2997,40.082,65.24,74.708,35.7467,31.2267,79.99,86.7,9.7067,2.2067,22.2133,108.2833,134.35,103.2933,110.08,60.4133,244.4333,215.24,5.4433,4.23,4.8101,74.55,65.0567,39.9533,49.4333,82.6463,fwc10,reduced_condenser_flow,1,fault,775
49.3053,40.0967,65.2247,74.692,35.68,31.1833,79.97,86.7167,9.6767,2.2333,22.2733,107.5533,134.2167,102.3067,109.3667,60.3627,244.81,215.2167,5.48,4.2967,4.8081,74.5,65.04,39.9433,49.4067,82.547,fwc10,reduced_condenser_flow,1,fault,780
46.964,40.1163,65.5413,72.693,36.0,31.4167,76.07,80.55,6.5967,2.6867,28.0367,106.6467,132.7333,99.73,108.4333,48.4607,249.5867,214.8967,4.1767,4.0433,4.4488,71.94,65.1733,39.9967,46.9067,61.3123,fwc10,reduced_condenser_flow,1,fault,790
46.6107,40.0797,64.7573,71.5333,36.0933,31.5,75.09,79.0667,6.6667,2.6867,28.79,106.2667,132.0667,99.7167,108.2,46.9677,249.41,215.21,4.0,3.9133,4.3835,71.0867,64.53,40.0233,46.7467,58.5583,fwc10,reduced_condenser_flow,1,fault,795
46.752,40.2617,64.55,71.268,35.5933,31.1,75.03,78.95,6.71,3.0867,29.0367,106.0667,131.85,99.8633,107.9933,47.059,249.6233,215.1533,4.0467,4.5233,4.3466,70.9733,64.45,40.12,46.8,58.1773,fwc10,reduced_condenser_flow,1,fault,800
46.784,40.2417,64.6313,71.358,35.5867,31.1067,75.14,79.1167,6.72,3.0933,28.9267,105.9,132.0167,99.9133,107.88,47.2557,249.9267,215.1267,4.0,4.5133,4.362,71.0933,64.5,40.1167,46.8133,58.6233,fwc10,reduced_condenser_flow,1,fault,805
46.8973,40.3413,64.6513,71.3743,35.6267,31.1367,75.15,79.15,6.69,3.1467,28.95,105.82,132.05,99.96,107.7033,47.2597,249.4733,215.2733,4.0267,4.56,4.3788,71.1267,64.53,40.21,46.94,58.8567,fwc10,reduced_condenser_flow,1,fault,810
43.431,40.17,64.679,68.5007,37.4267,32.74,70.4733,71.8167,3.8533,2.4833,48.03,106.3333,129.75,96.1167,108.9133,34.692,243.2433,214.6867,2.4067,2.6567,2.9561,68.07,64.3967,40.0933,43.46,29.176,fwc10,reduced_condenser_flow,1,fault,825
43.3377,40.0853,64.3,68.062,37.14,32.4267,70.3433,71.5833,4.34,2.7367,48.79,106.9133,129.6333,96.12,109.92,34.7047,243.2033,215.3833,2.4933,2.83,2.9567,67.8233,64.1267,39.95,43.32,29.1863,fwc10,reduced_condenser_flow,1,fault,830
43.1787,39.9367,64.168,67.8867,36.8333,32.18,70.2633,71.5667,4.33,2.8733,48.8833,107.41,129.45,96.0967,110.5933,34.582,243.04,214.6567,2.6433,3.0133,2.9475,67.66,63.9867,39.87,43.14,28.9907,fwc10,reduced_condenser_flow,1,fault,835
43.0863,39.872,64.108,67.8107,36.89,32.21,70.1067,71.2667,4.2333,2.7633,49.0267,107.88,129.5833,96.35,111.0,34.5347,243.1033,214.9267,2.4733,2.9167,2.9339,67.6,63.94,39.8067,43.0867,28.8173,fwc10,reduced_condenser_flow,1,fault,840
60.1793,50.9213,85.5033,96.8977,43.0333,38.1367,100.41,125.0333,9.3567,4.7767,26.4433,108.39,145.7667,107.0833,115.0567,79.241,209.4467,216.0533,3.6333,7.7833,3.6974,96.7467,85.3033,50.8133,60.3367,83.3277,fwc20,reduced_condenser_flow,2,fault,25
60.234,50.8893,85.6047,97.152,42.75,37.87,100.95,126.2333,9.8333,4.7367,26.69,110.3667,146.05,107.36,116.19,81.221,209.1233,215.8333,3.9033,7.9867,3.6379,97.0167,85.39,50.7567,60.36,84.036,fwc20,reduced_condenser_flow,2,fault,30
59.9693,50.616,85.5743,97.216,42.5,37.6133,102.3133,129.2033,11.1867,4.6967,25.6767,111.5967,146.1667,108.0233,117.0733,82.1483,209.1067,215.5267,5.2667,7.93,3.5948,97.0,85.3933,50.4267,60.1067,83.9927,fwc20,reduced_condenser_flow,2,fault,35
59.8027,50.4353,85.5543,97.212,42.38,37.49,102.71,130.05,11.62,4.68,25.3933,112.4,145.9333,107.9433,117.7667,82.2787,209.35,215.92,5.6733,7.9333,3.6014,97.02,85.3333,50.2933,59.9833,84.2783,fwc20,reduced_condenser_flow,2,fault,40
55.5857,50.072,85.2003,92.108,42.7833,37.8833,95.0133,114.15,7.4033,5.5467,38.0567,113.5667,144.0667,105.14,119.02,55.5863,210.44,215.3233,3.1867,7.3233,3.1273,91.83,84.9367,50.1167,55.8167,49.4403,fwc20,reduced_condenser_flow,2,fault,55
55.7633,50.176,85.3007,92.1903,42.8033,37.91,95.2167,114.6267,7.58,5.6067,38.16,113.7667,144.4,105.71,119.17,55.9733,210.8733,215.5567,3.1967,7.3733,3.1484,92.0133,85.05,50.2,55.9333,50.1223,fwc20,reduced_condenser_flow,2,fault,60
55.996,50.3873,85.3287,92.258,42.8567,37.96,95.3633,114.9633,7.6333,5.74,38.03,113.9467,144.25,105.1967,119.5,56.1953,210.69,215.76,3.31,7.54,3.1551,92.1267,85.1067,50.4067,56.2233,50.427,fwc20,reduced_condenser_flow,2,fault,65
56.3653,50.6927,85.378,92.4877,42.9833,38.1033,95.8233,115.75,7.99,5.72,37.2533,114.1667,144.3833,105.08,119.6467,56.8663,210.62,215.7767,3.39,7.64,3.1553,92.4033,85.23,50.6333,56.5933,51.0327,fwc20,reduced_condenser_flow,2,fault,70
52.9467,50.116,85.309,89.093,43.8367,39.0333,90.5867,105.4167,4.7833,5.8367,60.29,115.05,142.7167,101.66,121.4033,40.4197,211.3067,215.7233,1.8333,6.3133,2.2136,88.7433,85.0333,50.1333,53.0567,25.44,fwc20,reduced_condenser_flow,2,fault,85
52.9613,50.1413,85.2953,88.9953,43.79,38.98,90.7333,105.65,5.1367,5.9633,62.2233,115.9567,143.0667,102.1667,122.7233,40.6057,211.1567,215.15,1.8167,6.3967,2.1888,88.85,85.0667,50.1467,53.1333,25.2773,fwc20,reduced_condenser_flow,2,fault,90
52.8507,50.0373,85.342,89.1013,44.0267,39.2267,90.7967,105.85,5.0033,5.6633,62.0333,116.84,142.8167,103.4267,123.7167,40.7907,211.1467,215.2867,1.87,6.0,2.1748,88.93,85.12,50.04,52.9567,25.23,fwc20,reduced_condenser_flow,2,fault,95
52.682,49.8903,85.3203,89.054,43.9333,39.14,90.5867,105.45,4.9033,5.6167,61.95,117.5233,143.0667,102.86,124.3333,40.3847,211.18,215.3967,1.82,5.9533,2.182,88.8167,85.09,49.9167,52.7767,25.06,fwc20,reduced_condenser_flow,2,fault,100
60.8377,49.9987,75.842,88.643,41.05,36.1567,94.8067,113.75,11.8133,5.01,22.6,115.6933,142.9667,106.1967,119.8067,78.6617,216.7,215.9167,6.5667,8.7833,4.3594,88.2667,75.8033,49.8067,60.9267,97.529,fwc20,reduced_condenser_flow,2,fault,120
60.6573,49.7947,75.6947,88.4533,40.8667,35.9467,94.4967,113.1333,11.73,4.9733,22.55,114.3167,142.7833,106.13,118.2267,78.4207,216.46,215.9033,6.3967,8.75,4.3812,88.0867,75.6367,49.6333,60.7833,97.717,fwc20,reduced_condenser_flow,2,fault,125
60.5947,49.7313,75.6447,88.3787,40.82,35.9,94.4433,113.05,11.7033,4.96,22.3967,113.18,143.1667,106.64,117.0933,78.3343,216.74,215.8433,6.4267,8.7667,4.3831,88.0367,75.6033,49.56,60.7533,97.6547,fwc20,reduced_condenser_flow,2,fault,130
55.8973,49.9547,75.4067,82.439,42.2367,37.3133,85.4667,96.35,6.9567,5.67,35.7867,111.2967,140.08,101.1733,115.2,49.1503,218.7967,215.7933,3.4667,7.7467,3.8237,82.0367,75.3533,49.99,56.0133,53.4417,fwc20,reduced_condenser_flow,2,fault,145
56.3217,50.5727,75.3323,82.0817,42.2867,37.3867,85.5067,96.3667,7.43,6.2367,36.9367,111.2067,140.0433,100.8333,115.2,48.9553,218.3933,215.5367,3.5633,8.29,3.7076,81.94,75.3,50.58,56.5767,51.6257,fwc20,reduced_condenser_flow,2,fault,150
56.224,50.3523,75.4667,82.368,42.4767,37.5767,85.6367,96.65,7.1333,5.86,36.39,111.2067,140.1,101.6367,115.2067,49.472,218.7067,215.2467,3.49,7.8367,3.7423,82.1533,75.4133,50.3033,56.4367,52.6567,fwc20,reduced_condenser_flow,2,fault,155
56.1403,50.25,75.4667,82.3573,42.4733,37.58,85.71,96.7833,7.2133,5.7967,36.1767,111.2433,140.2133,102.5133,115.3467,49.4763,218.5967,215.6833,3.5733,7.7833,3.7608,82.1567,75.46,50.26,56.3533,52.9217,fwc20,reduced_condenser_flow,2,fault,160
52.7817,50.47,75.35,78.4873,43.9833,39.18,79.73,86.1833,3.3333,6.25,68.9,112.9633,137.94,97.4533,118.58,33.807,216.56,215.39,1.5233,6.5667,2.1572,78.19,75.16,50.5333,52.9667,20.7347,fwc20,reduced_condenser_flow,2,fault,175
52.8133,50.4553,75.284,78.4033,44.1367,39.3367,79.88,86.5833,3.78,6.1433,70.0267,114.3533,138.2867,97.8467,120.2367,34.1073,216.4067,215.1567,1.6367,6.2733,2.178,78.33,75.2533,50.41,52.9,21.128,fwc20,reduced_condenser_flow,2,fault,180
52.704,50.3207,75.3867,78.5007,44.35,39.5433,80.1,86.9333,3.9067,5.9067,69.8367,115.5633,138.3167,97.7467,121.4767,34.2327,216.7933,215.4433,1.6733,5.9833,2.1971,78.4267,75.36,50.3133,52.7733,21.3907,fwc20,reduced_condenser_flow,2,fault,185
52.6397,50.2303,75.404,78.5247,44.34,39.5367,80.17,86.9833,3.7733,5.86,69.7833,116.3667,138.39,97.6767,122.4567,34.2357,216.67,215.35,1.7267,5.9167,2.2172,78.4467,75.3533,50.24,52.7367,21.589,fwc20,reduced_condenser_flow,2,fault,190
58.515,49.6503,70.5847,81.218,42.0467,37.14,86.65,98.4,9.9367,4.6967,26.2033,116.0133,140.92,103.96,120.2,61.012,210.6067,215.4433,5.5467,7.3733,4.5855,81.1267,70.39,49.43,58.6433,79.5693,fwc20,reduced_condenser_flow,2,fault,205
58.4687,49.5847,70.4663,81.1033,41.5267,36.6233,86.28,97.7,9.7867,5.0833,25.8367,114.5367,140.41,104.0267,117.9967,60.4827,210.38,215.7633,5.4333,7.9867,4.6426,80.8067,70.3,49.5067,58.6233,79.863,fwc20,reduced_condenser_flow,2,fault,210
58.502,49.6247,70.4383,81.066,41.5367,36.6233,86.19,97.5333,9.79,5.0933,25.8833,113.06,140.7567,103.4633,116.2367,60.479,210.5933,215.4767,5.2967,8.0367,4.6333,80.8,70.29,49.5367,58.6767,79.698,fwc20,reduced_condenser_flow,2,fault,215
58.809,49.9357,70.5527,81.1967,41.5867,36.69,86.37,97.9,9.83,5.2,26.6467,111.9867,140.4367,102.9567,115.1767,60.7767,210.43,215.77,5.39,8.2333,4.6146,80.98,70.3767,49.8533,59.0167,79.767,fwc20,reduced_condenser_flow,2,fault,220
56.0383,49.9897,65.96,73.2753,41.1233,36.2167,76.3533,81.0,6.89,6.6533,36.4233,110.13,135.25,98.06,113.1567,43.6577,211.45,215.55,3.71,8.9133,4.3768,72.6367,65.6533,50.0533,56.1833,54.348,fwc20,reduced_condenser_flow,2,fault,235
55.978,49.9693,65.706,72.8013,41.1367,36.2367,76.3,80.9,7.2867,6.69,36.73,109.6533,135.3833,98.16,112.7433,43.5933,211.7067,215.6367,3.8067,8.8733,4.3565,72.4733,65.5133,50.01,56.1133,54.0127,fwc20,reduced_condenser_flow,2,fault,240
55.9433,49.9253,65.6463,72.7093,41.0867,36.1867,76.21,80.75,7.26,6.7,36.76,109.4867,135.15,97.8467,112.48,43.5463,211.5,215.25,3.82,8.8867,4.3605,72.4,65.5067,49.9633,56.0833,54.0057,fwc20,reduced_condenser_flow,2,fault,245
55.934,49.916,65.6677,72.698,41.0867,36.1867,76.25,80.75,7.2667,6.63,36.6933,109.3467,135.6167,98.4033,112.3133,43.58,211.3533,215.5067,3.78,8.9,4.3622,72.42,65.4933,49.9633,56.0767,54.0683,fwc20,reduced_condenser_flow,2,fault,250
53.678,50.071,64.622,68.9843,42.76,37.8633,71.16,72.7667,4.52,6.4433,53.6433,109.7167,131.8833,93.0033,113.3233,34.3657,215.3967,215.4533,2.51,7.3133,3.3136,68.6033,64.3767,50.07,54.58,32.3803,fwc20,reduced_condenser_flow,2,fault,265
53.66,50.179,64.1013,68.299,42.7433,37.84,70.75,72.2,4.72,6.5833,55.4167,110.2467,131.7167,92.48,113.9933,34.1587,215.2733,215.2033,2.6067,7.3867,3.2104,68.0933,63.9067,50.15,53.7733,31.191,fwc20,reduced_condenser_flow,2,fault,270
53.5307,50.024,64.1293,68.334,42.6867,37.7933,70.64,72.0833,4.8033,6.5633,54.92,110.54,132.1833,93.41,114.5633,34.075,215.2833,215.23,2.5067,7.3533,3.2404,68.1467,63.95,50.0367,53.6667,31.405,fwc20,reduced_condenser_flow,2,fault,275
53.4833,49.9987,64.1013,68.294,42.72,37.8067,70.7,72.25,4.7733,6.4233,54.95,110.84,132.7667,93.8267,114.86,34.079,215.5933,215.6433,2.7133,7.3033,3.2325,68.0667,63.93,49.9967,53.5733,31.3307,fwc20,reduced_condenser_flow,2,fault,280
55.016,46.5127,85.335,95.488,40.2167,35.2433,98.7033,121.5833,8.2933,3.5733,26.99,110.98,143.6667,107.9133,115.0667,77.7603,213.81,215.4767,3.06,6.2367,3.4527,95.64,85.1967,46.4767,55.2667,76.3507,fwc20,reduced_condenser_flow,2,fault,300
55.1353,46.5773,85.506,96.0073,40.3333,35.3367,99.0733,122.3167,8.3133,3.5133,27.6467,111.16,144.25,108.0333,115.86,78.7683,213.84,215.8533,3.2,6.1067,3.4365,95.9133,85.3233,46.46,55.29,76.9863,fwc20,reduced_condenser_flow,2,fault,305
55.0993,46.5147,85.4607,96.0193,40.29,35.2867,100.2133,124.6833,9.4567,3.5467,26.49,111.5467,144.55,108.4767,116.5033,78.8013,213.4433,215.2533,4.43,6.0733,3.4364,95.82,85.2767,46.3767,55.22,77.0177,fwc20,reduced_condenser_flow,2,fault,310
55.0207,46.4187,85.4153,96.002,40.2467,35.2367,100.8333,125.9333,10.0733,3.5,25.7533,111.8133,143.9333,107.8433,116.92,78.8183,213.8433,215.4733,5.08,6.06,3.4465,95.7533,85.2467,46.2967,55.13,77.259,fwc20,reduced_condenser_flow,2,fault,315
55.0793,46.468,85.4033,95.998,40.2833,35.28,100.8333,125.9,10.0667,3.5433,24.7867,112.0667,144.25,108.1533,117.1967,78.7647,213.7867,215.31,5.0133,6.0767,3.45,95.8067,85.2067,46.3433,55.2267,77.285,fwc20,reduced_condenser_flow,2,fault,320
50.5697,45.213,85.496,92.3123,40.3367,35.3333,95.0867,114.3433,7.1133,3.53,36.7,112.3533,142.7167,106.3967,117.7567,56.7733,214.5767,215.1533,3.13,4.82,2.9734,91.98,85.2733,45.17,50.67,48.0097,fwc20,reduced_condenser_flow,2,fault,335
50.686,45.3327,85.5407,92.306,40.41,35.4267,95.2067,114.5967,7.0967,3.5067,36.5067,112.3967,142.7,106.2667,117.93,57.1377,214.79,215.38,3.1333,4.84,2.9551,92.0867,85.3333,45.2333,50.8267,48.021,fwc20,reduced_condenser_flow,2,fault,340
50.7997,45.422,85.5397,92.2993,40.4933,35.4933,95.1733,114.56,7.21,3.5333,36.5367,112.5133,142.95,106.41,118.0267,57.1087,214.4533,215.0533,3.0633,4.83,2.9679,92.1267,85.3567,45.34,50.9267,48.208,fwc20,reduced_condenser_flow,2,fault,345
50.8533,45.4897,85.5487,92.31,40.5067,35.5133,95.2233,114.5967,7.19,3.6533,36.5233,112.61,143.0,106.3333,118.1133,57.0907,214.49,215.0767,3.0767,4.85,2.963,92.1467,85.3367,45.37,50.94,48.113,fwc20,reduced_condenser_flow,2,fault,350
48.2133,45.097,85.7263,90.0543,40.7333,35.7933,91.24,106.7667,4.2233,3.8667,52.2067,112.77,141.1,104.2333,118.6633,43.4913,214.7833,215.0833,1.92,4.28,2.2576,89.3567,85.2,45.0533,48.2467,27.9207,fwc20,reduced_condenser_flow,2,fault,360
48.0243,44.9763,85.3447,89.4667,40.84,35.9233,91.1833,106.6,5.1333,3.7467,54.5767,113.1967,141.1333,104.1633,119.4767,43.3143,215.4367,215.09,1.9267,4.0233,2.2171,89.2533,85.16,44.8833,48.0733,27.3117,fwc20,reduced_condenser_flow,2,fault,365
48.2323,45.2347,85.2677,89.246,41.0467,36.1067,90.9933,106.2167,5.17,3.8767,56.0033,113.79,141.3167,104.3767,120.2467,42.879,215.42,215.2533,1.91,4.2033,2.2027,89.0467,85.0533,45.2233,48.34,26.8673,fwc20,reduced_condenser_flow,2,fault,370
48.246,45.2047,85.3433,89.3733,40.9533,36.04,91.06,106.4167,5.1,3.9667,55.5333,114.3067,141.25,104.1133,120.82,43.033,215.0733,214.9967,1.89,4.2533,2.2296,89.2067,85.1333,45.1567,48.2833,27.288,fwc20,reduced_condenser_flow,2,fault,375
48.2233,45.1887,85.3207,89.348,40.92,36.0133,91.09,106.4333,5.1133,3.9533,55.6567,114.7333,141.15,104.0667,121.29,43.0107,215.0433,214.77,1.9433,4.2067,2.2233,89.14,85.1267,45.14,48.27,27.1957,fwc20,reduced_condenser_flow,2,fault,380
56.0013,45.519,75.552,88.248,38.6433,33.82,94.2567,112.6667,11.1967,3.65,21.8667,113.0467,141.29,106.9067,117.0167,80.232,212.9267,215.5133,6.2767,6.6,4.1246,87.9767,75.5133,45.2167,56.1,94.1197,fwc20,reduced_condenser_flow,2,fault,400
55.6467,45.1167,75.5093,88.3117,38.4133,33.6067,94.2533,112.6333,11.1633,3.53,21.87,112.02,141.1533,106.9233,115.8367,80.731,212.65,215.6233,6.26,6.5033,4.122,87.9467,75.46,44.9067,55.7733,94.6463,fwc20,reduced_condenser_flow,2,fault,405
55.5947,45.0543,75.476,88.267,38.3333,33.5267,94.1733,112.4833,11.1367,3.4933,21.9833,111.1967,141.0967,107.1267,115.0667,80.7777,212.51,215.2833,6.2367,6.5367,4.117,87.9,75.45,44.8633,55.7267,94.5833,fwc20,reduced_condenser_flow,2,fault,410
49.6093,44.143,75.6673,82.51,39.2733,34.3767,85.4767,96.35,6.7433,3.42,34.5667,110.08,138.4633,100.7433,113.9,49.6923,216.6533,215.2967,3.4233,4.7633,3.4687,82.0567,75.5567,44.0433,49.71,49.0207,fwc20,reduced_condenser_flow,2,fault,425
49.778,44.37,75.496,82.126,39.3233,34.4067,85.3667,96.05,6.9767,3.6033,34.95,109.75,137.97,102.6367,113.7333,49.296,216.93,215.0467,3.4933,4.97,3.4557,81.85,75.4933,44.26,49.8733,48.451,fwc20,reduced_condenser_flow,2,fault,430
49.766,44.3687,75.5027,82.098,39.2667,34.3667,85.33,95.9833,6.9233,3.6433,35.0333,109.7,138.0133,101.02,113.6733,49.2397,216.62,215.4133,3.44,5.0167,3.4584,81.8533,75.4567,44.2767,49.8867,48.4327,fwc20,reduced_condenser_flow,2,fault,435
49.646,44.2953,75.488,82.074,39.31,34.4033,85.28,95.95,6.94,3.6,35.02,109.7067,138.4867,102.4033,113.5533,49.2503,216.76,215.5433,3.4667,4.83,3.4302,81.84,75.47,44.1333,49.74,48.0483,fwc20,reduced_condenser_flow,2,fault,440
47.6067,45.0027,75.3453,78.77,40.8,35.8633,80.34,87.2833,3.83,3.9767,60.5833,110.7467,136.8333,99.78,115.3967,35.7867,217.19,214.9067,1.68,4.12,2.286,78.6467,75.2667,44.9167,47.6733,23.2667,fwc20,reduced_condenser_flow,2,fault,455
47.5907,45.0043,75.364,78.78,40.88,35.9833,80.39,87.4,4.0,3.9867,60.8367,111.93,136.85,99.9167,116.7433,35.8267,217.29,215.2433,1.7333,3.9933,2.2714,78.6933,75.32,44.8967,47.6467,23.1447,fwc20,reduced_condenser_flow,2,fault,460
47.5787,44.9933,75.3907,78.784,40.8733,35.98,80.53,87.55,4.02,3.9733,61.11,113.01,137.0,99.9433,117.9167,35.8203,216.9267,214.8633,1.79,4.0133,2.2665,78.7167,75.34,44.8967,47.6433,23.091,fwc20,reduced_condenser_flow,2,fault,465
47.536,44.96,75.3907,78.7827,40.9133,36.0067,80.47,87.5333,4.07,3.9633,61.0567,113.8467,137.35,100.3133,118.6767,35.8623,216.5667,215.0967,1.74,3.9733,2.2579,78.7433,75.3533,44.87,47.5733,23.03,fwc20,reduced_condenser_flow,2,fault,470
55.6687,44.998,70.866,83.3697,37.79,33.06,89.4533,103.37,11.0533,3.8167,21.6,112.5533,139.53,105.62,115.62,74.672,217.0733,215.5833,6.3667,6.9933,4.5127,83.1033,70.6433,44.8167,55.7167,95.8403,fwc20,reduced_condenser_flow,2,fault,490
55.42,44.8,70.6727,83.1493,37.54,32.8367,89.2767,103.0433,11.0833,3.8267,21.4533,111.3767,139.42,105.76,114.3833,74.3217,217.3267,215.6367,6.4033,7.1567,4.5136,82.8533,70.4967,44.6533,55.57,95.4083,fwc20,reduced_condenser_flow,2,fault,495
55.4173,44.808,70.63,83.082,37.5167,32.8033,89.21,102.96,11.0633,3.7933,21.4033,110.44,139.42,106.11,113.2667,74.2777,216.8133,215.38,6.36,7.2233,4.5065,82.8467,70.4833,44.7167,55.5933,95.2023,fwc20,reduced_condenser_flow,2,fault,500
50.8753,44.0453,65.594,73.748,37.9167,33.1667,77.3233,82.4167,7.41,4.11,30.0133,108.46,134.75,102.28,111.1533,48.1233,218.37,215.09,4.2167,6.0167,4.4723,73.0567,65.2367,43.9567,50.9033,61.2197,fwc20,reduced_condenser_flow,2,fault,515
50.8893,44.142,65.326,73.1833,37.7533,33.0233,77.06,82.1,7.5467,4.26,30.2033,108.0367,133.5333,99.72,110.5533,48.033,218.21,215.2033,4.2033,6.2467,4.4279,72.87,65.1733,44.04,51.0267,60.49,fwc20,reduced_condenser_flow,2,fault,520
50.9747,44.212,65.3367,73.1647,37.6933,32.9833,77.17,82.2333,7.7967,4.35,29.9533,107.59,133.5833,99.67,110.2067,48.1913,218.3267,215.0933,4.23,6.3667,4.4217,72.91,65.1833,44.08,51.07,60.6047,fwc20,reduced_condenser_flow,2,fault,525
50.9367,44.072,65.39,73.3313,37.6333,32.9467,77.4167,82.6667,7.84,4.3,29.6267,107.3333,133.6667,99.8233,109.8933,48.6057,217.91,215.4467,4.3867,6.2733,4.4544,73.0367,65.2433,43.92,51.04,61.5773,fwc20,reduced_condenser_flow,2,fault,530
48.485,45.4367,65.5197,69.2923,40.21,35.22,71.2667,73.05,4.0367,4.6367,54.7433,107.5167,130.6667,94.4533,110.6,33.621,219.25,215.2,2.2067,5.2133,2.8572,69.0433,65.35,45.4133,48.5933,27.325,fwc20,reduced_condenser_flow,2,fault,545
48.4387,45.3367,65.5553,69.312,40.1533,35.1433,71.45,73.3,4.2367,4.7433,55.8933,108.35,131.25,94.9967,111.8833,33.699,219.0467,214.9867,2.3067,5.1733,2.8953,69.1067,65.3933,45.3,48.48,27.7503,fwc20,reduced_condenser_flow,2,fault,550
48.4093,45.306,65.5447,69.2947,40.18,35.1933,71.3067,73.1333,4.21,4.6833,56.32,109.0933,131.15,95.1267,112.9633,33.6747,219.42,214.9033,2.1933,5.0767,2.8975,69.1667,65.37,45.2733,48.44,27.7517,fwc20,reduced_condenser_flow,2,fault,555
48.3853,45.2873,65.578,69.3307,40.2,35.1933,71.6367,73.4833,4.3233,4.7167,56.0933,109.7633,131.4667,95.1067,113.7433,33.6993,219.4567,215.2567,2.37,5.03,2.8953,69.1867,65.3833,45.2667,48.4133,27.7483,fwc20,reduced_condenser_flow,2,fault,560
49.8553,41.0223,80.2123,90.6263,36.8933,32.2167,93.7167,111.6667,8.0633,2.2667,24.9467,109.65,139.7333,106.82,112.72,75.921,217.04,215.2267,3.0567,3.8533,3.6684,90.6567,80.2033,40.7267,49.9467,79.2087,fwc20,reduced_condenser_flow,2,fault,580
49.6887,40.7463,80.468,91.136,36.7667,32.14,93.98,112.1667,8.1,2.1067,26.2333,109.3333,140.5467,107.99,112.8267,77.159,216.99,215.3167,3.0633,3.7567,3.6551,90.8933,80.4,40.49,49.7133,80.2133,fwc20,reduced_condenser_flow,2,fault,585
49.5213,40.5947,80.429,91.1467,36.72,32.11,94.14,112.4667,8.2467,1.9267,25.2533,109.32,140.5933,107.73,113.0333,77.1407,216.9367,215.2733,3.28,3.67,3.6499,90.9133,80.35,40.4033,49.5933,80.0757,fwc20,reduced_condenser_flow,2,fault,590
49.5843,40.644,80.4327,91.168,36.76,32.1233,95.0633,114.26,9.1433,2.0167,24.3433,109.3133,140.2933,107.6267,113.21,77.06,216.7233,215.1333,4.1833,3.71,3.6555,90.8833,80.3733,40.4633,49.7067,80.115,fwc20,reduced_condenser_flow,2,fault,595
49.5953,40.6653,80.4533,91.1773,36.7667,32.12,96.0933,116.35,10.19,2.04,23.3033,109.3133,140.6167,107.8633,113.25,77.0513,216.79,215.1433,5.21,3.74,3.6516,90.9033,80.38,40.4667,49.7067,80.0263,fwc20,reduced_condenser_flow,2,fault,600
45.646,40.242,80.1473,86.9467,36.9667,32.2867,89.84,104.1833,7.1233,2.4267,33.8333,109.3267,138.6233,105.38,113.5,54.159,217.9933,214.6533,3.3667,3.21,3.138,86.55,79.9967,40.1967,45.7733,48.3367,fwc20,reduced_condenser_flow,2,fault,615
45.904,40.476,80.1993,87.012,37.15,32.4533,90.26,104.7833,7.3167,2.51,33.62,109.28,138.9,105.6133,113.57,54.8387,217.68,215.0667,3.5067,3.1333,3.1185,86.7467,80.12,40.3,45.9533,48.6403,fwc20,reduced_condenser_flow,2,fault,620
45.599,40.0993,80.2233,87.0993,37.21,32.5167,90.3767,104.9833,7.4767,2.13,33.06,109.2533,138.9767,105.6133,113.5367,55.0283,217.5133,214.8767,3.5867,2.75,3.1471,86.8133,80.1433,39.9433,45.6867,49.2557,fwc20,reduced_condenser_flow,2,fault,625
45.3873,39.8927,80.2207,87.0817,37.1967,32.49,90.21,104.7,7.4433,1.9267,33.02,109.1467,138.99,105.4567,113.5067,54.812,217.6233,214.8733,3.44,2.61,3.1565,86.7233,80.09,39.8,45.4367,49.207,fwc20,reduced_condenser_flow,2,fault,630
43.2893,40.2517,80.1367,84.292,38.1333,33.3267,85.5567,96.5333,4.0067,1.98,50.54,109.6833,137.7133,103.43,114.5167,41.4473,218.2267,215.1733,1.4533,1.9967,2.3104,84.1733,80.02,40.1233,43.3333,27.2357,fwc20,reduced_condenser_flow,2,fault,645
43.2173,40.094,80.2207,84.4613,37.7367,33.0167,85.99,97.3333,4.5133,2.2933,50.04,110.4533,137.61,103.6433,115.3,41.9807,218.14,214.6867,1.7,2.2167,2.3372,84.3133,80.0933,39.97,43.16,27.9067,fwc20,reduced_condenser_flow,2,fault,650
43.1467,40.058,80.1767,84.391,37.6767,32.96,86.05,97.4,4.5133,2.3433,50.37,111.04,137.56,102.73,115.8767,41.9073,217.78,214.5433,1.77,2.27,2.3131,84.24,80.0667,39.9167,43.16,27.571,fwc20,reduced_condenser_flow,2,fault,655
43.1147,40.026,80.1713,84.3723,37.68,32.98,85.9867,97.3,4.5533,2.3467,50.3967,111.4167,137.7767,102.73,116.24,41.917,218.08,214.4567,1.77,2.2167,2.3127,84.2567,80.0833,39.91,43.0933,27.5723,fwc20,reduced_condenser_flow,2,fault,660
51.7023,40.8647,70.2493,82.9623,35.5667,31.0567,89.3333,103.1533,11.59,2.49,20.46,110.06,136.9,105.1733,113.11,78.66,216.46,215.0533,6.5333,4.9367,4.3404,82.79,70.0633,40.5433,51.73,97.0997,fwc20,reduced_condenser_flow,2,fault,680
51.442,40.4383,70.216,83.141,35.2833,30.7867,89.4533,103.3867,11.6367,2.3867,20.79,109.24,137.11,105.9667,112.2,80.2123,216.88,215.0167,6.6067,4.98,4.322,82.8767,70.0333,40.2733,51.5833,98.6037,fwc20,reduced_condenser_flow,2,fault,685
51.9653,40.9567,70.2853,83.2573,35.35,30.8267,89.55,103.5667,11.5667,2.71,21.1067,108.7333,137.2567,105.7533,111.6733,80.6457,216.89,215.5233,6.5633,5.4667,4.3093,82.9933,70.1033,40.7933,52.14,98.8427,fwc20,reduced_condenser_flow,2,fault,690
45.2917,39.3253,70.2453,77.5437,36.2167,31.6333,81.03,88.4667,7.4367,2.1267,29.9433,107.5133,134.5667,101.31,110.36,49.3793,218.3167,214.6933,3.8233,2.9467,3.7997,77.2067,70.0233,39.1833,45.34,53.3623,fwc20,reduced_condenser_flow,2,fault,705
45.37,39.4493,70.156,77.264,35.7667,31.2467,80.88,88.1833,7.3633,2.6367,30.5167,107.1267,133.8667,101.5233,109.87,49.3373,218.3433,215.0667,3.7967,3.5533,3.7817,77.0767,70.0,39.3133,45.4133,53.0663,fwc20,reduced_condenser_flow,2,fault,710
45.4353,39.4947,70.2253,77.308,35.76,31.2267,80.99,88.3833,7.4,2.7167,30.6933,106.8467,133.95,100.01,109.7067,49.4587,218.23,214.9333,3.83,3.6667,3.783,77.16,70.0567,39.38,45.4867,53.2133,fwc20,reduced_condenser_flow,2,fault,715
45.502,39.544,70.308,77.4297,35.7133,31.2067,81.03,88.4833,7.3867,2.7133,30.6667,106.6467,133.6167,101.7133,109.5733,49.578,218.4667,214.8933,3.7633,3.7667,3.7845,77.2933,70.16,39.44,45.5933,53.3647,fwc20,reduced_condenser_flow,2,fault,720
43.459,40.446,71.006,75.068,37.1367,32.46,76.56,81.3167,3.7233,2.75,49.88,106.74,132.7167,99.2,109.99,36.9027,218.5,214.9767,1.9133,3.1267,2.5697,74.6433,70.5633,40.3033,43.39,26.966,fwc20,reduced_condenser_flow,2,fault,730
43.028,40.224,70.3,74.0923,37.55,32.84,75.4167,79.47,3.4633,2.4767,53.4267,107.5467,132.9333,99.02,111.28,35.4373,218.6867,214.7233,1.5533,2.5733,2.4895,73.8167,70.0067,40.1367,43.0567,25.0933,fwc20,reduced_condenser_flow,2,fault,735
43.292,40.468,70.102,73.8067,37.3867,32.6933,75.8233,80.0833,4.2733,2.7567,54.4633,108.62,132.7833,99.1067,112.49,35.6223,218.6533,214.76,2.02,2.9767,2.4939,73.7567,69.9467,40.39,43.34,25.2663,fwc20,reduced_condenser_flow,2,fault,740
43.2613,40.412,70.3107,74.1047,37.5467,32.8433,76.05,80.5167,4.5133,2.6,53.6,109.4833,133.1,99.2567,113.4267,36.0757,218.7267,214.9567,2.0,2.6667,2.4874,74.0633,70.1767,40.2433,43.24,25.5217,fwc20,reduced_condenser_flow,2,fault,745
43.097,40.2523,70.3507,74.1847,37.6333,32.94,75.8233,80.1167,4.2033,2.51,53.5,110.1967,133.5,99.3833,114.0667,36.0583,218.56,215.01,1.7167,2.4867,2.4858,74.16,70.2067,40.1233,43.06,25.492,fwc20,reduced_condenser_flow,2,fault,750
49.006,39.8673,64.463,75.015,35.61,31.0533,80.69,87.85,10.57,2.09,23.0067,110.3567,134.6667,102.8133,113.0,60.9163,218.0133,215.2033,5.77,4.0833,4.7304,74.8733,64.24,39.6433,49.0933,81.9563,fwc20,reduced_condenser_flow,2,fault,765
49.0193,39.866,64.204,74.8013,34.8333,30.3767,80.27,87.2,10.0533,2.7867,22.7533,109.32,134.0833,103.72,111.4567,60.6227,218.1667,215.1733,5.7467,4.8767,4.7608,74.54,63.9833,39.7067,49.05,82.083,fwc20,reduced_condenser_flow,2,fault,770
48.5813,39.4433,63.7763,74.3913,34.4667,30.0867,79.8,86.4167,10.04,2.6967,22.77,108.28,133.8167,102.9,110.2967,60.3047,218.3233,214.9633,5.7033,4.77,4.7731,74.1133,63.5933,39.2667,48.6233,81.8643,fwc20,reduced_condenser_flow,2,fault,775
48.4333,39.314,63.526,74.0887,34.3867,29.9867,79.49,85.8833,10.13,2.6433,22.6767,107.38,133.45,101.9367,109.4,60.13,218.3467,215.2233,5.6667,4.7367,4.7793,73.84,63.3267,39.1433,48.48,81.7353,fwc20,reduced_condenser_flow,2,fault,780
45.824,40.122,62.345,69.2073,35.48,30.96,72.5133,75.0167,6.71,3.3867,32.6433,105.9,130.0,98.1733,108.09,42.7737,217.4267,214.7867,3.8733,4.5933,4.1915,68.6933,62.0567,40.04,45.9,50.9937,fwc20,reduced_condenser_flow,2,fault,795
45.6053,39.9273,61.8367,68.639,35.7933,31.2267,72.12,74.4333,6.8167,3.0,32.5633,105.6867,130.1,98.02,107.9167,42.483,217.68,214.7,3.9533,4.0633,4.2074,68.25,61.67,39.8367,45.6667,50.837,fwc20,reduced_condenser_flow,2,fault,800
45.518,39.9047,61.636,68.2987,36.1,31.52,71.81,73.9333,6.8333,2.7667,32.7433,105.5733,130.1167,97.7167,107.8333,42.0953,217.4533,214.7467,3.8333,3.74,4.1983,67.96,61.52,39.83,45.5667,50.2653,fwc20,reduced_condenser_flow,2,fault,805
45.7047,40.1877,61.484,68.0207,35.9267,31.3733,71.5533,73.5,6.8567,3.1433,33.2267,105.56,129.8833,97.5833,107.81,41.6937,217.37,214.8467,3.8167,4.1733,4.1654,67.75,61.32,40.11,45.82,49.3943,fwc20,reduced_condenser_flow,2,fault,810
42.6477,39.902,61.995,65.6843,36.7733,32.12,67.37,67.4833,3.2633,2.9433,54.5167,106.2067,126.5267,94.0933,109.1533,32.025,219.46,214.87,2.0533,3.11,2.704,65.2633,61.7367,39.83,42.6867,24.6327,fwc20,reduced_condenser_flow,2,fault,825
42.5893,39.934,61.4383,64.9877,37.0967,32.3967,66.6133,66.5333,3.4067,2.7267,56.0767,106.8667,127.8767,93.5567,110.1867,31.6073,219.42,215.0033,1.9733,2.77,2.6519,64.7333,61.2167,39.8567,42.6333,23.8397,fwc20,reduced_condenser_flow,2,fault,830
42.5827,39.9633,61.2433,64.722,37.26,32.56,66.5367,66.3667,3.6367,2.6033,56.5,107.4267,127.79,93.4,110.94,31.512,219.4833,214.8767,2.0167,2.6033,2.6215,64.54,61.0867,39.8733,42.62,23.495,fwc20,reduced_condenser_flow,2,fault,835
42.5217,39.966,61.1743,64.555,37.51,32.8,66.13,65.86,3.2733,2.4567,57.1133,107.9733,126.84,93.02,111.5433,30.883,219.4933,214.8333,1.8867,2.43,2.6096,64.2867,60.94,39.96,42.5933,22.9163,fwc20,reduced_condenser_flow,2,fault,840
59.658,50.402,85.35,98.188,43.9333,39.1333,101.6533,127.73,9.8767,3.9,26.1833,111.7167,138.07,98.3867,118.1167,79.5677,188.7967,216.07,3.7867,6.3467,3.6828,97.8567,85.0967,50.2767,59.8033,83.3427,fwc30,reduced_condenser_flow,3,fault,25
59.908,50.7057,85.358,98.1373,43.7233,38.9433,103.1967,131.2,11.47,4.0767,24.0933,112.9033,137.8467,98.17,118.5533,79.9957,189.0333,216.0867,5.28,6.7633,3.6439,97.8933,85.1467,50.5267,60.0867,82.9077,fwc30,reduced_condenser_flow,3,fault,30
59.8373,50.599,85.3793,98.2273,43.5967,38.7967,103.27,131.4167,11.5667,4.1067,24.2533,113.5167,138.0233,98.59,118.8733,80.5167,189.1667,215.9367,5.3433,6.7967,3.6302,97.9333,85.1533,50.4,60.0,83.129,fwc30,reduced_condenser_flow,3,fault,35
59.6893,50.4353,85.3393,98.1747,43.3833,38.57,103.2733,131.3667,11.64,4.1133,24.3133,113.88,138.2533,98.8733,118.9933,80.6213,188.75,216.23,5.3767,6.89,3.6354,97.89,85.14,50.3,59.8367,83.3583,fwc30,reduced_condenser_flow,3,fault,40
55.252,50.1657,84.932,92.2607,43.9933,39.1967,94.9167,113.93,7.5633,4.8667,39.47,114.6533,135.8167,95.6167,119.8867,53.569,189.1167,215.7033,2.9833,6.1767,3.0013,91.9267,84.7233,50.14,55.4233,45.7263,fwc30,reduced_condenser_flow,3,fault,55
55.5883,50.4287,85.044,92.3537,44.2467,39.4267,95.19,114.5133,7.8367,4.86,39.3433,114.8667,136.1,95.65,120.2833,54.0467,188.7233,216.1533,2.96,6.2,3.0234,92.2333,84.8467,50.3967,55.7533,46.474,fwc30,reduced_condenser_flow,3,fault,60
55.9127,50.6837,85.165,92.539,44.21,39.4067,95.4233,114.9833,7.9467,5.05,39.0767,115.04,136.1833,95.82,120.5967,54.419,188.96,216.1333,2.9733,6.43,3.0427,92.43,84.92,50.6433,56.12,47.0947,fwc30,reduced_condenser_flow,3,fault,65
56.1847,50.833,85.3273,92.832,44.0633,39.26,95.93,116.0167,8.1567,5.3067,38.6467,115.22,136.4,95.9033,120.7867,55.366,188.86,215.4833,3.33,6.71,3.0513,92.6467,85.0767,50.7767,56.33,48.0453,fwc30,reduced_condenser_flow,3,fault,70
52.614,50.108,85.1823,89.0183,44.75,39.9467,90.38,105.0,5.0133,5.2333,64.6,116.2333,134.6333,93.7567,122.6967,39.167,189.2933,215.53,1.5833,5.32,2.0178,88.7733,84.9267,50.0867,52.7067,22.477,fwc30,reduced_condenser_flow,3,fault,85
52.6693,50.1253,85.1917,89.018,44.69,39.91,90.4567,105.1667,5.16,5.3567,66.6933,117.3733,134.5833,93.53,124.14,39.3303,189.12,215.6233,1.66,5.39,2.0387,88.8233,84.9567,50.0833,52.7267,22.805,fwc30,reduced_condenser_flow,3,fault,90
52.5917,50.0947,85.1673,88.998,44.7167,39.9167,90.48,105.25,5.15,5.2967,66.7967,118.4933,134.5333,93.49,125.2967,39.3553,189.4433,215.6933,1.6433,5.3133,2.0064,88.8467,84.9467,50.0367,52.7,22.4563,fwc30,reduced_condenser_flow,3,fault,95
52.5407,50.0493,85.1973,89.026,44.7733,39.97,90.5133,105.35,5.1767,5.2567,66.6767,119.3033,134.5333,93.4467,126.06,39.3853,188.63,215.6367,1.7,5.26,1.9999,88.85,84.9467,50.0067,52.6,22.402,fwc30,reduced_condenser_flow,3,fault,100
60.7187,50.068,75.8567,90.407,42.5633,37.67,96.5367,117.2333,12.6367,4.2433,21.8333,117.0833,135.55,97.24,121.4233,78.3587,188.67,215.9067,6.4867,7.3567,4.2993,90.07,75.7867,49.9267,60.8233,95.8153,fwc30,reduced_condenser_flow,3,fault,120
60.8813,50.2277,75.77,90.2453,42.36,37.47,96.38,116.8667,12.6733,4.41,21.8867,115.6167,135.05,97.0133,119.6633,78.1473,188.9367,215.87,6.4633,7.7533,4.3114,89.88,75.6867,50.12,61.0367,95.8267,fwc30,reduced_condenser_flow,3,fault,125
60.8317,50.167,75.6437,90.1867,42.2567,37.3567,96.29,116.7333,12.64,4.4,21.9467,114.5467,135.2167,97.2467,118.44,78.4673,188.4633,216.3967,6.4933,7.6933,4.3083,89.8033,75.5667,49.9933,60.9133,96.1533,fwc30,reduced_condenser_flow,3,fault,130
55.907,50.0683,75.953,84.1103,43.05,38.16,87.0767,99.1667,7.7367,5.1633,36.19,112.7267,132.5333,93.5133,116.8167,50.1657,190.89,215.4533,3.5933,6.9467,3.6726,83.4667,75.74,50.0133,55.94,52.4037,fwc30,reduced_condenser_flow,3,fault,145
55.5653,49.9187,75.5,83.2893,43.1733,38.2767,86.61,98.3167,7.93,5.1167,36.48,112.3533,132.6167,93.32,116.5367,49.3243,190.7767,215.44,3.62,6.6767,3.6163,82.9667,75.4,49.8867,55.6733,50.7323,fwc30,reduced_condenser_flow,3,fault,150
55.5053,49.888,75.436,83.1613,43.25,38.39,86.47,98.1,7.8733,4.99,36.5633,112.24,132.4333,93.0767,116.4967,49.1373,190.8367,215.69,3.5867,6.5733,3.6149,82.8767,75.3467,49.8067,55.62,50.521,fwc30,reduced_condenser_flow,3,fault,155
55.488,49.964,75.2903,82.902,43.1767,38.32,86.15,97.55,7.7633,5.18,37.1033,112.1733,132.2167,92.9167,116.4867,48.5733,190.7667,215.7733,3.5267,6.77,3.5962,82.6333,75.1767,49.9267,55.6533,49.6817,fwc30,reduced_condenser_flow,3,fault,160
52.7147,50.613,74.724,77.9983,44.58,39.77,79.48,85.8667,3.8767,5.9167,74.5333,113.9,128.9333,88.04,119.2233,33.034,191.07,215.8167,1.5833,6.0033,2.0049,77.9,74.7167,50.5333,52.7967,18.837,fwc30,reduced_condenser_flow,3,fault,175
52.736,50.629,74.9127,78.1707,44.9,40.08,79.75,86.4167,3.9967,5.8267,75.1667,115.4567,129.2333,88.0267,121.1433,33.1843,191.1133,215.8267,1.7233,5.6933,2.001,78.1,74.84,50.58,52.8167,18.886,fwc30,reduced_condenser_flow,3,fault,180
52.7107,50.5967,74.9833,78.26,44.8467,40.03,79.79,86.3667,3.99,5.8767,75.1433,116.57,129.05,87.9833,122.4867,33.202,190.61,215.3233,1.5667,5.7233,2.0019,78.2133,74.8633,50.4733,52.7833,18.9037,fwc30,reduced_condenser_flow,3,fault,185
52.684,50.5513,75.0287,78.303,44.9933,40.18,79.82,86.3833,4.02,5.7033,74.8933,117.3667,130.0,88.84,123.31,33.2857,190.85,215.58,1.5367,5.4933,2.0175,78.25,74.93,50.4767,52.7567,19.0987,fwc30,reduced_condenser_flow,3,fault,190
58.8477,50.4673,70.2693,81.3757,42.6667,37.7667,87.2667,99.5,11.0733,5.0867,27.1667,117.3167,134.1833,95.59,121.02,59.8587,189.21,215.89,5.5567,7.5633,4.427,81.7,70.2933,50.2567,59.1467,75.3867,fwc30,reduced_condenser_flow,3,fault,205
58.928,50.1317,70.7367,82.589,42.2833,37.39,87.99,100.8,10.9167,4.9467,25.9167,115.82,134.3167,96.1233,119.01,61.819,189.17,216.0467,5.6133,7.67,4.5028,82.3933,70.52,49.97,59.1,79.1677,fwc30,reduced_condenser_flow,3,fault,210
58.7707,49.9507,70.622,82.5173,42.1067,37.2167,87.85,100.55,10.7933,4.88,25.89,114.3633,134.3833,96.43,117.4733,61.6173,189.4467,216.0467,5.6167,7.6667,4.5292,82.2367,70.4267,49.8,58.8833,79.3763,fwc30,reduced_condenser_flow,3,fault,215
58.7033,49.8653,70.5607,82.4147,42.1033,37.2067,87.63,100.1833,10.7967,4.81,25.76,113.0567,134.15,96.2067,116.2667,61.461,189.14,216.0467,5.4933,7.59,4.5521,82.15,70.3567,49.7133,58.83,79.572,fwc30,reduced_condenser_flow,3,fault,220
55.559,49.9303,65.0247,72.681,42.3867,37.4967,75.9767,80.4,7.55,5.8367,37.63,110.74,128.9833,90.4733,114.0033,42.3037,189.6867,216.1667,3.84,7.5367,4.2162,72.1133,64.8,49.9167,55.6967,50.732,fwc30,reduced_condenser_flow,3,fault,235
55.532,49.983,64.8107,72.2397,42.2067,37.2967,75.6633,79.8833,7.5967,6.0533,38.4467,110.4133,129.5533,90.4067,113.7033,41.944,189.5767,216.1867,3.8067,7.7333,4.1911,71.8833,64.66,49.9433,55.6567,49.997,fwc30,reduced_condenser_flow,3,fault,240
55.54,50.0173,64.7193,72.068,41.9633,37.06,75.5467,79.6833,7.69,6.3367,38.81,110.1267,130.2067,90.5567,113.51,41.8813,189.6767,215.8633,3.72,8.0367,4.1715,71.7733,64.62,49.9933,55.6533,49.691,fwc30,reduced_condenser_flow,3,fault,245
55.4787,49.9427,64.6967,72.0267,41.95,37.0633,75.54,79.6833,7.68,6.3767,38.85,110.0733,129.2533,90.5167,113.39,41.866,189.5867,216.1833,3.7633,8.0033,4.1893,71.7233,64.5633,49.9467,55.5867,49.8843,fwc30,reduced_condenser_flow,3,fault,250
53.1373,50.1877,62.313,66.451,43.4633,38.65,68.3267,68.7833,4.0333,6.2833,61.3533,110.2933,125.3933,85.55,114.2933,31.6353,191.0267,215.8967,2.2067,6.73,2.9496,66.1,62.1333,50.1867,53.24,26.542,fwc30,reduced_condenser_flow,3,fault,265
53.2327,50.3073,62.2853,66.314,43.8867,39.08,68.4133,68.95,4.46,6.0533,62.5767,110.72,125.53,85.5233,115.19,31.7293,191.0233,215.9533,2.2733,6.42,2.9187,66.14,62.1433,50.3,53.3033,26.3403,fwc30,reduced_condenser_flow,3,fault,270
53.222,50.2967,62.3067,66.3433,44.0033,39.2,68.44,69.0,4.4767,6.0033,62.4633,111.1133,125.8033,85.5067,115.77,31.7733,190.9667,216.0433,2.3433,6.3,2.9159,66.1567,62.1533,50.27,53.31,26.3503,fwc30,reduced_condenser_flow,3,fault,275
53.2273,50.2953,62.3187,66.3447,44.0167,39.2267,68.5033,69.0167,4.6167,5.9733,62.3533,111.5,125.96,85.63,116.2167,31.7857,190.8133,215.72,2.2933,6.2633,2.9174,66.16,62.1667,50.3033,53.3233,26.3723,fwc30,reduced_condenser_flow,3,fault,280
54.0413,45.519,85.3393,97.26,41.13,36.23,100.2767,124.8,9.3567,2.7467,26.6633,111.98,138.2033,99.5367,116.17,78.6477,188.66,215.57,3.1833,4.1267,3.4219,97.0833,85.1067,45.2467,54.0467,76.5407,fwc30,reduced_condenser_flow,3,fault,305
53.9437,45.4417,85.298,97.1773,40.9,36.0267,100.3333,124.8667,9.4733,2.7867,26.8333,112.1733,137.7733,100.94,116.58,78.6193,188.14,215.7133,3.3767,4.3733,3.4176,96.94,85.0333,45.2933,54.0633,76.42,fwc30,reduced_condenser_flow,3,fault,310
54.0633,45.572,85.2887,97.2133,40.8867,35.98,101.6233,127.7067,10.64,2.86,26.65,112.2667,137.7133,101.94,116.8667,79.1123,188.3067,215.8667,4.69,4.48,3.3943,96.97,85.0433,45.36,54.1567,76.3743,fwc30,reduced_condenser_flow,3,fault,315
53.991,45.5,85.2487,97.2187,40.8333,35.9067,101.9933,128.45,11.06,2.86,25.5867,112.4733,138.0633,100.68,117.0867,79.3387,188.1,215.64,4.97,4.4933,3.381,96.9867,84.9933,45.3367,54.1133,76.2963,fwc30,reduced_condenser_flow,3,fault,320
50.645,45.868,85.1173,92.1357,41.6267,36.72,94.8767,113.8667,7.62,3.1933,39.3533,113.48,135.2667,97.52,118.6,54.0433,188.9033,215.5267,2.9467,4.0633,2.7918,91.9067,84.8767,45.67,50.6867,42.91,fwc30,reduced_condenser_flow,3,fault,340
50.8003,45.955,85.1547,92.187,41.5933,36.68,94.9567,114.0167,7.7267,3.3,39.09,113.5033,135.2,97.5367,118.69,54.2663,188.6,215.3167,2.9867,4.2467,2.8155,91.9933,84.9133,45.8633,50.9467,43.453,fwc30,reduced_condenser_flow,3,fault,345
50.6083,45.8183,85.1683,92.1737,41.4967,36.6033,94.9733,114.0667,7.63,3.2667,39.41,113.6133,135.25,97.9,118.73,54.1237,189.0367,215.61,2.9733,4.1333,2.7948,91.98,84.9233,45.6233,50.6633,43.021,fwc30,reduced_condenser_flow,3,fault,350
48.355,45.7853,85.1407,89.2397,42.1633,37.2667,90.8567,106.0,5.4033,3.5167,61.3333,114.48,134.4667,95.99,120.35,40.914,189.2033,215.5667,1.8033,3.51,1.9805,89.0433,84.9133,45.6467,48.3633,23.044,fwc30,reduced_condenser_flow,3,fault,365
48.1487,45.5987,85.1027,89.218,42.3,37.39,90.79,105.8167,5.2867,3.2367,60.9667,115.3333,134.7833,96.33,121.4733,40.9657,189.3233,215.45,1.7833,3.1233,1.9673,89.0133,84.8933,45.4133,48.1767,22.9213,fwc30,reduced_condenser_flow,3,fault,370
48.042,45.5,85.1247,89.2197,42.2967,37.4,90.83,105.9167,5.34,3.1233,61.0733,116.03,134.4333,95.92,122.2933,40.928,189.0933,215.5967,1.7667,3.0567,1.9641,89.0133,84.8933,45.3633,48.0733,22.8613,fwc30,reduced_condenser_flow,3,fault,375
47.994,45.4667,85.122,89.1987,42.2267,37.3167,90.8267,105.9,5.3567,3.14,61.0233,116.2733,134.8167,96.3067,122.67,40.8353,189.28,215.3033,1.8133,3.1367,1.952,88.98,84.89,45.3467,48.0167,22.6727,fwc30,reduced_condenser_flow,3,fault,380
55.662,45.2633,75.552,89.95,39.5567,34.6433,96.0633,116.3,12.49,3.0633,21.6533,113.3567,135.35,100.1267,116.98,80.8953,187.6433,215.4733,6.3967,5.47,4.0582,89.67,75.4833,45.0333,55.74,93.3683,fwc30,reduced_condenser_flow,3,fault,405
55.6313,45.198,75.5147,89.9487,39.5533,34.6067,96.02,116.2,12.4733,2.98,21.6533,112.3567,135.3167,100.1567,116.0067,81.023,187.8133,215.9133,6.3867,5.5,4.0745,89.6267,75.4733,45.0467,55.7867,93.8937,fwc30,reduced_condenser_flow,3,fault,410
49.661,44.1993,76.1367,84.1067,39.93,34.95,86.9867,98.9667,7.5133,3.0733,34.6633,110.64,132.1167,96.2133,114.74,50.4947,190.6433,215.3767,3.5367,4.1067,3.4126,83.43,75.9267,44.0467,49.68,49.0147,fwc30,reduced_condenser_flow,3,fault,425
49.641,44.217,75.886,83.654,39.7167,34.7533,87.0,98.9167,7.9533,3.1567,34.5033,110.38,132.2333,96.51,114.4833,50.71,190.5233,215.2867,3.5867,4.2533,3.3732,83.3733,75.8233,43.9933,49.7,48.6513,fwc30,reduced_condenser_flow,3,fault,430
49.48,44.0693,75.866,83.5883,39.69,34.72,86.89,98.8167,7.94,3.15,34.5667,110.2267,132.0667,96.35,114.2767,50.714,190.4667,215.3633,3.5733,4.24,3.3657,83.33,75.8067,43.8667,49.5633,48.546,fwc30,reduced_condenser_flow,3,fault,435
49.424,44.0967,75.778,83.3797,39.95,34.97,86.56,98.25,7.7967,2.9367,34.8867,109.9467,131.9667,96.0333,114.0867,50.0523,190.4933,215.51,3.5067,3.99,3.3608,83.0633,75.6933,43.9433,49.55,47.8423,fwc30,reduced_condenser_flow,3,fault,440
47.5867,45.2447,75.161,78.8107,41.7333,36.8333,80.45,87.45,4.17,3.47,64.66,111.0533,130.2833,92.4133,116.0133,35.103,190.87,215.2333,1.6967,3.3767,2.1034,78.7333,75.0867,45.1133,47.55,21.001,fwc30,reduced_condenser_flow,3,fault,455
47.2943,45.0917,75.0393,78.564,41.9,37.0067,79.94,86.6667,4.0967,3.29,66.03,112.6333,130.1833,92.0,117.6467,34.3833,190.9967,215.3367,1.6067,3.1333,2.0191,78.36,74.8933,45.0433,47.3767,19.749,fwc30,reduced_condenser_flow,3,fault,460
47.644,45.3737,75.0677,78.634,42.1333,37.2267,80.39,87.3667,4.4867,3.3133,67.0067,114.0,130.3333,91.9967,119.1033,34.8703,190.9967,215.2267,1.7067,3.0833,2.0522,78.6667,75.02,45.2467,47.65,20.3517,fwc30,reduced_condenser_flow,3,fault,465
47.3733,45.1473,75.183,78.778,42.2067,37.32,80.4,87.4333,4.3167,3.0733,65.8667,114.96,130.55,92.1067,120.0167,34.9633,190.7733,215.3267,1.73,2.73,2.0119,78.71,75.0667,44.9767,47.3733,20.0063,fwc30,reduced_condenser_flow,3,fault,470
55.8027,45.421,70.7447,84.7427,39.1767,34.2667,91.08,106.3833,12.2333,3.4133,21.4433,113.6467,133.3833,98.64,116.67,73.859,189.6033,215.5833,6.5033,6.0533,4.4387,84.57,70.54,45.1967,55.91,93.243,fwc30,reduced_condenser_flow,3,fault,490
55.619,45.206,70.778,84.8647,39.0167,34.1233,91.0667,106.3833,12.11,3.2933,21.4633,112.3767,133.5,98.7167,115.4633,74.0723,189.1433,215.96,6.5033,6.0033,4.4499,84.5867,70.5733,45.0333,55.7733,93.7483,fwc30,reduced_condenser_flow,3,fault,495
55.6583,45.2353,70.7593,84.872,38.9467,34.05,91.1133,106.5,12.16,3.3,21.38,111.3,133.2833,98.63,114.5867,74.2487,189.5167,215.7667,6.49,6.1067,4.4379,84.61,70.5733,45.0467,55.8033,93.7173,fwc30,reduced_condenser_flow,3,fault,500
50.7713,44.2097,65.5297,74.6157,39.1333,34.2467,78.5367,84.3167,8.6233,3.4233,30.31,109.2533,129.1667,93.93,112.38,48.0423,191.4133,215.7733,4.54,4.9033,4.3187,73.9867,65.2033,44.06,50.8167,59.006,fwc30,reduced_condenser_flow,3,fault,515
50.6927,44.1013,65.3887,74.3273,39.3467,34.44,78.6833,84.5667,8.9267,3.1967,29.7133,108.7933,129.3333,93.9233,111.7733,48.338,191.3933,215.5267,4.65,4.5733,4.3029,74.06,65.2133,43.9,50.8067,59.1573,fwc30,reduced_condenser_flow,3,fault,520
50.7473,44.1627,65.3913,74.2887,39.2733,34.3933,78.6933,84.55,8.9533,3.23,29.71,108.5733,129.15,93.94,111.4333,48.3273,191.7,215.6367,4.6467,4.6867,4.3027,74.04,65.2067,43.9733,50.8533,59.141,fwc30,reduced_condenser_flow,3,fault,525
50.7727,44.188,65.3927,74.2873,39.2733,34.3733,78.6533,84.5,8.9033,3.1933,29.7867,108.3533,129.4,94.1033,111.1533,48.305,191.5833,215.55,4.59,4.7333,4.3057,74.08,65.2067,43.98,50.8767,59.1547,fwc30,reduced_condenser_flow,3,fault,530
48.0673,45.198,65.62,69.8353,40.99,36.0667,71.8733,73.9833,4.4667,3.9267,55.86,108.4133,125.6133,88.3833,111.9167,33.4397,191.6767,215.7033,2.3033,4.15,2.712,69.56,65.4133,45.1067,48.13,25.7933,fwc30,reduced_condenser_flow,3,fault,545
47.9217,45.0773,65.6487,69.8513,40.9467,36.0533,72.03,74.2667,4.7067,3.8467,57.06,109.1333,125.8633,88.63,113.2367,33.4967,191.6933,215.47,2.3867,3.9933,2.68,69.6533,65.4633,44.9533,47.9533,25.533,fwc30,reduced_condenser_flow,3,fault,550
47.915,45.07,65.6447,69.8247,40.9467,36.04,72.03,74.2167,4.7833,3.9567,57.5367,109.9633,125.74,88.5433,114.3267,33.466,191.6767,215.2933,2.4033,4.0,2.6817,69.6267,65.4667,44.94,47.92,25.5253,fwc30,reduced_condenser_flow,3,fault,555
47.9013,45.0617,65.6287,69.8233,40.96,36.0667,71.98,74.1667,4.8033,3.87,57.6433,110.6667,125.89,88.61,115.0267,33.47,190.7567,215.5733,2.4033,3.98,2.6797,69.6367,65.4533,44.96,47.94,25.5083,fwc30,reduced_condenser_flow,3,fault,560
49.83,40.9247,81.0633,93.5217,38.1,33.3133,98.43,121.0333,12.29,0.5933,21.2733,111.3767,135.5333,102.52,115.6667,79.9097,188.6833,215.3733,5.1367,2.53,3.5163,93.2833,80.8867,40.63,49.8133,79.9177,fwc30,reduced_condenser_flow,3,fault,590
49.376,40.4933,80.8943,93.236,37.7033,32.9933,98.1567,120.4333,12.1767,0.6867,20.6867,111.2333,135.1833,101.3733,115.3267,79.0373,188.6367,215.6467,5.2033,2.63,3.5504,92.9533,80.7133,40.3233,49.47,79.807,fwc30,reduced_condenser_flow,3,fault,595
49.308,40.5093,80.7653,93.0193,37.6467,32.9433,98.0167,120.1833,12.1567,0.7333,22.0733,110.8933,134.5667,100.9467,114.96,78.3083,188.73,215.4167,5.2833,2.6833,3.545,92.7533,80.6367,40.32,49.44,78.9527,fwc30,reduced_condenser_flow,3,fault,600
45.6087,40.517,80.2597,87.8073,37.6133,32.9267,90.6533,105.6,7.5833,2.2333,31.0767,109.4733,132.1667,98.4167,112.7367,53.3527,189.1733,215.14,3.44,2.75,3.0067,87.2333,80.0767,40.4,45.7533,45.62,fwc30,reduced_condenser_flow,3,fault,615
45.6727,40.4947,80.2927,87.887,37.99,33.23,90.7867,105.8333,7.7967,1.89,34.55,109.2267,132.4833,98.4067,112.96,54.129,189.4,215.36,3.2033,2.3,3.0203,87.5967,80.2533,40.3067,45.7967,46.5017,fwc30,reduced_condenser_flow,3,fault,620
45.5073,40.1467,80.4393,88.1367,38.1533,33.3533,90.6467,105.55,6.9467,1.33,33.53,109.2933,132.45,98.2267,113.5567,54.4177,189.1967,214.8833,2.8,1.8467,3.1012,87.8467,80.3533,40.0167,45.5333,47.9967,fwc30,reduced_condenser_flow,3,fault,625
45.221,39.8687,80.4063,88.1193,37.9633,33.1867,90.5,105.2333,6.7567,1.0767,33.06,109.4667,132.6167,98.3467,113.94,54.2347,189.0167,215.18,2.6933,1.7933,3.1128,87.7967,80.2867,39.7967,45.3067,48.015,fwc30,reduced_condenser_flow,3,fault,630
43.2507,40.528,80.0783,84.4953,38.79,33.95,85.3533,96.05,3.0,1.6833,53.8433,110.5133,130.9833,96.03,115.2033,39.7503,189.3467,214.82,1.03,1.5733,2.1535,84.3233,80.0133,40.36,43.2267,24.3453,fwc30,reduced_condenser_flow,3,fault,645
43.1073,40.384,80.1767,84.6593,38.66,33.8467,85.4367,96.2167,3.24,1.73,53.8833,111.3333,130.9333,95.98,116.1533,40.1073,189.4533,214.9967,0.9433,1.5,2.1391,84.5133,80.0533,40.1567,43.07,24.4003,fwc30,reduced_condenser_flow,3,fault,650
42.7987,40.0607,80.1553,84.6273,38.5867,33.77,85.3067,95.9667,2.73,1.6,53.6733,112.0933,130.9167,95.9167,116.8933,40.0897,189.41,215.2033,0.81,1.3333,2.1517,84.48,80.0533,39.93,42.8167,24.534,fwc30,reduced_condenser_flow,3,fault,655
42.6107,39.8887,80.1673,84.6353,38.5233,33.7133,85.1367,95.7,2.29,1.4733,53.7367,112.7367,130.9833,96.3433,117.5367,39.914,189.53,215.0133,0.6733,1.2933,2.1541,84.4867,80.0333,39.8233,42.6333,24.4527,fwc30,reduced_condenser_flow,3,fault,660
50.7823,40.6267,70.7353,84.5733,36.6733,32.0633,90.6933,105.6333,13.2233,1.67,20.47,111.47,132.0167,99.49,114.9133,74.4507,188.3733,215.34,6.3733,3.6033,4.3032,84.3067,70.53,40.2833,50.77,91.1203,fwc30,reduced_condenser_flow,3,fault,680
50.5047,40.3033,70.698,84.598,36.46,31.8667,90.63,105.5167,13.2633,1.6,20.22,110.3967,132.1667,99.5567,113.7333,74.576,188.0833,215.6867,6.33,3.65,4.3217,84.2933,70.4633,40.12,50.5733,91.665,fwc30,reduced_condenser_flow,3,fault,685
50.5553,40.307,70.6273,84.59,36.5067,31.9067,90.6967,105.6667,13.35,1.48,20.1,109.4533,132.05,99.34,112.7067,74.8657,187.65,215.6,6.4033,3.6267,4.3237,84.2867,70.4267,40.1133,50.64,92.0633,fwc30,reduced_condenser_flow,3,fault,690
45.575,39.166,72.8733,81.9413,36.45,31.82,85.0933,95.7167,8.0567,1.68,24.55,107.7567,130.1333,97.42,110.4933,53.9873,190.5533,215.29,3.8867,2.5567,3.7446,81.2767,72.4067,38.9867,45.61,57.489,fwc30,reduced_condenser_flow,3,fault,705
45.2753,39.0447,71.7613,80.491,37.02,32.3333,83.0067,91.95,6.98,0.7533,27.1933,107.2533,129.9333,96.8267,110.2233,52.6243,190.4633,215.14,2.8333,1.94,3.7314,80.1333,71.4967,38.94,45.3633,55.8477,fwc30,reduced_condenser_flow,3,fault,710
45.2207,39.0497,71.4967,80.0897,37.04,32.3333,82.5633,91.22,6.9067,0.7033,25.9867,107.0267,129.85,96.5367,109.8667,52.3763,190.2667,214.9633,2.6333,1.9067,3.7132,79.8833,71.29,38.9267,45.3167,55.3137,fwc30,reduced_condenser_flow,3,fault,715
45.208,39.0673,71.3473,79.8667,37.0533,32.3433,82.35,90.86,6.9633,0.74,24.8567,106.9533,129.4333,96.2,109.6133,52.176,190.67,215.2167,2.6567,1.9033,3.7145,79.6733,71.1667,38.9333,45.31,55.123,fwc30,reduced_condenser_flow,3,fault,720
42.6093,39.9033,71.2893,75.708,38.46,33.6633,75.9533,80.3667,1.5467,1.45,53.2467,107.5167,127.2533,92.55,110.9667,35.6933,190.6933,215.0333,0.61,1.3667,2.3945,75.35,70.9067,39.8333,42.66,24.308,fwc30,reduced_condenser_flow,3,fault,735
42.5533,39.8777,70.7607,75.0033,38.56,33.7567,75.4433,79.5333,1.4067,1.3933,54.0133,108.5667,126.9567,92.2267,112.22,35.2463,190.62,215.1267,0.4667,1.26,2.3977,74.9167,70.5333,39.8167,42.57,24.037,fwc30,reduced_condenser_flow,3,fault,740
42.636,40.0007,70.686,74.8343,38.74,33.8933,75.3367,79.4167,1.13,1.34,54.8,109.53,126.9067,91.92,113.35,35.0567,190.8133,214.95,0.5533,1.17,2.3707,74.8,70.49,39.9233,42.7,23.638,fwc30,reduced_condenser_flow,3,fault,745
42.735,40.0833,70.7193,74.873,38.9,34.0067,75.4033,79.5333,0.9733,1.2933,54.9033,110.4733,126.96,91.8733,114.31,35.0807,190.74,214.7533,0.55,1.11,2.3743,74.85,70.5267,39.98,42.8067,23.6907,fwc30,reduced_condenser_flow,3,fault,750
50.7527,40.2837,66.88,80.8593,36.6,31.98,87.1767,99.3333,13.5967,1.1667,19.68,110.2267,131.1833,98.7,112.8133,71.33,189.5167,215.18,6.5367,3.5233,4.6274,80.6667,66.72,40.1,50.8633,93.875,fwc30,reduced_condenser_flow,3,fault,770
51.0263,40.56,66.9987,81.006,36.4133,31.8133,87.3067,99.5667,13.4933,1.8467,19.84,109.26,131.0167,98.6,111.8133,71.702,189.4367,215.8467,6.5667,3.9467,4.614,80.74,66.8333,40.36,51.11,94.092,fwc30,reduced_condenser_flow,3,fault,775
50.7383,40.251,66.9937,81.0953,36.3367,31.7233,87.3667,99.7167,13.5933,1.6,19.76,108.5,131.0167,98.6233,111.1033,72.0077,189.7567,215.5367,6.63,3.6867,4.5993,80.77,66.79,40.04,50.7933,94.1937,fwc30,reduced_condenser_flow,3,fault,780
45.582,40.0567,62.3063,69.98,36.1267,31.5267,73.69,75.98,7.76,3.0367,33.2667,106.6267,125.5667,93.1133,109.32,42.9767,189.8567,215.18,4.0867,3.7867,4.0543,69.59,62.11,39.9233,45.64,49.5577,fwc30,reduced_condenser_flow,3,fault,800
45.4553,39.934,62.158,69.7727,36.0667,31.4767,73.6,76.6667,7.9167,2.9467,33.1433,106.4667,125.77,93.4467,109.1267,42.914,189.3367,215.0433,4.1233,3.76,4.0545,69.4633,61.9933,39.8267,45.5267,49.488,fwc30,reduced_condenser_flow,3,fault,805
45.4633,39.926,62.1047,69.6957,36.1,31.5,73.57,76.65,8.0233,2.9333,33.11,106.4067,125.4167,93.1567,108.9533,42.893,189.4267,215.3433,4.1433,3.7533,4.0744,69.45,61.9733,39.84,45.5333,49.7043,fwc30,reduced_condenser_flow,3,fault,810
42.6763,39.9873,62.8363,67.0397,37.5733,32.86,68.43,68.9667,3.3933,2.3967,54.6233,106.8267,123.1333,89.1667,110.24,32.396,190.19,215.0233,1.7067,2.3133,2.616,66.7033,62.56,39.8833,42.7133,24.1103,fwc30,reduced_condenser_flow,3,fault,825
42.6863,40.0793,62.4187,66.4807,38.0633,33.27,67.4333,67.6167,2.7967,2.12,56.02,107.55,122.6833,88.3733,111.1433,31.9623,190.22,214.95,1.1233,1.8933,2.5667,66.36,62.2433,39.9533,42.7267,23.333,fwc30,reduced_condenser_flow,3,fault,830
42.5453,39.9353,62.392,66.4447,38.1867,33.3867,67.3067,67.5,2.2667,1.91,55.6633,108.2133,122.4833,88.09,111.9133,31.9023,190.1333,215.1,1.0333,1.64,2.5827,66.3167,62.22,39.83,42.58,23.4343,fwc30,reduced_condenser_flow,3,fault,835
42.532,39.9433,62.2853,66.334,38.2333,33.4367,67.1333,67.1333,2.1133,1.8967,56.1167,108.7733,122.35,87.7633,112.4833,31.7837,190.2733,215.0,0.9,1.61,2.5697,66.1833,62.1267,39.8467,42.5933,23.2283,fwc30,reduced_condenser_flow,3,fault,840
59.4763,50.9453,85.306,99.507,43.4833,38.68,102.9067,130.5333,11.64,4.79,28.7933,109.1667,140.0167,100.73,116.0167,79.132,158.7633,215.6133,3.6067,7.38,3.4056,99.3133,85.06,50.8233,59.67,76.645,fwc40,reduced_condenser_flow,4,fault,25
59.5613,50.98,85.342,99.6933,43.28,38.4467,103.2633,131.3667,11.88,4.8067,29.3533,111.3667,140.2833,101.82,117.5733,80.6957,158.9167,216.0967,3.7567,7.54,3.3668,99.5267,85.1133,50.8333,59.7067,77.2717,fwc40,reduced_condenser_flow,4,fault,30
59.6187,51.0457,85.3687,99.7387,43.2567,38.42,104.01,132.9667,12.66,4.9267,28.94,112.9,140.7,100.5067,118.76,80.6613,158.5867,216.1767,4.4333,7.6933,3.3662,99.5533,85.13,50.9333,59.82,77.2233,fwc40,reduced_condenser_flow,4,fault,35
59.7907,51.2233,85.3793,99.784,43.3433,38.5267,105.0533,135.3333,13.67,4.9433,28.06,113.9333,140.75,101.5233,119.6467,80.797,158.8,215.9533,5.45,7.7233,3.3556,99.5733,85.2033,51.0833,59.9567,77.1097,fwc40,reduced_condenser_flow,4,fault,40
55.0713,50.4323,84.872,92.768,43.46,38.6667,95.4233,115.0433,8.62,5.65,43.97,115.3167,137.2167,97.4533,121.3433,51.8783,160.1533,215.0833,2.9333,6.92,2.8184,92.5067,84.7233,50.41,55.2433,41.5843,fwc40,reduced_condenser_flow,4,fault,55
55.2013,50.5633,84.964,92.8253,43.6067,38.7967,95.79,115.7267,8.88,5.7133,43.7767,115.5567,137.2333,97.4067,121.75,52.096,160.2067,215.43,3.1233,6.9233,2.8103,92.6967,84.8,50.54,55.3667,41.6393,fwc40,reduced_condenser_flow,4,fault,60
55.384,50.71,85.06,92.9227,43.68,38.8867,95.9533,116.0667,8.8867,5.74,43.62,115.7267,137.2667,97.3833,122.0367,52.2897,160.4233,215.2533,3.18,7.0167,2.819,92.7867,84.8367,50.7,55.5567,41.9227,fwc40,reduced_condenser_flow,4,fault,65
55.5293,50.8027,85.12,93.0197,43.6933,38.8933,96.0733,116.2667,8.93,5.8167,43.51,115.9633,137.3,97.18,122.2133,52.4833,160.47,215.4133,3.15,7.1,2.8442,92.9133,84.8833,50.8167,55.67,42.4543,fwc40,reduced_condenser_flow,4,fault,70
52.4163,50.243,85.1143,89.1623,44.5233,39.7167,90.4433,105.2333,5.9633,5.7133,70.9,117.0833,135.9667,95.0733,124.2567,37.8097,160.58,215.52,1.5933,5.7567,1.8175,88.8833,84.86,50.28,52.59,19.5457,fwc40,reduced_condenser_flow,4,fault,85
52.4767,50.2397,85.1977,89.3013,44.7467,39.95,90.71,105.6833,5.71,5.51,73.2,118.2967,136.2667,95.2167,125.85,38.151,160.5833,215.6733,1.6033,5.44,1.8536,89.0867,84.95,50.2,52.5733,20.1127,fwc40,reduced_condenser_flow,4,fault,90
52.3527,50.128,85.2073,89.312,44.7667,39.9767,90.8033,105.8667,5.7933,5.4533,73.2067,119.34,136.1,95.0833,127.1033,38.1687,160.26,215.2133,1.7067,5.32,1.8341,89.1133,84.9667,50.1,52.45,19.9097,fwc40,reduced_condenser_flow,4,fault,95
52.2313,50.0587,85.1617,89.2667,44.7767,39.98,90.6767,105.6167,5.75,5.3733,73.2733,120.1667,136.1667,95.1567,128.0333,38.113,160.55,215.0767,1.6,5.23,1.7959,89.12,84.93,50.0067,52.3933,19.468,fwc40,reduced_condenser_flow,4,fault,100
60.938,50.4717,75.9367,92.4143,42.3767,37.48,99.0533,122.2667,14.6,4.6333,23.03,117.7333,137.71,99.6833,122.7267,80.9353,164.4367,215.5667,6.8,7.8233,4.0841,92.2633,75.8667,50.19,60.94,94.0113,fwc40,reduced_condenser_flow,4,fault,120
60.6613,50.1387,75.8313,92.3283,42.0867,37.18,98.81,121.7833,14.5067,4.6533,23.08,116.2133,137.76,100.8467,120.7933,80.7037,164.3033,215.8833,6.7533,7.9567,4.1226,92.02,75.75,50.0167,60.7367,94.6283,fwc40,reduced_condenser_flow,4,fault,125
60.708,50.2,75.7447,92.2193,42.0167,37.1167,98.68,121.5333,14.5,4.7133,23.0833,115.0567,137.4667,99.8467,119.53,80.7403,164.0333,215.87,6.8,8.0633,4.1156,91.92,75.6367,50.09,60.86,94.5137,fwc40,reduced_condenser_flow,4,fault,130
55.3513,50.0213,75.8433,84.5183,42.6433,37.7433,87.79,100.45,8.96,5.72,39.1067,112.66,133.6667,94.9833,117.5633,48.9127,162.79,215.7,3.68,7.37,3.4421,84.1133,75.75,50.0333,55.4933,47.8853,fwc40,reduced_condenser_flow,4,fault,150
55.416,50.0453,75.878,84.542,42.5667,37.66,88.07,100.9833,9.1233,5.8333,39.0,112.55,133.6667,94.9267,117.5333,49.314,162.9167,215.6167,3.7867,7.4933,3.4391,84.28,75.8233,50.0433,55.5667,48.2357,fwc40,reduced_condenser_flow,4,fault,155
55.492,50.1027,75.9007,84.5713,42.6267,37.7267,88.06,100.9333,9.19,5.8267,39.02,112.52,133.8167,95.19,117.54,49.343,162.8067,215.78,3.7633,7.4567,3.4517,84.3233,75.8833,50.0833,55.6167,48.4427,fwc40,reduced_condenser_flow,4,fault,160
52.1013,50.0603,75.1897,78.9113,44.3667,39.5767,80.3,87.2833,4.0667,5.7867,75.8467,114.3467,130.85,90.1367,120.66,33.0547,163.2633,215.1933,1.6367,5.6433,1.9477,78.7533,75.07,50.0267,52.12,18.3057,fwc40,reduced_condenser_flow,4,fault,175
52.42,50.5907,74.818,78.2597,44.5633,39.7767,79.8,86.45,5.2167,6.0633,81.5367,115.7833,130.3833,89.64,122.6833,32.236,163.1533,215.67,1.6067,6.02,1.7958,78.22,74.7533,50.6133,52.6067,16.4683,fwc40,reduced_condenser_flow,4,fault,180
52.6063,50.6763,75.1167,78.6677,44.6233,39.8233,80.32,87.1833,4.8733,6.1533,80.51,117.2167,130.6833,89.7933,124.3233,32.712,163.02,215.3067,1.57,6.0233,1.8671,78.6667,75.0433,50.6467,52.7133,17.372,fwc40,reduced_condenser_flow,4,fault,185
52.5233,50.562,75.2153,78.7783,44.7233,39.94,80.27,87.2333,4.6867,5.99,80.0033,118.35,130.8667,89.9267,125.3767,32.8427,162.84,215.2733,1.54,5.77,1.8829,78.77,75.12,50.5067,52.6333,17.5903,fwc40,reduced_condenser_flow,4,fault,190
58.8053,50.352,70.6487,83.625,42.58,37.6667,89.7667,103.9567,12.72,5.06,26.95,118.1667,134.5,95.9867,123.0767,61.8017,164.4333,216.0267,5.9267,7.5733,4.3263,83.83,70.58,50.1367,58.9567,76.0513,fwc40,reduced_condenser_flow,4,fault,205
58.7333,50.096,70.7767,84.1427,42.2433,37.3367,89.72,103.8667,12.2733,5.01,26.33,116.3733,134.6333,96.51,120.5633,62.0467,164.71,215.8967,5.8633,7.74,4.3996,83.8667,70.58,49.99,58.8567,77.637,fwc40,reduced_condenser_flow,4,fault,210
58.7453,50.1013,70.7153,84.0947,42.22,37.3167,89.65,103.75,12.31,4.9867,26.18,114.8367,134.5167,96.3533,118.71,62.1033,164.24,215.94,5.8133,7.7833,4.4008,83.82,70.5267,49.98,58.9167,77.7283,fwc40,reduced_condenser_flow,4,fault,215
58.9253,50.21,70.7687,84.2947,42.21,37.3067,89.93,104.2,12.4567,5.0267,26.8567,113.69,134.2833,96.2333,117.3667,62.791,164.3733,215.9233,5.81,7.89,4.3903,84.08,70.5933,50.09,59.1467,78.402,fwc40,reduced_condenser_flow,4,fault,220
55.8167,50.1017,65.4663,74.3423,42.0433,37.1467,78.11,83.75,9.08,6.2167,37.9867,111.3533,129.25,91.13,115.2533,43.6243,164.7333,215.6367,4.1767,8.01,4.1378,73.9367,65.2267,50.05,55.8867,51.3427,fwc40,reduced_condenser_flow,4,fault,235
55.5347,49.848,65.3527,74.06,42.02,37.1067,77.99,83.5833,9.2367,6.1267,37.7467,110.9467,129.1667,91.2133,114.7867,43.5783,164.8667,215.66,4.1633,7.8433,4.126,73.84,65.16,49.8133,55.6333,51.1397,fwc40,reduced_condenser_flow,4,fault,240
55.6163,50.0267,65.3107,73.8103,42.0067,37.12,77.6667,83.0,8.9533,6.27,38.4767,110.7,128.95,90.9,114.5633,42.9147,164.61,215.6133,4.0867,8.0833,4.1137,73.5967,65.1,50.09,55.8167,50.2083,fwc40,reduced_condenser_flow,4,fault,245
55.8327,50.216,65.3527,73.8013,42.0167,37.1167,77.75,83.1333,9.09,6.47,38.6333,110.5133,128.95,91.0133,114.2467,43.0297,164.96,215.79,4.0633,8.2533,4.1249,73.6833,65.17,50.2567,56.0333,50.4843,fwc40,reduced_condenser_flow,4,fault,250
52.9797,49.8677,63.4283,68.5827,43.1433,38.3067,70.8133,72.35,5.0133,6.1933,59.08,110.8933,125.3333,85.9733,115.0633,32.8243,162.9633,215.3433,2.78,6.69,2.9904,68.0567,63.0967,49.81,53.0233,27.9317,fwc40,reduced_condenser_flow,4,fault,265
52.8253,49.9187,62.688,67.4693,43.3367,38.5,69.85,70.9333,5.2633,6.2367,61.6733,111.25,125.18,85.5733,115.75,32.049,163.0567,215.79,2.5633,6.61,2.8686,67.2433,62.5,49.9167,52.9,26.1477,fwc40,reduced_condenser_flow,4,fault,270
52.7867,49.928,62.568,67.2447,43.4067,38.5833,69.65,70.6167,5.2967,6.2133,62.54,111.6233,125.39,85.81,116.31,31.8323,162.91,215.5733,2.64,6.57,2.8364,67.0133,62.3933,49.9533,52.89,25.6813,fwc40,reduced_condenser_flow,4,fault,275
52.8773,50.048,62.528,67.1513,43.63,38.8267,69.5433,70.5333,5.42,6.07,63.09,111.8933,125.8533,85.9333,116.7267,31.8183,162.9567,215.2567,2.5833,6.4033,2.8036,66.96,62.3367,50.0367,52.9933,25.3727,fwc40,reduced_condenser_flow,4,fault,280
54.5217,46.652,85.438,98.466,41.45,36.5433,102.0067,127.6667,10.8267,3.3833,29.2067,112.92,138.8433,101.32,117.62,77.4457,162.7433,215.6333,3.8067,4.97,3.2103,98.2133,85.2067,46.41,54.48,70.7137,fwc40,reduced_condenser_flow,4,fault,305
54.1447,46.3513,85.2847,98.2073,41.1833,36.28,102.9,130.5167,12.0167,3.3367,28.4167,113.2333,138.37,101.37,118.3667,76.9583,162.94,215.6633,4.98,5.02,3.1987,97.9167,85.0433,46.16,54.21,70.0133,fwc40,reduced_condenser_flow,4,fault,310
54.2207,46.4653,85.2593,98.1307,41.1067,36.2133,102.8267,130.3,12.0367,3.4033,28.4867,113.5333,138.5933,101.5367,118.8267,76.7687,162.77,215.4667,4.9433,5.2167,3.1902,97.8933,84.97,46.33,54.3,69.6563,fwc40,reduced_condenser_flow,4,fault,315
54.1753,46.4343,85.2413,98.1013,41.1267,36.22,102.84,130.4,12.02,3.3467,28.5867,113.7133,138.5,100.76,119.08,76.7113,162.68,215.68,5.01,5.1767,3.1897,97.8333,84.9667,46.2867,54.2633,69.5917,fwc40,reduced_condenser_flow,4,fault,320
50.343,45.8583,85.198,92.8387,40.92,36.02,95.81,115.74,8.6333,3.96,42.47,114.1333,135.0167,97.97,119.97,53.1703,163.5633,215.2967,3.0733,4.7733,2.6594,92.7133,84.9967,45.6733,50.38,40.216,fwc40,reduced_condenser_flow,4,fault,340
50.521,45.96,85.2467,92.9413,41.02,36.1,95.8833,115.9033,8.7033,4.0,42.1633,114.22,134.9333,97.88,120.09,53.4357,163.3633,214.9633,3.14,4.88,2.6881,92.7933,85.0133,45.8433,50.6233,40.8527,fwc40,reduced_condenser_flow,4,fault,345
50.3537,45.8143,85.2367,92.9177,41.1033,36.2167,95.9067,115.97,8.6433,3.8233,42.1333,114.3,135.3,98.0733,120.06,53.4467,163.2533,215.48,3.1367,4.62,2.68,92.7733,84.9767,45.73,50.49,40.7407,fwc40,reduced_condenser_flow,4,fault,350
47.4497,45.0087,85.4393,90.2043,41.58,36.68,91.1467,106.5667,4.9367,3.6233,60.1333,114.67,134.3333,96.6633,120.6067,40.2147,163.0867,215.1567,1.6133,3.3433,1.9122,89.56,84.99,44.9367,47.43,21.8903,fwc40,reduced_condenser_flow,4,fault,360
47.4217,45.0547,85.1847,89.6907,41.62,36.7133,91.23,106.6833,5.7233,3.5567,64.41,115.2933,133.9667,96.22,121.9533,40.251,163.2167,214.94,1.7533,3.2667,1.8513,89.4933,84.96,44.9167,47.4067,21.1937,fwc40,reduced_condenser_flow,4,fault,365
47.27,44.9563,85.1553,89.5643,41.6033,36.7067,91.0133,106.3,5.7767,3.54,65.2733,116.06,134.0833,96.4767,122.9633,39.7897,163.72,215.1833,1.7133,3.2867,1.8326,89.32,84.9133,44.92,47.2867,20.7413,fwc40,reduced_condenser_flow,4,fault,370
47.5807,45.2527,85.1343,89.4577,41.88,37.0,91.07,106.4167,5.99,3.4633,66.45,116.6833,134.3833,96.3133,123.73,39.8173,163.48,214.8667,1.67,3.2533,1.8395,89.3733,84.9567,45.2133,47.6533,20.8317,fwc40,reduced_condenser_flow,4,fault,375
47.6267,45.2767,85.162,89.543,41.91,37.03,91.1233,106.45,5.9367,3.4667,66.02,117.2067,134.3333,96.2333,124.2333,39.8907,163.4833,214.96,1.7067,3.2767,1.8541,89.3733,84.92,45.24,47.7,21.0353,fwc40,reduced_condenser_flow,4,fault,380
55.7703,45.8693,75.452,91.6127,39.3667,34.4633,97.93,119.95,14.1633,3.6167,23.4267,114.2267,135.2667,100.0733,118.4,81.3013,160.6633,215.6367,6.4667,6.28,3.8462,91.4333,75.34,45.6567,55.8567,88.9383,fwc40,reduced_condenser_flow,4,fault,405
55.5307,45.6813,75.3413,91.5127,39.2133,34.32,97.6733,119.4667,14.0333,3.5633,23.6067,113.13,134.9833,100.2167,117.4267,81.0877,160.42,215.53,6.4167,6.23,3.8357,91.22,75.2267,45.4567,55.63,88.4637,fwc40,reduced_condenser_flow,4,fault,410
49.4223,44.6393,75.4573,83.6923,40.2,35.21,86.61,98.35,8.0933,3.45,39.22,111.7867,131.8167,95.5733,116.2433,47.4787,161.94,215.2933,3.5633,4.4367,3.1807,83.0933,75.2233,44.63,49.5767,42.9473,fwc40,reduced_condenser_flow,4,fault,425
49.52,44.732,75.44,83.515,40.1667,35.1667,86.75,98.55,8.58,3.51,38.95,111.4733,131.55,95.35,115.9167,47.7233,162.1,215.26,3.5067,4.4667,3.1673,83.23,75.4067,44.62,49.5833,42.9897,fwc40,reduced_condenser_flow,4,fault,430
49.5673,44.76,75.516,83.582,40.21,35.2067,86.8933,98.8167,8.6467,3.54,38.8933,111.3833,131.8333,95.6,115.77,47.8647,162.1067,215.1533,3.5533,4.4667,3.1689,83.36,75.46,44.6533,49.6533,43.1393,fwc40,reduced_condenser_flow,4,fault,435
49.5373,44.7307,75.528,83.6007,40.2767,35.2733,86.9,98.8,8.58,3.4867,39.0,111.2833,131.7667,95.47,115.6967,47.9103,162.16,215.2567,3.5567,4.3367,3.1674,83.3533,75.5,44.6333,49.6233,43.162,fwc40,reduced_condenser_flow,4,fault,440
47.608,45.497,75.171,79.0693,41.6733,36.7667,80.83,88.15,4.76,3.9567,70.2133,112.5167,130.2167,92.4,117.82,34.194,162.5033,215.3067,1.7733,3.72,1.9499,79.05,75.0767,45.39,47.64,18.964,fwc40,reduced_condenser_flow,4,fault,455
47.5467,45.4183,75.185,79.1093,41.86,36.9467,80.79,87.9833,4.8033,3.7933,70.3633,113.92,130.0667,92.1733,119.3367,34.2823,162.1933,215.2833,1.6233,3.51,1.9535,79.1,75.1,45.3433,47.5933,19.048,fwc40,reduced_condenser_flow,4,fault,460
47.4813,45.354,75.2097,79.1493,41.9133,37.0267,80.82,88.1333,4.8967,3.6867,70.45,115.1467,130.1167,92.03,120.4133,34.3087,162.0933,215.4533,1.71,3.3667,1.951,79.14,75.1267,45.2967,47.5,19.039,fwc40,reduced_condenser_flow,4,fault,465
47.44,45.3167,75.2423,79.162,41.9733,37.09,80.9,88.3,4.7367,3.6533,70.67,116.05,130.4667,92.39,121.5033,34.3047,161.9367,214.9633,1.88,3.2667,1.9467,78.2967,75.14,45.2867,47.4667,18.995,fwc40,reduced_condenser_flow,4,fault,470
55.752,45.5883,70.7193,86.665,39.1233,34.2267,93.2367,110.75,13.7767,3.6367,22.21,114.5167,133.9,99.1633,117.93,75.5073,164.11,215.6167,6.73,6.1067,4.2517,86.49,70.54,45.24,55.8067,91.31,fwc40,reduced_condenser_flow,4,fault,490
55.6573,45.409,70.738,86.8373,38.9067,34.0133,93.2933,110.85,13.8967,3.6133,22.1133,113.1333,133.5667,99.08,116.4733,76.054,164.06,215.5733,6.7267,6.4067,4.2557,86.5433,70.56,45.2933,55.8833,92.0503,fwc40,reduced_condenser_flow,4,fault,495
55.9633,45.6173,70.8597,87.1113,38.82,33.9533,93.61,111.4667,13.9467,3.62,22.0667,112.0967,134.1333,99.57,115.5833,77.0517,163.9167,215.5333,6.8,6.6233,4.2409,86.8,70.6567,45.4033,56.0833,92.9417,fwc40,reduced_condenser_flow,4,fault,500
50.662,44.1623,65.599,75.96,38.92,34.04,79.98,86.7167,9.6833,3.6,30.99,109.67,129.3833,94.32,113.17,48.6187,166.74,215.5433,4.7633,5.0967,4.2213,75.2367,65.25,44.0367,50.7133,58.3657,fwc40,reduced_condenser_flow,4,fault,515
50.7847,44.3673,65.3513,75.2653,38.74,33.8867,79.84,86.4667,10.0667,3.8833,31.01,109.1,129.0667,94.0833,112.29,48.4267,166.8633,215.4033,4.87,5.5467,4.1835,74.97,65.1667,44.2533,50.8833,57.621,fwc40,reduced_condenser_flow,4,fault,520
50.8633,44.418,65.3913,75.3157,38.76,33.8933,79.86,86.5,10.0333,3.8833,30.99,108.7867,128.8667,93.9867,111.8867,48.5057,166.7667,215.2533,4.8533,5.6033,4.1922,75.0233,65.2,44.3067,50.9467,57.8357,fwc40,reduced_condenser_flow,4,fault,525
50.927,44.4473,65.3913,75.306,38.77,33.92,79.87,86.5667,10.06,3.9067,31.0367,108.6267,128.1967,94.0933,111.6967,48.5277,166.8667,215.2167,4.8133,5.5567,4.2082,75.0733,65.2133,44.3467,51.0,58.0837,fwc40,reduced_condenser_flow,4,fault,530
47.7733,45.055,65.8233,70.514,40.6267,35.6333,72.6,75.1333,4.9333,4.1667,57.9733,108.7067,125.6767,88.97,112.39,33.1673,164.0667,215.2267,2.4433,4.3167,2.5868,70.1767,65.5533,44.93,47.7867,24.403,fwc40,reduced_condenser_flow,4,fault,545
47.667,45.0187,65.6297,70.1647,40.71,35.7367,72.15,74.4167,4.9867,4.2033,60.59,109.4667,125.4133,88.6433,113.7367,32.498,164.0533,215.17,2.2533,4.3,2.5698,69.8833,65.46,45.01,47.7433,23.7487,fwc40,reduced_condenser_flow,4,fault,550
47.8687,45.1993,65.6633,70.2147,40.7067,35.7067,72.45,74.8833,5.22,4.4267,61.37,110.3733,125.53,88.8633,114.9733,32.836,164.18,214.9367,2.37,4.4267,2.5636,70.0367,65.47,45.1667,47.92,23.9427,fwc40,reduced_condenser_flow,4,fault,555
47.8133,45.146,65.7047,70.2813,40.9,35.98,72.51,75.0,5.26,4.22,61.07,111.0667,125.6433,88.6967,115.7233,32.931,163.9367,215.2167,2.4267,4.16,2.5596,70.0833,65.5167,45.1,47.8367,23.974,fwc40,reduced_condenser_flow,4,fault,560
49.2843,41.079,80.908,94.2943,38.16,33.3667,99.1733,122.5167,13.07,1.0633,26.03,111.8933,135.3667,101.14,116.3067,75.9717,163.2533,215.1367,5.1567,2.6433,3.4039,93.98,80.7433,40.8467,49.2433,73.5497,fwc40,reduced_condenser_flow,4,fault,590
49.0327,40.8793,80.6453,93.9617,37.87,33.1167,98.9467,122.0333,13.0333,1.4733,25.3233,111.7233,134.6667,101.0133,116.0933,75.457,163.1567,215.12,5.26,2.7767,3.4064,93.6933,80.5233,40.6533,49.0533,73.106,fwc40,reduced_condenser_flow,4,fault,595
48.9647,40.814,80.5627,93.8213,37.6933,32.9833,98.7533,121.6833,13.0167,1.6433,25.44,111.4433,134.6167,101.7967,115.94,75.269,163.0767,215.4,5.18,2.89,3.4182,93.58,80.4367,40.5933,49.0067,73.175,fwc40,reduced_condenser_flow,4,fault,600
44.753,39.834,80.467,88.9873,38.0233,33.2533,90.8433,105.9167,6.8767,1.0933,35.7533,111.1133,132.3833,98.1667,115.98,53.3773,163.5867,214.9533,2.2767,1.7033,2.9021,88.5433,80.33,39.7533,44.79,44.052,fwc40,reduced_condenser_flow,4,fault,615
44.7893,39.9433,80.3047,88.5067,38.16,33.3567,90.6033,105.4667,6.94,1.1733,35.8467,110.96,131.9667,97.6967,115.7467,51.9707,163.6033,214.8667,2.4367,1.7267,2.9378,88.1933,80.1733,39.8967,44.8867,43.424,fwc40,reduced_condenser_flow,4,fault,620
45.06,40.312,80.2927,88.4093,38.2267,33.4233,90.8733,105.95,7.5267,1.5967,36.92,110.8467,132.0833,97.7667,115.55,52.0863,163.7233,215.3867,2.7167,1.9333,2.8771,88.09,80.16,40.18,45.1867,42.6187,fwc40,reduced_condenser_flow,4,fault,625
45.16,40.4227,80.3117,88.4493,38.1467,33.3467,91.02,106.3,7.72,1.78,37.2533,110.74,131.9333,97.69,115.3867,52.2717,163.5267,215.0267,2.8867,2.0767,2.8573,88.1533,80.2067,40.2133,45.2833,42.4763,fwc40,reduced_condenser_flow,4,fault,630
42.6453,40.1763,80.0547,84.8263,38.9533,34.0667,85.3033,95.9667,1.57,1.27,57.5933,111.4333,130.9,95.68,116.4033,38.587,163.6,214.6667,0.61,1.1167,2.0119,84.6533,79.9933,40.0767,42.7133,22.081,fwc40,reduced_condenser_flow,4,fault,645
42.7137,40.317,80.1127,84.8047,38.6733,33.8467,85.5933,96.5,3.0033,1.7767,58.4367,112.35,130.5,95.5633,117.4433,38.5967,163.7233,215.0267,0.8767,1.49,1.957,84.6733,79.99,40.18,42.7933,21.483,fwc40,reduced_condenser_flow,4,fault,650
42.9273,40.484,80.1433,84.901,38.76,33.9067,85.7133,96.7833,3.6033,1.85,58.8467,113.26,130.95,95.9267,118.3967,38.971,163.67,214.8333,0.9433,1.5233,1.9739,84.79,80.05,40.32,42.9667,21.878,fwc40,reduced_condenser_flow,4,fault,655
42.732,40.2257,80.194,85.0827,38.8767,34.0067,85.6467,96.6,2.8167,1.53,57.27,113.7767,130.95,95.9667,119.0733,39.3027,163.7,214.9167,0.74,1.19,2.0081,84.9,80.1267,40.05,42.7333,22.4483,fwc40,reduced_condenser_flow,4,fault,660
50.5987,40.588,70.73,86.8627,36.4633,31.87,93.1467,110.55,14.71,2.05,21.58,110.9167,131.9667,99.5333,114.42,77.4023,160.62,215.4333,6.6333,3.8067,4.082,86.5067,70.5367,40.27,50.5667,89.8613,fwc40,reduced_condenser_flow,4,fault,685
50.224,40.1823,70.6287,86.7693,36.2767,31.67,93.07,110.3833,14.83,1.78,21.4167,110.12,132.1,99.7933,113.6267,77.5,160.7867,215.52,6.62,3.7733,4.0903,86.4233,70.4233,40.0367,50.2967,90.157,fwc40,reduced_condenser_flow,4,fault,690
44.898,39.0563,71.678,81.5773,36.4,31.78,84.8633,95.2167,9.0833,1.7933,29.8567,108.5133,129.4167,96.7867,112.0533,51.6433,162.1733,214.97,3.9667,2.54,3.5625,80.87,71.26,38.9267,44.9267,52.32,fwc40,reduced_condenser_flow,4,fault,705
44.8103,39.0937,71.1653,80.5827,36.99,32.31,83.76,93.3167,8.35,1.2867,31.0633,108.08,129.3833,96.2567,111.64,50.2717,162.3067,214.6733,3.5267,2.0233,3.579,80.2967,70.94,38.9967,44.8933,51.173,fwc40,reduced_condenser_flow,4,fault,710
45.0053,39.343,71.1627,80.5177,36.9,32.22,84.0467,93.8,8.91,1.6867,31.2,107.6933,129.2833,96.0567,111.5067,50.4463,162.12,214.9867,3.73,2.3267,3.5336,80.2933,70.9633,39.2,45.1333,50.6987,fwc40,reduced_condenser_flow,4,fault,715
45.088,39.3837,71.204,80.6587,36.76,32.1267,84.22,94.1333,9.25,1.7967,31.3033,107.4667,129.25,96.3067,114.3167,50.873,162.4067,215.25,3.7567,2.4367,3.5352,80.4533,71.04,39.1933,45.2,51.1517,fwc40,reduced_condenser_flow,4,fault,720
42.396,39.915,71.6447,76.4837,38.3233,33.5233,76.7567,81.6,2.0267,1.7533,57.0533,108.6267,127.92,92.4533,112.9367,35.054,162.51,214.9,0.6367,1.5067,2.229,76.1,71.2233,39.86,42.42,22.2277,fwc40,reduced_condenser_flow,4,fault,735
42.5227,40.1647,70.7693,75.3547,38.7567,33.9033,75.8433,80.2,1.8133,1.5867,59.0833,109.77,126.63,91.56,114.3,34.316,162.6267,215.1433,0.6567,1.3067,2.1647,75.2067,70.56,40.0,42.58,21.127,fwc40,reduced_condenser_flow,4,fault,740
42.564,40.1927,70.7793,75.3373,38.81,33.9467,75.8767,80.2,1.8333,1.5167,58.9833,110.7867,126.8133,91.8,115.2867,34.314,162.3567,214.7133,0.6633,1.2633,2.1731,75.26,70.5867,40.08,42.6267,21.208,fwc40,reduced_condenser_flow,4,fault,745
42.5787,40.214,70.7967,75.3373,38.8267,33.94,75.87,80.1833,1.9033,1.61,59.0167,111.68,126.7967,91.7033,116.0533,34.3213,162.35,214.8933,0.5833,1.2967,2.1681,75.32,70.6333,40.0867,42.6267,21.1643,fwc40,reduced_condenser_flow,4,fault,750
50.935,40.7077,66.8027,82.735,36.04,31.4567,89.54,103.5333,14.65,2.45,20.9533,111.02,130.9167,98.9433,114.0033,73.4537,164.03,215.3833,6.9467,4.3933,4.3936,82.5933,66.6533,40.41,50.9567,91.7887,fwc40,reduced_condenser_flow,4,fault,770
50.8843,40.5893,66.868,82.938,35.8067,31.29,89.67,103.8167,14.7167,2.5,20.92,109.95,130.8667,99.1067,112.9167,74.203,163.73,215.5233,6.9467,4.58,4.3809,82.7333,66.72,40.4033,50.98,92.458,fwc40,reduced_condenser_flow,4,fault,775
50.918,40.56,66.9617,83.163,35.8,31.2733,89.93,104.2333,14.7167,2.54,20.8933,109.0533,130.8,98.98,112.14,74.906,163.88,215.2433,6.9967,4.57,4.3602,82.92,66.79,40.3633,51.0133,92.8893,fwc40,reduced_condenser_flow,4,fault,780
45.6333,40.1337,62.463,71.5473,35.8467,31.33,75.57,79.7333,9.2,3.2167,33.78,107.0733,125.7967,93.6133,110.15,44.1643,160.5633,215.0767,4.4333,4.09,3.9247,71.1067,62.2333,39.98,45.6633,49.2987,fwc40,reduced_condenser_flow,4,fault,800
45.5833,40.141,62.262,71.1587,36.1433,31.5533,75.1933,79.2,9.2,2.9867,33.98,106.9267,125.8633,93.3367,109.8033,43.6087,160.5033,214.86,4.3533,3.9033,3.9285,70.79,62.0933,40.06,45.74,48.724,fwc40,reduced_condenser_flow,4,fault,805
45.5207,40.0353,62.2627,71.1827,35.9467,31.3633,75.21,79.2833,9.21,3.1767,33.8867,106.78,125.7267,93.3767,109.6667,43.812,160.6267,215.11,4.3967,3.99,3.9463,70.8567,62.1067,39.93,45.5467,49.1743,fwc40,reduced_condenser_flow,4,fault,810
42.559,40.189,63.1143,67.5737,37.74,32.9933,69.19,70.0333,3.7933,2.4867,59.2067,107.4367,123.1,89.0067,111.26,31.4897,163.34,214.63,2.0633,2.32,2.3672,67.1367,62.7967,40.0633,42.6033,21.21,fwc40,reduced_condenser_flow,4,fault,825
42.4973,40.177,62.5453,66.8347,37.61,32.9033,68.8633,69.65,4.2533,2.6533,60.9567,108.2667,122.6167,88.79,112.3567,31.1947,162.8767,215.0533,2.2933,2.41,2.343,66.6467,62.37,40.0433,42.49,20.7883,fwc40,reduced_condenser_flow,4,fault,830
42.384,40.0593,62.444,66.675,37.48,32.77,68.7533,69.4167,4.66,2.66,61.4833,108.8667,122.85,88.83,113.2433,31.187,163.01,214.8333,2.2867,2.5033,2.3441,66.4767,62.26,39.9467,42.4233,20.7917,fwc40,reduced_condenser_flow,4,fault,835
42.4067,40.0793,62.384,66.6107,37.6267,32.92,68.4767,69.0333,4.44,2.5567,61.5367,109.4467,122.5333,88.5333,113.8733,31.105,162.9333,214.8733,1.9867,2.38,2.3534,66.4633,62.23,40.0067,42.4467,20.8193,fwc40,reduced_condenser_flow,4,fault,840
60.5443,49.454,85.7533,95.2797,42.21,37.3,98.7533,121.6167,7.5067,3.9833,24.8833,104.1967,145.3167,107.45,111.5633,83.682,266.31,195.4667,3.65,6.9067,3.7946,95.0967,85.47,49.1067,60.45,90.3127,fwe10,reduced_evaporator_flow,1,fault,20
60.206,49.2693,85.5007,94.9313,41.8133,36.9067,98.3967,120.9667,7.6,4.0733,25.0833,107.1967,144.9667,107.5633,113.4167,82.7613,266.4233,195.5833,3.63,7.3167,3.7852,94.7867,85.3233,49.1367,60.3767,89.0967,fwe10,reduced_evaporator_flow,1,fault,25
60.3407,49.4293,85.498,94.894,41.6967,36.8033,98.63,121.3833,7.8233,4.2067,25.06,109.1333,144.9,107.56,114.6867,82.465,266.2467,195.7233,3.88,7.6367,3.7957,94.7467,85.31,49.3467,60.5133,89.022,fwe10,reduced_evaporator_flow,1,fault,30
60.4273,49.5073,85.522,94.926,41.7267,36.82,99.1633,122.5,8.4,4.2167,24.62,110.39,145.2,107.8733,115.5367,82.4913,266.1633,195.3233,4.4267,7.6933,3.7904,94.74,85.3333,49.4,60.5533,88.93,fwe10,reduced_evaporator_flow,1,fault,35
60.398,49.4727,85.5353,94.9673,41.76,36.86,100.2967,124.7833,9.4067,4.1433,23.53,111.1767,144.6667,107.2333,116.0167,82.5803,266.0633,195.79,5.4867,7.62,3.7971,94.82,85.3433,49.3867,60.55,89.1817,fwe10,reduced_evaporator_flow,1,fault,40
57.0933,50.4567,85.1333,90.925,43.0567,38.1633,93.9533,112.0667,6.25,5.25,34.84,112.2933,143.4667,104.3833,117.15,56.972,268.2533,195.59,3.2233,7.35,3.3366,90.6967,84.89,50.3833,57.28,54.0667,fwe10,reduced_evaporator_flow,1,fault,55
57.1227,50.4727,85.1447,90.936,43.09,38.1867,94.0167,112.2667,6.21,5.2933,34.6967,112.5233,143.7167,104.5433,117.48,57.043,268.3967,195.2067,3.2867,7.35,3.3328,90.7333,84.8833,50.4,57.3567,54.0727,fwe10,reduced_evaporator_flow,1,fault,60
57.347,50.615,85.2117,91.0453,43.13,38.2267,94.2467,112.6833,6.4433,5.36,34.3733,112.71,143.8667,104.6533,117.69,57.4493,268.3233,195.7567,3.43,7.5,3.3607,90.8533,85.0267,50.6133,57.5733,54.912,fwe10,reduced_evaporator_flow,1,fault,65
57.6153,50.74,85.3167,91.2823,43.0933,38.1933,94.43,113.0,6.47,5.47,34.0767,112.92,143.9833,104.94,117.88,58.167,268.33,195.21,3.3767,7.6233,3.3819,91.0733,85.1167,50.6867,57.8,55.9493,fwe10,reduced_evaporator_flow,1,fault,70
54.002,50.586,84.929,88.1097,43.8133,39.0267,89.76,103.8833,4.31,6.05,56.75,114.9133,142.0333,101.9467,120.7733,41.416,269.0967,195.1733,1.8933,6.7667,2.3592,87.8867,84.73,50.63,54.1767,27.7787,fwe10,reduced_evaporator_flow,1,fault,90
54.1393,50.6243,85.1227,88.3787,44.1567,39.3633,90.12,104.5833,4.4,5.8267,56.03,115.7267,142.4667,102.76,121.9233,42.065,269.46,195.53,1.92,6.3633,2.393,88.22,84.9067,50.53,54.2167,28.63,fwe10,reduced_evaporator_flow,1,fault,95
54.0633,50.534,85.1013,88.3733,44.1733,39.3867,90.1567,104.6,4.4433,5.7467,55.81,116.36,142.2333,101.0433,122.4667,42.0517,269.3967,194.8233,1.94,6.2867,2.3925,88.1733,84.8667,50.48,54.17,28.615,fwe10,reduced_evaporator_flow,1,fault,100
61.202,50.1023,75.5,85.174,41.6067,36.73,90.8333,105.9167,9.2467,4.7133,23.6467,115.94,142.25,104.74,120.15,70.8437,264.4467,195.3,5.9767,8.24,4.4836,84.8567,75.4333,49.85,61.4067,90.3437,fwe10,reduced_evaporator_flow,1,fault,115
61.198,49.9133,75.456,85.2117,41.2133,36.3067,90.7333,105.7167,9.3167,4.7467,22.8467,114.52,141.9667,104.9733,118.0633,70.9497,264.47,195.5533,5.88,8.5633,4.5586,84.8333,75.4067,49.7367,61.3033,91.9883,fwe10,reduced_evaporator_flow,1,fault,120
61.1353,49.8547,75.384,85.116,41.0767,36.1833,90.5533,105.3667,9.2233,4.86,22.85,113.2,141.9333,104.9867,116.62,70.8873,264.54,195.4367,5.7967,8.65,4.5582,84.7767,75.3,49.6933,61.2367,91.8983,fwe10,reduced_evaporator_flow,1,fault,125
61.359,50.0307,75.4213,85.1803,40.9867,36.08,90.7133,105.6667,9.2533,5.0933,22.7733,112.1067,141.8533,105.1133,115.59,71.4267,264.6833,195.68,5.8567,8.93,4.5461,84.8467,75.3733,49.9,61.5533,92.3523,fwe10,reduced_evaporator_flow,1,fault,130
56.5087,50.047,74.462,80.1223,41.87,36.9633,83.46,92.65,6.0567,5.8767,35.3667,110.56,139.3233,101.43,113.8867,48.157,266.1133,195.2733,3.49,8.13,3.839,79.9133,74.4767,49.9967,56.6667,52.5793,fwe10,reduced_evaporator_flow,1,fault,145
56.4527,50.0027,74.6813,80.334,42.02,37.12,83.67,93.05,6.1067,5.73,35.3833,110.3933,139.21,102.2267,114.0333,48.258,266.0133,195.3567,3.5,7.9867,3.8267,80.1267,74.6467,49.9867,56.68,52.522,fwe10,reduced_evaporator_flow,1,fault,150
56.583,50.1,74.7597,80.4167,42.05,37.14,83.67,93.0667,6.11,5.86,35.5667,110.4267,139.2933,101.2833,114.2667,48.297,265.9867,195.1667,3.4167,8.0433,3.8343,80.2533,74.7233,50.0633,56.7967,52.6703,fwe10,reduced_evaporator_flow,1,fault,155
56.3773,49.98,74.712,80.325,42.11,37.2033,83.44,92.6833,5.8533,5.8233,35.77,110.6067,139.2133,101.1533,114.48,47.9167,265.8267,195.5367,3.3433,7.8767,3.8265,80.0933,74.6167,49.97,56.6033,52.1397,fwe10,reduced_evaporator_flow,1,fault,160
53.0923,50.1487,75.0353,77.8407,43.6867,38.9,79.33,85.6167,3.3033,6.0167,63.2967,112.1467,137.2167,97.36,117.0733,35.0847,266.6167,195.56,1.6033,6.3767,2.4039,77.7633,74.96,50.0767,53.18,23.9877,fwe10,reduced_evaporator_flow,1,fault,175
52.8733,49.9693,75.102,77.882,43.5833,38.78,79.48,85.8333,3.34,6.0367,63.6433,113.38,137.5467,97.5333,118.67,35.0417,266.5033,195.3833,1.62,6.3567,2.3731,77.8033,75.0133,49.9533,52.96,23.652,fwe10,reduced_evaporator_flow,1,fault,180
52.7813,49.8893,75.11,77.8753,43.5767,38.7633,79.44,85.7667,3.4267,5.97,63.96,114.3867,137.5667,97.75,119.6833,35.0443,266.61,195.31,1.6267,6.2833,2.3623,77.7967,75.03,49.8133,52.8533,23.5447,fwe10,reduced_evaporator_flow,1,fault,185
53.1803,50.4427,74.8667,77.4877,44.0067,39.2067,78.9,84.9167,3.2533,6.1067,66.7367,115.2733,136.9933,96.94,120.45,34.0833,266.94,195.4033,1.4933,6.47,2.2991,77.4033,74.8067,50.4767,52.5067,22.2767,fwe10,reduced_evaporator_flow,1,fault,190
59.048,49.9277,70.0693,77.862,41.7667,36.8667,82.45,91.0567,7.49,5.08,27.99,115.1133,139.5333,101.8033,118.5533,55.858,265.5467,195.3833,4.7433,8.01,4.6753,77.74,69.9067,49.7733,59.2933,74.2753,fwe10,reduced_evaporator_flow,1,fault,205
58.832,49.662,69.9703,77.7793,41.5267,36.63,82.23,90.67,7.3233,5.17,27.3767,113.7333,139.2833,100.3167,116.57,55.673,265.89,195.5833,4.65,8.0067,4.717,77.5833,69.7933,49.56,59.0,74.6933,fwe10,reduced_evaporator_flow,1,fault,210
58.6777,49.4793,69.8433,77.6393,41.4367,36.5367,82.1033,90.4233,7.3533,5.03,27.2533,112.4567,139.2333,101.9633,115.14,55.5897,266.11,195.48,4.65,7.9767,4.7413,77.4433,69.6767,49.38,58.8167,74.96,fwe10,reduced_evaporator_flow,1,fault,215
58.6367,49.4393,69.7753,77.5633,41.3833,36.5067,82.0067,90.23,7.42,5.01,27.1933,111.48,139.1067,100.94,114.12,55.5607,266.13,195.42,4.5933,7.9767,4.7429,77.4,69.66,49.3733,58.8133,74.948,fwe10,reduced_evaporator_flow,1,fault,220
58.6723,49.5997,69.658,77.3797,41.3933,36.5067,81.45,89.28,6.96,5.1467,27.8067,110.6667,138.96,102.4833,113.3433,54.149,265.9933,195.6133,4.4367,8.1267,4.8073,77.0133,69.4367,49.56,58.7233,73.9583,fwe10,reduced_evaporator_flow,1,fault,225
56.1357,49.9373,65.31,70.6293,40.8133,35.8667,73.73,76.08,5.47,6.9367,38.1567,109.7367,134.3167,97.5867,112.4367,41.23,268.24,195.6533,3.5133,9.1233,4.3104,70.2233,65.1233,49.93,56.3267,50.5457,fwe10,reduced_evaporator_flow,1,fault,235
56.0527,49.8773,65.2607,70.4913,40.8067,35.8533,73.69,75.98,5.5967,6.93,38.18,109.3533,133.8833,96.9867,112.2267,41.2287,267.6367,195.3,3.4933,9.0533,4.2904,70.2,65.0933,49.9,56.2467,50.3093,fwe10,reduced_evaporator_flow,1,fault,240
56.0433,49.8667,65.261,70.4667,40.8,35.8567,73.72,75.1933,5.63,6.93,38.1133,109.14,133.8833,97.09,112.0667,41.2297,267.92,195.2367,3.55,9.0867,4.2896,70.2167,65.0867,49.86,56.2067,50.3013,fwe10,reduced_evaporator_flow,1,fault,245
56.054,49.8667,65.245,70.4467,40.7933,35.8533,73.68,76.7833,5.6067,6.9367,38.1667,109.02,133.7333,96.94,112.0133,41.2153,268.0333,195.31,3.4333,9.08,4.3006,70.2267,65.0933,49.9067,56.2333,50.4123,fwe10,reduced_evaporator_flow,1,fault,250
53.4737,49.964,62.524,65.7103,41.9967,37.09,67.3433,67.4667,2.9633,7.08,57.6133,109.3267,130.1333,91.9767,112.87,32.139,269.4733,195.3167,2.02,7.9633,3.1274,65.3467,62.32,49.9667,53.5333,28.5877,fwe10,reduced_evaporator_flow,1,fault,265
53.43,49.928,62.4573,65.538,41.9367,37.0367,67.4,67.55,3.2767,7.14,58.72,109.71,130.1667,92.14,113.5633,32.132,269.7933,195.4,2.0767,7.9933,3.1244,65.33,62.2867,49.8967,53.5067,28.5543,fwe10,reduced_evaporator_flow,1,fault,270
53.4153,49.8813,62.4467,65.5233,41.9667,37.0667,67.3567,67.45,3.3767,7.15,58.8267,110.11,130.7333,92.4767,114.0867,32.1413,269.7133,195.3,2.0067,7.95,3.1514,65.3367,62.27,49.88,53.48,28.8077,fwe10,reduced_evaporator_flow,1,fault,275
53.4817,49.9707,62.468,65.5353,41.98,37.09,67.3767,67.5333,3.33,7.2,58.8867,110.44,130.6667,92.5633,114.5333,32.182,269.9767,195.8733,2.0567,7.9933,3.1323,65.3367,62.3233,49.9733,52.7667,28.6717,fwe10,reduced_evaporator_flow,1,fault,280
55.7353,45.8313,84.9557,93.2613,39.8267,34.8633,96.33,116.85,6.5033,3.2167,25.05,110.5733,142.2833,106.9733,114.12,77.2983,268.0767,195.2767,2.8967,5.8967,3.6657,93.42,84.8233,45.74,55.9667,80.586,fwe10,reduced_evaporator_flow,1,fault,300
56.125,45.9547,85.3027,94.0283,39.7,34.7267,97.1267,118.3833,6.5933,3.28,24.8733,110.56,143.1333,107.6,114.5267,80.6573,267.45,195.5533,3.0867,6.14,3.6128,93.9733,85.1333,45.8267,56.34,82.8777,fwe10,reduced_evaporator_flow,1,fault,305
56.0843,45.8883,85.3287,94.1207,39.6767,34.7267,97.2867,118.7,6.6733,3.23,25.82,110.7467,143.0167,107.65,114.9267,80.7407,267.68,195.43,3.2533,6.12,3.6155,93.9933,85.12,45.78,56.2867,83.027,fwe10,reduced_evaporator_flow,1,fault,310
56.088,45.8997,85.3207,94.1313,39.6967,34.7333,97.4467,119.0667,6.9067,3.3067,25.6633,110.8933,143.0833,107.43,115.31,80.656,267.3667,195.3033,3.51,6.1367,3.6146,93.96,85.0667,45.8067,56.2933,82.9197,fwe10,reduced_evaporator_flow,1,fault,315
56.1927,46.029,85.314,94.1447,39.68,34.73,98.65,121.4333,8.1267,3.3367,24.46,111.02,143.2667,107.98,115.5567,80.584,267.0833,195.4933,4.6667,6.23,3.6122,93.9933,85.07,45.8667,56.37,82.7893,fwe10,reduced_evaporator_flow,1,fault,320
51.5913,45.0527,85.3287,91.2133,39.6867,34.7533,94.2567,112.6833,6.26,3.4767,32.8967,111.1933,141.8333,106.27,115.89,59.1793,268.1867,195.3433,3.3467,5.1667,3.1625,90.9267,85.1333,44.9133,51.6967,53.23,fwe10,reduced_evaporator_flow,1,fault,335
51.673,45.1013,85.326,91.188,39.8067,34.8233,94.2233,112.6,6.2733,3.4633,32.8067,111.18,141.7,105.9333,115.9833,59.188,268.7833,195.18,3.25,5.18,3.1753,90.9867,85.11,45.0067,51.8133,53.4533,fwe10,reduced_evaporator_flow,1,fault,340
51.8573,45.2447,85.37,91.2493,39.8833,34.8933,94.3033,112.7333,6.2633,3.5067,32.9333,111.1867,141.65,105.7067,115.99,59.2927,268.2467,195.3767,3.3233,5.2767,3.1909,91.0067,85.1533,45.1467,51.9533,53.8103,fwe10,reduced_evaporator_flow,1,fault,345
51.6407,45.0853,85.3447,91.2133,39.8733,34.8733,94.3267,112.8167,6.24,3.4067,32.7667,111.2233,141.9667,106.2267,116.1133,59.211,268.3033,195.05,3.38,5.0267,3.1646,90.97,85.1467,44.9233,51.73,53.2957,fwe10,reduced_evaporator_flow,1,fault,350
49.2987,45.5547,85.004,88.5813,41.0133,36.1133,90.47,105.2167,4.6,3.85,49.8133,111.9133,140.9667,102.8967,117.3133,44.655,269.0433,195.36,2.1867,4.4667,2.4003,88.3167,84.8333,45.47,49.4467,30.483,fwe10,reduced_evaporator_flow,1,fault,365
49.3133,45.56,85.0627,88.6307,40.99,36.11,90.5167,105.2833,4.6733,3.83,49.9867,112.5033,140.2833,103.2933,118.07,44.7373,269.6267,195.25,2.1767,4.49,2.4005,88.3433,84.84,45.46,49.4067,30.5443,fwe10,reduced_evaporator_flow,1,fault,370
49.2947,45.5533,85.0813,88.6563,41.0867,36.2,90.59,105.3833,4.6533,3.8167,49.98,113.0533,140.9667,103.6933,118.6,44.7477,269.6167,195.1433,2.1667,4.31,2.3907,88.3933,84.86,45.4267,49.4533,30.427,fwe10,reduced_evaporator_flow,1,fault,375
49.2733,45.528,85.1027,88.6833,41.0933,36.2,90.5767,105.3833,4.5767,3.83,49.9267,113.5233,140.85,103.53,119.0267,44.76,269.1967,195.03,2.16,4.3367,2.3913,88.4067,84.86,45.4333,49.4067,30.4427,fwe10,reduced_evaporator_flow,1,fault,380
56.4133,45.464,74.973,84.5163,38.7633,33.92,90.1267,104.5367,8.94,3.5733,22.1833,113.03,139.8667,105.3433,117.21,72.3637,266.8967,195.5667,5.76,6.4567,4.3352,84.33,74.9233,45.1967,56.7267,89.2403,fwe10,reduced_evaporator_flow,1,fault,395
56.4777,45.1753,75.243,85.0213,38.2467,33.4567,90.5833,105.3667,8.9667,3.5933,21.4,111.9333,139.68,105.7667,115.49,74.202,267.2833,195.0767,5.83,6.7667,4.3549,84.7233,75.1467,44.9933,56.7133,91.9077,fwe10,reduced_evaporator_flow,1,fault,400
56.4253,45.0763,75.2787,85.1253,38.1133,33.31,90.6233,105.5,8.97,3.5467,21.4333,110.8333,139.4,105.6367,114.2,74.8487,267.1667,195.37,5.82,6.7833,4.3412,84.8133,75.2067,44.89,56.61,92.4143,fwe10,reduced_evaporator_flow,1,fault,405
56.3173,44.944,75.2333,85.0813,38.0467,33.2733,90.5933,105.45,8.9267,3.4433,21.34,110.08,139.8867,105.91,113.3233,74.8887,266.8233,195.2967,5.8333,6.72,4.3439,84.75,75.16,44.8167,56.57,92.5233,fwe10,reduced_evaporator_flow,1,fault,410
50.6513,44.2253,75.157,80.9127,39.06,34.17,84.02,93.75,5.8067,3.5033,32.65,108.9867,138.1267,103.7867,112.3567,50.0203,268.62,194.8833,3.4367,5.09,3.6678,80.5933,75.0667,44.0933,50.7567,52.1733,fwe10,reduced_evaporator_flow,1,fault,425
51.2187,44.676,75.2597,80.9767,38.8767,33.9933,84.24,94.1833,6.0533,3.9,32.6767,108.9333,137.8967,103.7533,112.3467,50.529,268.6733,195.2167,3.4367,5.7667,3.7054,80.7867,75.22,44.6333,51.3133,53.2507,fwe10,reduced_evaporator_flow,1,fault,430
51.0663,44.4837,75.3813,81.1513,38.75,33.9133,84.4,94.45,6.04,3.8167,32.4967,108.88,137.58,102.8733,112.3067,50.8177,268.3233,195.4767,3.5333,5.5967,3.7095,80.87,75.2867,44.3533,51.0933,53.614,fwe10,reduced_evaporator_flow,1,fault,435
50.7207,44.2293,75.2733,81.038,38.6767,33.8433,84.36,94.4,5.97,3.72,32.3033,108.9133,137.5467,102.76,112.2867,50.6997,268.37,195.23,3.5867,5.4067,3.6623,80.7567,75.1867,44.0267,50.8167,52.8093,fwe10,reduced_evaporator_flow,1,fault,440
48.341,45.3033,74.8617,77.8017,40.71,35.7567,80.08,85.5167,3.1367,4.1633,57.81,110.0267,136.35,99.5,114.38,35.934,269.3267,194.8233,1.69,4.5533,2.4142,77.6133,74.7833,45.2933,48.4633,24.6697,fwe10,reduced_evaporator_flow,1,fault,455
48.5267,45.4567,75.0287,77.9837,40.9367,36.0067,79.64,86.1167,3.6,4.1433,58.1567,111.24,136.3833,99.3,115.8,36.4447,269.3,195.3933,1.7467,4.4167,2.4128,77.8833,74.9767,45.3667,48.59,25.0093,fwe10,reduced_evaporator_flow,1,fault,460
48.3773,45.2593,75.0647,78.0373,40.9067,36.0067,79.75,86.3167,3.5967,4.0967,57.5967,112.3333,136.75,99.5933,116.9133,36.4817,269.0967,195.17,1.83,4.3,2.4407,77.9133,74.9867,45.18,48.42,25.325,fwe10,reduced_evaporator_flow,1,fault,465
48.2827,45.178,75.0847,78.0667,40.9133,36.0,79.76,86.3333,3.56,3.9967,57.6067,113.0733,136.9167,99.8833,117.6233,36.4853,269.0533,195.2167,1.83,4.2067,2.4357,77.94,75.0,45.1467,48.33,25.2757,fwe10,reduced_evaporator_flow,1,fault,470
56.0693,45.277,70.303,79.4807,38.2633,33.4733,85.2767,96.0,8.79,3.79,23.0667,113.1567,138.5033,104.2533,116.3033,66.9123,266.57,195.41,5.7467,6.8033,4.6163,78.6967,70.1933,45.04,56.3733,87.8723,fwe10,reduced_evaporator_flow,1,fault,485
56.268,45.13,70.7127,80.2313,37.7567,33.0333,85.8867,97.1,8.8533,3.9067,22.1867,111.8767,138.2433,104.4333,114.59,68.4467,266.1633,195.4167,5.7833,7.1967,4.6592,80.08,70.54,44.9467,56.5233,90.702,fwe10,reduced_evaporator_flow,1,fault,490
56.3587,45.1353,70.8793,80.5017,37.5533,32.8467,86.17,97.55,8.8633,3.9167,21.9767,110.66,137.97,104.6467,113.2033,69.2773,266.4667,195.3967,5.7733,7.3967,4.639,80.3633,70.7667,44.9433,56.5933,91.4057,fwe10,reduced_evaporator_flow,1,fault,495
56.4427,45.1113,71.0947,80.827,37.5,32.8,86.41,97.9833,8.94,3.9333,21.9,109.7667,138.2333,104.7733,112.2533,70.153,266.1867,195.4333,5.7667,7.44,4.6272,80.64,70.9333,44.9467,56.72,92.3263,fwe10,reduced_evaporator_flow,1,fault,500
51.5437,44.0573,66.0223,72.652,37.9233,33.1867,75.8733,80.3167,5.7633,3.97,30.1933,108.06,134.8833,100.6767,110.4933,47.2237,269.16,195.2333,4.05,6.0067,4.5308,71.8667,65.65,43.9133,51.5767,60.8617,fwe10,reduced_evaporator_flow,1,fault,515
51.4767,44.1827,65.526,71.812,37.7867,33.0333,75.55,79.75,6.2067,4.2367,30.27,107.5767,133.9,99.9133,109.9733,46.9083,269.1567,195.4567,4.05,6.2967,4.4507,71.5133,65.38,44.0733,51.63,59.3777,fwe10,reduced_evaporator_flow,1,fault,520
51.4793,44.0773,65.594,71.936,37.6067,32.8933,75.73,79.9333,6.2533,4.22,29.9567,107.2533,133.9667,100.1733,109.6867,47.3533,269.4167,195.1967,4.0933,6.3533,4.4671,71.6333,65.44,43.9167,51.6333,60.1617,fwe10,reduced_evaporator_flow,1,fault,525
51.4953,44.08,65.61,71.948,37.6233,32.92,75.71,79.9167,6.29,4.21,29.8867,107.0667,133.8333,100.0367,109.46,47.377,268.9,195.2767,4.0033,6.3333,4.475,71.67,65.4367,43.97,51.6633,60.2983,fwe10,reduced_evaporator_flow,1,fault,530
49.0557,45.35,65.961,69.307,39.74,34.7867,71.2733,73.0667,3.56,4.7667,50.9367,107.3133,131.2333,95.4767,110.1533,34.7673,269.41,195.4433,2.22,5.5267,3.0548,69.0767,65.77,45.26,49.12,30.1723,fwe10,reduced_evaporator_flow,1,fault,545
49.0407,45.3367,65.9467,69.2603,40.1367,35.1367,71.3533,73.2333,3.88,4.4667,52.11,108.07,131.45,95.1867,111.2733,34.7527,269.3867,195.1733,2.3,5.15,3.0474,69.0867,65.8267,45.2867,49.06,30.1207,fwe10,reduced_evaporator_flow,1,fault,550
48.958,45.2127,66.02,69.348,40.2333,35.24,71.4567,73.4,3.8767,4.3867,51.8933,108.82,131.35,94.9933,112.29,34.8517,269.5933,195.2067,2.31,4.9467,3.0739,69.1667,65.8567,45.16,49.02,30.471,fwe10,reduced_evaporator_flow,1,fault,555
48.8767,45.15,65.9853,69.316,40.1433,35.15,71.33,73.1333,3.8233,4.41,51.91,109.34,131.95,95.51,112.9733,34.827,269.4033,195.0433,2.15,4.9267,3.0581,69.1,65.84,45.0867,48.9133,30.291,fwe10,reduced_evaporator_flow,1,fault,560
50.7197,40.349,80.6293,89.4813,36.5067,31.91,92.3833,109.0167,7.0633,0.62,23.0533,109.1467,139.73,107.19,112.0133,79.044,266.7267,195.07,3.0467,3.5367,3.7491,89.3467,80.54,40.0533,50.6867,84.283,fwe10,reduced_evaporator_flow,1,fault,580
50.7153,40.3043,80.6907,89.6827,36.37,31.7833,92.51,109.3,6.96,0.7,23.4033,108.88,139.8433,107.35,111.9933,78.7927,266.58,195.01,3.08,3.7467,3.7757,89.4467,80.5933,40.1533,50.8367,84.611,fwe10,reduced_evaporator_flow,1,fault,585
50.7927,40.352,80.8203,89.8793,36.46,31.8533,92.68,109.65,6.9933,0.6567,23.6567,108.7667,140.3933,107.76,112.0133,79.3573,266.95,195.2633,3.0667,3.7133,3.7656,89.64,80.7233,40.1633,50.8667,84.9903,fwe10,reduced_evaporator_flow,1,fault,590
50.73,40.298,80.8433,89.91,36.4133,31.8,92.85,110.0,7.1867,0.66,23.66,108.76,140.51,108.1633,112.0867,79.3827,267.0433,195.48,3.24,3.75,3.7651,89.62,80.7367,40.14,50.84,85.0073,fwe10,reduced_evaporator_flow,1,fault,595
50.6727,40.251,80.7847,89.8327,36.3133,31.7167,93.0367,110.2667,7.4233,0.7433,23.3067,108.7533,139.9967,107.6567,112.12,79.135,267.8067,195.3167,3.5167,3.7733,3.7682,89.48,80.6433,40.09,50.8067,84.81,fwe10,reduced_evaporator_flow,1,fault,600
46.959,40.4727,80.2553,86.155,36.7,32.0667,89.2233,102.9367,6.1333,2.55,30.6467,108.5533,138.5767,105.5333,112.1267,55.5743,268.9,194.9733,3.5433,3.7033,3.3353,85.6667,80.0967,40.4,47.0733,52.7103,fwe10,reduced_evaporator_flow,1,fault,615
47.14,40.5227,80.3753,86.3407,37.0733,32.3767,89.62,103.7,6.45,2.2967,30.2533,108.3667,138.69,105.3533,112.12,56.518,269.5367,194.9733,3.5933,3.24,3.343,86.01,80.33,40.29,47.17,53.7387,fwe10,reduced_evaporator_flow,1,fault,620
46.8573,40.202,80.3273,86.3127,37.0767,32.3767,89.5633,103.6,6.5533,2.05,29.9567,108.2733,138.8933,105.82,112.1333,56.5603,268.8433,194.97,3.5533,2.9633,3.3613,86.0267,80.28,40.0333,46.8667,54.0727,fwe10,reduced_evaporator_flow,1,fault,625
46.7307,40.0727,80.326,86.3007,37.04,32.3433,89.58,103.6333,6.56,2.0533,29.9433,108.2533,138.6933,105.2433,112.1333,56.5253,268.67,195.0567,3.58,2.9367,3.3648,86.0133,80.2567,39.9933,46.8,54.0947,fwe10,reduced_evaporator_flow,1,fault,630
44.1787,40.316,80.2953,84.0657,37.3333,32.6267,86.08,97.4667,4.5567,2.5867,46.0233,108.6867,137.0333,103.5433,113.2367,44.0033,269.76,194.9533,2.1633,2.8733,2.5076,83.9033,80.2333,40.1767,44.3,31.3833,fwe10,reduced_evaporator_flow,1,fault,645
43.9587,39.9693,80.422,84.2507,37.2833,32.5833,85.9433,97.2,4.2867,2.4133,45.21,109.3067,137.2333,103.5467,113.94,44.2857,269.6967,194.84,1.8833,2.5367,2.5714,84.0467,80.33,39.8433,43.9367,32.3863,fwe10,reduced_evaporator_flow,1,fault,650
43.9253,40.034,80.286,84.0227,37.6933,33.0133,85.5567,96.4333,3.7233,2.0033,45.71,109.8967,137.3633,103.2967,114.4667,43.5,270.0533,194.9367,1.6533,2.2233,2.5571,83.91,80.2067,39.9233,44.0167,31.6357,fwe10,reduced_evaporator_flow,1,fault,655
43.945,40.002,80.3047,84.0773,37.7533,33.02,85.5133,96.2833,3.73,1.9867,45.3367,110.2433,137.0333,102.9333,114.7933,43.5783,269.93,195.1933,1.4733,2.13,2.5907,83.9333,80.2067,39.8967,44.0067,32.1097,fwe10,reduced_evaporator_flow,1,fault,660
52.2973,40.3277,70.6327,80.9407,35.1767,30.69,86.78,98.6167,9.83,1.98,20.1067,109.2467,137.0833,105.7867,112.0033,75.84,266.0233,195.3567,6.12,4.9467,4.5173,80.6667,70.4367,40.1533,52.5267,97.439,fwe10,reduced_evaporator_flow,1,fault,680
52.3333,40.2637,70.6687,81.0607,35.04,30.5533,86.94,98.8667,9.92,2.1667,20.2667,108.5533,136.4833,105.58,111.1467,76.9377,265.7767,194.9467,6.16,5.0067,4.4806,80.7967,70.4833,40.0467,52.4267,98.0443,fwe10,reduced_evaporator_flow,1,fault,685
52.0413,39.9287,70.61,81.0407,34.7467,30.3533,87.01,98.9667,9.98,1.9633,20.06,107.9467,137.05,105.9633,110.5933,77.183,266.19,195.0233,6.2033,5.0233,4.4852,80.76,70.4233,39.82,52.14,98.458,fwe10,reduced_evaporator_flow,1,fault,690
46.5007,39.5067,70.5487,76.7073,35.8333,31.2933,80.23,87.1167,6.3633,2.3967,28.5133,106.8467,134.4,102.9933,109.24,50.218,268.8367,194.98,3.78,3.57,3.9802,76.4533,70.33,39.42,46.6633,56.8437,fwe10,reduced_evaporator_flow,1,fault,705
46.4233,39.3677,70.6193,76.794,36.0467,31.45,80.47,87.55,6.74,2.0567,28.1933,106.5333,134.3333,102.8167,109.0733,50.5053,268.7933,194.8433,3.8333,3.1567,3.9877,76.6667,70.4533,39.19,46.4667,57.2813,fwe10,reduced_evaporator_flow,1,fault,710
46.3567,39.274,70.658,76.8207,36.0867,31.47,80.51,87.5833,6.8033,1.91,28.0267,106.3933,134.4,102.9067,108.92,50.5443,269.1967,194.7933,3.8267,3.0633,3.9975,76.6833,70.46,39.1267,46.3867,57.4673,fwe10,reduced_evaporator_flow,1,fault,715
46.382,39.322,70.698,76.8433,36.0167,31.4233,80.46,87.4333,6.7133,1.98,28.1467,106.3867,134.5167,102.23,108.9,50.505,269.05,195.13,3.72,3.1633,3.9944,76.69,70.5033,39.18,46.47,57.379,fwe10,reduced_evaporator_flow,1,fault,720
43.8787,39.9927,71.6783,75.435,36.8067,32.16,76.9867,82.0667,3.4367,2.5433,44.2133,106.48,133.3,100.0667,109.2933,38.7943,269.4267,194.91,2.1067,3.0833,2.8603,74.93,71.2467,39.9333,43.8633,31.566,fwe10,reduced_evaporator_flow,1,fault,730
43.598,39.899,71.0047,74.5373,37.4,32.7,75.78,80.1167,3.1233,2.15,46.95,107.0867,132.75,99.17,110.3067,37.6587,269.42,194.64,1.4333,2.4167,2.8004,74.3467,70.76,39.8067,43.6533,29.992,fwe10,reduced_evaporator_flow,1,fault,735
43.7807,40.1553,70.7867,74.228,37.2733,32.57,76.12,80.6,3.92,2.58,48.1133,107.96,133.1667,99.6467,111.3,37.5827,269.2867,194.8767,1.9333,2.77,2.7532,74.1567,70.6433,40.0733,43.87,29.4317,fwe10,reduced_evaporator_flow,1,fault,740
43.7633,40.086,71.0293,74.4987,37.12,32.42,76.47,81.1833,4.1267,2.6733,47.88,108.7667,133.1667,99.6767,112.1433,37.9097,269.28,194.7133,2.11,2.9133,2.7667,74.3967,70.8667,39.9933,43.8667,29.831,fwe10,reduced_evaporator_flow,1,fault,745
43.7847,40.106,71.0907,74.5373,37.13,32.4233,76.56,81.3,4.1467,2.6933,47.85,109.3067,133.1833,99.75,112.7933,37.9883,269.6167,194.8367,2.13,2.87,2.7637,74.43,70.8867,40.0067,43.8533,29.8583,fwe10,reduced_evaporator_flow,1,fault,750
50.509,39.896,66.6773,75.728,34.84,30.3667,81.11,88.5667,9.0433,2.4933,21.5233,108.5933,134.9667,103.88,110.6267,63.374,268.03,195.22,5.53,4.9167,4.7892,75.5833,66.5633,39.7267,50.55,86.3257,fwe10,reduced_evaporator_flow,1,fault,770
50.328,39.7,66.6093,75.6747,34.8,30.33,81.02,88.4,9.2433,2.3967,21.4233,107.7467,135.1,104.0833,109.64,63.404,267.3667,195.0167,5.4867,4.79,4.789,75.52,66.4633,39.5867,50.3933,86.3593,fwe10,reduced_evaporator_flow,1,fault,775
50.5187,39.8637,66.6533,75.7357,34.84,30.4,81.1,88.5833,9.19,2.42,21.43,107.0933,134.7667,103.9133,109.0,63.4777,267.71,195.2033,5.57,4.92,4.7993,75.5733,66.5067,39.77,50.6533,86.6467,fwe10,reduced_evaporator_flow,1,fault,780
47.1647,39.8973,65.3573,71.7587,35.6267,31.0933,75.2267,79.25,6.2533,2.8933,28.7,105.94,132.5833,100.53,107.98,47.4227,267.8867,194.8833,3.9133,4.1967,4.376,71.27,65.0833,39.81,47.16,59.0223,fwe10,reduced_evaporator_flow,1,fault,795
47.0993,39.998,65.0253,71.236,35.9267,31.3467,74.9,78.72,6.3467,2.6867,28.98,105.78,132.35,100.24,107.7467,46.6417,267.7533,194.9567,4.0233,3.97,4.3475,70.88,64.8667,39.8933,47.1833,57.6697,fwe10,reduced_evaporator_flow,1,fault,800
47.1647,40.09,65.0093,71.2093,35.9,31.3367,74.85,78.6167,6.3967,2.7267,29.0167,105.6467,132.45,100.28,107.65,46.6347,267.7,194.9967,3.9467,4.08,4.3325,70.89,64.8567,39.9867,47.23,57.4643,fwe10,reduced_evaporator_flow,1,fault,805
47.3373,40.22,65.0773,71.2643,35.9467,31.3833,75.05,78.9833,6.4533,2.8267,28.8367,105.6333,132.55,100.4467,107.6,46.8663,267.36,195.1867,4.01,4.17,4.3425,71.0067,64.93,40.0933,47.42,57.8833,fwe10,reduced_evaporator_flow,1,fault,810
44.4817,40.359,66.4557,70.3643,36.46,31.8333,72.07,74.3,3.3233,3.1433,42.9467,105.7533,130.7,97.97,108.05,36.8287,269.0533,194.9567,2.4133,3.76,3.1982,69.6633,65.9967,40.24,44.4467,33.49,fwe10,reduced_evaporator_flow,1,fault,820
43.871,40.0543,65.1873,68.816,36.6267,31.9867,70.8967,72.4667,3.86,2.9467,46.47,106.2133,130.2,97.17,108.86,35.699,269.4367,194.9133,2.4133,3.3333,3.0543,68.46,64.97,39.9633,43.9133,31.012,fwe10,reduced_evaporator_flow,1,fault,825
43.7367,40.0447,64.851,68.368,36.7267,32.0833,70.5033,71.8833,3.87,2.81,47.5667,106.7667,129.8167,96.6967,109.6167,35.174,268.4367,194.8267,2.43,3.22,2.9955,68.0533,64.6667,39.9733,43.8233,29.9663,fwe10,reduced_evaporator_flow,1,fault,830
43.6673,39.8953,64.8933,68.4407,36.3433,31.7333,70.73,72.2167,4.1767,3.0967,47.3,107.28,129.7333,97.1033,110.36,35.502,268.82,194.7933,2.4733,3.51,3.0331,68.25,64.76,39.84,43.7533,30.6263,fwe10,reduced_evaporator_flow,1,fault,835
43.6953,40.0473,64.7417,68.1997,36.8033,32.14,70.3633,71.6333,3.8967,2.8367,48.0733,107.68,129.8667,96.8433,110.76,34.9353,268.36,194.8467,2.43,3.2033,2.9799,67.9333,64.57,40.0067,43.83,29.605,fwe10,reduced_evaporator_flow,1,fault,840
61.5097,50.621,85.023,93.1447,41.8867,36.9767,96.4233,117.0067,6.9567,5.0833,26.2433,100.5833,143.85,106.06,107.34,73.9187,266.95,176.0533,2.9433,8.5767,3.7992,93.4933,85.0233,50.4633,61.7333,79.8643,fwe20,reduced_evaporator_flow,2,fault,20
61.696,50.5007,85.5453,94.165,41.6167,36.7067,97.3867,118.9333,7.17,5.08,26.4667,104.2333,144.05,106.7233,110.0667,76.9437,266.4167,175.9333,3.1433,8.69,3.7504,94.2267,85.38,50.3,61.8633,82.0727,fwe20,reduced_evaporator_flow,2,fault,25
61.4097,50.084,85.6103,94.4063,41.3233,36.4233,97.5767,119.3,7.13,4.92,26.53,106.7467,144.0167,106.8,112.0933,77.9207,266.27,176.43,3.2267,8.6433,3.7561,94.33,85.3833,49.95,61.5433,83.2423,fwe20,reduced_evaporator_flow,2,fault,30
61.25,49.948,85.579,94.404,41.2667,36.35,97.5733,119.2833,7.1667,4.9833,26.5067,108.4667,144.1833,107.21,113.5,77.9137,266.32,176.33,3.2967,8.5767,3.749,94.28,85.3867,49.82,61.3867,83.079,fwe20,reduced_evaporator_flow,2,fault,35
61.222,49.92,85.5917,94.4187,41.1967,36.29,97.6533,119.5,7.1967,4.9267,26.3967,109.48,144.0333,107.1233,114.46,77.893,265.9067,176.1533,3.3567,8.6367,3.7462,94.3033,85.36,49.8133,61.3333,82.9923,fwe20,reduced_evaporator_flow,2,fault,40
57.3773,50.246,85.2673,90.928,42.5767,37.6767,93.8133,111.85,6.0867,5.3867,35.71,111.4033,143.3667,105.55,116.3367,56.3443,268.08,175.9,3.0567,7.6133,3.2619,90.72,85.06,50.2167,57.5033,52.2727,fwe20,reduced_evaporator_flow,2,fault,55
57.2853,50.136,85.294,90.94,42.6467,37.7467,93.94,112.1333,6.1567,5.3467,35.52,111.8533,143.3333,104.6833,116.9233,56.412,268.0967,176.05,3.2133,7.47,3.2682,90.7267,85.0667,50.1233,57.4733,52.4367,fwe20,reduced_evaporator_flow,2,fault,60
57.542,50.3567,85.3047,90.964,42.76,37.86,93.91,112.1,6.2667,5.4367,35.6167,112.1933,143.3667,104.7133,117.3,56.4927,268.0767,176.1567,3.1633,7.6033,3.2824,90.7667,85.12,50.39,57.7833,52.7407,fwe20,reduced_evaporator_flow,2,fault,65
57.968,50.693,85.3753,91.1427,42.7667,37.8833,94.2733,112.65,6.37,5.5733,35.3233,112.4767,143.3833,104.72,117.6567,57.022,267.8767,176.28,3.2933,7.8933,3.2951,90.9767,85.2067,50.6667,58.1967,53.4383,fwe20,reduced_evaporator_flow,2,fault,70
54.313,50.558,84.9587,88.1937,43.51,38.72,89.9167,104.2067,4.2567,6.12,56.12,113.43,142.2167,103.2067,119.2167,41.6537,269.1533,176.07,1.92,6.99,2.3256,87.9767,84.81,50.5233,54.4633,27.553,fwe20,reduced_evaporator_flow,2,fault,85
54.3757,50.5647,85.2643,88.4853,43.54,38.7467,90.2567,104.8,4.4967,6.27,56.7267,114.47,142.25,102.5333,120.4033,41.919,269.2167,176.0267,1.98,6.9267,2.3448,88.2667,85.04,50.46,54.47,27.9553,fwe20,reduced_evaporator_flow,2,fault,90
54.3397,50.5233,85.2753,88.508,43.5333,38.74,90.24,104.8,4.3767,6.1667,56.82,115.3033,142.2167,102.12,121.5633,41.9977,268.83,175.98,1.9933,6.9,2.344,88.2733,85.0533,50.4133,54.4533,27.998,fwe20,reduced_evaporator_flow,2,fault,95
54.2873,50.4673,85.2673,88.5,43.5333,38.7333,90.2767,104.8333,4.4033,6.1433,56.6733,115.9233,142.0667,102.3933,122.31,42.0037,269.2233,176.06,2.0133,6.86,2.3475,88.2633,85.04,50.3933,54.4233,28.0427,fwe20,reduced_evaporator_flow,2,fault,100
61.871,50.0057,75.9347,85.3077,41.4167,36.52,90.6367,105.5333,8.94,4.85,24.5267,115.7167,141.8367,103.7767,120.2833,69.1487,264.83,176.0,5.7267,8.3567,4.4243,84.9367,75.84,49.7533,62.0633,87.0097,fwe20,reduced_evaporator_flow,2,fault,115
61.7537,49.786,75.7967,85.171,41.0633,36.1767,90.4533,105.1333,8.87,4.8667,23.46,114.2833,141.85,105.0367,118.2667,68.832,264.9067,176.2233,5.66,8.59,4.4883,84.7767,75.7133,49.67,61.9067,87.864,fwe20,reduced_evaporator_flow,2,fault,120
61.4853,49.5193,75.6177,84.9387,40.8867,35.9667,90.15,104.6167,8.7667,4.8,23.4267,112.9933,141.6833,105.24,116.71,68.6703,264.7367,175.99,5.48,8.54,4.493,84.65,75.59,49.43,61.6,87.7523,fwe20,reduced_evaporator_flow,2,fault,125
61.3667,49.44,75.5793,84.8437,40.8067,35.8667,90.07,104.4667,8.8033,4.76,23.39,111.9567,141.5167,105.0333,115.5967,68.4813,264.62,175.9233,5.52,8.5667,4.4883,84.5567,75.5533,49.3267,61.5567,87.4187,fwe20,reduced_evaporator_flow,2,fault,130
57.5433,50.4313,75.6327,81.2047,41.93,37.0367,84.37,94.4333,5.9667,6.1,35.9967,110.3467,139.5633,101.5267,114.2867,48.5727,267.1967,176.1433,3.38,8.4833,3.7775,80.98,75.6167,50.4167,57.7533,52.1867,fwe20,reduced_evaporator_flow,2,fault,150
57.634,50.482,75.7593,81.3363,41.9933,37.1,84.63,94.9,6.0333,6.18,35.8467,110.4933,139.42,101.5467,114.5667,48.8037,267.3267,175.8633,3.4833,8.41,3.7753,81.1667,75.7267,50.4133,57.8067,52.403,fwe20,reduced_evaporator_flow,2,fault,155
57.4993,50.3487,75.8287,81.4057,42.0167,37.11,84.66,94.8833,5.9267,5.9967,35.8133,110.6333,139.6767,101.5467,114.6733,48.8763,267.1333,175.9867,3.4233,8.3133,3.7716,81.2233,75.76,50.33,57.64,52.431,fwe20,reduced_evaporator_flow,2,fault,160
53.5163,50.3153,75.4587,78.277,43.4733,38.66,79.61,86.0667,2.98,6.3333,63.7933,112.65,137.4967,97.64,117.8267,34.8987,267.9,176.4067,1.6033,6.84,2.3705,77.9867,75.31,50.32,53.6367,23.5223,fwe20,reduced_evaporator_flow,2,fault,175
53.4263,50.215,75.3613,78.1213,43.37,38.5733,79.67,86.2167,3.19,6.4167,64.35,113.88,136.9,97.4933,119.2167,35.0,268.3,175.9067,1.6867,6.7533,2.3653,77.99,75.2733,50.16,54.3367,23.545,fwe20,reduced_evaporator_flow,2,fault,180
53.2593,50.0667,75.3613,78.104,43.4933,38.6967,79.67,86.1667,3.2733,6.1733,64.3567,114.8167,137.35,97.5267,120.1633,35.0177,268.0333,175.87,1.62,6.5267,2.3477,78.0133,75.2933,49.9933,53.3367,23.3807,fwe20,reduced_evaporator_flow,2,fault,185
53.1847,49.9987,75.384,78.132,43.53,38.7233,79.7,86.25,3.3033,6.0667,64.3533,115.4767,137.5467,97.6933,120.83,35.0413,267.9433,175.9333,1.71,6.4133,2.3418,78.06,75.2867,49.9067,53.2667,23.3393,fwe20,reduced_evaporator_flow,2,fault,190
59.4447,49.184,70.8923,78.8497,40.7933,35.83,83.3367,92.55,7.43,5.1067,26.97,113.73,139.4633,102.7133,117.0767,57.058,265.68,176.1033,4.7633,8.2767,4.6399,78.5733,70.68,49.09,59.6233,75.2947,fwe20,reduced_evaporator_flow,2,fault,210
59.3847,49.1747,70.7367,78.6567,40.7267,35.7467,83.27,92.3333,7.47,5.1067,26.73,112.37,139.1033,101.89,115.4833,57.1227,266.0233,175.9133,4.7833,8.2967,4.6062,78.4667,70.5933,49.0267,59.5967,74.8347,fwe20,reduced_evaporator_flow,2,fault,215
59.3833,49.1693,70.734,78.6487,40.74,35.76,83.25,92.35,7.4233,5.0967,26.73,111.4133,139.4567,102.9233,114.4433,57.1153,265.9633,176.1333,4.73,8.2867,4.6145,78.4767,70.5867,49.0367,59.5967,74.9603,fwe20,reduced_evaporator_flow,2,fault,220
56.734,49.9283,66.251,71.6593,41.1833,36.26,74.46,78.04,5.1267,6.4467,37.7267,109.68,134.7167,97.4267,112.6833,41.4263,268.05,175.9933,3.3633,8.7433,4.2361,71.05,65.94,49.9633,56.8767,49.9137,fwe20,reduced_evaporator_flow,2,fault,235
56.6273,49.9333,65.904,71.1427,40.8,35.85,74.2,77.6667,5.4967,6.8567,38.5367,109.38,134.1333,97.3233,112.4567,41.325,267.7067,176.2567,3.3867,9.12,4.1819,70.8467,65.79,49.8967,56.82,49.1523,fwe20,reduced_evaporator_flow,2,fault,240
56.523,49.8627,65.8343,70.9863,40.91,35.9733,74.06,78.3033,5.46,6.77,38.72,109.28,134.1667,97.1567,112.36,41.0293,267.41,175.8967,3.37,8.99,4.1838,70.71,65.6667,49.9067,56.7467,48.822,fwe20,reduced_evaporator_flow,2,fault,245
56.618,49.964,65.88,71.018,40.8067,35.8967,74.11,77.5333,5.5367,6.9067,38.8367,109.3133,134.0,97.0533,112.3133,41.171,267.75,176.0967,3.37,9.15,4.1679,70.7767,65.7833,49.9667,56.83,48.8047,fwe20,reduced_evaporator_flow,2,fault,250
54.899,50.107,65.9393,69.7887,41.82,36.9267,71.9233,74.0,3.8233,6.8533,48.39,109.2467,132.55,94.5833,112.4933,35.88,269.32,176.2133,2.5733,8.2033,3.4492,69.3333,65.6233,50.0033,54.9133,35.182,fwe20,reduced_evaporator_flow,2,fault,260
54.4267,49.9933,64.927,68.509,42.0367,37.1367,70.5067,71.7833,3.74,6.8033,52.47,109.54,131.5,93.37,113.08,34.36,269.4933,176.15,2.39,7.9367,3.3293,68.0967,64.7067,49.9867,54.4833,32.524,fwe20,reduced_evaporator_flow,2,fault,265
54.23,49.977,64.4683,67.8997,42.1433,37.23,70.01,71.1333,3.7567,6.84,53.9267,109.9867,131.2833,92.9333,113.76,33.884,269.76,176.2467,2.4467,7.85,3.2417,67.5767,64.2633,49.99,54.37,31.2397,fwe20,reduced_evaporator_flow,2,fault,270
54.1647,49.96,64.2627,67.613,42.22,37.3133,69.7667,70.8667,3.6667,6.75,54.6967,110.36,131.3,93.09,114.26,33.556,269.87,175.88,2.45,7.7733,3.2304,67.36,64.08,49.9633,54.2767,30.8217,fwe20,reduced_evaporator_flow,2,fault,275
54.198,50.0653,64.0853,67.3833,42.0833,37.19,69.6233,70.6,3.78,6.99,55.5533,110.66,131.3833,93.1433,114.6233,33.5657,269.9633,175.8567,2.3267,7.9233,3.1717,67.2467,63.9467,50.0467,54.32,30.2783,fwe20,reduced_evaporator_flow,2,fault,280
56.2693,45.3707,85.474,93.8453,39.5,34.58,96.8333,117.8333,6.2233,3.1333,26.53,110.7733,142.5167,107.3567,114.5233,78.416,267.4067,175.9833,2.99,5.7167,3.5825,93.8667,85.3033,45.2067,56.45,79.9,fwe20,reduced_evaporator_flow,2,fault,300
56.6333,45.6633,85.593,94.15,39.4533,34.5367,97.3267,118.8667,6.5733,3.29,25.9367,110.8133,142.9167,107.6233,114.98,79.4063,267.57,175.6733,3.2667,6.0933,3.5549,94.0933,85.4,45.5533,56.8933,80.2853,fwe20,reduced_evaporator_flow,2,fault,305
56.952,45.9857,85.6533,94.2367,39.46,34.5567,99.0233,122.1833,8.2567,3.4067,24.49,110.9267,143.05,107.6467,115.36,79.3993,267.65,175.93,4.9167,6.3867,3.5606,94.1267,85.4233,45.8633,57.1533,80.4073,fwe20,reduced_evaporator_flow,2,fault,310
56.6303,45.6997,85.608,94.2087,39.4267,34.52,98.94,122.0,8.1233,3.3033,24.4333,110.9733,143.0333,108.1767,115.66,79.3407,267.72,175.9267,4.9133,6.05,3.5512,94.0333,85.38,45.47,56.7533,80.1387,fwe20,reduced_evaporator_flow,2,fault,315
56.2533,45.2983,85.4593,94.0873,39.3,34.4233,98.84,121.8333,8.1367,3.0867,24.2733,111.02,142.6333,107.6633,115.68,79.263,267.3433,175.94,4.96,5.7867,3.5615,93.9267,85.28,45.12,56.44,80.2883,fwe20,reduced_evaporator_flow,2,fault,320
52.675,45.3297,85.72,91.6687,39.5167,34.61,94.7733,113.7,6.2567,3.71,32.9933,111.49,142.0333,106.43,116.2,59.955,268.6867,175.6033,3.34,5.6367,3.1518,91.46,85.4567,45.14,52.73,53.7457,fwe20,reduced_evaporator_flow,2,fault,335
52.315,44.981,85.6653,91.5833,39.4533,34.5533,94.6933,113.5,6.2933,3.54,32.6967,111.3133,141.7667,106.0767,116.34,59.8773,268.1933,175.8,3.2933,5.3767,3.1533,91.3733,85.4133,44.8367,52.4067,53.703,fwe20,reduced_evaporator_flow,2,fault,340
52.3453,45.0867,85.6097,91.4713,39.5667,34.6333,94.4833,113.1167,6.25,3.51,33.0167,111.2833,141.55,105.9067,116.42,59.341,269.0267,175.8267,3.2767,5.4033,3.151,91.2133,85.3733,44.9967,52.51,53.1817,fwe20,reduced_evaporator_flow,2,fault,345
52.5487,45.254,85.6453,91.502,39.62,34.6667,94.55,113.3,6.29,3.6367,33.0733,111.3167,141.6,106.0667,116.42,59.5147,268.3267,175.77,3.27,5.59,3.1574,91.3333,85.4033,45.1667,52.6967,53.4463,fwe20,reduced_evaporator_flow,2,fault,350
49.585,45.4813,85.286,88.8513,40.76,35.8033,90.7467,105.7667,4.4767,3.9233,50.47,112.0733,140.6667,103.6933,117.7067,44.5833,269.4167,176.3633,2.18,4.6,2.379,88.5533,85.0667,45.3667,49.6133,30.1667,fwe20,reduced_evaporator_flow,2,fault,365
49.3227,45.226,85.2887,88.858,40.8067,35.86,90.7267,105.6333,4.57,3.6833,50.2367,112.78,140.6333,103.7367,118.45,44.646,269.1833,175.9933,2.11,4.3133,2.3652,88.58,85.06,45.1,49.3933,30.0327,fwe20,reduced_evaporator_flow,2,fault,370
49.165,45.0963,85.2793,88.826,40.7933,35.8333,90.6967,105.65,4.57,3.5633,50.2767,113.2933,140.4333,103.57,118.9867,44.5863,269.3133,175.7333,2.1167,4.2133,2.3539,88.5733,85.01,44.9567,49.24,29.8477,fwe20,reduced_evaporator_flow,2,fault,375
49.0967,45.0247,85.2927,88.8327,40.78,35.83,90.6567,105.6,4.56,3.56,50.3567,113.63,140.4733,103.5667,119.45,44.5943,269.2767,176.0433,2.13,4.1,2.3552,88.56,85.04,44.8967,49.1733,29.871,fwe20,reduced_evaporator_flow,2,fault,380
57.1693,45.277,75.532,84.8093,38.0567,33.2833,90.07,104.4833,8.53,3.7533,22.2733,111.98,139.06,105.09,115.7733,71.004,266.74,175.9067,5.61,6.99,4.3159,84.4733,75.4767,45.12,57.3533,87.158,fwe20,reduced_evaporator_flow,2,fault,400
57.304,45.35,75.528,84.8257,37.85,33.1067,90.12,104.5667,8.6367,3.8833,22.2133,110.92,139.3,105.5367,114.5267,71.4563,267.1633,176.0467,5.5167,7.4,4.3145,84.5933,75.5233,45.2333,57.5133,87.6853,fwe20,reduced_evaporator_flow,2,fault,405
57.371,45.3287,75.5887,84.9627,37.7733,33.04,90.3167,104.9667,8.67,3.8867,22.08,110.1933,139.5633,105.7933,113.5833,72.0407,267.24,176.04,5.6733,7.4,4.3112,84.68,75.5433,45.1533,57.5,88.3327,fwe20,reduced_evaporator_flow,2,fault,410
51.8973,44.7453,75.8007,81.52,39.14,34.23,84.75,95.0167,5.9533,3.64,32.75,109.02,138.19,102.2133,112.7667,50.5097,268.5933,175.9233,3.46,5.4867,3.649,81.2567,75.7633,44.6333,51.97,52.4213,fwe20,reduced_evaporator_flow,2,fault,425
51.936,44.772,75.83,81.528,39.1067,34.2067,84.78,95.05,6.02,3.7067,32.68,108.9533,137.9633,102.01,112.7033,50.5923,268.8967,176.1267,3.4667,5.61,3.6538,81.2833,75.7767,44.7033,52.0567,52.576,fwe20,reduced_evaporator_flow,2,fault,430
52.004,44.812,75.8153,81.528,39.03,34.13,84.75,95.0667,6.0033,3.7733,32.5067,108.9067,137.9967,104.59,112.5933,50.7973,268.63,176.1333,3.4433,5.67,3.6533,81.31,75.7633,44.68,52.1033,52.7833,fwe20,reduced_evaporator_flow,2,fault,435
51.7973,44.599,75.7713,81.476,39.05,34.1533,84.7,95.0333,5.9967,3.6567,32.5,108.8933,137.6767,104.2633,112.63,50.7533,268.77,175.8967,3.4867,5.4,3.6546,81.24,75.71,44.45,51.8667,52.7523,fwe20,reduced_evaporator_flow,2,fault,440
48.5573,45.191,75.176,78.1493,40.5667,35.5767,79.68,86.2,3.2,4.14,57.2967,110.1167,136.4,99.74,114.56,36.183,269.4567,175.89,1.7167,4.5833,2.3965,77.9767,75.0667,45.1433,48.6567,24.6653,fwe20,reduced_evaporator_flow,2,fault,455
48.699,45.294,75.2313,78.2013,40.78,35.8967,79.85,86.4833,3.6033,4.04,58.0867,111.1667,136.3833,99.3733,115.7933,36.4827,269.0267,175.5767,1.69,4.38,2.3995,78.1333,75.1867,45.1867,48.7467,24.8993,fwe20,reduced_evaporator_flow,2,fault,460
48.4173,45.023,75.2533,78.232,40.8133,35.85,79.91,86.6167,3.5467,3.84,57.26,112.2833,136.4333,99.46,116.88,36.487,269.2267,175.8,1.7833,4.08,2.3926,78.1667,75.16,44.8867,48.4333,24.8303,fwe20,reduced_evaporator_flow,2,fault,465
48.2743,44.917,75.2187,78.154,40.79,35.8333,80.5533,86.2333,3.4133,3.7733,57.66,113.0,136.2,99.38,117.5733,35.957,269.5933,175.7767,1.7133,4.0967,2.4059,78.0033,75.0667,44.86,48.3,24.5887,fwe20,reduced_evaporator_flow,2,fault,470
56.6477,44.864,70.9077,80.044,38.4,33.6,85.2533,95.9333,8.5167,3.4,22.61,112.1,139.1033,104.86,114.96,65.405,266.08,176.0833,5.5033,6.2867,4.6471,79.77,70.6733,44.6533,56.81,86.4463,fwe20,reduced_evaporator_flow,2,fault,490
56.471,44.7113,70.6593,79.7587,38.29,33.4933,85.06,95.55,8.5867,3.3333,22.2933,110.8433,138.5933,104.4933,113.61,65.1857,266.2567,175.9367,5.4933,6.2533,4.6508,79.54,70.45,44.5567,56.7267,86.2243,fwe20,reduced_evaporator_flow,2,fault,495
56.8047,45.0617,70.6407,79.7173,38.1367,33.3333,85.0,95.4833,8.3433,3.5833,22.46,109.97,138.1867,104.2033,112.5933,65.1373,266.46,176.0433,5.52,6.7567,4.6504,79.46,70.42,44.8733,57.0133,86.156,fwe20,reduced_evaporator_flow,2,fault,500
51.404,44.0147,65.061,70.9727,37.9167,33.1767,74.18,77.6067,5.6133,4.0,32.2067,107.94,132.9333,98.6667,110.4333,44.0267,269.3433,175.79,3.7533,5.9433,4.321,70.4367,64.8333,43.8933,51.4933,54.108,fwe20,reduced_evaporator_flow,2,fault,515
51.554,44.2227,64.96,70.7033,37.6467,32.94,74.17,77.6267,5.9133,4.3633,32.52,107.52,132.4333,98.4467,109.9633,44.1597,269.1767,175.8233,3.8,6.4433,4.2775,70.4067,64.81,44.1,51.73,53.725,fwe20,reduced_evaporator_flow,2,fault,520
51.662,44.242,65.0907,70.8647,37.6633,32.9633,74.29,77.8467,5.9,4.3067,32.3333,107.42,132.5333,98.6833,109.7067,44.4537,269.77,175.8567,3.7233,6.44,4.3034,70.56,64.9467,44.1,51.8267,54.41,fwe20,reduced_evaporator_flow,2,fault,525
51.7443,44.2927,65.104,70.8913,37.72,33.0133,74.38,77.9433,5.9267,4.2933,32.18,107.3533,132.8,98.8067,109.6067,44.4773,269.7,175.7233,3.77,6.4233,4.3153,70.6133,64.9467,44.18,51.9,54.589,fwe20,reduced_evaporator_flow,2,fault,530
49.0207,45.2657,64.9703,68.106,39.8367,34.87,70.1867,71.3667,3.52,4.6233,53.2433,107.4733,129.95,94.1733,110.34,33.3843,270.2067,175.9867,2.34,5.3433,2.9014,67.82,64.7967,45.1667,49.08,27.55,fwe20,reduced_evaporator_flow,2,fault,545
48.692,44.943,65.0013,68.1363,40.2,35.1933,70.0033,71.1,3.3933,4.1767,54.3333,108.1467,130.15,93.8367,111.4667,33.027,270.3333,176.1933,2.2467,4.74,2.931,67.8,64.8233,44.92,48.7467,27.5223,fwe20,reduced_evaporator_flow,2,fault,550
49.0433,45.42,64.7197,67.7333,39.9533,34.96,69.7733,70.8,3.49,4.88,56.6367,108.86,129.95,93.9667,112.4233,32.9117,270.33,175.7833,2.1467,5.4333,2.8361,67.5967,64.6367,45.39,49.1333,26.551,fwe20,reduced_evaporator_flow,2,fault,555
49.0247,45.294,65.004,68.0913,40.2267,35.2333,70.1067,71.3,3.6233,4.59,55.5667,109.4867,130.3167,94.1833,113.2567,33.2113,270.5,176.0,2.2033,5.0567,2.8967,67.89,64.8633,45.2933,49.07,27.3617,fwe20,reduced_evaporator_flow,2,fault,560
50.2797,40.2563,77.4117,85.0927,36.3833,31.7967,89.5633,103.5833,8.2233,1.3,22.5833,109.1133,138.18,105.7667,111.8333,64.9077,269.0367,175.8533,4.68,3.7,3.9781,84.8933,77.4433,40.09,50.3667,73.4363,fwe20,reduced_evaporator_flow,2,fault,580
50.726,40.656,77.7253,85.495,36.48,31.8867,90.0133,104.3833,8.2433,2.0033,22.6333,108.4667,138.3433,105.7667,111.28,65.3057,268.8133,175.9433,4.69,3.98,3.9751,85.2767,77.74,40.4633,50.8833,73.831,fwe20,reduced_evaporator_flow,2,fault,585
51.0033,40.762,78.3233,86.2167,36.4067,31.8,90.7833,105.8167,8.2733,2.0433,22.4633,108.0,138.5433,105.9867,110.98,66.858,268.6333,175.5867,4.75,4.16,3.9408,86.0467,78.3233,40.51,51.1133,74.937,fwe20,reduced_evaporator_flow,2,fault,590
51.1533,40.7753,78.7793,86.8437,36.3567,31.7433,91.4033,107.0667,8.36,2.0967,22.4533,107.6133,138.42,105.88,110.8533,68.1703,268.4567,175.6467,4.7767,4.2233,3.919,86.64,78.8167,40.5533,51.2233,75.9813,fwe20,reduced_evaporator_flow,2,fault,595
51.4653,40.954,79.2987,87.52,36.2667,31.66,92.1867,108.65,8.52,2.2367,22.3367,107.4267,138.7767,106.27,110.8,69.9163,268.2767,175.9267,4.87,4.4733,3.8746,87.3267,79.34,40.7467,51.64,77.0423,fwe20,reduced_evaporator_flow,2,fault,600
47.5253,40.6523,79.8147,85.4547,36.4767,31.8767,88.5367,101.7167,6.0267,2.7967,31.81,107.5133,137.26,105.4433,111.3667,53.99,268.8967,175.71,3.4833,4.15,3.2777,85.0767,79.73,40.5767,47.7,50.3293,fwe20,reduced_evaporator_flow,2,fault,615
47.7897,40.7517,80.0423,85.777,36.8133,32.1533,89.0067,101.69,6.2933,2.5933,31.56,107.71,138.15,105.2733,111.61,55.0657,268.55,175.8433,3.55,3.7033,3.2938,85.4567,79.9467,40.5067,47.7933,51.5863,fwe20,reduced_evaporator_flow,2,fault,620
47.5013,40.4133,80.0077,85.7853,36.9133,32.2233,89.0,103.3833,6.3633,2.28,31.0933,107.86,138.3067,105.2267,111.8667,55.109,268.2267,175.75,3.5533,3.31,3.3118,85.47,79.9467,40.2167,47.5,51.91,fwe20,reduced_evaporator_flow,2,fault,625
47.394,40.336,80.0163,85.78,36.84,32.18,88.9933,103.37,6.3267,2.3,31.12,108.02,138.3267,105.3867,112.0133,55.043,268.89,175.82,3.5533,3.31,3.3063,85.4267,79.96,40.17,47.4267,51.7617,fwe20,reduced_evaporator_flow,2,fault,630
44.63,40.5547,79.8787,83.5053,37.34,32.6533,85.4267,96.2333,4.4633,2.69,47.7233,108.6267,137.0,103.3333,113.2867,42.7423,270.06,175.61,2.1033,3.0367,2.452,83.34,79.85,40.4233,44.76,29.8097,fwe20,reduced_evaporator_flow,2,fault,645
44.4793,40.3633,80.0293,83.682,37.48,32.7667,85.4267,96.15,4.18,2.49,47.0267,109.3067,136.6167,103.4833,113.99,42.9577,270.85,175.6733,1.8267,2.7367,2.4659,83.5867,79.9467,40.16,44.5533,30.1297,fwe20,reduced_evaporator_flow,2,fault,650
44.216,40.0567,79.9933,83.6727,37.3667,32.66,85.2367,95.8667,3.8667,2.4567,46.75,109.9033,136.8667,104.1733,114.6133,42.9087,270.8133,175.8,1.7333,2.58,2.4967,83.5067,79.9333,39.9433,44.2967,30.471,fwe20,reduced_evaporator_flow,2,fault,655
44.092,39.89,80.0337,83.6953,37.3267,32.6367,85.14,95.6833,3.73,2.22,46.69,110.4,136.9,104.8067,114.9267,42.7203,270.3467,175.7667,1.5667,2.5,2.5337,83.56,79.9567,39.8333,44.12,30.784,fwe20,reduced_evaporator_flow,2,fault,660
52.3303,40.6553,69.4837,78.525,35.3767,30.87,83.8533,93.4667,9.09,2.4567,21.09,109.16,135.5,103.94,111.9,65.357,266.21,176.09,5.5033,5.1167,4.6086,78.33,69.42,40.52,52.57,85.6633,fwe20,reduced_evaporator_flow,2,fault,680
52.7107,40.7303,69.8757,79.0647,35.1533,30.65,84.54,94.7167,9.1367,2.5533,20.9667,108.27,135.4667,104.15,110.74,67.608,266.2867,175.8267,5.5833,5.3333,4.5628,78.9867,69.7533,40.4767,52.81,87.7383,fwe20,reduced_evaporator_flow,2,fault,685
52.546,40.4253,69.8967,79.2097,35.05,30.55,84.69,94.9833,9.1467,2.3333,20.8067,107.54,135.0,103.95,109.9067,68.0497,266.74,175.7433,5.64,5.16,4.5871,79.05,69.75,40.21,52.6367,88.778,fwe20,reduced_evaporator_flow,2,fault,690
46.525,39.3363,69.2527,75.0327,35.6533,31.1233,78.2833,84.0,6.1433,2.3233,30.2267,106.22,133.1667,101.13,108.4867,47.3737,270.2733,175.8433,3.5933,3.5233,3.911,74.7067,69.0533,39.1833,46.5933,52.6977,fwe20,reduced_evaporator_flow,2,fault,705
46.4047,39.3343,68.85,74.486,35.64,31.12,77.61,82.95,6.0167,2.4333,30.93,106.1467,132.95,100.95,108.4667,46.605,270.3133,175.6367,3.4333,3.5733,3.9047,74.2367,68.6533,39.2233,46.4933,51.756,fwe20,reduced_evaporator_flow,2,fault,710
46.294,39.1593,68.8327,74.4793,35.94,31.3667,77.78,83.1833,6.36,1.8533,30.46,106.0733,132.7833,100.5,108.4867,46.782,270.1167,175.8367,3.4733,3.12,3.9282,74.31,68.68,39.01,46.36,52.2657,fwe20,reduced_evaporator_flow,2,fault,715
46.4167,39.464,68.6383,74.1273,35.4367,30.9333,77.3267,82.4833,5.9333,2.7133,31.56,106.1,132.5,100.59,108.5133,46.2887,270.5267,175.7767,3.3767,3.9067,3.87,73.9533,68.4633,39.3667,46.5467,50.948,fwe20,reduced_evaporator_flow,2,fault,720
43.9583,39.93,70.102,73.5827,36.69,32.04,75.1767,79.1467,3.5133,2.6167,45.8767,106.3733,131.8667,98.83,108.9933,37.1103,270.37,175.74,1.96,3.1433,2.7957,73.2267,69.8433,39.85,43.93,29.521,fwe20,reduced_evaporator_flow,2,fault,730
43.7847,39.998,69.4347,72.7857,37.2333,32.5333,74.17,77.5867,3.15,2.44,49.67,107.04,131.6667,98.14,110.1033,35.9503,270.64,176.0167,1.72,2.7,2.7171,72.4267,69.23,39.94,43.86,27.7843,fwe20,reduced_evaporator_flow,2,fault,735
43.9827,40.2953,68.9287,72.1693,37.25,32.5533,73.95,77.2833,3.5933,2.7,51.1067,107.8733,132.0,98.3733,111.21,35.5993,270.8167,175.91,2.08,2.9167,2.6702,71.8567,68.78,40.1633,44.0667,27.0363,fwe20,reduced_evaporator_flow,2,fault,740
43.9997,40.2103,68.9827,72.2507,36.9367,32.2733,74.26,77.78,4.0167,2.92,51.5433,108.6667,132.05,98.8267,112.06,36.1217,270.54,175.75,2.1767,3.1167,2.7014,72.08,68.8933,40.0467,44.02,27.7547,fwe20,reduced_evaporator_flow,2,fault,745
43.7527,39.922,69.3227,72.631,36.94,32.24,74.49,78.0867,3.8,2.7333,49.8767,109.2133,131.7,98.2767,112.69,36.3223,270.6633,175.71,2.01,2.9067,2.7168,72.4533,69.25,39.8367,43.8333,28.0667,fwe20,reduced_evaporator_flow,2,fault,750
49.5497,40.0263,63.7617,71.1903,35.4867,30.99,75.64,79.85,7.71,2.5267,26.2167,109.4667,132.6833,101.89,111.7633,52.188,268.8367,175.8133,4.8067,4.28,4.7,70.81,63.5067,39.7367,49.6167,69.761,fwe20,reduced_evaporator_flow,2,fault,765
49.4707,39.88,63.312,70.697,35.02,30.5467,75.02,78.95,7.5233,2.7367,26.2067,108.56,132.25,100.9267,110.3033,51.736,268.5433,175.9333,4.7133,4.78,4.7789,70.3033,63.1233,39.8167,49.5767,70.3193,fwe20,reduced_evaporator_flow,2,fault,770
49.3867,39.8597,63.0647,70.4133,34.8833,30.41,74.78,78.5267,7.4867,2.78,25.5567,107.6967,132.2333,100.8933,109.22,51.5323,269.0767,175.8,4.7,4.8833,4.7614,70.0467,62.87,39.7467,49.4667,69.7873,fwe20,reduced_evaporator_flow,2,fault,775
49.1683,39.644,62.8207,70.1743,34.72,30.3,74.53,78.2167,7.55,2.7,25.4933,106.8733,131.85,100.7333,108.48,51.3693,269.0933,175.8767,4.7467,4.7433,4.7782,69.81,62.63,39.5,49.2467,69.8093,fwe20,reduced_evaporator_flow,2,fault,780
46.7103,40.186,61.8807,67.0827,35.5333,31.0133,70.14,71.35,5.3433,3.3,33.9967,105.7267,129.7833,97.78,107.4533,40.4993,269.6867,176.1767,3.48,4.55,4.1583,66.6133,61.65,40.0867,46.7867,47.901,fwe20,reduced_evaporator_flow,2,fault,795
46.7787,40.4427,61.2757,66.306,34.89,30.4333,69.4733,70.4,5.33,3.9067,35.2867,105.5933,129.1667,97.7,107.4133,39.9213,269.9833,176.2367,3.4767,5.3667,4.0982,65.9967,61.14,40.3,46.8,46.5323,fwe20,reduced_evaporator_flow,2,fault,800
46.7693,40.4307,61.2473,66.2473,34.9067,30.4367,69.4733,70.45,5.3567,3.8567,35.2033,105.4333,129.0333,97.77,107.4,39.8933,270.25,176.03,3.5133,5.3567,4.098,65.9667,61.0867,40.3133,46.8,46.497,fwe20,reduced_evaporator_flow,2,fault,805
46.8827,40.4507,61.309,66.3313,34.8433,30.4067,69.7,70.6833,5.6433,3.9067,34.7667,105.3867,129.0667,97.8767,107.3467,40.1897,269.97,176.0967,3.5467,5.51,4.1303,66.1067,61.19,40.3633,46.94,47.2137,fwe20,reduced_evaporator_flow,2,fault,810
44.142,40.2633,62.9157,66.2363,36.1567,31.55,67.77,68.1,2.64,3.4567,47.88,105.5533,128.2667,95.6867,107.6867,33.481,269.6067,176.2033,2.1267,4.0133,2.9919,65.67,62.5033,40.13,44.09,28.485,fwe20,reduced_evaporator_flow,2,fault,820
43.4887,39.9107,61.5923,64.7407,36.8267,32.1633,66.26,65.9233,2.69,2.7333,52.38,106.02,126.5067,94.01,108.66,32.1853,270.4467,175.7533,1.89,3.0233,2.8658,64.3233,61.3167,39.8467,43.4533,26.2327,fwe20,reduced_evaporator_flow,2,fault,825
43.2867,39.8667,60.9087,63.9053,36.88,32.1967,65.3033,64.7333,2.62,2.7867,54.0633,106.5333,126.75,93.53,109.36,31.575,270.3933,175.9867,1.6767,2.9033,2.7946,63.6267,60.7,39.8,43.3133,25.0973,fwe20,reduced_evaporator_flow,2,fault,830
43.2933,39.942,60.545,63.486,36.88,32.2167,65.0433,64.3333,2.7367,2.8333,55.35,107.04,126.6267,93.4367,110.12,31.2203,270.2133,175.9667,1.8,2.9667,2.7686,63.27,60.3567,39.88,43.3467,24.5857,fwe20,reduced_evaporator_flow,2,fault,835
43.3,39.958,60.4553,63.3827,36.8533,32.1967,65.1433,64.4333,2.9633,2.8467,55.4167,107.46,126.6533,93.4767,110.6933,31.212,270.6,176.37,1.91,3.0367,2.7679,63.2,60.33,39.8767,43.3533,24.5713,fwe20,reduced_evaporator_flow,2,fault,840
61.541,50.6083,82.5943,89.7553,41.84,36.9567,92.2067,108.65,5.7867,5.22,28.7067,101.4833,141.9833,104.3267,106.78,64.8213,268.5033,155.0067,2.23,8.6233,3.83,89.9933,82.6767,50.4667,61.76,70.6063,fwe30,reduced_evaporator_flow,3,fault,20
61.9553,50.752,83.668,91.1847,41.6667,36.7967,93.62,111.45,5.9667,5.2467,28.66,104.6,143.0167,105.62,109.68,67.2967,267.6067,155.2933,2.3033,8.91,3.7887,91.32,83.7267,50.5933,62.1533,72.5153,fwe30,reduced_evaporator_flow,3,fault,25
62.2513,50.7467,84.5823,92.3623,41.6033,36.7133,94.9633,114.0733,6.2933,5.2,27.97,106.7467,143.3167,105.91,111.61,69.3173,267.28,154.8967,2.5933,8.9967,3.7669,92.4,84.56,50.6133,62.3967,74.263,fwe30,reduced_evaporator_flow,3,fault,30
62.412,50.684,85.0843,93.0353,41.5133,36.6,96.8333,117.8,7.49,5.2333,26.64,108.3033,143.5833,106.41,113.0433,70.924,266.89,155.3367,3.87,8.98,3.7635,92.94,84.89,50.5067,62.5467,75.916,fwe30,reduced_evaporator_flow,3,fault,35
62.3747,50.518,85.2147,93.2807,41.5067,36.6167,97.8867,119.9167,8.3167,5.1267,25.7,109.3333,143.8,106.4233,114.1833,71.6603,266.8033,155.0833,4.7067,8.86,3.7584,93.1533,85.04,50.3633,62.5,76.6,fwe30,reduced_evaporator_flow,3,fault,40
57.916,50.1267,84.706,90.2053,42.3567,37.4567,93.08,110.3667,5.95,5.3733,36.5233,111.2267,142.9333,104.4733,116.35,55.2063,269.13,154.9533,3.1167,7.7333,3.2006,89.95,84.62,50.06,58.14,50.2543,fwe30,reduced_evaporator_flow,3,fault,55
57.9587,50.172,84.7713,90.248,42.3667,37.4667,93.08,110.4167,5.95,5.4167,36.6167,111.7333,142.7833,104.4267,116.8867,55.1753,269.2367,155.2633,3.0833,7.76,3.208,89.9733,84.6533,50.1533,58.1833,50.3417,fwe30,reduced_evaporator_flow,3,fault,60
58.5387,50.6843,84.98,90.4553,42.5467,37.66,93.4,111.0167,6.1233,5.6633,36.6433,112.0267,143.15,104.59,117.3833,55.4083,268.8267,155.1567,3.11,8.1033,3.2225,90.2533,84.8067,50.6733,58.7533,50.784,fwe30,reduced_evaporator_flow,3,fault,65
58.7813,50.856,85.1667,90.6727,42.6433,37.7433,93.66,111.5667,6.14,5.6633,36.6067,112.3533,143.1833,104.4767,117.7233,55.7643,268.9267,154.9867,3.16,8.1967,3.2257,90.4867,84.9267,50.8467,58.92,51.1607,fwe30,reduced_evaporator_flow,3,fault,70
54.8233,50.728,83.8187,86.9203,43.5867,38.7833,88.6467,101.8833,4.2033,6.2967,58.79,115.5533,141.5667,101.9567,121.91,40.5707,270.3567,155.2833,1.9533,7.0833,2.2963,86.7233,83.7367,50.6333,54.9333,26.4973,fwe30,reduced_evaporator_flow,3,fault,95
54.8033,50.7027,83.913,87.034,43.6333,38.8467,88.7033,101.95,4.1233,6.2333,58.6133,116.1833,141.9167,101.0367,122.5667,40.6423,270.3233,155.0567,1.8467,6.9733,2.2944,86.86,83.7767,50.6267,54.94,26.522,fwe30,reduced_evaporator_flow,3,fault,100
62.5847,49.9,75.4907,84.216,40.35,35.36,89.2567,103.8533,8.4667,5.3967,25.17,114.5567,140.8767,104.86,118.34,65.4987,264.98,154.8933,5.2833,9.42,4.3964,83.9233,75.4467,49.7533,62.7267,81.9,fwe30,reduced_evaporator_flow,3,fault,120
62.573,49.924,75.4453,84.12,40.2733,35.27,89.1267,101.9667,8.33,5.4567,25.1267,113.0967,140.75,104.6233,116.73,65.433,265.1767,154.8267,5.2767,9.5633,4.3865,83.8733,75.38,49.8467,62.7133,81.6323,fwe30,reduced_evaporator_flow,3,fault,125
62.888,50.1593,75.44,84.14,40.33,35.32,89.1333,102.8367,8.45,5.5533,25.1833,111.98,140.45,104.3733,115.4967,65.7217,265.2133,154.9867,5.25,9.7967,4.3969,83.8867,75.4,50.0933,63.09,82.1863,fwe30,reduced_evaporator_flow,3,fault,130
57.9853,49.9463,75.3707,81.0013,41.16,36.2533,84.1167,94.0167,5.85,6.04,35.5267,110.34,139.3733,101.25,113.8867,48.7623,267.73,155.1067,3.43,8.7367,3.7464,80.6867,75.28,49.9267,58.1367,51.952,fwe30,reduced_evaporator_flow,3,fault,145
58.02,50.0947,75.3107,80.8363,41.68,36.78,84.04,93.8167,5.9167,5.8267,35.8933,110.2867,139.15,100.7333,114.04,48.5433,267.65,155.3,3.38,8.3867,3.7132,80.6533,75.2267,50.0567,58.22,51.2693,fwe30,reduced_evaporator_flow,3,fault,150
57.8763,50.0547,75.3227,80.8047,42.01,37.1067,83.8867,93.5333,5.7933,5.6233,36.1867,110.4267,139.42,102.22,114.27,47.938,266.5767,155.42,3.3233,8.0367,3.714,80.58,75.1867,50.0433,58.0633,50.6343,fwe30,reduced_evaporator_flow,3,fault,155
57.9063,50.0467,75.3573,80.8767,41.97,37.0767,83.98,93.7,5.9267,5.6233,36.14,110.6067,139.2867,101.44,114.4433,48.4037,266.5567,155.2367,3.3,8.0133,3.691,80.6867,75.3133,49.9967,58.06,50.8127,fwe30,reduced_evaporator_flow,3,fault,160
53.727,50.089,75.0393,77.8917,43.3833,38.55,79.37,85.7167,3.2367,6.13,63.2533,112.4567,137.2267,97.63,117.3667,35.3347,267.3133,155.0667,1.6033,6.6267,2.3391,77.7533,74.97,49.96,53.7967,23.5073,fwe30,reduced_evaporator_flow,3,fault,175
53.8897,50.6077,74.4633,77.0457,43.7567,38.9467,78.3967,84.1333,2.8667,6.2967,67.6,113.6233,136.9,96.74,118.79,33.7433,267.6967,155.1233,1.4867,6.8767,2.212,76.8667,74.3567,50.6533,54.0667,21.212,fwe30,reduced_evaporator_flow,3,fault,180
54.1047,50.7813,74.7763,77.367,43.7433,38.9433,78.9867,85.05,3.4033,6.51,67.89,114.75,136.7833,96.99,120.02,34.229,266.8933,155.2367,1.6067,7.02,2.2089,77.3767,74.78,50.7533,54.2267,21.503,fwe30,reduced_evaporator_flow,3,fault,185
54.1527,50.7787,75.03,77.6553,43.7667,38.9667,78.4267,85.5333,3.3133,6.4967,67.5133,115.5533,137.1167,97.4033,121.0267,34.4873,266.6867,155.5,1.6667,6.9267,2.2303,77.6133,74.9533,50.71,54.2633,21.8747,fwe30,reduced_evaporator_flow,3,fault,190
60.7677,50.0977,70.561,77.898,41.5867,36.6933,82.1267,90.5,7.0333,5.28,29.45,115.4833,138.9633,101.4333,119.1167,53.7053,265.9033,154.88,4.45,8.3933,4.5078,77.7033,70.3,49.9533,60.8933,68.852,fwe30,reduced_evaporator_flow,3,fault,205
60.6653,49.952,70.3507,77.666,41.1633,36.2567,81.88,89.9833,7.0667,5.4533,28.7533,114.14,138.4567,101.3433,117.0733,53.389,265.8233,155.1867,4.38,8.75,4.5628,77.4933,70.17,49.8933,60.7933,69.2833,fwe30,reduced_evaporator_flow,3,fault,210
60.6333,49.928,70.3,77.582,41.1267,36.2267,81.77,89.8167,7.0333,5.4267,28.6567,112.7233,138.43,100.7233,115.6133,53.3257,265.8933,155.0767,4.3533,8.7333,4.5617,77.4,70.1433,49.8867,60.7067,69.1857,fwe30,reduced_evaporator_flow,3,fault,215
60.652,49.9613,70.3,77.5633,41.04,36.14,81.8,89.8667,6.9567,5.4667,28.69,111.76,138.3867,101.2333,114.5733,53.3357,266.1733,155.1467,4.36,8.8533,4.5564,77.4033,70.1333,49.8733,60.7967,69.1177,fwe30,reduced_evaporator_flow,3,fault,220
57.008,50.149,65.4447,70.3217,41.6567,36.7767,73.1467,75.9333,4.98,6.3767,41.17,110.1167,133.9667,96.3267,112.9667,39.347,267.9933,155.29,3.1867,8.4433,3.9654,69.94,65.2567,50.1267,57.1767,44.3727,fwe30,reduced_evaporator_flow,3,fault,235
56.862,49.9267,65.4167,70.2733,41.85,36.9433,73.3067,76.1833,5.2667,5.96,40.2133,109.85,133.7833,95.82,112.9333,39.5123,267.5533,155.2467,3.3033,8.0633,3.9945,70.01,65.26,49.88,57.0533,44.8873,fwe30,reduced_evaporator_flow,3,fault,240
56.6767,50.1513,65.218,69.7257,41.66,36.76,72.36,74.7833,4.82,6.47,42.69,109.6533,133.1667,95.4033,112.8467,38.3167,267.8467,155.0233,2.94,8.5067,3.8675,69.48,65.03,50.18,56.8967,42.137,fwe30,reduced_evaporator_flow,3,fault,250
56.45,50.0723,65.387,69.8253,41.9133,37.01,72.42,74.8667,4.71,6.3067,42.6867,109.64,133.1333,95.0967,112.9067,37.563,267.94,154.8567,2.8767,8.1867,3.851,69.5267,65.22,50.09,56.46,41.1347,fwe30,reduced_evaporator_flow,3,fault,255
54.03,50.008,62.6443,65.648,42.0233,37.1033,67.1967,67.2667,2.5567,7.07,60.3,110.0633,129.6833,91.6333,113.6933,31.448,269.94,155.18,1.92,7.9667,2.9055,65.29,62.4133,49.9867,54.1267,25.9877,fwe30,reduced_evaporator_flow,3,fault,265
53.9633,49.9653,62.508,65.4487,42.0533,37.1667,67.12,67.2333,3.08,6.99,61.4433,110.4133,129.6833,91.4667,114.3433,31.4677,270.0567,155.2767,1.9567,7.8467,2.8897,65.2467,62.34,49.95,54.0367,25.862,fwe30,reduced_evaporator_flow,3,fault,270
53.9013,49.916,62.48,65.3993,42.2133,37.3233,66.9867,66.9667,2.9867,6.91,61.8367,110.76,130.2667,91.8,114.9133,31.3963,270.0233,155.05,1.79,7.6867,2.8881,65.18,62.32,49.9133,54.0067,25.79,fwe30,reduced_evaporator_flow,3,fault,275
53.9643,50.012,62.4707,65.3603,42.4667,37.5533,67.04,67.0167,3.05,6.8267,62.1567,111.0933,130.15,91.6033,115.35,31.33,269.81,155.2667,1.8067,7.57,2.8675,65.1633,62.3033,50.0,54.1033,25.5513,fwe30,reduced_evaporator_flow,3,fault,280
56.8837,45.9143,83.118,90.4173,39.1567,34.2567,93.04,110.35,5.77,3.7233,26.7767,110.82,140.7267,105.8433,114.4133,67.746,268.7433,154.96,2.4733,6.6867,3.6766,90.5733,83.1667,45.8633,57.2133,70.8257,fwe30,reduced_evaporator_flow,3,fault,300
57.1987,45.8397,84.3897,92.1207,39.16,34.2467,94.7067,113.55,5.7933,3.5633,26.5433,110.52,141.37,106.6233,114.38,71.254,268.0867,154.9933,2.47,6.5133,3.6191,92.2367,84.42,45.6667,57.4033,73.341,fwe30,reduced_evaporator_flow,3,fault,305
57.3817,45.855,84.9693,92.8467,39.0433,34.1467,95.46,115.08,5.87,3.6333,26.68,110.36,141.95,107.01,114.3233,72.7783,267.7933,154.8467,2.7667,6.6733,3.593,92.74,84.8033,45.6967,57.5567,74.3717,fwe30,reduced_evaporator_flow,3,fault,310
57.1947,45.571,85.004,93.012,38.87,33.9933,96.97,118.0833,7.27,3.5933,25.3667,110.2867,141.8867,107.24,114.5967,73.7227,267.91,154.9433,4.1333,6.49,3.5793,92.88,84.8033,45.36,57.3533,75.0503,fwe30,reduced_evaporator_flow,3,fault,315
56.98,45.306,84.92,92.9853,38.66,33.85,97.39,118.9333,7.7833,3.4567,24.8867,110.3667,141.8,107.1167,114.6867,73.907,267.6933,154.9767,4.62,6.48,3.586,92.75,84.7567,45.1133,57.16,75.3777,fwe30,reduced_evaporator_flow,3,fault,320
53.2337,45.5487,85.0283,90.5247,39.46,34.5333,93.3133,110.8833,5.8933,3.93,35.24,110.5667,141.0833,105.6233,115.5267,56.6697,268.91,154.8967,3.0833,6.02,3.0776,90.24,84.8467,45.5267,53.45,49.602,fwe30,reduced_evaporator_flow,3,fault,335
53.6533,45.866,85.2613,90.772,39.7767,34.79,93.66,111.5667,5.9933,3.9767,34.9267,110.78,141.15,105.4267,115.8867,57.1197,267.9,154.91,3.0667,6.0433,3.0925,90.5767,85.0567,45.8067,53.8233,50.2377,fwe30,reduced_evaporator_flow,3,fault,340
53.7107,45.909,85.2793,90.8043,39.68,34.7233,93.6733,111.5667,5.9533,4.0267,34.95,110.9733,141.4667,105.6833,116.1,57.2403,268.4767,155.1267,3.0733,6.14,3.0975,90.58,85.0233,45.8267,53.8233,50.43,fwe30,reduced_evaporator_flow,3,fault,345
53.608,45.824,85.224,90.7513,39.7033,34.74,93.65,111.55,5.9533,3.91,34.9433,111.16,141.3833,105.6667,116.1533,57.3083,268.2667,154.78,3.0567,6.01,3.0774,90.5833,84.9967,45.7267,53.74,50.1597,fwe30,reduced_evaporator_flow,3,fault,350
49.8743,45.007,85.1003,88.9137,40.11,35.12,90.1933,104.6833,3.5867,3.8133,47.7133,111.46,139.9667,103.8167,116.6533,44.572,269.42,155.1933,2.0667,4.82,2.4848,88.1367,84.66,44.9033,49.7867,31.479,fwe30,reduced_evaporator_flow,3,fault,360
49.5633,45.05,84.1157,87.6827,40.2433,35.24,89.31,103.0833,4.17,3.8033,51.1333,111.9267,140.1233,103.92,117.42,43.642,269.4633,155.2567,1.9767,4.67,2.3544,87.2967,83.8767,44.92,49.6433,29.2227,fwe30,reduced_evaporator_flow,3,fault,365
49.4053,44.9333,83.6363,87.132,40.38,35.3767,88.8733,102.2467,4.1933,3.5933,51.28,112.4533,139.7567,103.26,118.0333,43.0553,269.6433,155.07,2.0233,4.47,2.3584,86.7833,83.46,44.8333,49.53,28.8777,fwe30,reduced_evaporator_flow,3,fault,370
49.4027,44.9867,83.0513,86.4903,40.22,35.2233,88.28,101.2833,4.2367,3.83,52.0467,113.0467,139.66,103.22,118.4367,42.796,269.8267,154.9667,2.0367,4.6367,2.3405,86.2267,82.89,44.87,49.5033,28.4883,fwe30,reduced_evaporator_flow,3,fault,375
49.3557,45.0163,82.7127,86.0907,40.3433,35.34,87.7,100.35,3.9467,3.8567,52.71,113.4067,139.4033,103.05,118.8533,42.0057,270.1667,155.1033,2.03,4.6,2.348,85.7333,82.5067,44.9367,49.4767,28.0447,fwe30,reduced_evaporator_flow,3,fault,380
58.1213,45.6413,75.1717,83.711,38.11,33.3333,88.6867,102.0167,8.16,3.9833,23.39,111.8933,139.1967,105.16,115.31,66.4503,267.58,154.91,5.19,7.34,4.2632,83.5633,75.1267,45.4467,58.3167,80.5697,fwe30,reduced_evaporator_flow,3,fault,400
58.0533,45.38,75.2667,83.9253,37.79,33.0367,88.9433,101.63,8.1867,3.96,23.15,110.8467,138.9833,105.45,114.1533,67.2703,267.3167,155.3233,5.2267,7.4567,4.2861,83.72,75.2,45.2367,58.2533,82.0053,fwe30,reduced_evaporator_flow,3,fault,405
57.853,45.1487,75.2297,83.932,37.5867,32.8733,88.9233,102.3667,8.1533,3.9167,23.1267,109.9767,139.0267,105.3533,113.2133,67.3363,267.5467,154.6567,5.2167,7.3633,4.2749,83.6833,75.1333,44.96,58.01,81.8697,fwe30,reduced_evaporator_flow,3,fault,410
51.915,44.3937,74.7773,80.1817,39.13,34.2367,83.1233,92.2,5.5633,3.4967,34.67,109.1733,137.5133,102.1267,112.5867,48.2667,269.16,154.81,3.13,5.03,3.5351,79.9833,74.7867,44.18,51.9233,48.5163,fwe30,reduced_evaporator_flow,3,fault,425
51.554,44.1527,74.7557,80.0433,39.1,34.2033,82.89,91.8167,5.4567,3.3767,34.7867,109.3267,137.2167,101.9967,112.8,48.019,269.0367,154.8433,3.0533,4.82,3.4956,79.89,74.6933,43.9267,51.6633,47.741,fwe30,reduced_evaporator_flow,3,fault,430
51.5953,44.2547,74.6667,79.916,38.7733,33.91,82.68,91.4167,5.41,3.68,35.14,109.36,136.6833,103.4867,112.84,47.7833,268.5533,155.0933,3.0067,5.3367,3.4915,79.7,74.6267,44.11,51.76,47.4493,fwe30,reduced_evaporator_flow,3,fault,435
51.5833,44.2713,74.628,79.8573,38.6767,33.85,82.71,91.4667,5.46,3.7,35.2,109.32,136.3,102.12,112.8,47.7767,268.75,154.9167,3.05,5.45,3.4748,79.6667,74.5833,44.0933,51.7,47.217,fwe30,reduced_evaporator_flow,3,fault,440
48.901,45.3307,74.0637,76.8867,40.5933,35.6167,78.19,83.8,3.1033,4.11,60.0833,110.4633,135.5,98.7867,114.84,34.991,269.74,154.8633,1.47,4.6667,2.3158,76.7133,73.95,45.2667,48.96,23.0457,fwe30,reduced_evaporator_flow,3,fault,455
48.7417,45.1633,73.9863,76.8127,40.8,35.8467,78.4067,84.15,3.58,3.8533,59.88,111.5633,135.7333,98.8967,116.1933,35.3523,269.8,155.0367,1.6267,4.2367,2.3007,76.78,73.95,45.0233,48.7733,23.1323,fwe30,reduced_evaporator_flow,3,fault,460
48.5173,44.963,74.0113,76.8273,40.7733,35.8133,78.4467,84.2167,3.4933,3.6667,59.8833,112.5667,135.7,98.84,117.2167,35.32,269.7733,155.2533,1.67,4.07,2.2867,76.78,73.9633,44.8533,48.62,22.9717,fwe30,reduced_evaporator_flow,3,fault,465
48.4947,44.944,74.1433,76.9353,40.7,35.6867,78.67,84.5,3.5033,3.7333,60.0833,113.3767,135.75,98.9967,117.9267,35.3077,269.6267,155.1667,1.7,4.1633,2.2835,76.93,74.1133,44.87,48.6333,22.932,fwe30,reduced_evaporator_flow,3,fault,470
56.7637,45.771,69.17,76.7077,38.8233,33.94,81.7,89.7167,7.7567,3.9633,27.01,113.4967,136.5633,102.6367,116.7067,56.3573,267.1667,154.98,4.8933,6.7633,4.4269,76.83,69.1667,45.5467,57.1867,70.9803,fwe30,reduced_evaporator_flow,3,fault,485
57.143,45.398,70.0737,78.0843,37.8667,33.1267,82.78,91.5667,7.5867,4.14,25.2167,112.12,137.0133,104.69,114.8933,59.201,267.0067,155.1033,4.8133,7.2433,4.5088,77.9567,69.9233,45.18,57.27,75.9157,fwe30,reduced_evaporator_flow,3,fault,490
56.5837,44.729,69.964,78.0693,37.7833,33.0467,82.58,91.2667,7.5767,3.76,24.8067,110.8767,137.1667,104.0933,113.3933,59.2013,266.6367,154.81,4.7333,6.7267,4.5415,77.85,69.7867,44.5133,56.7733,76.471,fwe30,reduced_evaporator_flow,3,fault,495
56.2023,44.3807,69.7553,77.8577,37.6633,32.9633,82.4067,90.9733,7.6267,3.6267,24.7033,109.81,137.15,103.4033,112.3567,59.0937,267.14,155.1333,4.7733,6.49,4.5467,77.6567,69.5733,44.15,56.3833,76.4183,fwe30,reduced_evaporator_flow,3,fault,500
55.7007,44.1037,69.52,77.4953,37.5133,32.7833,81.73,89.7633,7.2967,3.5067,25.0733,109.0067,136.55,102.08,111.4833,57.5253,267.5733,154.7567,4.56,6.3367,4.5715,77.1633,69.32,43.81,55.5833,74.777,fwe30,reduced_evaporator_flow,3,fault,505
51.554,44.0203,64.5937,69.9337,37.51,32.7867,72.8833,74.7967,5.22,4.3433,35.16,107.7667,131.9,98.0867,110.2367,41.7493,270.0833,155.03,3.4467,6.4367,4.0974,69.4333,64.3667,43.8933,51.6533,48.6573,fwe30,reduced_evaporator_flow,3,fault,515
51.4393,44.012,64.1867,69.3587,37.94,33.18,72.4633,74.9167,5.3767,3.9233,35.3967,107.5067,131.7,97.4433,109.8833,41.3263,269.3533,155.37,3.4533,5.91,4.0884,69.03,63.9967,43.89,51.61,48.053,fwe30,reduced_evaporator_flow,3,fault,520
51.5873,44.2037,64.1707,69.3,38.1367,33.3367,72.54,75.0333,5.4867,3.9633,35.3333,107.3333,131.4333,97.2033,109.7267,41.2757,269.3633,155.0967,3.45,5.97,4.0651,69.0533,64.0167,44.0733,51.7533,47.7213,fwe30,reduced_evaporator_flow,3,fault,525
51.7397,44.235,64.3733,69.5383,37.68,32.9533,72.9933,75.7,5.6533,4.3033,34.9233,107.2,131.65,97.6767,109.72,41.791,269.4467,154.9933,3.5633,6.4233,4.0803,69.3933,64.27,44.1,51.8833,48.4997,fwe30,reduced_evaporator_flow,3,fault,530
49.3587,45.5143,64.417,67.3277,39.8833,34.8967,69.1333,69.95,3.0367,4.75,56.5933,107.6533,129.35,93.31,110.7467,32.298,270.1133,155.1267,1.98,5.57,2.7046,67.1233,64.2333,45.46,49.4533,24.8497,fwe30,reduced_evaporator_flow,3,fault,545
49.138,45.214,64.4523,67.3447,39.86,34.8733,69.22,70.1333,3.2933,4.6933,57.87,108.4,129.3,93.4467,111.9467,32.3453,269.8733,155.1533,2.0533,5.3067,2.761,67.2067,64.3133,45.16,49.2333,25.3993,fwe30,reduced_evaporator_flow,3,fault,550
49.038,45.1433,64.36,67.278,39.88,34.8667,69.2033,70.0167,3.29,4.65,58.05,109.0867,129.4167,93.57,112.92,32.3013,270.42,155.1967,2.02,5.18,2.7443,67.1467,64.2067,45.0933,49.0967,25.211,fwe30,reduced_evaporator_flow,3,fault,555
48.982,45.059,64.3147,67.2407,39.9233,34.9233,69.11,69.8833,3.24,4.5467,58.2133,109.6867,129.4,93.5167,113.7033,32.3027,270.27,154.86,2.0233,5.0833,2.7567,67.0533,64.1667,44.9867,49.0367,25.3267,fwe30,reduced_evaporator_flow,3,fault,560
50.882,40.4773,77.0863,84.0667,36.4,31.8133,88.43,101.5167,7.9433,1.5833,23.8467,108.9333,137.8467,105.1767,111.3067,60.561,268.7867,154.85,4.3133,3.9033,3.8982,84.1167,77.18,40.31,50.9833,67.143,fwe30,reduced_evaporator_flow,3,fault,580
51.116,40.5947,77.7757,84.9423,36.33,31.7367,89.2,102.89,7.8733,1.8833,24.02,108.2067,137.4933,105.0467,110.9933,61.6967,268.37,154.7967,4.36,4.11,3.8663,84.8267,77.82,40.42,51.2167,67.8427,fwe30,reduced_evaporator_flow,3,fault,585
51.295,40.624,78.3793,85.6493,36.3267,31.72,89.8633,104.1,7.8867,1.85,23.7567,107.67,137.9,105.3667,110.7733,62.7777,268.2567,155.1333,4.38,4.1567,3.8636,85.4533,78.3933,40.4567,51.4067,68.9847,fwe30,reduced_evaporator_flow,3,fault,590
51.43,40.6437,78.814,86.255,36.2767,31.6633,90.57,105.4167,8.01,1.8967,23.51,107.3667,138.0167,105.5267,110.6067,63.9277,267.8167,154.95,4.5,4.2,3.8281,86.0767,78.8833,40.45,51.5967,69.602,fwe30,reduced_evaporator_flow,3,fault,595
47.738,39.922,79.8773,85.4753,36.6833,32.0533,88.5,101.6333,6.3467,1.7267,31.4467,107.2533,137.8067,104.8767,111.1467,53.8637,269.1867,154.8267,3.3433,3.17,3.293,85.14,79.85,39.8433,47.73,50.4473,fwe30,reduced_evaporator_flow,3,fault,615
47.7467,40.0193,79.8147,85.354,36.7867,32.1433,88.46,101.55,6.33,1.7067,31.74,107.4933,138.2133,105.05,111.5833,53.541,269.4267,154.9933,3.3833,3.1767,3.2782,85.0667,79.7267,39.9333,47.79,49.9227,fwe30,reduced_evaporator_flow,3,fault,620
47.8113,40.1327,79.848,85.3767,36.84,32.1633,88.43,101.5,6.3433,1.7867,31.9233,107.66,137.7967,104.7533,111.92,53.5707,269.5567,154.9633,3.3733,3.22,3.2544,85.03,79.78,40.0467,47.88,49.5867,fwe30,reduced_evaporator_flow,3,fault,625
47.9207,40.21,79.848,85.3913,36.8267,32.1633,88.44,101.5333,6.3267,1.8667,31.9333,107.9233,138.12,104.91,112.06,53.6007,269.46,154.66,3.3867,3.28,3.2563,85.0333,79.8067,40.12,47.98,49.641,fwe30,reduced_evaporator_flow,3,fault,630
44.93,40.1303,80.264,84.041,37.0933,32.4,85.23,95.8,3.1167,2.3733,44.8467,108.26,136.6833,102.25,112.5933,42.408,269.9167,155.1633,1.7667,3.0033,2.5726,83.41,79.9167,40.0933,44.9333,31.0237,fwe30,reduced_evaporator_flow,3,fault,640
44.968,40.289,80.0117,83.6687,37.1233,32.4233,85.2467,95.8833,3.86,2.4967,47.01,108.7733,136.5167,103.9,113.3567,42.9087,270.1033,154.9767,1.7467,2.9833,2.4753,83.5167,79.9367,40.1333,45.03,30.209,fwe30,reduced_evaporator_flow,3,fault,645
44.6947,39.9623,80.0143,83.6993,37.16,32.4433,85.12,95.6667,3.5467,2.2767,46.58,109.3933,136.75,102.1433,114.08,42.87,269.88,155.3233,1.5433,2.69,2.513,83.57,79.9333,39.8267,44.7733,30.641,fwe30,reduced_evaporator_flow,3,fault,650
44.662,40.038,79.844,83.4483,37.5267,32.8267,84.65,94.8833,3.2533,1.9033,47.1967,109.8467,136.3333,103.55,114.5133,42.1337,269.7967,155.0833,1.35,2.4267,2.4938,83.27,79.8,39.94,44.7867,29.8857,fwe30,reduced_evaporator_flow,3,fault,655
44.77,40.1033,79.9213,83.533,37.6633,32.96,84.76,95.1,3.3233,1.83,46.9167,110.36,136.9667,103.2067,114.8467,42.2447,270.6767,154.8133,1.3667,2.3667,2.5065,83.42,79.88,40.0333,44.8567,30.1157,fwe30,reduced_evaporator_flow,3,fault,660
52.875,40.4653,70.0053,78.4607,35.2567,30.7467,83.32,92.5333,8.7033,2.0,22.0567,109.2867,135.2,104.5733,112.07,62.426,266.1467,154.74,5.1133,5.0967,4.5068,78.25,69.8767,40.3233,53.1033,80.0137,fwe30,reduced_evaporator_flow,3,fault,680
53.0117,40.4653,70.0813,78.618,35.06,30.5733,83.6,92.95,8.7467,2.21,21.9133,108.3433,134.85,103.7167,110.8,63.144,266.7833,154.7667,5.1667,5.1933,4.5059,78.4467,69.9467,40.2333,53.1733,80.921,fwe30,reduced_evaporator_flow,3,fault,685
52.9413,40.3733,70.0693,78.634,34.9567,30.47,83.6533,93.05,8.8267,2.14,21.74,107.54,134.7167,104.4633,109.99,63.1797,266.5533,154.8533,5.2367,5.2167,4.5142,78.4167,69.9033,40.1733,53.12,81.1193,fwe30,reduced_evaporator_flow,3,fault,690
46.8947,39.357,68.7757,74.1137,35.2267,30.7033,76.97,81.9667,5.6367,2.59,32.2933,106.0467,132.15,100.5267,108.5133,45.3777,270.0767,155.1233,3.08,4.09,3.777,73.8767,68.5567,39.26,46.96,48.745,fwe30,reduced_evaporator_flow,3,fault,710
46.92,39.3463,68.7143,74.0393,35.2233,30.7367,77.15,82.2,5.85,2.55,32.5467,106.1867,132.1333,100.6033,108.66,45.6707,270.4467,155.09,3.2567,3.9533,3.7674,73.8767,68.59,39.2,46.92,48.9377,fwe30,reduced_evaporator_flow,3,fault,715
46.8907,39.3087,68.8473,74.1727,35.2967,30.7967,77.3233,82.45,6.0033,2.4633,32.21,106.24,132.55,100.9067,108.7667,45.7537,270.24,155.2633,3.2867,3.8567,3.7691,74.0267,68.7033,39.1533,46.9533,49.0457,fwe30,reduced_evaporator_flow,3,fault,720
44.4443,39.9847,70.3003,73.7193,36.41,31.8067,75.2367,79.2233,3.5133,2.7767,46.5667,106.3333,131.7333,98.9467,109.3467,36.9453,270.2567,155.0233,1.8133,3.4767,2.7421,73.41,70.05,39.91,44.4167,28.8163,fwe30,reduced_evaporator_flow,3,fault,730
44.192,39.926,69.834,73.1277,36.8733,32.2233,74.52,78.1267,3.08,2.51,49.9633,107.02,131.7167,98.4333,110.4833,36.1737,270.2633,155.1567,1.6233,2.99,2.6823,72.8767,69.6667,39.8433,44.29,27.597,fwe30,reduced_evaporator_flow,3,fault,735
44.26,40.0353,69.726,73.008,37.1667,32.4733,74.23,77.7467,2.9733,2.3733,50.4433,107.9233,131.6667,98.2167,111.48,36.007,270.37,155.06,1.45,2.7333,2.6663,72.8133,69.6133,39.9067,44.3467,27.3063,fwe30,reduced_evaporator_flow,3,fault,740
44.2573,39.998,69.9073,73.1723,37.32,32.6333,74.38,77.9233,2.8033,2.2333,50.1733,108.8067,131.7333,98.12,112.34,36.054,269.98,155.0067,1.3467,2.55,2.6845,73.0367,69.7933,39.87,44.36,27.5283,fwe30,reduced_evaporator_flow,3,fault,745
44.248,39.9713,70.0073,73.258,37.3333,32.6333,74.46,78.0533,2.7033,2.2467,50.03,109.4267,132.2167,98.55,113.0,36.0657,270.27,154.82,1.33,2.54,2.6917,73.0733,69.8533,39.87,44.3467,27.6097,fwe30,reduced_evaporator_flow,3,fault,750
50.351,40.2267,64.5513,71.5133,35.48,30.9633,75.7467,80.0,7.2767,2.3267,26.9667,109.71,132.2333,100.28,112.2767,50.558,268.24,155.0,4.4967,4.5433,4.5487,71.22,64.4333,40.01,50.5167,65.3947,fwe30,reduced_evaporator_flow,3,fault,765
50.5063,40.1857,64.4103,71.418,35.3267,30.8333,75.6033,79.8167,7.27,2.5733,26.3267,108.9133,132.4,100.9,110.8267,50.5837,268.51,154.9467,4.53,4.71,4.63,71.0833,64.2467,40.0233,50.5667,66.607,fwe30,reduced_evaporator_flow,3,fault,770
50.4227,40.0833,64.1147,71.168,35.1033,30.63,75.2533,79.3167,7.2133,2.5867,26.1633,107.9533,131.7167,100.35,109.7767,50.4613,268.1567,155.14,4.4833,4.8433,4.6578,70.8167,63.9067,39.96,50.49,66.8473,fwe30,reduced_evaporator_flow,3,fault,775
50.174,39.866,63.7987,70.8313,35.0,30.5067,74.98,78.9167,7.31,2.4967,26.1533,107.14,132.0,100.4567,108.9067,50.2007,268.6467,154.9167,4.5333,4.75,4.66,70.45,63.6067,39.7167,50.2567,66.536,fwe30,reduced_evaporator_flow,3,fault,780
48.0237,40.0213,64.6633,70.293,35.1733,30.6533,73.58,76.6833,5.8733,3.0767,31.2167,106.1933,130.8667,99.24,108.0467,43.824,268.63,154.94,3.6533,4.74,4.145,69.9133,64.4933,39.91,48.0033,51.6593,fwe30,reduced_evaporator_flow,3,fault,790
47.8373,40.235,64.1317,69.4527,35.3867,30.89,72.5567,75.0833,5.6067,3.17,33.14,106.0333,130.45,98.81,108.09,42.362,268.6433,155.1,3.4633,4.7133,4.0784,69.0767,63.9433,40.1433,47.88,49.1373,fwe30,reduced_evaporator_flow,3,fault,795
47.813,40.0693,64.0987,69.4827,35.8167,31.2767,72.8933,75.6167,6.0267,2.6867,32.4533,105.9267,130.9167,98.7833,108.1133,42.869,268.49,155.3,3.6233,4.09,4.1111,69.3067,63.9833,39.94,47.8167,50.1257,fwe30,reduced_evaporator_flow,3,fault,800
47.7533,39.9433,64.18,69.576,35.8267,31.2633,72.9233,75.65,6.1833,2.6033,32.0167,105.8333,130.8,98.63,108.1033,42.9123,268.6967,154.66,3.55,4.0633,4.1259,69.35,64.0133,39.8733,47.7633,50.3593,fwe30,reduced_evaporator_flow,3,fault,805
47.916,40.2053,64.164,69.536,35.58,31.07,72.9633,75.7167,5.99,2.9033,32.2967,105.8533,130.8167,98.73,108.0933,42.8267,268.84,155.0233,3.6633,4.5133,4.0892,69.3433,64.0033,40.1,48.0233,49.8097,fwe30,reduced_evaporator_flow,3,fault,810
45.1587,40.7617,64.6893,68.0993,36.49,31.8767,69.72,70.7667,2.4167,3.3167,47.46,106.18,129.1833,96.4167,108.4733,34.0783,268.86,155.2767,2.33,4.1233,2.936,67.4133,64.21,40.6167,45.15,28.4523,fwe30,reduced_evaporator_flow,3,fault,820
44.5207,40.1887,63.9513,67.3113,36.6467,32.0433,69.0567,69.9333,3.2367,2.98,49.9267,106.6467,128.8667,95.9,109.4067,34.1113,269.1167,154.83,2.03,3.32,2.8812,67.07,63.7767,39.9933,44.4833,27.9523,fwe30,reduced_evaporator_flow,3,fault,825
44.2773,40.3003,63.1593,66.2617,37.0333,32.3667,67.45,67.6333,2.22,2.7833,51.9,107.0667,128.1533,94.65,110.1567,32.2733,269.46,155.2033,1.5967,3.2,2.8042,65.8633,62.86,40.2233,44.38,25.7353,fwe30,reduced_evaporator_flow,3,fault,830
44.3457,40.349,62.7293,65.8347,36.38,31.77,67.6667,67.9167,3.3133,3.4267,53.5333,107.5,127.7567,94.9167,110.8133,32.7993,269.7267,155.1433,2.0333,3.8433,2.7699,65.7,62.62,40.21,44.41,25.8407,fwe30,reduced_evaporator_flow,3,fault,835
44.12,39.9993,62.8993,66.0333,36.3933,31.7933,67.85,68.2,3.3967,3.21,52.5467,107.9767,127.2033,95.14,111.3167,32.974,269.4533,155.0367,1.9867,3.5133,2.838,65.8467,62.7467,39.86,44.18,26.615,fwe30,reduced_evaporator_flow,3,fault,840
62.7097,49.8603,85.568,93.5613,41.41,36.51,96.0167,116.1167,6.0267,4.6867,27.2233,105.9267,143.3833,106.2333,112.4567,71.1223,266.8067,140.9833,2.5467,8.36,3.7317,93.4067,85.3533,49.7633,62.8533,75.486,fwe40,reduced_evaporator_flow,4,fault,25
62.9087,50.0827,85.5817,93.576,41.3667,36.4767,97.5033,119.1667,7.47,4.7433,26.79,107.9933,143.5667,106.2233,113.7367,71.1913,266.67,140.82,4.0567,8.63,3.717,93.44,85.3833,50.0,63.0267,75.2607,fwe40,reduced_evaporator_flow,4,fault,30
62.9633,50.0933,85.6127,93.6507,41.5033,36.6133,98.0533,120.2167,7.91,4.6567,25.36,109.2533,143.5833,106.2767,114.5567,71.362,266.51,140.9767,4.5833,8.4767,3.7253,93.4567,85.4133,49.99,63.08,75.6097,fwe40,reduced_evaporator_flow,4,fault,35
63.029,50.15,85.6273,93.668,41.4633,36.5633,98.1533,120.4667,8.0067,4.72,25.42,110.1367,143.15,105.7567,115.12,71.2633,266.22,140.93,4.6733,8.5967,3.7316,93.4633,85.4067,50.0633,63.17,75.6337,fwe40,reduced_evaporator_flow,4,fault,40
58.4353,50.2237,85.331,90.6573,42.4,37.5133,93.27,110.6833,5.7167,5.2467,37.5833,111.6667,142.4667,103.7533,116.8833,54.1623,268.32,140.9033,2.8967,7.7867,3.1311,90.34,85.0967,50.2,58.5767,48.2263,fwe40,reduced_evaporator_flow,4,fault,55
58.7607,50.5753,85.3287,90.6207,42.6167,37.7167,93.3433,110.9333,5.8167,5.3767,37.8967,112.1,142.8667,104.2733,117.48,54.298,268.5533,141.04,2.9533,7.89,3.1124,90.4,85.1333,50.5,58.93,48.065,fwe40,reduced_evaporator_flow,4,fault,60
58.9,50.6863,85.3647,90.674,42.7433,37.8467,93.4967,111.2,5.9033,5.4,37.55,112.4667,142.7167,104.1933,117.88,54.539,268.7533,141.0967,3.01,7.8733,3.1129,90.4733,85.19,50.6467,59.1833,48.2883,fwe40,reduced_evaporator_flow,4,fault,65
59.0733,50.8,85.4113,90.7647,42.8167,37.9067,93.5633,111.3667,5.8667,5.44,37.4233,112.88,142.8333,103.9567,118.27,54.7647,268.0267,140.7867,2.91,7.9533,3.118,90.6367,85.2567,50.7267,59.3433,48.5653,fwe40,reduced_evaporator_flow,4,fault,70
54.6353,49.9817,85.3597,88.609,43.53,38.71,90.12,104.58,4.0367,5.4767,56.3467,114.9633,141.8167,101.93,121.1633,41.6523,269.0733,140.9867,1.8667,6.5067,2.3079,88.2433,85.1267,49.9533,54.69,27.331,fwe40,reduced_evaporator_flow,4,fault,90
55.0993,50.7403,85.1727,88.2033,43.6567,38.85,89.9233,104.2333,4.2733,6.1533,59.2867,115.71,141.65,101.76,122.2267,41.028,268.8767,140.83,1.87,7.0833,2.1922,88.08,84.9767,50.7533,55.35,25.58,fwe40,reduced_evaporator_flow,4,fault,95
55.2377,50.7667,85.33,88.48,43.73,38.92,90.15,104.6,4.24,6.09,58.0867,116.4233,141.75,101.7667,123.0033,41.407,269.2033,140.59,1.9033,6.9833,2.2255,88.2533,85.1167,50.6967,55.3967,26.2083,fwe40,reduced_evaporator_flow,4,fault,100
62.7167,49.6633,75.8607,84.0677,40.8933,35.9767,88.74,102.0167,7.8133,4.93,25.6567,114.72,140.33,104.52,118.7733,62.231,265.76,140.9467,4.9933,8.6433,4.3302,83.75,75.8467,49.54,62.81,76.6387,fwe40,reduced_evaporator_flow,4,fault,120
62.5027,49.5047,75.766,83.8713,40.76,35.77,88.49,101.6167,7.74,4.8433,24.7567,113.3333,140.1967,103.72,117.1233,61.9737,266.15,141.0267,4.8667,8.65,4.335,83.58,75.68,49.36,62.58,76.408,fwe40,reduced_evaporator_flow,4,fault,125
62.5843,49.5753,75.6323,83.746,40.7333,35.75,88.38,101.4167,7.78,4.8733,26.4633,112.18,139.9233,103.41,115.8633,61.9223,265.8267,140.8333,4.9167,8.7367,4.3349,83.5,75.6267,49.5067,62.73,76.3437,fwe40,reduced_evaporator_flow,4,fault,130
58.796,50.7827,75.5813,80.6933,42.1867,37.2833,83.6633,93.1,5.72,6.0767,38.6067,110.9467,138.5133,100.2133,114.9,46.4203,267.5767,141.1833,3.1667,8.58,3.5703,80.52,75.57,50.7733,58.9667,47.137,fwe40,reduced_evaporator_flow,4,fault,150
58.8893,50.82,75.6977,80.846,42.25,37.3533,83.8267,93.4,5.6667,6.06,38.42,111.18,138.6667,100.4367,115.18,46.766,267.86,141.0667,3.15,8.5567,3.5664,80.6633,75.6667,50.7933,59.1067,47.4353,fwe40,reduced_evaporator_flow,4,fault,155
59.097,50.8573,75.8753,81.162,42.3533,37.4367,84.2067,94.1833,5.6267,5.9533,37.85,111.42,138.86,100.3867,115.4467,47.4373,267.5367,140.98,3.22,8.4967,3.5883,81.0267,75.86,50.8067,59.3333,48.4113,fwe40,reduced_evaporator_flow,4,fault,160
54.186,50.462,75.4987,78.219,43.5833,38.7633,79.53,85.9333,2.8967,6.27,65.4533,113.2633,137.0167,97.0933,118.36,34.709,268.0,141.0467,1.51,6.8167,2.2174,78.0333,75.43,50.3533,54.3233,21.8897,fwe40,reduced_evaporator_flow,4,fault,175
54.09,50.3377,75.4587,78.1333,43.63,38.85,79.65,86.15,3.1733,6.1767,66.1567,114.4533,137.1,97.16,119.73,34.7307,267.85,140.8267,1.5867,6.6133,2.2286,78.0467,75.44,50.2167,54.1533,22.0147,fwe40,reduced_evaporator_flow,4,fault,180
53.8823,50.1133,75.472,78.14,43.6767,38.8567,79.65,86.1,3.1933,5.9633,66.07,115.3467,137.0,96.9367,120.83,34.7437,268.2233,141.2333,1.5833,6.39,2.2448,78.02,75.44,50.0233,53.97,22.1807,fwe40,reduced_evaporator_flow,4,fault,185
53.7933,50.0373,75.4733,78.152,43.6467,38.8633,79.73,86.2167,3.2533,5.8933,65.9867,116.0567,136.9167,96.9767,121.7133,34.753,267.89,141.27,1.6433,6.2967,2.2375,78.06,75.4867,49.95,53.87,22.115,fwe40,reduced_evaporator_flow,4,fault,190
60.5827,50.11,70.5213,77.0693,41.3467,36.4567,81.0233,88.4833,6.59,5.54,32.0967,115.81,137.2667,100.8367,119.7267,50.03,266.9533,140.9367,4.13,8.6467,4.3212,76.9067,70.3067,50.0167,60.7667,61.4817,fwe40,reduced_evaporator_flow,4,fault,205
60.58,50.0227,70.4573,77.0253,41.23,36.34,81.02,88.4333,6.62,5.59,31.0167,114.51,136.9133,100.03,117.64,50.089,266.9167,141.02,4.16,8.7367,4.354,76.86,70.29,49.9933,60.7067,62.0233,fwe40,reduced_evaporator_flow,4,fault,210
60.93,50.1347,70.5837,77.25,41.0467,36.1233,81.32,89.0167,6.74,5.7667,30.5667,113.2133,137.4,100.24,116.1367,50.9647,266.7333,140.9833,4.2133,9.06,4.3736,77.1433,70.43,50.0867,61.0967,63.3907,fwe40,reduced_evaporator_flow,4,fault,215
60.8017,49.942,70.6473,77.3693,40.8933,35.97,81.33,88.9833,6.6533,5.62,30.33,112.1333,137.2133,100.5667,115.2733,51.1053,267.02,140.9833,4.1733,8.9833,4.3897,77.19,70.4267,49.84,60.89,63.804,fwe40,reduced_evaporator_flow,4,fault,220
60.4593,49.8073,70.4823,77.092,40.9833,36.0433,80.76,88.0167,6.3,5.5167,30.7933,111.28,137.25,100.25,114.6067,49.9593,267.2267,141.05,3.9933,8.7567,4.404,76.77,70.2467,49.7333,60.4467,62.575,fwe40,reduced_evaporator_flow,4,fault,225
57.0093,49.9707,65.6597,70.096,41.3733,36.4733,72.8067,75.5167,4.82,6.4,43.6367,110.36,132.4333,94.9767,113.7033,38.1093,268.4167,136.8833,3.0233,8.58,3.7042,69.7967,65.5133,49.9167,57.16,40.148,fwe40,reduced_evaporator_flow,4,fault,240
56.9487,49.8733,65.6627,70.0717,41.44,36.5367,72.7233,75.4167,4.8333,6.3233,43.5633,110.34,132.6667,95.1467,113.6667,38.0343,268.54,137.0933,2.9867,8.42,3.7402,69.8033,65.4933,49.82,57.13,40.457,fwe40,reduced_evaporator_flow,4,fault,245
57.039,50.1413,65.602,69.886,41.6067,36.69,72.61,75.1833,4.7567,6.4633,44.3733,110.24,132.6,94.8667,113.6767,37.5773,268.8767,136.94,2.9567,8.5467,3.6818,69.6333,65.43,50.15,57.24,39.3407,fwe40,reduced_evaporator_flow,4,fault,250
54.6107,50.4247,63.1283,65.8833,42.8367,37.9367,67.5433,67.7167,2.8333,6.7933,64.41,111.69,130.4167,91.4467,116.03,31.0613,270.3533,136.95,1.77,7.55,2.7042,65.7433,62.9767,50.3533,54.7533,23.8913,fwe40,reduced_evaporator_flow,4,fault,275
54.632,50.4153,63.2,65.952,42.8067,37.92,67.5533,67.7167,2.85,6.8,64.2833,111.98,130.8,91.6467,116.35,31.0433,270.81,136.9233,1.7533,7.5333,2.7257,65.7933,62.9867,50.33,54.7667,24.0647,fwe40,reduced_evaporator_flow,4,fault,280
58.414,46.1653,85.3383,92.5483,39.2567,34.3633,95.68,115.5033,6.4733,3.6167,26.9433,111.66,141.2667,106.3333,115.46,70.029,268.1967,136.8233,2.8933,6.7233,3.506,92.7867,85.2067,45.9933,58.6533,69.83,fwe40,reduced_evaporator_flow,4,fault,300
58.166,45.4067,85.5483,93.2513,39.1367,34.24,97.6333,119.3833,7.9267,3.13,25.0333,111.3833,141.3667,106.43,115.5133,72.0483,268.15,136.9767,4.4267,6.0167,3.5537,93.1767,85.3567,45.2067,58.3133,72.822,fwe40,reduced_evaporator_flow,4,fault,305
58.5477,45.736,85.5863,93.353,39.01,34.11,97.7133,119.6,7.8367,3.43,25.19,111.0733,141.3833,106.49,115.6533,72.49,268.1233,136.84,4.4933,6.61,3.5425,93.2667,85.3867,45.6267,58.76,73.0363,fwe40,reduced_evaporator_flow,4,fault,310
58.784,45.7907,85.7013,93.6267,39.01,34.1233,98.02,120.2,8.0067,3.3933,25.08,110.8867,141.1367,106.2467,115.65,73.871,267.82,136.86,4.5333,6.53,3.5249,93.48,85.4767,45.6067,58.92,74.0597,fwe40,reduced_evaporator_flow,4,fault,315
58.5713,45.4537,85.6987,93.7067,38.8367,33.9767,98.1067,120.4167,8.0267,3.3367,24.9633,110.8133,141.9167,107.0067,115.54,74.3723,267.88,136.8133,4.63,6.4067,3.535,93.4867,85.4633,45.2733,58.68,74.7747,fwe40,reduced_evaporator_flow,4,fault,320
54.5147,45.9007,85.6187,91.0893,39.5167,34.5967,93.93,112.1167,5.84,4.09,35.63,111.2233,140.86,105.1533,116.5033,57.0387,268.96,136.8233,3.1,6.2967,3.0263,90.8467,85.4033,45.82,54.6267,49.0947,fwe40,reduced_evaporator_flow,4,fault,340
54.636,45.9577,85.6397,91.1347,39.46,34.5567,94.0333,112.2333,5.97,4.1367,35.4067,111.3833,140.79,105.2433,116.66,57.3297,269.12,136.85,3.12,6.4,3.0366,90.9367,85.4367,45.85,54.76,49.511,fwe40,reduced_evaporator_flow,4,fault,345
54.5613,45.8753,85.672,91.1773,39.45,34.5433,94.1267,112.4333,5.9967,4.09,35.2867,111.4867,141.0367,105.5067,116.8467,57.4587,268.8667,137.0733,3.1833,6.35,3.0351,90.9267,85.4433,45.7467,54.6633,49.602,fwe40,reduced_evaporator_flow,4,fault,350
50.1783,45.2047,85.2743,88.6993,40.3367,35.3367,90.3433,104.9667,4.1633,3.7767,51.99,112.4,139.9033,102.6067,118.14,43.5313,269.9633,136.7067,1.98,4.84,2.2884,88.3533,85.04,45.1867,50.2667,28.3247,fwe40,reduced_evaporator_flow,4,fault,365
50.1527,45.143,85.306,88.758,40.52,35.52,90.6,105.4167,4.4733,3.5533,51.6033,113.02,140.0,103.39,118.91,44.092,269.6533,136.8633,2.0833,4.45,2.2783,88.4867,85.0533,44.9867,50.2367,28.5693,fwe40,reduced_evaporator_flow,4,fault,370
49.93,44.9413,85.2873,88.7237,40.47,35.4567,90.5567,105.4667,4.44,3.42,51.59,113.43,139.9933,103.41,119.4933,44.004,269.8167,136.62,2.1633,4.3433,2.2688,88.4533,85.0467,44.8133,50.05,28.3937,fwe40,reduced_evaporator_flow,4,fault,375
50.1943,45.3507,85.1533,88.4343,40.4233,35.4267,90.1067,104.55,4.3833,3.83,53.4167,113.84,139.9467,103.5033,119.9067,42.969,269.66,136.7467,1.92,4.87,2.2595,88.1833,84.95,45.3367,50.3833,27.605,fwe40,reduced_evaporator_flow,4,fault,380
58.1933,45.408,75.594,83.5223,38.8467,33.9833,88.04,100.8833,7.8833,3.3667,25.9467,113.6567,139.25,104.2867,118.1467,62.0493,267.5767,136.66,4.8567,6.27,4.126,83.1933,75.4967,45.1167,58.4767,72.8163,fwe40,reduced_evaporator_flow,4,fault,395
58.4607,45.3287,75.56,83.5583,38.5,33.7,88.19,101.0833,8.0567,3.48,24.38,112.4367,138.8233,104.5067,116.24,62.739,267.5733,136.7933,4.88,6.67,4.1948,83.2967,75.5533,45.21,58.6867,74.8483,fwe40,reduced_evaporator_flow,4,fault,400
58.679,45.2873,75.7303,83.846,38.33,33.53,88.56,101.7167,8.1967,3.5167,23.89,111.2267,138.71,104.4767,114.8133,63.8633,267.3967,137.1633,4.9533,6.75,4.2132,83.64,75.7067,45.08,58.8033,76.526,fwe40,reduced_evaporator_flow,4,fault,405
58.4447,45.0687,75.7107,83.8327,38.23,33.4267,88.43,101.55,8.13,3.3367,23.88,110.3633,138.7467,104.71,113.86,63.8487,267.34,136.8867,4.9533,6.6033,4.2008,83.5267,75.6533,44.8567,58.5867,76.282,fwe40,reduced_evaporator_flow,4,fault,410
52.736,44.2407,75.658,81.055,38.56,33.74,83.9667,93.7,5.6267,3.68,34.5167,109.26,136.5667,101.9433,112.84,48.8313,268.72,136.9767,3.2667,5.53,3.4905,80.7133,75.5867,44.0233,52.7533,48.473,fwe40,reduced_evaporator_flow,4,fault,425
52.4953,43.9627,75.665,81.0313,38.6133,33.8,84.0967,93.9333,5.8233,3.4,34.1933,109.3,136.9,102.0133,112.94,49.1387,269.37,136.7767,3.3133,5.18,3.4799,80.7767,75.6033,43.7867,52.56,48.6343,fwe40,reduced_evaporator_flow,4,fault,430
52.518,43.9907,75.6357,81.0047,38.58,33.7733,84.07,93.8833,5.8667,3.45,34.0867,109.3067,136.5333,101.09,112.9533,49.1393,269.1033,136.9267,3.29,5.2633,3.4813,80.7767,75.62,43.8333,52.66,48.655,fwe40,reduced_evaporator_flow,4,fault,435
49.1623,45.0837,75.382,78.2393,40.4633,35.4667,79.71,86.25,3.13,3.8333,58.57,110.5233,135.7667,99.1467,115.01,35.8533,269.4967,136.8567,1.6833,4.6,2.2816,78.07,75.3,45.03,49.2633,23.2613,fwe40,reduced_evaporator_flow,4,fault,455
49.2057,45.154,75.452,78.3143,40.5933,35.6,79.89,86.6,3.4567,3.79,59.22,111.6833,135.9,99.2933,116.3367,36.108,269.9833,136.74,1.6767,4.4,2.2493,78.2367,75.3967,45.0133,49.3,23.1007,fwe40,reduced_evaporator_flow,4,fault,460
49.1717,45.146,75.4507,78.3097,40.4933,35.4867,79.95,86.65,3.4267,3.8733,59.31,112.64,135.8333,99.2533,117.36,36.0953,269.2567,136.8867,1.7433,4.4867,2.2406,78.2033,75.42,45.0333,49.2733,23.0013,fwe40,reduced_evaporator_flow,4,fault,465
49.17,45.1247,75.4587,78.3147,40.5067,35.5067,79.95,86.6667,3.62,3.8,59.26,113.3567,136.05,99.4233,118.0333,36.109,269.6767,136.9533,1.6533,4.4467,2.2521,78.2633,75.4333,45.0,49.24,23.13,fwe40,reduced_evaporator_flow,4,fault,470
57.8223,45.633,70.7977,78.2237,38.6267,33.8067,82.7967,91.5733,7.4933,3.83,27.4933,113.7,136.8667,102.27,117.0033,56.6617,267.64,136.86,4.56,6.7667,4.3125,78.1567,70.62,45.3567,58.1633,69.5067,fwe40,reduced_evaporator_flow,4,fault,485
57.912,45.154,70.912,78.6313,38.3733,33.5733,83.12,92.1,7.6433,3.6033,26.39,112.4467,137.1267,102.5867,115.2933,57.5783,267.4133,136.9867,4.69,6.5667,4.4463,78.42,70.7467,44.9167,58.1533,72.812,fwe40,reduced_evaporator_flow,4,fault,490
58.1243,45.2927,70.864,78.618,38.2267,33.4267,83.08,92.1333,7.6367,3.6833,25.34,111.0733,136.7,102.63,113.94,58.024,267.2933,136.8233,4.68,6.9133,4.4332,78.46,70.7333,45.1467,58.3767,73.1577,fwe40,reduced_evaporator_flow,4,fault,495
58.18,45.21,71.0093,78.7943,38.0167,33.22,83.44,92.7,7.7933,3.67,24.22,110.0767,136.8133,101.9567,112.7833,58.651,267.4267,137.0533,4.7933,6.94,4.4417,78.65,70.86,45.01,58.3367,74.0917,fwe40,reduced_evaporator_flow,4,fault,500
52.4323,43.964,65.8737,71.2933,37.5067,32.8067,74.01,77.35,5.1433,4.1233,35.2467,108.3467,132.0333,98.2533,110.84,42.34,270.08,136.8433,3.3767,6.2933,4.0089,70.63,65.54,43.8167,52.4433,48.287,fwe40,reduced_evaporator_flow,4,fault,515
52.3697,44.1177,65.538,70.6793,37.4933,32.7933,73.79,76.1633,5.4933,4.2667,35.69,108.0033,131.5333,97.8367,110.5867,41.9853,269.8233,136.9233,3.4467,6.51,3.9421,70.3667,65.3733,43.98,52.52,47.072,fwe40,reduced_evaporator_flow,4,fault,520
52.5433,44.1627,65.5873,70.766,37.1567,32.46,73.96,77.2667,5.53,4.4567,35.42,107.66,131.4833,98.0733,110.4,42.4503,269.8,136.88,3.4667,6.86,3.959,70.4867,65.45,44.0067,52.6833,47.7997,fwe40,reduced_evaporator_flow,4,fault,525
52.5553,44.1403,65.618,70.802,37.18,32.4667,74.0,77.3,5.5667,4.4367,35.3167,107.5833,131.5833,98.1167,110.2733,42.4533,270.0067,136.93,3.45,6.8567,3.9759,70.5167,65.46,43.9767,52.69,48.0063,fwe40,reduced_evaporator_flow,4,fault,530
49.918,45.5097,65.6033,68.6053,40.19,35.1967,70.53,71.85,3.3567,4.3267,57.12,108.9933,130.25,94.0033,112.56,33.095,270.4333,137.1367,2.0567,5.22,2.6775,68.4533,65.4633,45.4033,50.0633,25.2033,fwe40,reduced_evaporator_flow,4,fault,550
49.8287,45.3407,65.6593,68.684,40.3267,35.3233,70.5667,71.9167,3.4633,4.1267,56.7067,109.5867,130.0833,93.6067,113.4467,33.1353,270.4933,136.9633,2.09,4.9367,2.7163,68.4567,65.5,45.2467,49.9533,25.6003,fwe40,reduced_evaporator_flow,4,fault,555
49.762,45.2833,65.6527,68.6853,40.3633,35.3633,70.56,71.9333,3.4533,4.0367,56.66,110.25,130.3167,93.9933,114.1033,33.1297,270.65,136.9567,2.0133,4.8867,2.7109,68.5033,65.4867,45.2267,49.9667,25.544,fwe40,reduced_evaporator_flow,4,fault,560
53.1537,40.6723,80.5183,88.031,35.8067,31.2867,90.34,104.95,6.1733,0.9933,23.93,108.4267,138.0533,105.9333,111.0333,67.8927,268.9367,136.81,2.48,4.64,3.685,87.8833,80.5133,40.47,53.2933,71.1457,fwe40,reduced_evaporator_flow,4,fault,585
53.056,40.396,80.704,88.3617,35.7433,31.2367,90.8367,105.9167,6.52,0.85,23.5933,107.8567,138.1233,106.37,110.8267,68.91,268.84,136.6933,2.7733,4.5233,3.6808,88.0567,80.6,40.2433,53.2,72.13,fwe40,reduced_evaporator_flow,4,fault,590
53.0067,40.3553,80.7067,88.3807,35.6667,31.1567,92.5133,109.25,8.1433,0.9167,21.68,107.4867,137.92,106.1267,110.8333,68.703,268.92,136.62,4.4133,4.5667,3.6884,88.0867,80.5767,40.2033,53.1833,72.05,fwe40,reduced_evaporator_flow,4,fault,595
53.118,40.4227,80.7453,88.4293,35.6733,31.1667,92.5467,109.3333,8.22,0.9367,21.9233,107.36,138.15,106.2767,110.72,68.831,268.4533,136.63,4.4333,4.58,3.6923,88.1167,80.6467,40.2567,53.27,72.2677,fwe40,reduced_evaporator_flow,4,fault,600
48.9417,40.3797,80.1377,85.5957,36.5833,31.9867,88.47,101.5833,6.0067,1.5867,31.98,107.3067,137.51,104.4467,111.0,53.7697,270.1633,137.04,3.16,3.5867,3.1965,85.3233,80.0933,40.22,48.9633,48.8873,fwe40,reduced_evaporator_flow,4,fault,615
48.596,39.958,80.174,85.606,36.3867,31.78,88.41,101.4667,5.84,1.1967,31.8967,107.4267,137.38,103.78,111.3133,53.632,269.8133,136.7267,3.0467,3.49,3.2274,85.3267,80.0533,39.8833,48.7,49.2317,fwe40,reduced_evaporator_flow,4,fault,620
48.4827,39.876,80.1327,85.5327,36.42,31.8133,88.17,101.1,5.69,1.0,31.9833,107.6467,137.2133,104.5367,111.5967,53.3523,269.96,137.0033,3.0167,3.4233,3.239,85.1867,80.0567,39.84,48.5667,49.1453,fwe40,reduced_evaporator_flow,4,fault,625
48.809,40.4887,80.045,85.324,36.3667,31.75,88.29,101.2667,6.1333,2.2333,33.3433,107.8133,136.9,104.3233,111.82,52.6743,269.99,136.76,3.3033,4.0767,3.1645,84.9833,79.9733,40.4067,48.9567,47.407,fwe40,reduced_evaporator_flow,4,fault,630
45.306,40.2693,80.084,83.5927,37.0633,32.3733,84.92,95.3167,3.42,2.3333,48.36,108.86,135.85,103.3533,113.4433,41.9537,270.5833,137.1067,1.4667,3.0567,2.411,83.4333,79.9933,40.1533,45.3867,28.7677,fwe40,reduced_evaporator_flow,4,fault,645
45.2623,40.182,80.106,83.6153,37.0933,32.4,84.85,95.25,3.4433,2.2267,48.49,109.63,136.1333,103.65,114.2433,42.0097,270.84,137.2533,1.4267,2.9533,2.4299,83.4867,80.0367,40.0767,45.3433,29.0337,fwe40,reduced_evaporator_flow,4,fault,650
45.1533,40.066,80.1047,83.606,37.1267,32.42,84.77,95.0333,3.3533,2.11,48.38,110.3167,136.05,102.62,114.8533,42.0097,270.5767,136.9633,1.2467,2.8267,2.4308,83.4933,80.0133,39.9667,45.2667,29.0437,fwe40,reduced_evaporator_flow,4,fault,655
45.0667,39.97,80.1033,83.614,37.0833,32.3833,84.85,95.2167,3.22,2.03,48.29,110.7533,136.1833,103.7333,115.2433,42.052,270.7967,136.9767,1.4,2.7867,2.4331,83.4867,80.0267,39.87,45.2133,29.1003,fwe40,reduced_evaporator_flow,4,fault,660
53.783,40.6773,70.4643,78.4043,35.1467,30.66,82.81,91.6167,8.0633,1.9867,22.61,109.4867,135.1333,103.72,112.05,59.857,267.07,136.8567,4.66,5.4367,4.3896,78.1667,70.2967,40.5467,53.99,74.727,fwe40,reduced_evaporator_flow,4,fault,680
53.511,40.3263,70.424,78.3857,35.3,30.79,82.79,91.5333,8.3367,1.0167,22.84,108.5467,134.95,104.4,110.74,60.1777,266.79,136.84,4.5367,4.8267,4.3925,78.19,70.2533,40.1233,53.5267,75.1773,fwe40,reduced_evaporator_flow,4,fault,685
53.7287,40.5397,70.372,78.3013,35.2733,30.79,82.69,91.4333,8.2567,1.6833,22.9067,107.7167,134.8833,103.28,109.9633,59.8703,266.8267,137.03,4.58,5.0967,4.4223,78.1333,70.2367,40.41,53.92,75.3057,fwe40,reduced_evaporator_flow,4,fault,690
48.161,39.7323,70.302,75.5843,35.1567,30.68,78.4233,84.1833,5.5667,2.5067,32.1967,106.2333,132.4333,100.73,108.36,46.0037,270.4767,136.8567,3.22,4.5633,3.6735,75.1933,70.05,39.7333,48.2633,48.066,fwe40,reduced_evaporator_flow,4,fault,705
48.3667,39.85,70.3253,75.6107,35.64,31.1467,78.7167,84.6,6.07,2.2633,32.53,106.2067,132.4833,100.54,108.54,46.3423,270.3567,136.86,3.2133,4.16,3.6833,75.4967,70.2,39.77,48.4,48.5473,fwe40,reduced_evaporator_flow,4,fault,710
48.3157,39.7587,70.3707,75.6747,35.7067,31.2133,78.73,84.6,6.0367,2.09,32.36,106.3133,132.75,100.68,108.8267,46.4317,270.7333,136.92,3.1267,3.9967,3.6939,75.5667,70.2433,39.72,48.3733,48.7817,fwe40,reduced_evaporator_flow,4,fault,715
48.3117,39.744,70.4383,75.7353,35.7267,31.2067,78.74,84.6167,5.9833,2.0767,32.3733,106.4,132.6167,100.3733,109.0533,46.4663,270.3,136.92,3.1133,3.9733,3.6958,75.6467,70.32,39.7,48.3733,48.842,fwe40,reduced_evaporator_flow,4,fault,720
44.8057,40.2343,70.2827,73.4367,37.0633,32.3567,74.56,78.2233,2.51,2.52,51.68,107.5633,131.4667,98.0933,111.0233,35.739,270.6167,137.0767,1.3333,3.03,2.5687,73.2233,70.07,40.1,44.8667,26.1107,fwe40,reduced_evaporator_flow,4,fault,735
44.7233,40.1793,70.2467,73.346,36.8533,32.1833,74.55,78.2167,2.7467,2.6533,52.2367,108.4733,131.4167,98.1367,112.0333,35.6987,270.75,137.0867,1.38,3.2133,2.5557,73.1733,70.08,40.06,44.8167,25.9517,fwe40,reduced_evaporator_flow,4,fault,740
44.7433,40.216,70.2453,73.3353,36.8333,32.18,74.61,78.2967,2.96,2.7867,52.49,109.2667,131.45,98.2933,112.9033,35.6517,270.9667,137.3233,1.3967,3.2667,2.5546,73.1867,70.0733,40.11,44.8667,25.903,fwe40,reduced_evaporator_flow,4,fault,745
44.804,40.2937,70.2987,73.3887,36.84,32.19,74.63,78.31,2.9,2.86,52.74,109.9567,131.7167,98.3367,113.5333,35.658,270.73,137.0567,1.4033,3.2867,2.5436,73.29,70.1333,40.1567,44.8867,25.796,fwe40,reduced_evaporator_flow,4,fault,750
51.2557,40.3313,65.482,72.121,35.25,30.7833,75.99,80.4167,7.0633,2.16,27.2967,110.3033,132.2333,100.4,112.7733,49.8843,268.6933,136.9967,4.2,4.86,4.3969,71.81,65.31,40.1567,51.44,62.3617,fwe40,reduced_evaporator_flow,4,fault,765
51.5887,40.46,65.5033,72.254,34.7567,30.3167,76.29,80.8833,7.1933,2.9467,27.03,109.2667,131.6833,100.5167,111.29,50.3563,268.4967,136.8367,4.3,5.5333,4.4307,71.9867,65.3633,40.2733,51.7467,63.4553,fwe40,reduced_evaporator_flow,4,fault,770
51.4447,40.1883,65.4873,72.3047,34.7767,30.3433,76.37,81.0667,7.2567,2.6067,26.66,108.2767,131.8833,100.7567,110.16,50.662,268.6167,136.8367,4.4433,5.2367,4.4531,71.9667,65.34,40.0267,51.5867,64.16,fwe40,reduced_evaporator_flow,4,fault,775
51.3533,40.0207,65.482,72.306,34.8267,30.3833,76.33,80.9,7.29,2.32,26.37,107.3833,131.7167,100.5367,109.32,50.701,268.37,137.0733,4.2433,5.0433,4.4897,72.04,65.34,39.8733,51.5067,64.7383,fwe40,reduced_evaporator_flow,4,fault,780
48.8307,40.504,65.2833,70.4367,35.1667,30.6733,73.73,76.9,5.7633,3.39,33.7067,106.2467,130.5,98.86,108.3467,42.823,268.6867,137.3467,3.5533,5.2333,3.9112,70.16,65.12,40.39,48.9467,47.6383,fwe40,reduced_evaporator_flow,4,fault,795
48.9433,40.476,65.386,70.5987,35.2433,30.74,73.88,77.1167,5.85,3.2967,33.54,106.2,130.8167,98.88,108.5067,43.1807,268.63,137.24,3.5167,5.0767,3.9419,70.3433,65.2233,40.3033,49.0167,48.4133,fwe40,reduced_evaporator_flow,4,fault,800
48.9567,40.4533,65.39,70.6327,35.24,30.7567,73.92,77.1833,5.8633,3.22,33.5267,106.2267,130.5667,98.83,108.6133,43.1933,268.6933,136.9867,3.5233,5.0767,3.9509,70.36,65.2567,40.32,49.02,48.5377,fwe40,reduced_evaporator_flow,4,fault,805
49.0957,40.5843,65.3967,70.6553,35.32,30.82,73.98,77.2667,5.9467,3.2867,33.3633,106.2667,130.8833,98.9733,108.68,43.2323,268.72,136.9267,3.5767,5.14,3.9498,70.3967,65.27,40.4333,49.2,48.565,fwe40,reduced_evaporator_flow,4,fault,810
44.662,39.8387,65.049,68.3517,36.7467,32.0933,69.5967,70.55,2.5133,2.3567,49.65,106.78,128.8667,95.7733,109.5633,34.003,269.1967,136.9033,1.4767,3.0533,2.8449,68.07,64.8567,39.7867,44.7933,27.514,fwe40,reduced_evaporator_flow,4,fault,825
44.883,40.213,64.77,67.9553,36.8333,32.1833,69.4033,70.35,2.79,2.6667,51.28,107.32,128.6,95.4067,110.3833,33.7007,268.9067,137.0467,1.6933,3.25,2.7814,67.76,64.67,40.12,45.0233,26.659,fwe40,reduced_evaporator_flow,4,fault,830
44.9987,40.298,64.881,68.078,36.5467,31.9067,69.82,70.9333,3.2567,3.0567,52.1667,107.93,128.6,95.86,111.0333,34.1,269.2133,137.0667,1.8533,3.6067,2.7675,67.9733,64.7833,40.1033,45.0733,26.8417,fwe40,reduced_evaporator_flow,4,fault,835
44.8527,39.994,65.1387,68.4107,36.3067,31.7033,69.96,71.0667,3.2533,2.97,50.3633,108.4267,128.9667,96.0767,111.6033,34.391,269.2333,137.0867,1.6567,3.6033,2.8378,68.2767,65.0267,39.9,44.9033,27.7587,fwe40,reduced_evaporator_flow,4,fault,840
61.183,51.456,85.5313,94.6387,42.9433,38.0567,98.79,121.7333,7.8933,5.2767,24.23,108.7667,141.4833,103.5467,115.3467,78.7557,267.4767,216.06,4.3767,8.3267,3.9095,94.4133,85.3467,51.2633,61.18,87.567,rl10,refrigerant_leak,1,fault,25
61.163,51.259,85.641,94.9097,42.3767,37.4967,100.37,124.9667,9.1867,5.4533,23.9867,110.3067,141.3367,101.51,116.0467,81.153,267.4433,215.7133,5.5667,8.7967,3.8569,94.8133,85.4867,51.1767,61.38,89.0213,rl10,refrigerant_leak,1,fault,30
61.4893,51.4447,85.955,95.3857,42.1733,37.27,100.9,126.05,9.1867,5.6233,24.44,111.2233,141.3833,103.4967,116.5367,83.5373,266.8,215.8433,5.6567,9.2033,3.8007,95.2233,85.8,51.3867,61.6567,90.2993,rl10,refrigerant_leak,1,fault,35
61.4507,51.378,86.0433,95.5293,42.0767,37.1733,100.94,126.15,9.18,5.7,24.8433,111.9533,141.7367,103.9533,117.1167,84.053,266.86,215.7733,5.6467,9.2233,3.7868,95.2833,85.8533,51.3133,61.6,90.528,rl10,refrigerant_leak,1,fault,40
56.9363,50.7047,85.2807,91.2207,42.6733,37.7633,94.61,113.3833,6.61,6.0933,34.7667,112.8467,139.73,100.2833,117.94,58.0623,269.3167,215.3767,3.6733,8.16,3.3889,90.9467,85.1267,50.8367,57.13,55.9583,rl10,refrigerant_leak,1,fault,55
56.9073,50.5723,85.438,91.4513,42.7467,37.8567,94.8433,113.8167,6.6533,5.8933,34.3367,112.82,139.9333,102.0133,118.1833,58.462,269.24,215.6067,3.6833,7.8533,3.4235,91.16,85.2567,50.62,57.0733,56.925,rl10,refrigerant_leak,1,fault,60
56.8807,50.5233,85.426,91.4473,42.78,37.8833,94.9267,113.9833,6.68,5.8,34.0267,112.9467,140.37,101.5233,118.2733,58.5347,269.2367,215.62,3.7433,7.7833,3.4313,91.1533,85.2533,50.6067,57.0733,57.125,rl10,refrigerant_leak,1,fault,65
56.8393,50.482,85.422,91.434,42.8167,37.9167,94.8367,113.7667,6.7467,5.7733,34.0233,112.9667,139.88,102.6967,118.36,58.5553,269.31,215.9667,3.6967,7.7433,3.4355,91.1533,85.2433,50.54,57.0533,57.2153,rl10,refrigerant_leak,1,fault,70
53.8,50.3847,85.8227,89.2377,43.9167,39.1233,91.2067,106.6833,4.6367,5.81,54.36,114.5967,139.34,99.1033,121.0333,43.2807,270.01,215.34,2.22,6.4967,2.4907,88.99,85.63,50.4033,53.85,30.66,rl10,refrigerant_leak,1,fault,90
53.548,50.1493,85.66,89.0527,43.7467,38.9533,91.1,106.45,4.6467,5.8367,54.5133,115.4333,138.9233,99.0233,122.0367,43.1477,270.1433,215.47,2.2667,6.49,2.483,88.8433,85.44,50.2033,53.62,30.471,rl10,refrigerant_leak,1,fault,95
53.3993,50.0093,85.664,89.0473,43.7633,38.9767,91.1,106.4167,4.7533,5.72,54.36,116.0533,139.0167,98.8567,122.58,43.1893,269.95,215.77,2.2267,6.2833,2.4831,88.8633,85.44,50.03,53.4433,30.5007,rl10,refrigerant_leak,1,fault,100
60.608,50.3107,75.5817,85.2527,41.0233,36.12,90.88,106.0333,9.4233,5.7433,23.8167,114.3533,138.5433,101.6933,118.3533,70.9323,266.34,215.92,6.0433,9.2333,4.5921,84.8133,75.55,50.2533,60.71,92.643,rl10,refrigerant_leak,1,fault,120
60.3913,50.1027,75.4107,85.0653,40.8467,35.9333,90.71,105.6833,9.3633,5.7333,23.6,113.0733,138.27,101.6867,116.84,70.9283,266.1467,216.0233,6.02,9.1933,4.5904,84.7033,75.34,50.04,60.4867,92.602,rl10,refrigerant_leak,1,fault,125
60.2967,50.0267,75.3467,84.9907,40.8467,35.9433,90.6933,105.65,9.3967,5.58,23.4467,112.0133,138.3033,102.7533,115.8367,70.8493,265.9633,216.1033,6.0533,9.15,4.5897,84.6633,75.28,49.98,60.4533,92.4837,rl10,refrigerant_leak,1,fault,130
60.2123,49.976,75.3997,85.0917,40.94,36.03,90.8533,105.95,9.51,5.4567,23.25,111.19,138.4933,102.5467,115.08,70.9587,263.84,216.2633,6.0667,8.9167,4.5711,84.7933,75.39,49.8633,60.29,92.2503,rl10,refrigerant_leak,1,fault,135
56.9753,50.49,75.8967,81.9997,41.6333,36.7467,85.5867,96.5667,6.5733,6.61,33.9633,110.42,136.45,98.74,114.36,51.4053,268.1967,215.49,3.85,8.9533,3.9821,81.7433,75.8967,50.59,57.1433,58.22,rl10,refrigerant_leak,1,fault,145
56.7767,50.238,75.9953,82.0953,41.78,36.8667,85.6567,96.6333,6.4967,6.3,33.9167,110.4133,136.7,98.8867,114.4633,51.4963,267.6,215.9133,3.88,8.5833,4.0161,81.7967,75.9533,50.3367,56.9233,58.8233,rl10,refrigerant_leak,1,fault,150
56.5947,50.1053,75.9433,82.0353,41.8033,36.89,85.57,96.4667,6.4833,6.2667,33.8167,110.4667,136.4333,98.5567,114.6067,51.4613,267.8433,215.4733,3.8033,8.4033,3.9774,81.7667,75.9,50.2133,56.7733,58.2153,rl10,refrigerant_leak,1,fault,155
56.4763,50.02,75.9113,82.0047,41.7867,36.88,85.5733,96.55,6.49,6.1333,33.72,110.5267,136.3,98.58,114.7067,51.433,267.81,215.57,3.8533,8.2867,3.9661,81.7433,75.85,50.1133,56.6933,58.0177,rl10,refrigerant_leak,1,fault,160
52.893,49.9867,75.7877,78.7237,43.4567,38.62,80.65,87.8,3.9667,6.1033,61.0867,111.7267,134.1833,94.4833,117.0033,36.1037,268.14,215.4733,1.97,6.5533,2.5402,78.6733,75.7833,50.0067,52.9,26.0847,rl10,refrigerant_leak,1,fault,175
53.138,50.37,75.7337,78.5313,43.7133,38.8867,80.37,87.35,3.8733,6.3533,63.9333,114.04,134.15,94.2233,119.7033,35.3827,267.69,215.3667,1.9,6.7567,2.4691,78.4933,75.7033,50.4267,53.2567,24.8477,rl10,refrigerant_leak,1,fault,185
53.21,50.4353,75.7873,78.6033,43.6967,38.87,80.53,87.6,3.8033,6.3867,63.7433,114.96,133.8667,93.96,120.6833,35.4433,267.25,215.2767,1.99,6.84,2.4674,78.4933,75.76,50.5367,53.3,24.873,rl10,refrigerant_leak,1,fault,190
59.135,49.8827,70.8703,79.4487,40.8067,35.8467,84.57,94.7833,8.5833,5.9867,26.16,113.6167,135.8,99.3433,117.01,60.9097,266.6467,216.01,5.4167,9.0933,4.809,79.18,70.6933,49.88,59.34,83.3087,rl10,refrigerant_leak,1,fault,210
59.0093,49.7653,70.726,79.2747,40.76,35.7833,84.37,94.4,8.4067,5.9133,26.2567,112.3,135.9,99.2767,115.52,60.745,266.5233,215.8,5.2967,9.0267,4.8106,78.22,70.5133,49.7467,59.24,83.114,rl10,refrigerant_leak,1,fault,215
59.0227,49.7953,70.6567,79.1817,40.6667,35.66,84.26,94.2667,8.41,6.0533,26.3267,111.1967,135.5333,99.15,114.5067,60.5817,266.9633,216.1867,5.2933,9.1467,4.8254,78.98,70.48,49.8133,59.26,83.1443,rl10,refrigerant_leak,1,fault,220
56.1487,50.0117,65.574,71.3267,41.9067,37.0067,74.92,78.8333,6.25,6.2233,36.0533,109.4467,131.5167,93.5967,112.62,42.9843,268.7433,216.03,4.04,8.18,4.5198,70.9267,65.3933,50.1133,56.2567,55.256,rl10,refrigerant_leak,1,fault,235
55.9833,49.8413,65.49,71.1613,41.68,36.8,74.84,78.6333,6.11,6.31,36.04,109.2467,131.7333,94.0967,112.32,42.8633,268.74,215.8133,4.01,8.2767,4.5353,70.8367,65.3333,49.9867,56.1033,55.2893,rl10,refrigerant_leak,1,fault,240
55.9553,49.8127,65.5033,71.1573,41.6767,36.77,74.88,78.65,6.2233,6.2567,35.9267,109.0867,131.5333,93.6767,112.2067,42.8657,268.7433,215.81,3.9733,8.27,4.5342,70.8367,65.3467,49.95,56.08,55.277,rl10,refrigerant_leak,1,fault,245
55.9513,49.8097,65.5087,71.1507,41.6867,36.78,74.84,78.6033,6.2433,6.22,36.0,109.0133,131.4333,93.5,112.12,42.878,268.5267,215.4367,3.9667,8.27,4.5235,70.88,65.3567,49.9333,56.0867,55.1653,rl10,refrigerant_leak,1,fault,250
53.62,49.827,63.716,67.305,42.1633,37.2633,69.5167,70.4333,3.7533,6.8033,53.17,109.1,128.9367,89.7667,112.7733,34.0407,270.7933,215.9167,2.5767,7.8433,3.5221,66.8867,63.47,49.9833,53.7433,34.1077,rl10,refrigerant_leak,1,fault,265
53.7053,49.9787,63.5433,66.968,41.1833,36.29,69.3733,70.2833,4.0733,7.8467,54.0367,109.34,128.69,90.6,113.21,33.983,270.9,215.4733,2.61,8.9567,3.462,66.7533,63.37,50.1167,53.8167,33.4613,rl10,refrigerant_leak,1,fault,270
53.7307,49.996,63.5647,67.0013,41.06,36.16,69.41,70.3167,4.08,7.9667,54.41,109.5933,127.9067,90.7633,113.6833,34.046,270.6667,215.6367,2.6467,9.12,3.4658,66.77,63.41,50.1867,53.8367,33.5597,rl10,refrigerant_leak,1,fault,275
53.7413,50.0093,63.566,67.0023,41.1,36.1933,69.4967,70.4333,4.1167,7.9867,54.4533,109.99,127.1333,90.7267,114.04,34.0327,270.6533,215.5,2.7033,9.06,3.4627,66.7767,63.4267,50.1367,53.84,33.5163,rl10,refrigerant_leak,1,fault,280
56.0447,47.161,85.15,93.411,40.3333,35.3367,98.1633,120.45,8.5167,3.9667,23.4567,110.1567,139.0933,102.4533,114.5567,75.962,268.92,215.6867,4.73,6.6867,3.6977,93.3933,84.9633,47.04,56.2267,79.8817,rl10,refrigerant_leak,1,fault,305
56.0007,46.8713,85.4327,94.0473,40.19,35.1933,99.11,122.3167,8.8633,3.8533,23.9667,110.28,139.05,103.29,114.8467,78.5277,268.7,216.0333,5.19,6.6267,3.6814,93.92,85.2567,46.8,56.18,82.2207,rl10,refrigerant_leak,1,fault,310
56.01,46.8513,85.3887,94.066,39.6267,34.68,99.0933,122.3,8.6633,4.2467,24.8967,110.4733,139.0867,103.81,115.1933,79.7233,269.0267,215.6933,5.2033,7.1833,3.6326,93.8733,85.19,46.8,56.1567,82.3673,rl10,refrigerant_leak,1,fault,315
56.01,46.8473,85.338,94.05,39.4667,34.5767,99.0367,122.2833,8.6833,4.3233,25.1533,110.7267,139.7533,104.31,115.5533,79.7303,268.7367,215.8733,5.2,7.3033,3.6368,93.8333,85.1733,46.7833,56.1667,82.4697,rl10,refrigerant_leak,1,fault,320
52.345,46.1217,85.963,91.968,40.11,35.1167,95.61,115.4033,6.9433,4.2,32.8433,111.2133,138.5767,101.7767,116.2933,61.2553,269.64,215.71,3.7833,5.95,3.2097,91.8533,85.9033,46.08,52.49,55.9213,rl10,refrigerant_leak,1,fault,335
51.7953,45.5293,86.104,92.2097,40.1567,35.1567,95.66,115.5067,6.9033,3.6,31.9433,111.2933,139.0,102.0067,116.51,61.4633,269.3567,215.6533,3.69,5.25,3.2206,91.98,85.9467,45.4233,51.8233,56.3013,rl10,refrigerant_leak,1,fault,340
51.4793,45.23,86.0737,92.1643,40.1067,35.11,95.5533,115.3,6.9167,3.4467,31.8267,111.41,138.79,103.7633,116.7933,61.4023,269.44,215.58,3.6867,5.0467,3.2137,91.92,85.8967,45.1867,51.61,56.124,rl10,refrigerant_leak,1,fault,345
51.4087,45.1527,86.0667,92.1443,40.1133,35.1033,95.6333,115.4667,6.9167,3.35,31.6433,111.48,138.68,101.7567,116.8333,61.399,269.2833,215.6833,3.77,4.9867,3.2189,91.9133,85.8967,45.04,51.5267,56.21,rl10,refrigerant_leak,1,fault,350
48.814,45.174,85.568,89.2743,40.5567,35.5667,91.5133,107.2667,5.0167,4.0867,49.1567,111.9533,137.0,100.5767,118.05,46.111,270.89,215.36,2.44,4.6633,2.4903,89.0567,85.42,45.21,48.8967,32.66,rl10,refrigerant_leak,1,fault,365
48.5747,44.956,85.8707,89.6193,40.8133,35.88,91.8967,108.0333,5.1933,3.5967,48.33,112.5033,137.7,100.9,118.7533,46.511,270.49,215.7967,2.4367,4.0667,2.4591,89.4333,85.7067,44.89,48.6567,32.5303,rl10,refrigerant_leak,1,fault,370
48.476,44.9353,85.659,89.3543,41.02,36.0967,91.41,107.15,4.8567,3.41,48.94,112.9733,137.5333,100.29,119.2233,45.6377,270.3967,215.03,2.4033,3.8933,2.4425,89.08,85.3867,44.8933,48.56,31.706,rl10,refrigerant_leak,1,fault,375
48.7903,45.2447,85.513,89.1277,40.74,35.7767,91.2967,106.8167,4.97,4.0767,49.7533,113.3933,137.3,100.4667,119.67,45.3047,270.71,215.1633,2.37,4.57,2.4669,88.8733,85.3367,45.3,48.9233,31.787,rl10,refrigerant_leak,1,fault,380
58.0617,47.5113,76.1457,86.1353,39.1133,34.2267,92.1067,108.4833,9.6967,4.7733,22.3033,112.04,136.7167,102.0767,116.3033,76.4,267.2867,215.97,6.3133,8.17,4.3692,85.78,76.0867,47.2667,58.1433,94.9353,rl10,refrigerant_leak,1,fault,400
57.5577,46.768,76.109,86.3367,38.4033,33.5967,92.3667,108.9833,9.8667,4.6,22.3133,111.22,136.2167,102.04,115.2433,79.539,267.2467,216.19,6.3333,8.2567,4.297,86.0133,76.0567,46.63,57.66,97.2017,rl10,refrigerant_leak,1,fault,405
57.1307,46.134,76.1613,86.6423,38.0133,33.2333,92.7333,109.75,9.9967,4.3433,22.2933,110.56,136.15,102.36,114.5567,82.6097,267.3067,215.7867,6.42,7.9467,4.2081,86.3233,76.1333,45.9967,57.27,98.8693,rl10,refrigerant_leak,1,fault,410
50.7673,44.6503,76.076,82.0007,39.1967,34.29,85.4533,96.2333,6.5267,3.7767,31.8433,109.18,134.3167,99.1467,113.2333,51.778,269.7267,215.6133,3.7267,5.47,3.7331,81.7033,76.0033,44.64,50.9067,54.9777,rl10,refrigerant_leak,1,fault,430
50.9777,44.8053,76.0767,81.978,38.8633,33.99,85.5233,96.4,6.4933,4.12,32.2333,109.0467,133.95,98.9867,113.1333,52.001,269.57,215.42,3.7867,5.9433,3.7446,81.7267,76.03,44.8133,51.1033,55.3823,rl10,refrigerant_leak,1,fault,435
50.9747,44.7747,76.0663,81.978,38.7967,33.9267,85.4533,96.2667,6.44,4.0967,32.2133,108.96,134.0833,99.18,113.0267,52.0383,269.5367,215.5133,3.7367,5.9533,3.7601,81.7333,76.02,44.8067,51.0767,55.6517,rl10,refrigerant_leak,1,fault,440
48.404,45.4383,75.7407,78.7567,41.31,36.41,80.77,88.0333,4.08,3.9167,56.39,111.1867,133.5833,96.1133,116.3,37.1347,270.1,215.26,2.08,4.1167,2.5148,78.6633,75.6633,45.4033,48.4333,26.5603,rl10,refrigerant_leak,1,fault,460
48.3667,45.413,75.6513,78.6607,41.14,36.2267,80.63,87.7833,3.98,4.1767,56.9,112.1633,133.45,96.23,117.4033,37.0123,270.1233,215.3233,2.09,4.3233,2.5111,78.5633,75.61,45.41,48.4133,26.4333,rl10,refrigerant_leak,1,fault,465
48.3733,45.4167,75.5867,78.6273,40.94,36.0333,80.62,87.8,4.0233,4.36,57.1733,112.9833,133.55,96.3667,118.19,36.9473,270.57,215.72,2.09,4.4933,2.5226,78.53,75.54,45.42,48.44,26.5073,rl10,refrigerant_leak,1,fault,470
55.6077,45.7467,70.2423,79.4217,37.76,33.0667,85.1833,95.8167,9.2267,4.59,23.26,111.8333,134.35,100.8067,115.0167,66.4927,268.0167,215.7733,5.8733,7.91,4.6872,79.32,70.1233,45.7233,55.8767,88.6403,rl10,refrigerant_leak,1,fault,490
56.2337,45.8513,70.864,80.5217,38.1,33.33,86.5933,98.35,9.6667,4.2667,22.1733,110.7333,134.8,100.83,113.62,70.3407,267.7467,215.75,6.1833,7.6967,4.665,80.4333,70.78,45.7867,56.55,93.3177,rl10,refrigerant_leak,1,fault,495
56.694,45.7987,71.47,81.6927,38.5033,33.7,88.06,100.9167,10.31,3.7333,20.9967,109.9233,135.55,101.2767,112.77,73.8197,267.54,216.0133,6.5333,7.1767,4.6691,81.5333,71.3467,45.6533,56.86,98.03,rl10,refrigerant_leak,1,fault,500
51.6087,44.2953,66.2367,73.158,37.7233,33.0067,77.56,82.85,7.4633,4.2733,28.3333,107.7967,131.5667,97.6867,110.5933,50.2767,269.72,215.85,4.78,6.4833,4.6018,72.7933,66.12,44.24,51.6967,65.8023,rl10,refrigerant_leak,1,fault,520
51.6327,44.302,66.242,73.1527,37.8567,33.1167,77.64,82.95,7.6167,4.0967,28.09,107.48,131.5167,97.7833,110.1967,50.4057,269.6533,215.5267,4.7767,6.3333,4.5942,72.8367,66.1133,44.1933,51.7867,65.8643,rl10,refrigerant_leak,1,fault,525
51.5447,44.1677,66.2513,73.1887,38.1933,33.3867,77.74,83.1333,7.6433,3.75,27.7167,107.1733,131.5333,97.4767,109.81,50.5397,269.6067,215.7133,4.8267,5.89,4.6115,72.88,66.13,44.04,51.6733,66.288,rl10,refrigerant_leak,1,fault,530
48.4587,44.792,66.438,70.102,40.5967,35.6133,72.45,74.9333,4.2767,3.8,48.74,108.7933,129.1167,92.42,112.6,35.8,271.0233,215.39,2.6533,4.2067,3.2325,69.7967,66.3,44.8267,48.4733,32.8957,rl10,refrigerant_leak,1,fault,555
49.0297,45.6507,66.2043,69.549,40.33,35.3567,71.97,74.1833,3.98,4.7733,53.0133,109.2667,128.3167,91.8267,113.17,34.898,271.3167,215.0233,2.5333,5.4467,3.05,69.3967,66.0667,45.7533,49.2367,30.273,rl10,refrigerant_leak,1,fault,560
51.7643,42.93,80.3517,88.5283,37.8233,33.0667,93.53,111.2833,9.48,2.9967,22.75,109.3533,136.3167,103.4,112.9867,71.2037,268.7033,215.5167,5.0167,4.9,3.9171,88.48,80.3833,42.71,51.84,79.326,rl10,refrigerant_leak,1,fault,580
51.5767,42.622,80.704,89.1347,37.1567,32.4567,94.1067,112.4167,9.28,3.1,23.0933,109.1,135.6833,101.8833,112.9333,73.3747,268.3367,215.58,5.2867,5.28,3.8549,88.8667,80.6333,42.4333,51.6867,80.4447,rl10,refrigerant_leak,1,fault,585
51.518,42.5193,80.8627,89.3693,36.4967,31.8767,94.3267,112.8,8.9233,3.43,23.6133,108.9667,135.3667,101.9633,112.8133,75.0183,268.8767,215.4533,5.28,5.9167,3.7871,89.0567,80.7633,42.4033,51.6533,80.8017,rl10,refrigerant_leak,1,fault,590
51.5073,42.483,80.8967,89.4667,36.14,31.5367,94.4133,112.9333,8.8233,3.6167,24.2767,108.7733,135.3333,103.9033,112.84,76.261,269.27,215.6833,5.2433,6.2367,3.7402,89.1167,80.7767,42.3467,51.64,81.1253,rl10,refrigerant_leak,1,fault,595
51.4353,42.39,80.832,89.4187,36.1133,31.5067,94.3667,112.8667,8.7933,3.5733,24.4633,108.7067,135.5,104.1767,112.8867,76.271,269.4367,215.26,5.3667,6.1733,3.7374,89.0033,80.7167,42.28,51.59,81.073,rl10,refrigerant_leak,1,fault,600
46.487,39.8843,81.1963,87.7037,36.97,32.3133,90.24,104.8167,5.9433,1.8733,28.0467,108.5733,135.1167,101.9633,112.96,59.0783,269.9067,215.3333,2.9233,2.7967,3.5272,87.3167,81.0633,39.7767,46.5,59.258,rl10,refrigerant_leak,1,fault,615
46.4687,39.9807,81.1313,87.4587,37.23,32.5267,89.94,104.3,5.73,1.7833,27.6233,108.36,135.0667,102.4133,112.7067,58.2237,270.2733,215.24,2.76,2.6633,3.5159,87.16,81.0067,39.9167,46.5867,58.2233,rl10,refrigerant_leak,1,fault,620
46.4833,40.0487,81.1287,87.3973,37.1767,32.48,89.83,104.1167,5.7,1.9133,27.9367,108.2867,135.0333,101.6533,112.57,58.0433,269.7233,215.22,2.7267,2.7733,3.4968,87.16,80.9733,39.9667,46.5867,57.7293,rl10,refrigerant_leak,1,fault,625
46.4153,39.982,81.1047,87.3627,37.13,32.4333,89.88,104.1667,5.6667,1.8967,27.88,108.2733,134.7667,102.3767,112.39,58.0573,270.3367,215.1833,2.77,2.7433,3.4948,87.0833,80.9767,39.89,46.52,57.7083,rl10,refrigerant_leak,1,fault,630
44.0297,40.4273,80.867,84.7253,38.03,33.24,85.79,96.9167,3.0667,2.0333,44.99,108.6933,133.7167,99.39,113.5867,44.2953,271.5033,215.1333,1.21,2.2733,2.5622,84.59,80.7867,40.33,44.1,32.284,rl10,refrigerant_leak,1,fault,645
43.781,40.105,81.0553,84.9827,38.1267,33.3267,85.7367,96.8,2.0367,1.7433,43.8233,109.24,134.1333,99.7133,114.2333,44.5707,271.05,214.98,0.9233,1.8233,2.5978,84.8133,80.8933,39.9467,43.83,32.9337,rl10,refrigerant_leak,1,fault,650
43.746,40.1813,80.847,84.6503,38.37,33.5767,85.3267,96.1,1.5367,1.62,44.64,109.8333,134.2333,99.5967,114.6933,43.3833,271.0833,214.9633,0.95,1.7167,2.5887,84.4067,80.6467,40.0867,43.84,31.9413,rl10,refrigerant_leak,1,fault,655
44.039,40.448,80.8307,84.598,38.06,33.2733,85.59,96.5167,2.6333,2.15,45.2767,110.3467,133.95,99.56,115.1933,43.6923,271.0267,214.9433,1.1333,2.28,2.5878,84.5067,80.76,40.3467,44.0933,32.158,rl10,refrigerant_leak,1,fault,660
53.014,42.0523,71.1133,81.368,35.81,31.23,87.5433,99.9667,11.0733,3.3,21.0167,108.84,133.4833,101.68,111.7933,76.259,267.37,215.92,6.3467,6.0367,4.5469,81.1333,70.9333,41.8533,53.1167,98.6223,rl10,refrigerant_leak,1,fault,685
52.592,41.49,71.124,81.5667,35.08,30.59,87.83,100.55,11.3467,3.3233,21.2767,108.2033,133.25,102.3233,111.0967,78.752,266.8833,215.4067,6.5433,6.1567,4.4489,81.2733,70.9233,41.2267,52.6233,99.6423,rl10,refrigerant_leak,1,fault,690
46.8637,40.0487,71.4273,78.009,35.6267,31.11,81.5567,89.45,6.81,3.0033,27.7233,106.8933,131.7,99.7133,110.0433,52.9017,270.6133,214.9667,3.8467,4.2633,4.0567,77.71,71.25,39.88,46.8267,61.0363,rl10,refrigerant_leak,1,fault,705
46.486,39.628,71.3887,77.9397,35.49,30.99,81.3933,89.1333,6.54,2.8567,27.0867,106.6,131.6,99.7733,109.6333,52.8113,270.3667,215.4267,3.65,4.01,4.1,77.7267,71.2167,39.5,46.5733,61.5833,rl10,refrigerant_leak,1,fault,710
46.4353,39.5507,71.3967,77.952,35.5333,31.03,81.28,88.9,6.3833,2.8067,26.91,106.4067,131.3833,99.51,109.34,52.7927,270.4,214.7833,3.56,3.95,4.1054,77.7233,71.2033,39.4467,46.5467,61.6423,rl10,refrigerant_leak,1,fault,715
46.4407,39.5587,71.418,77.9773,35.5333,31.0467,81.2667,88.8667,6.43,2.7,26.92,106.24,131.35,99.46,109.2,52.7737,270.3167,215.04,3.4833,3.92,4.1102,77.7767,71.2433,39.4933,46.5067,61.6917,rl10,refrigerant_leak,1,fault,720
43.5777,40.0853,71.5577,75.2387,37.3,32.5867,76.81,81.6833,3.3667,2.48,45.97,106.9333,130.0833,96.4367,110.6,38.4723,271.3933,214.9833,1.8067,2.7167,2.8597,75.0367,71.3067,39.9933,43.57,31.294,rl10,refrigerant_leak,1,fault,735
43.666,40.273,71.3623,74.955,37.6633,32.9667,76.23,80.8333,2.8833,2.3267,46.85,107.7167,129.9,95.8567,111.5433,38.072,271.08,215.0067,1.3367,2.49,2.8057,74.8967,71.2567,40.15,43.76,30.3803,rl10,refrigerant_leak,1,fault,740
43.578,40.1407,71.4313,75.0433,37.7467,33.0267,76.13,80.6333,2.3367,2.2667,46.36,108.5267,129.9,95.7767,112.2567,38.0707,271.21,214.8967,1.1733,2.3133,2.837,74.9633,71.2367,40.07,43.6533,30.7193,rl10,refrigerant_leak,1,fault,745
43.57,40.1247,71.486,75.1073,37.8933,33.1333,76.1,80.55,1.94,2.0533,46.15,109.1467,130.0833,95.9733,112.7967,38.09,271.0133,214.7467,1.0633,2.1633,2.8406,75.0233,71.32,40.02,43.6333,30.7733,rl10,refrigerant_leak,1,fault,750
50.9687,40.7597,67.4077,76.8457,35.2833,30.7833,82.0733,90.35,9.57,3.05,21.29,108.7067,131.9833,100.63,111.0467,66.6717,268.96,215.3867,5.3233,5.29,4.8314,76.7667,67.3667,40.5267,51.0867,91.612,rl10,refrigerant_leak,1,fault,770
51.088,40.7757,67.6907,77.2427,34.6733,30.2533,82.72,91.5667,10.25,3.2667,21.46,107.9167,131.6,100.81,110.1367,67.974,268.6867,215.5,5.68,5.9033,4.7902,77.06,67.57,40.5433,51.1567,92.6053,rl10,refrigerant_leak,1,fault,775
50.9273,40.5427,67.7427,77.3627,34.48,30.08,82.78,91.6333,10.1333,3.24,21.46,107.2267,132.0167,100.4567,109.4067,68.394,268.58,215.28,5.6833,5.92,4.7881,77.1233,67.58,40.3967,51.0,93.1387,rl10,refrigerant_leak,1,fault,780
47.2007,39.8587,66.4497,73.5127,35.7467,31.1933,76.7333,81.5333,6.5167,2.5767,26.6467,106.0333,130.25,98.3733,108.3933,50.8363,268.8933,215.23,3.6467,4.0067,4.5537,73.07,66.2167,39.78,47.1733,65.832,rl10,refrigerant_leak,1,fault,795
47.146,39.9767,66.2313,73.1017,36.3267,31.72,76.18,80.6833,6.4133,2.3133,26.44,105.82,130.3167,97.81,108.0767,49.687,268.7433,215.08,3.3833,3.59,4.5465,72.7833,66.0967,39.9267,47.25,64.2493,rl10,refrigerant_leak,1,fault,800
47.486,40.3713,66.2473,73.029,36.1433,31.56,76.5433,81.2667,6.6333,2.7433,26.77,105.8,130.3333,98.0667,107.9267,49.8147,268.95,214.6,3.7867,4.1,4.4912,72.71,66.1033,40.25,47.56,63.6307,rl10,refrigerant_leak,1,fault,805
47.7373,40.5533,66.3193,73.1357,36.08,31.4733,77.0067,82.05,7.14,2.82,26.8267,105.7067,130.3833,98.2567,107.87,50.336,269.19,215.2533,4.1933,4.3533,4.501,72.8167,66.18,40.4333,47.82,64.436,rl10,refrigerant_leak,1,fault,810
43.634,39.8863,66.3097,70.2463,37.0833,32.4067,71.5267,73.5,2.8667,2.3233,43.4933,106.0467,127.6133,94.2133,108.9267,36.7637,270.4467,214.8067,1.7167,2.7633,3.2076,69.84,66.0267,39.8533,43.7433,33.5413,rl10,refrigerant_leak,1,fault,825
43.602,39.918,66.074,69.8913,37.4867,32.7667,71.0533,72.7333,2.3967,2.2667,44.0233,106.58,127.87,93.2933,109.5167,36.423,270.2433,215.1167,1.3067,2.4033,3.1871,69.7267,65.9033,39.87,43.7133,33.0157,rl10,refrigerant_leak,1,fault,830
43.57,39.8753,66.0523,69.854,37.3733,32.6733,71.0533,72.75,2.2433,2.2667,43.93,107.1133,128.0333,93.49,110.15,36.391,270.21,214.94,1.35,2.44,3.1965,69.71,65.89,39.84,43.6467,33.0857,rl10,refrigerant_leak,1,fault,835
43.5703,39.8767,66.0467,69.8393,37.46,32.7533,71.04,72.7,2.2067,2.2467,43.9667,107.6333,126.4233,93.3467,110.62,36.3883,269.8567,215.3933,1.2833,2.3867,3.2037,69.7367,65.88,39.8267,43.6467,33.156,rl10,refrigerant_leak,1,fault,840
61.612,51.4767,86.3313,95.8593,42.99,38.11,100.6533,125.6167,10.0133,5.1833,23.7933,108.5067,142.0167,103.38,114.97,82.834,266.66,215.9567,4.9833,8.4167,3.8706,95.66,86.1233,51.3533,61.74,91.1847,rl20,refrigerant_leak,2,fault,25
61.448,51.2107,86.342,96.018,42.5733,37.6567,101.35,127.1833,10.69,5.13,23.8633,110.1667,142.5333,102.5633,115.9167,85.1387,266.7333,215.6067,5.5567,8.53,3.7978,95.8133,86.1533,51.09,61.58,91.964,rl20,refrigerant_leak,2,fault,30
61.3573,51.0793,86.354,96.1067,42.5933,37.6933,101.4,127.3333,10.6433,5.03,23.8533,111.22,142.1833,103.8867,116.7,85.197,266.3833,215.81,5.59,8.42,3.8112,95.84,86.1633,50.9867,61.5467,92.3477,rl20,refrigerant_leak,2,fault,35
61.4107,51.1683,86.3447,96.0557,42.5567,37.6567,101.3567,127.2,10.59,5.15,23.92,111.98,142.4833,104.33,117.25,85.0317,266.5833,215.8233,5.5667,8.5367,3.8087,95.8133,86.1867,51.1,61.5867,92.112,rl20,refrigerant_leak,2,fault,40
56.9543,50.6823,85.48,91.458,42.6267,37.7267,94.6733,113.5333,6.9067,6.1133,34.42,112.9,139.9833,100.55,118.0267,58.222,268.7233,215.75,3.42,8.1933,3.4053,91.27,85.3367,50.7967,57.1933,56.389,rl20,refrigerant_leak,2,fault,55
56.8873,50.482,85.652,91.6713,42.8333,37.9367,94.8867,113.9167,6.89,5.7767,33.7,112.9733,140.53,101.4833,118.1267,58.6657,268.9433,215.33,3.35,7.7033,3.4454,91.5567,85.44,50.5333,57.0333,57.4887,rl20,refrigerant_leak,2,fault,60
56.9533,50.529,85.7173,91.7657,42.97,38.07,94.9567,114.0667,6.82,5.7033,33.5033,113.0667,140.4367,101.4433,118.1733,58.857,269.0233,215.4867,3.32,7.6667,3.4462,91.6067,85.54,50.66,57.21,57.6903,rl20,refrigerant_leak,2,fault,65
57.352,50.8467,85.8773,91.956,42.96,38.0733,95.18,114.4767,6.99,5.88,33.5067,113.06,140.3533,100.4633,118.2467,59.26,268.8133,215.43,3.4367,8.0033,3.4657,91.7267,85.6933,50.9433,57.57,58.409,rl20,refrigerant_leak,2,fault,70
53.595,50.053,86.009,89.587,43.9833,39.19,91.1567,106.6,4.2167,5.5233,51.3733,113.92,139.0533,98.9367,119.8167,43.6077,269.8533,215.3733,1.9167,6.0333,2.5626,89.23,85.75,50.0333,54.3833,31.7817,rl20,refrigerant_leak,2,fault,85
53.3807,49.9667,85.9617,89.3933,44.02,39.22,91.1167,106.5,4.2967,5.4067,53.02,114.71,139.2133,98.93,120.8833,43.3187,269.48,215.39,1.9167,5.9967,2.4893,89.1667,85.7567,50.0267,53.42,30.6687,rl20,refrigerant_leak,2,fault,90
53.3527,49.9467,85.916,89.3227,43.9267,39.1333,91.0733,106.3833,4.38,5.46,53.4667,115.41,139.07,98.9567,121.7967,43.258,269.6033,215.2233,1.9567,6.0433,2.4847,89.1467,85.7,50.0133,53.39,30.5703,rl20,refrigerant_leak,2,fault,95
53.3193,49.9173,85.9373,89.348,43.9767,39.1733,91.1,106.45,4.3633,5.4567,53.4467,116.05,139.3433,99.1633,122.3933,43.2677,269.5733,215.0833,1.92,6.03,2.4797,89.16,85.7467,50.0067,53.38,30.5163,rl20,refrigerant_leak,2,fault,100
61.258,50.0467,76.204,86.8333,41.0067,36.1033,92.51,109.25,11.2333,5.22,22.17,113.32,139.2367,100.86,117.1567,77.4927,264.5767,215.9433,6.0567,8.97,4.5777,86.4633,76.2033,49.9667,61.42,100.8867,rl20,refrigerant_leak,2,fault,125
61.5,50.2603,76.228,86.8427,40.9267,36.02,92.5333,109.3,11.2233,5.4967,22.34,112.42,138.8833,103.16,116.15,77.4923,264.92,215.97,6.0433,9.3033,4.5884,86.4867,76.2233,50.26,61.7533,101.1267,rl20,refrigerant_leak,2,fault,130
56.6747,50.1437,76.2573,82.4663,41.6667,36.7733,85.5733,96.5,6.4667,6.2333,33.28,110.8533,136.8333,99.2367,114.6533,51.3733,267.37,215.6667,3.5233,8.63,4.0147,82.0667,76.2267,50.32,56.9033,58.6573,rl20,refrigerant_leak,2,fault,145
56.682,50.1213,76.32,82.5347,41.9767,37.0867,85.7167,96.7833,6.46,5.9933,33.2833,110.62,136.8967,98.96,114.6533,51.6767,267.1167,215.2867,3.4633,8.26,4.0016,82.2433,76.35,50.2533,56.86,58.8143,rl20,refrigerant_leak,2,fault,150
56.6113,50.068,76.332,82.5467,42.0233,37.1167,85.6533,96.6833,6.52,5.93,33.17,110.5867,137.3333,99.2567,114.72,51.7307,267.3067,215.5333,3.4,8.1367,3.9912,82.2667,76.34,50.1567,56.83,58.7223,rl20,refrigerant_leak,2,fault,155
56.6753,50.1067,76.3187,82.548,42.06,37.1367,85.6767,96.6833,6.5133,5.9833,33.2,110.6,137.0167,98.8433,114.7867,51.7467,266.11,215.4833,3.4367,8.2067,4.0047,82.27,76.3733,50.2633,56.84,58.9407,rl20,refrigerant_leak,2,fault,160
52.6427,49.8093,75.993,78.9107,43.51,38.67,80.27,87.2167,2.9667,5.9633,60.9733,112.0033,134.5667,94.5933,116.99,35.6337,267.0333,215.27,1.5833,6.4367,2.5068,78.6967,75.8967,49.94,52.77,25.4123,rl20,refrigerant_leak,2,fault,175
52.8853,50.104,75.9767,78.8127,43.0767,38.1833,80.59,87.65,3.5067,6.61,62.67,113.23,134.4333,95.0733,118.5767,35.6987,266.69,214.9633,1.81,7.12,2.4525,78.7567,75.95,50.2167,53.0733,24.9007,rl20,refrigerant_leak,2,fault,180
52.9973,50.1653,75.9847,78.812,42.8567,37.96,80.52,87.6,3.63,6.92,63.2667,114.2633,134.0833,95.1167,119.7167,35.7317,267.0033,215.33,1.7,7.4733,2.4998,78.8,75.97,50.3333,53.1733,25.407,rl20,refrigerant_leak,2,fault,185
53.061,50.2333,76.08,78.9027,42.9367,38.0433,80.74,87.9,3.7,6.9367,63.1233,115.0833,134.1333,95.0567,120.5833,35.8063,267.2033,215.25,1.7733,7.4133,2.4915,78.8933,76.0267,50.36,53.23,25.3737,rl20,refrigerant_leak,2,fault,190
58.9597,49.4263,71.4083,80.341,40.82,35.88,84.98,95.4167,8.95,5.5067,25.3367,113.63,136.5833,100.07,117.0,62.6317,265.8,215.86,4.9,8.5533,4.8123,80.0633,71.2167,49.3767,59.1433,85.7253,rl20,refrigerant_leak,2,fault,210
59.174,49.6167,71.438,80.322,40.8,35.8333,85.0,95.4667,8.9867,5.6233,27.0733,112.3867,136.45,99.76,115.52,62.5663,265.4867,215.7467,4.92,8.8367,4.8269,80.0767,71.24,49.62,59.4167,85.8953,rl20,refrigerant_leak,2,fault,215
59.1043,49.57,71.434,80.33,40.8067,35.8567,85.03,95.5167,9.0,5.5633,25.2567,111.4433,136.6,99.17,114.6267,62.5073,265.79,215.7,4.9567,8.7367,4.8204,80.07,71.2467,49.5367,59.32,85.6997,rl20,refrigerant_leak,2,fault,220
56.9577,50.4247,66.6363,72.78,41.1767,36.2667,75.98,80.3833,6.14,7.0733,35.3567,109.8967,132.2167,94.9067,113.0867,44.8147,267.7233,215.58,3.7,9.2767,4.6032,72.27,66.42,50.4633,56.9967,58.6723,rl20,refrigerant_leak,2,fault,235
56.4433,49.9907,66.314,72.2833,40.8067,35.8567,75.6467,79.8667,6.1867,7.0033,35.14,109.5667,132.2167,95.47,112.7933,44.5243,267.3967,215.6433,3.7433,9.34,4.5802,71.88,66.1633,50.1367,56.6233,58.0023,rl20,refrigerant_leak,2,fault,240
56.3307,49.8907,66.286,72.1893,40.7467,35.76,75.5733,79.75,6.2933,6.9567,35.1,109.3467,131.8667,95.21,112.47,44.5017,267.9433,215.7533,3.7133,9.3033,4.5762,71.87,66.1467,50.05,56.5567,57.9213,rl20,refrigerant_leak,2,fault,245
56.2653,49.816,66.2793,72.1693,40.7333,35.7267,75.6233,79.7833,6.2167,6.9133,35.0533,109.1,131.7,95.1667,112.24,44.4957,267.4833,215.4,3.78,9.27,4.5753,71.84,66.1367,49.97,56.49,57.9017,rl20,refrigerant_leak,2,fault,250
53.934,50.0587,64.4037,68.0433,41.8533,36.9533,70.24,71.4667,3.9667,7.2533,51.9567,109.5867,128.6333,90.84,113.44,34.8423,270.1433,215.5133,2.4633,8.3367,3.5118,67.8033,64.2433,50.17,54.02,34.8053,rl20,refrigerant_leak,2,fault,270
53.668,49.758,64.3657,67.9897,42.2533,37.34,69.9633,71.0333,3.7233,6.69,52.18,109.88,128.75,90.44,113.8067,34.5383,270.3767,215.49,2.2367,7.7167,3.5709,67.6833,64.1633,49.9533,53.7867,35.0803,rl20,refrigerant_leak,2,fault,275
53.9193,50.156,64.068,67.5743,41.7533,36.8533,69.7833,70.85,3.88,7.4467,53.4267,110.1367,128.3067,90.55,114.15,34.3807,270.5867,215.39,2.3867,8.5533,3.4543,67.4533,63.9567,50.3033,54.0133,33.78,rl20,refrigerant_leak,2,fault,280
57.4893,48.453,85.788,94.2687,40.72,35.7667,98.8,121.6833,9.2967,4.7633,24.7467,110.9933,139.9267,103.4667,115.58,76.5643,268.5033,215.4567,4.5767,7.4867,3.7255,94.1533,85.56,48.2833,57.5567,81.1243,rl20,refrigerant_leak,2,fault,305
56.8347,47.744,85.6597,94.2487,40.11,35.1267,99.0433,122.1833,9.7667,4.6,24.8833,111.1933,139.64,103.9567,115.7667,78.254,268.6133,215.6233,4.8967,7.44,3.6693,94.1333,85.4233,47.5267,56.9633,81.6657,rl20,refrigerant_leak,2,fault,310
56.4323,47.301,85.6187,94.3093,39.6667,34.7167,99.1,122.3333,9.7033,4.58,25.2067,111.1867,139.62,104.4067,115.8567,79.5303,268.06,215.8367,4.9767,7.4667,3.6312,94.1333,85.3933,47.1267,56.6133,82.1377,rl20,refrigerant_leak,2,fault,315
56.5027,47.3153,85.5493,94.2623,39.6667,34.73,99.1267,122.4333,9.7933,4.6167,25.1667,111.2133,139.78,104.2367,116.07,79.6507,267.9233,215.6433,4.9967,7.5533,3.6435,94.1333,85.37,47.2433,56.7967,82.541,rl20,refrigerant_leak,2,fault,320
52.443,46.2073,86.028,92.0583,40.1833,35.1933,95.32,114.8267,6.8833,4.2267,32.17,111.5467,138.8667,103.4233,116.4933,60.848,268.95,215.1233,3.36,6.0267,3.2289,91.9667,85.9433,46.2033,52.5767,55.8817,rl20,refrigerant_leak,2,fault,335
52.2387,45.9153,86.3007,92.4113,40.1167,35.1133,95.5433,115.17,6.6633,4.0133,31.8467,111.68,138.91,103.77,116.61,61.274,269.0133,215.01,3.2833,5.7333,3.2504,92.2267,86.06,45.84,52.3367,56.6463,rl20,refrigerant_leak,2,fault,340
51.972,45.684,86.2767,92.3953,40.0967,35.1,95.42,115.0167,6.5733,3.7933,31.6667,111.7067,138.57,101.8433,116.7433,61.2317,268.32,215.3033,3.2267,5.49,3.2389,92.2,86.0533,45.5733,52.0467,56.4063,rl20,refrigerant_leak,2,fault,345
51.7933,45.4987,86.23,92.342,40.0533,35.06,95.3633,114.8267,6.4933,3.7367,31.5133,111.7,139.0033,103.13,116.8,61.2277,268.9933,215.28,3.1867,5.3233,3.2435,92.16,86.03,45.3967,51.9233,56.483,rl20,refrigerant_leak,2,fault,350
49.248,45.7597,85.4993,89.0737,40.7667,35.8,90.9067,106.05,4.3767,4.4967,49.92,112.0867,137.1,100.4,117.82,45.0017,270.0833,214.8167,2.0333,5.0933,2.4395,88.8667,85.3433,45.8633,49.47,31.2227,rl20,refrigerant_leak,2,fault,365
49.5427,45.9713,85.7347,89.3453,40.8667,35.95,91.1367,106.5167,4.4133,4.52,49.9033,112.7,137.5,100.5433,118.7233,45.3157,270.12,214.9667,2.0,5.16,2.4869,89.1467,85.5267,46.0,49.6433,32.0497,rl20,refrigerant_leak,2,fault,370
49.5813,46.0073,85.872,89.488,40.9267,36.0133,91.2867,106.8333,4.3533,4.51,49.84,113.34,137.4967,100.46,119.33,45.441,270.2233,215.1967,1.9433,5.1133,2.4836,89.3333,85.6733,46.04,49.6933,32.098,rl20,refrigerant_leak,2,fault,375
49.5413,45.9647,85.7587,89.3867,40.88,35.9433,91.13,106.5,4.2767,4.55,50.1067,113.8,137.3833,100.43,119.72,45.4153,269.91,214.8833,1.9667,5.1633,2.4841,89.14,85.5033,45.99,49.6367,32.0867,rl20,refrigerant_leak,2,fault,380
59.3547,49.2617,76.1463,85.6663,40.1467,35.14,91.2267,106.7167,10.53,5.5467,23.9733,113.2067,137.3133,101.38,118.1333,72.2423,267.5067,215.7433,5.8033,9.0733,4.4148,85.4067,76.1567,49.23,59.76,90.717,rl20,refrigerant_leak,2,fault,395
58.0013,46.9407,76.3093,86.792,38.6,33.7733,92.48,109.2167,11.0633,4.5333,22.0367,111.5,136.8167,101.85,115.4133,80.5763,266.9767,215.7133,6.03,8.1533,4.3379,86.4333,76.3,46.76,58.14,99.4123,rl20,refrigerant_leak,2,fault,405
57.5373,46.3113,76.3,86.9873,38.1467,33.3533,92.78,109.7833,11.2733,4.2833,22.27,110.8667,137.4267,103.5167,114.7333,83.3717,266.7633,215.5033,6.1133,7.9867,4.2514,86.6333,76.3633,46.1267,57.66,100.8113,rl20,refrigerant_leak,2,fault,410
51.1093,44.8627,76.184,82.1667,38.9367,34.0567,85.21,95.7667,6.01,4.07,31.7033,109.5,134.65,99.52,113.2733,52.1883,269.2033,215.1367,3.25,5.8933,3.7715,81.92,76.1667,44.8433,51.1767,55.982,rl20,refrigerant_leak,2,fault,430
50.9203,44.6547,76.2,82.214,38.9833,34.0933,85.15,95.7,5.9267,3.9267,31.6133,109.3333,134.85,99.8333,113.06,52.1923,269.3933,215.3167,3.2067,5.5967,3.7893,81.94,76.1567,44.6333,51.0333,56.25,rl20,refrigerant_leak,2,fault,435
50.8623,44.6117,76.2133,82.221,39.03,34.1233,85.1733,95.7667,5.95,3.81,31.5433,109.2267,134.8333,99.7233,112.98,52.1977,269.2467,215.3,3.21,5.5633,3.7805,81.9467,76.2067,44.56,50.9467,56.1243,rl20,refrigerant_leak,2,fault,440
48.223,45.2457,75.7503,78.8153,40.4333,35.45,80.3,87.3,3.14,4.47,55.64,110.0233,132.9833,96.5067,114.8333,36.777,270.2167,215.1233,1.73,4.8333,2.5486,78.6033,75.64,45.28,48.3233,26.6553,rl20,refrigerant_leak,2,fault,455
48.336,45.2953,75.822,78.836,40.34,35.3367,80.53,87.5833,3.48,4.65,56.3,111.1333,133.2667,96.86,115.9967,37.2583,269.64,214.98,1.7067,5.01,2.5655,78.8133,75.77,45.3467,48.3867,27.1867,rl20,refrigerant_leak,2,fault,460
48.3047,45.2607,75.8327,78.8573,40.3233,35.3267,80.55,87.6333,3.46,4.6067,56.5,112.17,133.4667,97.0267,117.06,37.27,270.2067,215.16,1.6767,4.9633,2.5728,78.8533,75.7967,45.3133,48.33,27.2717,rl20,refrigerant_leak,2,fault,465
48.2913,45.2567,75.8273,78.84,40.32,35.32,80.45,87.5167,3.4467,4.6733,56.62,112.9867,133.2833,96.8567,117.76,37.2927,270.04,215.13,1.7167,4.9933,2.565,78.77,75.78,45.2967,48.3133,27.2053,rl20,refrigerant_leak,2,fault,470
57.9153,46.7223,72.8067,83.3097,37.6967,32.9833,89.3167,103.1067,11.36,5.04,22.01,110.9533,135.2333,101.59,114.1567,77.356,266.3733,215.7633,6.1667,8.87,4.573,83.1267,72.67,46.6,58.0767,100.6133,rl20,refrigerant_leak,2,fault,495
57.63,46.128,73.0187,83.87,37.57,32.8633,90.01,104.3333,11.5433,4.54,21.81,110.1633,135.3333,101.2,113.33,80.8897,265.9667,215.7633,6.3167,8.4333,4.4948,83.6767,72.91,45.9767,57.7533,103.39,rl20,refrigerant_leak,2,fault,500
51.562,44.0973,66.432,73.5423,38.0467,33.26,76.9567,81.9833,6.6567,3.8433,28.0067,108.34,132.0667,97.94,111.1067,50.3223,269.6667,215.43,3.92,5.91,4.6806,73.0767,66.2333,43.96,51.6133,66.9847,rl20,refrigerant_leak,2,fault,520
51.6077,44.3237,66.282,73.1303,37.75,33.0267,76.66,81.4833,6.6833,4.2833,28.3233,107.8667,131.5833,97.7133,110.5,49.566,269.4567,215.19,3.8933,6.54,4.6335,72.7833,66.1433,44.2833,51.7833,65.321,rl20,refrigerant_leak,2,fault,525
51.825,44.4513,66.3127,73.1327,37.51,32.8067,76.75,81.65,6.73,4.57,28.6933,107.6433,131.4,97.7867,110.0833,49.7623,270.0233,215.03,3.9433,6.9067,4.6646,72.8133,66.1767,44.4,51.9267,66.018,rl20,refrigerant_leak,2,fault,530
48.75,45.1287,66.489,70.0837,39.9633,34.9667,71.7867,73.7667,3.4733,4.54,49.9967,108.1133,128.6333,92.7833,111.66,35.604,270.65,215.17,1.8967,5.1833,3.2089,69.8433,66.36,45.16,48.7867,32.4963,rl20,refrigerant_leak,2,fault,550
48.6,44.9923,66.4473,70.022,39.96,34.9533,71.81,73.8333,3.5067,4.5067,50.08,108.7267,129.6033,92.89,112.51,35.5827,270.4167,215.13,1.95,5.0533,3.1936,69.8433,66.32,45.0333,48.7,32.3183,rl20,refrigerant_leak,2,fault,555
53.633,44.8113,80.865,88.9277,38.2467,33.4533,93.2667,110.7833,8.3933,3.75,23.2567,109.5333,136.5,102.2567,113.0133,70.2997,268.97,215.2833,4.3833,6.47,3.9569,88.8933,80.8267,44.6933,53.6733,79.111,rl20,refrigerant_leak,2,fault,580
53.21,44.2017,81.118,89.5373,37.5567,32.8433,93.81,111.9167,8.58,3.7767,23.4833,109.2067,136.3,101.86,113.0533,72.903,268.6267,215.2333,4.5133,6.45,3.8967,89.3067,80.9933,44.0267,53.2233,80.7927,rl20,refrigerant_leak,2,fault,585
52.4937,43.3553,81.1033,89.7393,36.9433,32.27,94.02,112.2333,8.76,3.57,23.4133,108.96,135.8333,102.95,112.9333,74.919,268.9567,215.4133,4.5233,6.1433,3.8488,89.48,80.9667,43.11,52.53,82.0093,rl20,refrigerant_leak,2,fault,590
51.2643,41.6673,81.1487,90.2653,36.48,31.8933,93.7167,111.7,8.2733,3.06,23.0367,108.9133,135.8333,103.16,112.8333,78.5647,268.4633,215.1467,3.7333,4.9333,3.8508,89.9867,81.02,41.4333,51.2967,86.0463,rl20,refrigerant_leak,2,fault,600
46.193,39.8313,80.778,87.0367,37.4267,32.7267,88.53,101.6667,3.1933,1.4467,27.9267,108.4667,134.9667,100.5867,112.45,56.534,269.6867,215.0067,1.8367,2.3633,3.5434,86.67,80.5967,39.79,46.2933,56.975,rl20,refrigerant_leak,2,fault,615
46.371,40.1837,80.5173,86.5577,37.11,32.3967,88.41,101.4833,4.0167,2.15,28.62,108.32,135.0,103.32,112.14,55.6997,269.6033,214.45,2.1133,3.04,3.4903,86.2967,80.3833,40.14,46.5333,55.2923,rl20,refrigerant_leak,2,fault,620
46.8213,40.7037,80.4947,86.47,36.9667,32.27,88.8267,102.1833,5.3067,2.6133,29.5,108.28,134.65,100.6733,112.0667,56.027,270.01,214.5267,2.5767,3.6167,3.432,86.2333,80.4333,40.55,46.8933,54.6897,rl20,refrigerant_leak,2,fault,625
47.0497,40.918,80.6413,86.6303,37.02,32.3067,89.12,102.8067,5.6,2.6867,29.73,108.2467,134.35,101.2933,112.0667,56.3527,269.6133,214.7533,2.6967,3.76,3.4229,86.44,80.5867,40.7733,47.1333,54.859,rl20,refrigerant_leak,2,fault,630
43.5573,39.9933,80.5273,84.3673,37.32,32.6167,85.0033,95.4333,2.2033,2.3367,45.13,108.5933,133.5833,99.9433,113.3367,43.5247,271.0233,214.3467,0.9067,2.6533,2.5695,84.0967,80.36,39.97,43.6333,31.811,rl20,refrigerant_leak,2,fault,645
43.514,39.952,80.393,84.216,37.5833,32.8933,84.81,95.15,1.2267,2.21,44.8333,109.08,133.4333,99.4267,113.8867,43.6,270.7233,214.2433,0.68,2.2633,2.5651,84.1233,80.32,39.8467,43.54,31.809,rl20,refrigerant_leak,2,fault,650
43.4667,39.969,80.2587,83.9843,37.7267,33.0233,84.56,94.7167,0.9033,2.0667,45.4833,109.7567,133.6833,99.58,114.37,42.8873,270.8167,214.6833,0.71,2.1867,2.5661,83.85,80.1533,39.94,43.5467,31.3007,rl20,refrigerant_leak,2,fault,655
43.6207,40.15,80.2513,83.9673,37.8967,33.1467,84.7,95.0167,0.9167,2.0767,45.67,110.4,133.85,99.6933,114.8933,42.8973,270.6167,214.7733,0.8367,2.1767,2.5414,83.8867,80.1467,40.07,43.74,31.0073,rl20,refrigerant_leak,2,fault,660
52.478,41.853,70.2093,80.1297,35.6967,31.1433,84.42,94.5167,8.9,3.3533,20.8767,109.3267,133.3167,100.78,112.1367,71.1883,266.6367,215.1833,4.4167,5.95,4.7051,80.04,70.1033,41.61,52.63,95.2613,rl20,refrigerant_leak,2,fault,680
52.482,41.634,70.3867,80.584,34.8467,30.3967,85.4767,96.3167,9.49,3.4233,20.9667,108.6667,132.95,100.2967,111.13,74.2063,266.6633,215.3333,5.09,6.5767,4.6121,80.3867,70.2267,41.4567,52.6067,97.334,rl20,refrigerant_leak,2,fault,685
52.604,41.6337,70.436,80.76,34.4133,29.9967,85.7967,96.9667,9.6033,3.6133,21.4633,108.0667,133.3,102.08,110.4533,75.974,266.57,214.98,5.2933,7.1,4.5475,80.5133,70.3033,41.49,52.75,98.262,rl20,refrigerant_leak,2,fault,690
45.7683,39.037,70.754,77.293,35.73,31.1867,79.0767,85.1833,3.8867,2.0967,27.14,106.5867,131.2167,99.1433,109.1933,50.705,270.1567,214.9867,2.1067,3.1667,4.1819,76.9667,70.4533,38.88,45.8067,60.3093,rl20,refrigerant_leak,2,fault,705
45.7837,39.3233,70.0987,76.332,36.1167,31.53,78.3033,84.0333,3.5767,2.0733,27.39,106.42,130.9833,98.7833,108.8067,49.2947,270.1467,214.7667,2.0333,3.0633,4.1195,76.2933,69.8933,39.1733,45.8833,57.754,rl20,refrigerant_leak,2,fault,710
45.8267,39.3447,70.1053,76.3027,35.8733,31.2967,78.3733,84.1667,3.8367,2.3933,27.6067,106.5133,130.7833,98.8433,108.7,49.4303,270.3867,215.19,2.0733,3.3533,4.13,76.34,69.9233,39.1967,45.9067,58.0653,rl20,refrigerant_leak,2,fault,715
45.8653,39.39,70.156,76.3467,35.78,31.2367,78.36,84.1,3.8833,2.3933,27.73,106.62,130.7167,98.6933,108.74,49.468,270.5767,215.0333,2.0033,3.4867,4.1222,76.3633,70.0033,39.2467,45.9567,57.9967,rl20,refrigerant_leak,2,fault,720
43.7617,40.195,71.0873,74.8037,37.0133,32.3367,75.87,80.25,2.7633,2.5933,43.8267,106.6467,129.6,96.3133,109.1533,38.244,270.8467,214.62,1.3633,3.0867,2.9324,74.5367,70.81,40.1267,43.67,31.9017,rl20,refrigerant_leak,2,fault,730
43.3693,40.0033,70.4953,74.0767,37.3933,32.7,74.81,78.5667,1.55,2.3733,46.4967,107.1733,129.3,95.5433,110.1433,37.388,270.8267,214.3967,0.8133,2.5133,2.8295,73.9933,70.31,39.9233,43.38,30.088,rl20,refrigerant_leak,2,fault,735
43.3237,40.089,70.2427,73.6433,37.6067,32.9033,74.36,77.98,0.78,2.3133,47.94,108.0333,129.1833,95.1933,111.0833,36.3177,270.8467,214.6,0.9633,2.44,2.7999,73.45,70.0233,40.0433,43.4,28.9207,rl20,refrigerant_leak,2,fault,740
43.5203,40.2257,70.288,73.7203,37.4267,32.7333,74.84,78.62,2.17,2.4533,48.1933,108.8067,129.3833,95.5233,112.04,36.789,271.2433,214.5967,1.0933,2.7,2.8152,73.7333,70.1667,40.16,43.5933,29.4563,rl20,refrigerant_leak,2,fault,745
43.544,40.259,70.356,73.7867,37.2867,32.5933,75.1533,79.1,2.8367,2.53,48.2333,109.3333,129.45,95.84,112.7867,36.8437,270.9667,214.7267,1.3567,2.8633,2.8047,73.74,70.24,40.17,43.6,29.3903,rl20,refrigerant_leak,2,fault,750
49.5057,40.0167,65.1797,74.0433,34.82,30.3633,77.3967,82.55,6.8967,3.0,22.5633,108.6333,131.1833,100.2367,110.5633,60.0823,268.4433,215.0567,3.4467,5.11,4.9769,73.9167,64.9933,39.8867,49.5767,85.0457,rl20,refrigerant_leak,2,fault,770
49.544,40.0953,65.1067,73.92,34.5767,30.18,77.4567,82.65,7.2533,3.1167,22.6167,107.8033,130.6667,99.9667,109.5967,59.976,268.5033,215.1867,3.6767,5.42,4.9678,73.7767,64.9467,40.0267,49.6633,84.741,rl20,refrigerant_leak,2,fault,775
49.595,40.1327,65.1067,73.9067,34.5567,30.16,77.5,82.6833,7.38,3.16,22.45,107.0933,130.8333,100.0667,109.0,59.945,268.6667,215.13,3.6867,5.5167,4.9748,73.7733,64.9367,40.0667,49.7067,84.8137,rl20,refrigerant_leak,2,fault,780
47.7053,40.9943,65.2253,71.544,35.0067,30.53,74.85,78.7,6.1767,3.99,28.9867,106.08,129.0333,97.7167,108.0967,47.5007,269.0867,215.0967,3.6633,5.8667,4.4518,71.2333,65.0767,40.8867,47.7167,60.1417,rl20,refrigerant_leak,2,fault,795
47.6253,40.874,65.318,71.642,34.71,30.2867,74.99,78.9167,6.2,4.0833,29.1,105.9733,128.85,97.6933,107.96,47.6883,268.8633,214.99,3.6767,6.1,4.4592,71.3233,65.1433,40.7867,47.68,60.4813,rl20,refrigerant_leak,2,fault,800
47.644,40.8607,65.37,71.718,34.68,30.2833,75.06,79.0167,6.26,4.04,29.01,105.8067,128.9667,97.91,107.9167,47.776,268.7567,214.71,3.68,6.04,4.4666,71.4133,65.1867,40.7667,47.6933,60.6937,rl20,refrigerant_leak,2,fault,805
47.7213,40.9233,65.406,71.7793,34.7,30.27,75.12,79.1,6.2367,4.1867,29.0,105.58,128.8167,97.6567,107.74,48.0113,268.9567,214.8833,3.6433,6.14,4.4583,71.4833,65.2667,40.8133,47.77,60.8773,rl20,refrigerant_leak,2,fault,810
43.806,40.323,64.8893,68.5123,37.2133,32.5333,69.6233,70.6167,2.2467,2.65,46.3167,106.0133,126.6667,93.0267,108.7933,34.6693,270.44,214.32,1.4967,3.07,3.1572,68.1033,64.6333,40.2767,43.84,31.1273,rl20,refrigerant_leak,2,fault,825
43.952,40.428,64.7087,68.2597,36.28,31.68,69.98,71.0833,3.3367,3.64,47.4733,106.64,126.67,94.0533,109.57,35.1513,270.7833,214.63,1.88,4.11,3.1567,68.1,64.6133,40.3833,44.0,31.5603,rl20,refrigerant_leak,2,fault,830
43.9033,40.3787,64.8863,68.4627,36.5733,31.98,70.1833,71.3833,3.43,3.32,47.1867,107.1933,126.5667,93.5967,110.3433,35.289,270.5967,214.7067,1.87,3.71,3.1467,68.3067,64.77,40.2867,43.91,31.5827,rl20,refrigerant_leak,2,fault,835
43.8473,40.3307,64.8313,68.4057,36.36,31.7633,70.11,71.2833,3.35,3.53,47.1733,107.64,126.62,93.8767,110.88,35.2277,270.85,214.5667,1.8867,3.8633,3.143,68.2033,64.6967,40.27,43.8933,31.492,rl20,refrigerant_leak,2,fault,840
61.339,50.968,86.318,96.0363,42.5033,37.5933,98.69,121.5833,7.7,5.0467,23.8767,107.5067,140.3,103.87,113.67,83.254,266.5,215.59,2.7333,8.3733,3.9326,95.9767,86.1133,50.8667,61.4867,93.116,rl30,refrigerant_leak,3,fault,25
61.2433,50.78,86.378,96.308,42.2033,37.3,100.1733,124.5667,9.02,5.01,23.1433,109.3733,140.7533,101.9567,114.87,85.3677,266.4767,215.9133,4.0267,8.5,3.8792,96.1267,86.2067,50.6933,61.36,94.1863,rl30,refrigerant_leak,3,fault,30
61.158,50.6533,86.3647,96.324,42.0467,37.1467,100.1867,124.55,9.0667,4.9567,23.3933,110.6733,140.9233,103.0633,115.7567,85.5933,266.1733,215.7867,4.0533,8.52,3.8801,96.1267,86.1733,50.56,61.2467,94.4573,rl30,refrigerant_leak,3,fault,35
61.2103,50.7387,86.3807,96.34,42.0567,37.16,100.1933,124.5833,9.0867,5.02,23.3933,111.5333,141.0833,103.17,116.4433,85.52,266.0767,215.8067,4.0333,8.63,3.8734,96.1367,86.21,50.6733,61.3667,94.2123,rl30,refrigerant_leak,3,fault,40
56.678,50.3327,85.509,91.5727,42.9933,38.0833,93.5933,111.4333,5.37,5.4267,33.32,112.59,139.5433,100.4033,117.4933,57.4963,268.4233,215.3267,2.2067,7.39,3.4819,91.3933,85.3033,50.38,56.8867,56.94,rl30,refrigerant_leak,3,fault,55
56.7873,50.4073,85.5623,91.61,42.98,38.0633,93.6367,111.5167,5.4433,5.5067,33.3033,112.69,139.58,100.4633,117.56,57.6687,268.44,215.2467,2.1033,7.4967,3.4894,91.5133,85.37,50.4867,56.9667,57.233,rl30,refrigerant_leak,3,fault,60
56.9587,50.5567,85.6217,91.6783,42.99,38.0867,93.8,111.8667,5.5167,5.6967,33.2433,112.8067,139.64,100.6433,117.6733,57.8857,268.3433,215.3733,2.2833,7.68,3.4882,91.56,85.4333,50.6333,57.1833,57.4267,rl30,refrigerant_leak,3,fault,65
57.1333,50.6733,85.7893,91.8853,43.08,38.19,93.9967,112.1667,5.5733,5.66,33.0433,112.8333,139.45,100.3267,117.7067,58.17,268.5533,214.9833,2.2567,7.7133,3.4966,91.7333,85.6067,50.7833,57.35,57.8517,rl30,refrigerant_leak,3,fault,70
53.88,50.5007,85.928,89.3093,44.1167,39.3033,90.53,105.3167,3.5333,5.83,54.1233,114.7233,138.7067,98.44,120.5733,42.6703,268.3567,215.38,1.3833,6.4267,2.5006,89.1133,85.7533,50.5733,53.9933,30.348,rl30,refrigerant_leak,3,fault,90
53.8653,50.4633,85.9187,89.3067,43.9933,39.1833,90.4533,105.1667,3.3533,5.95,54.3733,115.4867,138.76,98.5433,121.68,42.7523,268.7867,215.29,1.36,6.4867,2.5121,89.12,85.7133,50.52,53.9667,30.544,rl30,refrigerant_leak,3,fault,95
53.7853,50.3847,85.8613,89.2587,44.05,39.2433,90.4167,105.1,3.4,5.77,54.2133,116.1267,138.65,98.3633,122.3533,42.7643,268.66,215.51,1.38,6.3667,2.5128,89.07,85.68,50.39,53.86,30.5627,rl30,refrigerant_leak,3,fault,100
61.7427,50.2657,76.3787,87.2967,41.05,36.1433,91.47,107.1667,9.4333,5.3367,22.0767,114.5033,137.4633,101.1233,118.2967,78.1097,264.4133,215.8033,4.5067,9.04,4.645,86.9667,76.3433,50.05,61.7867,103.19,rl30,refrigerant_leak,3,fault,120
61.372,49.936,76.3027,87.1767,40.84,35.9267,91.28,106.8167,9.3967,5.2,21.91,113.32,137.92,101.35,116.9467,77.7473,263.7133,215.6967,4.44,9.0,4.6479,86.8733,76.3,49.8667,61.5,102.79,rl30,refrigerant_leak,3,fault,125
61.2897,49.8747,76.2573,87.1087,40.7867,35.8333,91.2567,106.8,9.37,5.1433,21.8567,112.33,137.8267,103.1067,115.92,77.6973,264.1667,216.1167,4.4867,9.02,4.6543,86.7733,76.28,49.8067,61.4667,102.8467,rl30,refrigerant_leak,3,fault,130
61.1097,49.8397,76.2293,86.9853,40.88,35.94,90.98,106.1833,9.1633,5.0367,22.0433,111.5833,137.64,101.8567,115.2,76.189,262.2667,215.9933,4.2767,8.83,4.6835,86.6633,76.2133,49.7233,61.0667,101.465,rl30,refrigerant_leak,3,fault,135
57.3213,50.7683,76.3747,82.6467,42.0633,37.1567,84.79,95.0833,5.3533,6.4233,33.3633,110.6733,135.8,97.7333,114.34,50.828,265.7033,215.4833,2.41,8.84,4.0728,82.3567,76.3867,50.89,57.4967,58.8773,rl30,refrigerant_leak,3,fault,145
57.3613,50.8013,76.3507,82.596,42.2667,37.3667,84.8,95.0833,5.39,6.4033,33.4767,110.64,135.6833,97.4967,114.42,50.8723,266.09,215.27,2.41,8.6267,4.0704,82.3767,76.39,50.8833,57.5233,58.893,rl30,refrigerant_leak,3,fault,150
57.3803,50.8027,76.3653,82.6063,42.2667,37.3733,84.84,95.1667,5.33,6.42,33.39,110.72,135.7833,97.5,114.6,50.8903,265.77,215.35,2.3567,8.6433,4.0815,82.4267,76.3567,50.8867,57.5667,59.0777,rl30,refrigerant_leak,3,fault,155
57.3693,50.8,76.372,82.604,42.25,37.3567,84.91,95.3167,5.4033,6.42,33.3667,110.82,136.1833,97.7467,114.7067,50.896,265.5067,215.9267,2.4767,8.63,4.087,82.4267,76.3933,50.9,57.53,59.1593,rl30,refrigerant_leak,3,fault,160
53.271,50.526,76.0387,78.892,43.8733,39.0533,79.86,86.55,2.07,6.2667,62.3667,112.2833,133.3167,93.1333,117.0233,35.198,266.8667,215.5133,1.27,6.8633,2.4616,78.6567,75.8633,50.7467,53.43,24.6443,rl30,refrigerant_leak,3,fault,175
53.3113,50.4407,76.0963,78.968,43.9733,39.16,80.08,86.8833,2.5667,6.1133,62.3767,113.5733,133.4167,93.2733,118.6033,35.6373,266.47,215.3567,1.15,6.4967,2.5419,78.9267,76.03,50.5,53.34,25.765,rl30,refrigerant_leak,3,fault,180
53.1953,50.3527,76.0707,78.9107,43.7333,38.9267,80.08,86.8833,2.58,6.26,62.4833,114.5433,133.6333,93.6967,119.83,35.567,266.5333,215.5733,1.18,6.72,2.5241,78.8867,76.0433,50.42,53.29,25.5337,rl30,refrigerant_leak,3,fault,185
53.138,50.2993,76.123,78.952,43.8,39.0133,80.19,87.0333,2.68,6.2467,62.3533,115.2133,133.55,93.5867,120.59,35.5573,266.09,215.23,1.23,6.5533,2.5173,78.9467,76.0633,50.3733,53.27,25.456,rl30,refrigerant_leak,3,fault,190
59.168,49.4533,71.6113,80.752,40.82,35.8867,84.13,93.9667,7.5733,5.47,25.0167,113.8167,136.0667,99.5633,116.7967,62.786,265.0767,215.5633,3.5567,8.55,4.8863,80.5133,71.39,49.3833,59.36,87.255,rl30,refrigerant_leak,3,fault,210
59.0413,49.36,71.5353,80.644,40.7933,35.8267,83.94,93.6167,7.4733,5.3733,24.9267,112.59,135.9333,99.2633,115.49,62.6313,264.84,215.4833,3.4867,8.5067,4.8784,80.4433,71.3667,49.2867,59.2967,86.9003,rl30,refrigerant_leak,3,fault,215
59.1177,49.405,71.5273,80.6413,40.76,35.8033,84.0767,93.9167,7.5367,5.4067,24.7067,111.5733,135.4833,99.13,114.49,62.63,265.01,215.74,3.6367,8.6133,4.9039,80.4567,71.36,49.38,59.3667,87.353,rl30,refrigerant_leak,3,fault,220
56.34,50.019,66.2367,72.0773,41.3333,36.4367,74.35,77.88,4.7567,6.6833,35.2867,109.52,130.95,93.53,112.3933,42.956,267.1067,215.7267,2.5867,8.8767,4.6502,71.7633,66.0967,50.24,56.5967,56.8097,rl30,refrigerant_leak,3,fault,240
56.563,50.2877,66.246,72.0093,41.16,36.2533,74.41,77.98,4.9,7.06,35.85,109.2867,130.5833,93.39,112.18,43.0943,267.2267,215.96,2.6733,9.2267,4.6058,71.7633,66.13,50.39,56.7933,56.4533,rl30,refrigerant_leak,3,fault,245
56.54,50.2283,66.2673,72.028,41.1167,36.2133,74.4,77.99,4.91,7.0233,35.8167,109.26,130.4833,93.2567,112.1333,43.1303,267.4533,215.4133,2.6333,9.24,4.6135,71.7867,66.1267,50.36,56.7533,56.596,rl30,refrigerant_leak,3,fault,250
54.03,49.8523,65.2283,69.186,41.6833,36.7833,70.5633,71.9333,3.0333,7.1233,48.5267,109.32,128.22,90.2933,112.5233,35.4793,269.6067,215.38,1.7133,8.2767,3.7143,68.85,64.9667,50.01,54.0967,37.4803,rl30,refrigerant_leak,3,fault,265
53.7787,49.7213,64.6897,68.503,42.0567,37.16,69.84,70.9667,2.7267,6.7233,49.9633,109.54,127.74,89.5033,112.94,34.8433,269.6133,215.7933,1.61,7.8533,3.6819,68.2133,64.5067,49.8767,53.8533,36.4927,rl30,refrigerant_leak,3,fault,270
53.7987,49.8693,64.3983,68.0647,42.0633,37.16,69.5167,70.5167,2.8567,6.9467,51.1633,109.8067,127.0867,89.78,113.4033,34.51,269.9267,215.2367,1.6567,7.9833,3.5951,67.8567,64.2833,50.0333,53.8833,35.286,rl30,refrigerant_leak,3,fault,275
53.8027,49.872,64.364,68.0273,42.06,37.1567,69.4,70.3,2.9367,6.9533,51.3433,110.1,127.9333,89.7233,113.8133,34.5083,269.9,215.2133,1.53,7.98,3.5962,67.8667,64.24,50.04,53.8867,35.294,rl30,refrigerant_leak,3,fault,280
56.7367,47.2517,86.0397,94.9873,40.0767,35.0733,96.7267,117.6833,6.3267,4.09,25.1367,110.6533,138.6867,103.2967,114.78,80.316,267.3667,215.59,1.7867,7.05,3.7308,94.98,85.8733,47.1267,56.94,85.2187,rl30,refrigerant_leak,3,fault,305
56.7233,47.2103,86.08,95.114,39.8567,34.8633,98.4567,121.0833,8.01,4.24,24.2167,110.8333,139.1667,103.7233,115.1467,81.1323,267.9833,215.5167,3.4833,7.21,3.7013,94.9933,85.8733,47.06,56.8867,85.4103,rl30,refrigerant_leak,3,fault,310
56.686,47.17,86.068,95.122,39.8767,34.85,98.52,121.1667,8.1033,4.2067,24.1333,110.9533,139.2633,103.74,115.4933,81.1903,267.94,215.69,3.4867,7.2433,3.7011,95.02,85.86,47.0,56.8667,85.4657,rl30,refrigerant_leak,3,fault,315
56.6527,47.1327,86.0287,95.1167,39.8667,34.8633,98.4767,121.1,8.0933,4.1267,24.1,111.08,139.2433,103.7033,115.65,81.2607,267.9467,215.7567,3.5033,7.1067,3.7006,94.98,85.84,46.9667,56.8533,85.529,rl30,refrigerant_leak,3,fault,320
51.758,45.545,86.0717,92.1867,40.4667,35.46,94.0,112.2167,5.12,3.39,31.19,111.1933,138.25,101.8,115.89,59.5377,268.73,215.4867,2.0133,5.0267,3.2956,91.9933,85.9033,45.46,51.9033,55.8063,rl30,refrigerant_leak,3,fault,335
51.9267,45.7267,86.0873,92.1397,40.3833,35.38,94.0967,112.3333,5.2633,3.5833,31.4433,111.1733,138.1433,101.9133,115.87,59.6163,268.7633,215.21,2.0633,5.2967,3.2774,92.0133,85.9067,45.66,52.0633,55.572,rl30,refrigerant_leak,3,fault,340
52.1053,45.8387,86.1913,92.2993,40.4167,35.42,94.3167,112.8167,5.26,3.6333,31.2933,111.1467,138.39,102.8333,115.9933,60.0343,268.7,215.5167,2.16,5.3267,3.2967,92.1667,86.0033,45.77,52.22,56.289,rl30,refrigerant_leak,3,fault,345
51.8327,45.5693,86.1913,92.31,40.34,35.34,94.2933,112.7667,5.2467,3.4667,31.0867,111.12,138.2533,101.89,115.99,60.04,268.6367,215.2367,2.1633,5.07,3.29,92.14,85.9867,45.4433,51.9133,56.1817,rl30,refrigerant_leak,3,fault,350
49.1273,45.753,85.4177,88.9283,40.8733,35.9533,90.1133,104.5533,3.34,4.3733,49.8933,111.6467,136.5667,99.6933,117.3167,43.933,270.0533,215.43,1.3267,4.97,2.4221,88.8,85.27,45.83,49.33,30.268,rl30,refrigerant_leak,3,fault,365
49.1203,45.6357,85.5897,89.18,41.0467,36.15,90.4233,105.0833,3.42,4.08,49.9433,112.4367,136.95,99.75,118.18,44.6173,269.4833,215.1767,1.3767,4.57,2.4635,89.0467,85.3833,45.62,49.17,31.2623,rl30,refrigerant_leak,3,fault,370
48.9007,45.3883,85.5917,89.2133,41.13,36.2367,90.3667,105.05,3.25,3.79,49.52,113.11,136.8333,99.7633,118.8033,44.7107,269.6767,215.2333,1.39,4.2233,2.4745,88.9967,85.37,45.3733,48.9133,31.4653,rl30,refrigerant_leak,3,fault,375
48.8073,45.2887,85.5693,89.1837,41.0667,36.1667,90.3467,104.95,3.2367,3.7733,49.48,113.61,136.8167,99.73,119.33,44.7063,269.7133,214.9233,1.3367,4.24,2.4751,88.9833,85.3667,45.3133,48.8567,31.47,rl30,refrigerant_leak,3,fault,380
57.272,46.314,76.2053,86.6267,38.6933,33.86,90.7267,105.7167,8.8867,4.0133,21.07,112.0767,136.0833,100.7733,115.84,78.4033,266.6167,216.0567,4.2867,7.4133,4.4244,86.45,76.1867,46.1167,57.3667,98.6507,rl30,refrigerant_leak,3,fault,400
56.9173,45.74,76.2053,86.8493,38.0433,33.2633,90.9333,106.0833,9.0767,3.9633,21.2633,111.2267,135.85,102.0567,114.7767,80.7353,266.53,215.5667,4.3567,7.5433,4.3723,86.5733,76.1967,45.5933,57.0667,100.402,rl30,refrigerant_leak,3,fault,405
56.662,45.422,76.2213,86.9513,37.8333,33.08,91.1,106.4333,9.0867,3.8967,21.4033,110.6067,136.0667,103.38,114.0467,81.6127,266.4767,215.8167,4.4133,7.5,4.3529,86.6733,76.2233,45.3,56.85,101.03,rl30,refrigerant_leak,3,fault,410
51.3083,45.1457,76.2027,82.266,39.82,34.8267,84.0367,93.8,4.6067,3.5167,31.5467,109.4667,134.3667,98.7033,113.1667,51.0003,268.4267,215.1667,1.9833,5.2067,3.8084,82.0267,76.16,44.98,51.2767,55.242,rl30,refrigerant_leak,3,fault,425
50.9253,44.7627,76.172,82.1473,39.6167,34.6633,83.98,93.7333,4.6033,3.4367,31.3033,109.4867,134.35,98.7267,113.0,50.9627,268.7133,215.0367,2.0367,5.13,3.8099,81.9533,76.12,44.7333,51.04,55.2237,rl30,refrigerant_leak,3,fault,430
50.9757,44.8173,76.1747,82.1207,39.57,34.6367,84.0667,93.9167,4.6267,3.5233,31.3933,109.5067,133.85,98.3967,113.0067,50.9203,268.6467,215.2633,2.09,5.2267,3.812,81.98,76.1133,44.7933,51.0567,55.2073,rl30,refrigerant_leak,3,fault,435
50.8157,44.688,76.1627,82.0967,39.4533,34.5533,83.99,93.75,4.5967,3.4767,31.4933,109.5,133.8,98.25,112.9867,50.8783,268.2167,215.0867,2.0267,5.2133,3.7985,81.9467,76.0933,44.6,50.8867,54.965,rl30,refrigerant_leak,3,fault,440
48.1773,45.203,75.7093,78.7877,40.7467,35.7833,79.59,86.1333,2.1767,4.1333,55.94,110.5733,132.35,95.48,114.9033,36.4667,269.53,215.2533,1.1067,4.5033,2.5688,78.59,75.63,45.2233,48.2133,26.645,rl30,refrigerant_leak,3,fault,455
48.2867,45.3167,75.7633,78.77,41.0933,36.18,79.82,86.4667,2.45,4.0167,56.36,111.58,132.6667,95.4233,116.2167,36.827,269.53,215.0067,1.12,4.2533,2.5388,78.72,75.72,45.3333,48.3333,26.592,rl30,refrigerant_leak,3,fault,460
48.17,45.2153,75.7833,78.7813,41.1067,36.1933,79.89,86.55,2.49,3.9567,56.13,112.4533,132.5333,95.1933,117.2167,141866702.24,269.4567,215.0167,1.1667,4.17,2.4795,78.73,75.71,45.2533,48.24,26.4943,rl30,refrigerant_leak,3,fault,465
48.106,45.1527,75.7967,78.7867,41.0867,36.1867,79.85,86.5333,2.4533,3.9467,56.12,113.0967,132.6333,95.3167,117.89,36.83,269.3767,215.16,1.14,4.14,2.5298,78.7367,75.7267,45.2067,48.1933,26.5007,rl30,refrigerant_leak,3,fault,470
56.0933,45.185,71.5287,81.8417,37.9,33.15,85.5967,96.5167,8.2033,3.7633,21.6033,112.0267,134.35,100.6267,114.91,72.105,266.2267,215.72,3.92,7.08,4.7819,81.6867,71.33,44.9933,56.2233,98.065,rl30,refrigerant_leak,3,fault,490
56.0177,45.0667,71.4473,81.7883,37.9533,33.19,85.59,96.5,8.1967,3.6233,21.31,110.8833,134.75,100.2067,113.5733,72.1997,266.4933,215.77,3.9367,7.04,4.7939,81.6533,71.2833,44.9933,56.28,98.44,rl30,refrigerant_leak,3,fault,495
56.982,45.866,71.879,82.3733,37.8433,33.1033,86.46,98.0667,8.7933,4.2533,21.13,109.9933,134.3,100.6833,112.66,74.315,266.0533,215.52,4.1067,7.99,4.724,82.34,71.8033,45.8267,57.3067,99.8367,rl30,refrigerant_leak,3,fault,500
51.628,44.2227,66.3787,73.4253,37.65,32.9433,75.96,80.35,5.52,4.3,28.3867,108.12,130.5667,96.8433,110.56,49.7477,269.6133,215.5333,2.8733,6.3967,4.6992,73.0767,66.1933,44.0633,51.7167,66.4893,rl30,refrigerant_leak,3,fault,520
51.4287,44.0333,66.286,73.242,37.5167,32.82,75.81,80.0833,5.48,4.1967,28.13,107.7767,130.4,96.6767,110.07,49.644,269.2333,215.3767,2.82,6.4033,4.6973,73.0,66.1667,43.9,51.5667,66.3237,rl30,refrigerant_leak,3,fault,525
51.4513,44.0587,66.2953,73.2327,37.5167,32.8167,75.81,80.0667,5.5167,4.1833,28.0967,107.4533,130.4167,96.64,109.6967,49.6553,269.3367,215.37,2.79,6.4867,4.6942,73.0,66.1533,43.9667,51.6067,66.2933,rl30,refrigerant_leak,3,fault,530
48.5393,44.8893,66.5413,70.165,40.0567,35.0567,71.1233,72.8667,2.3467,4.33,49.4933,108.22,126.92,91.73,111.3967,35.1337,269.79,215.28,1.2233,4.9,3.277,69.9033,66.37,44.95,48.5767,32.7337,rl30,refrigerant_leak,3,fault,550
48.999,45.6043,66.2553,69.5953,40.11,35.1267,70.85,72.4333,2.4667,4.88,52.4667,108.7467,126.47,91.1533,112.1767,34.526,269.8367,214.9267,1.37,5.59,3.0984,69.5167,66.14,45.7267,49.15,30.431,rl30,refrigerant_leak,3,fault,555
49.0567,45.5627,66.4167,69.9007,40.3633,35.3533,71.05,72.7,2.48,4.68,51.5867,109.2467,126.9467,91.34,112.8767,34.852,270.2533,215.24,1.28,5.2267,3.1659,69.7667,66.2733,45.5933,49.1033,31.3817,rl30,refrigerant_leak,3,fault,560
51.2703,41.6497,81.343,90.5263,36.4433,31.8367,92.96,110.1667,5.4567,2.9833,21.9767,109.3333,135.05,103.5,112.6833,77.95,267.4667,215.3167,2.5,4.9467,3.8944,90.4733,81.25,41.4067,51.33,86.336,rl30,refrigerant_leak,3,fault,585
50.9663,41.3147,81.3453,90.6273,36.1167,31.5167,93.0067,110.2667,5.58,2.9433,22.4067,109.0467,135.35,102.6167,112.59,78.9213,267.2667,215.5333,2.45,4.9767,3.8615,90.4933,81.2433,41.0833,51.04,86.6773,rl30,refrigerant_leak,3,fault,590
50.8887,41.1833,81.322,90.6513,36.2133,31.6133,93.04,110.3333,5.3233,2.8,22.2033,108.88,135.35,103.3867,112.56,79.241,267.0867,215.4067,2.4533,4.7867,3.8656,90.6,81.2533,40.9867,51.0133,87.1203,rl30,refrigerant_leak,3,fault,595
50.9827,41.2667,81.3493,90.6793,36.2267,31.64,93.06,110.35,5.33,2.8033,22.1567,108.7267,135.35,102.2533,112.56,79.2523,267.29,214.9567,2.46,4.84,3.86,90.5733,81.2733,41.0133,51.0733,87.0057,rl30,refrigerant_leak,3,fault,600
46.4587,40.2373,80.9963,87.1937,36.7367,32.1067,88.65,101.9333,2.16,2.41,28.49,108.5267,134.2833,101.2067,112.2,56.7927,268.7633,215.18,1.7467,3.4233,3.4541,86.9333,80.8767,40.14,46.6333,55.786,rl30,refrigerant_leak,3,fault,615
46.5273,40.2737,81.0513,87.2473,36.96,32.2567,88.64,101.9,1.1233,2.25,28.1767,108.52,134.3167,100.8867,112.0867,57.1577,268.81,214.85,1.5867,3.17,3.4474,87.1167,80.9133,40.1333,46.66,56.041,rl30,refrigerant_leak,3,fault,620
46.5487,40.31,81.07,87.2273,36.9533,32.2433,88.63,101.8667,1.1333,2.2967,28.1267,108.4067,134.1333,101.1033,112.04,57.1133,269.5267,215.07,1.6167,3.21,3.4461,87.0633,80.9267,40.1767,46.7067,55.9773,rl30,refrigerant_leak,3,fault,625
46.578,40.3573,81.0873,87.2367,36.9667,32.2667,88.7367,102.0167,1.1467,2.34,28.0833,108.34,134.0,100.9433,111.94,57.0993,269.53,215.0167,1.63,3.2333,3.4331,87.0533,80.9133,40.2033,46.74,55.753,rl30,refrigerant_leak,3,fault,630
44.0057,40.5173,80.3777,84.0747,37.4133,32.7267,84.9567,95.4,2.15,2.64,46.3667,108.8067,133.0833,99.46,113.2033,43.0573,270.6833,214.8833,0.9867,3.0133,2.5504,83.96,80.4167,40.44,44.1267,31.2307,rl30,refrigerant_leak,3,fault,645
44.1067,40.512,80.8433,84.6107,37.5767,32.8833,85.3867,96.1,1.61,2.4967,45.2567,109.5067,133.0167,99.0933,114.1567,43.732,270.6833,214.83,0.8,2.8067,2.5849,84.5333,80.76,40.41,44.1467,32.1527,rl30,refrigerant_leak,3,fault,650
43.897,40.3533,80.696,84.4437,37.2467,32.5567,85.12,95.6667,1.81,2.6467,45.8933,110.06,133.2667,99.6033,114.74,43.449,270.6633,215.0233,0.8467,2.98,2.5735,84.26,80.5733,40.2233,43.92,31.8033,rl30,refrigerant_leak,3,fault,655
43.9563,40.4373,80.6067,84.2987,37.19,32.49,85.19,95.8,2.41,2.7933,46.2567,110.4933,132.7667,99.2333,115.1467,43.2393,270.3867,214.8933,1.0467,3.19,2.5645,84.1933,80.5067,40.36,44.0467,31.5387,rl30,refrigerant_leak,3,fault,660
52.8957,41.6763,71.1333,81.7577,35.4033,30.9167,84.91,95.3667,6.1767,3.1533,20.8933,109.4267,132.8167,100.45,112.1067,77.0603,265.9933,215.4067,3.23,5.98,4.5943,81.7467,70.9733,41.3967,52.98,100.6867,rl30,refrigerant_leak,3,fault,680
52.675,41.1533,71.2393,82.233,34.9233,30.4567,85.3867,96.1167,6.2433,3.1,21.06,108.7933,132.9667,99.6367,111.2133,80.56,265.9167,215.2833,3.19,6.02,4.5091,82.1533,71.13,40.95,52.7533,103.3067,rl30,refrigerant_leak,3,fault,685
52.7107,41.1583,71.2577,82.3213,34.8633,30.4,85.37,96.0833,6.17,3.12,21.41,108.3867,133.0667,102.3667,110.8333,80.899,265.8667,215.56,3.1767,6.0933,4.5081,82.1933,71.1133,40.9667,52.81,103.72,rl30,refrigerant_leak,3,fault,690
46.7217,39.983,71.3773,77.9673,36.1433,31.5367,79.57,86.05,0.98,2.5433,26.94,107.46,130.8667,98.5433,109.8267,51.4647,269.08,215.06,1.8067,3.7033,4.1257,77.8067,71.1733,39.7767,46.6933,60.39,rl30,refrigerant_leak,3,fault,705
46.3887,39.6547,71.276,77.774,35.7733,31.25,79.51,85.9,0.9133,2.5833,26.7,107.2733,130.5333,98.44,109.38,51.3547,269.22,215.1167,1.8133,3.7333,4.1324,77.7233,71.1333,39.5267,46.44,60.3577,rl30,refrigerant_leak,3,fault,710
46.39,39.6667,71.2817,77.7527,35.84,31.2733,79.49,85.8833,0.9,2.5867,26.7333,107.1267,130.5833,98.46,109.1533,51.3377,269.2133,215.0067,1.7833,3.74,4.125,77.7,71.15,39.58,46.4667,60.2307,rl30,refrigerant_leak,3,fault,715
46.4473,39.744,71.3293,77.7793,35.8533,31.29,79.45,85.8667,0.8433,2.5567,26.7533,107.08,130.6,98.4267,109.1067,51.3607,269.3933,215.37,1.7233,3.8533,4.1172,77.75,71.1667,39.7,46.5467,60.146,rl30,refrigerant_leak,3,fault,720
43.363,39.92,71.453,75.0953,36.9733,32.3067,75.7633,80.0667,1.4767,2.5133,46.0733,107.7033,129.05,95.7133,110.5667,37.8813,269.9333,214.9467,0.87,2.9233,2.8614,74.9367,71.2333,39.9,43.3667,30.838,rl30,refrigerant_leak,3,fault,735
43.644,40.327,71.3227,74.832,37.4867,32.7867,75.62,79.8333,0.93,2.4233,47.0433,108.38,128.1967,95.2533,111.43,37.4833,270.1,214.8133,0.8067,2.7333,2.7854,74.8,71.16,40.2,43.76,29.6933,rl30,refrigerant_leak,3,fault,740
43.7473,40.4147,71.3167,74.7813,37.0833,32.3767,75.84,80.05,1.9267,2.8867,47.82,108.96,128.9333,95.6533,112.14,37.3873,269.9167,214.7133,1.0433,3.2867,2.8047,74.73,71.1433,40.36,43.85,29.825,rl30,refrigerant_leak,3,fault,745
44.0317,40.671,71.3727,74.8393,37.26,32.5733,75.92,80.3167,2.2167,2.9167,48.2067,109.4467,129.0667,95.5867,112.91,37.4543,270.3867,214.7,1.0933,3.28,2.8203,74.8467,71.1867,40.56,44.1133,30.0453,rl30,refrigerant_leak,3,fault,750
50.6833,40.42,67.3593,77.08,35.0667,30.5767,79.87,86.5333,4.14,2.79,20.9867,109.04,131.1667,100.0167,110.7733,66.284,267.2867,215.43,2.8167,5.13,4.887,77.0633,67.2633,40.2167,50.8367,92.1337,rl30,refrigerant_leak,3,fault,770
50.5953,40.296,67.362,77.1027,34.8733,30.4233,79.89,86.55,3.8233,2.87,20.98,108.4533,131.3667,100.4533,109.9167,66.5007,267.0567,215.6433,2.8333,5.2333,4.8927,77.04,67.2433,40.1267,50.6867,92.5363,rl30,refrigerant_leak,3,fault,775
50.5607,40.2047,67.31,77.0813,34.8,30.3767,79.84,86.4667,3.78,2.8567,20.86,107.92,131.4167,99.75,109.2867,66.6657,267.5733,215.1867,2.7867,5.2733,4.8946,77.05,67.2133,40.0733,50.6433,92.8053,rl30,refrigerant_leak,3,fault,780
47.3083,39.9857,66.459,73.5537,34.8033,30.3533,75.57,79.7,4.29,3.1867,26.7133,106.9,128.38,97.8233,108.36,50.616,268.0167,214.8567,2.2667,5.0833,4.5536,73.25,66.2767,39.8667,47.25,65.5507,rl30,refrigerant_leak,3,fault,795
47.0697,39.882,66.2273,73.129,35.1233,30.6033,75.0,78.9167,3.6467,2.9467,26.71,106.6067,129.0333,97.5067,108.0333,49.7,268.1433,214.9333,2.1067,4.7333,4.5541,72.8833,66.1,39.8567,47.17,64.3737,rl30,refrigerant_leak,3,fault,800
47.1593,39.9527,66.238,73.1313,35.1667,30.66,75.01,78.9333,3.4433,2.9333,26.5433,106.3667,129.92,97.6367,107.83,49.754,268.1367,215.3367,2.0333,4.7633,4.5698,72.9833,66.1233,39.9033,47.2467,64.668,rl30,refrigerant_leak,3,fault,805
47.2997,40.078,66.2873,73.1633,35.2367,30.73,75.07,79.0,3.3633,2.9733,26.5167,106.2733,128.9833,97.4133,107.7267,49.812,268.1167,215.19,2.0167,4.82,4.5711,73.01,66.1233,40.0333,47.39,64.7597,rl30,refrigerant_leak,3,fault,810
43.7017,39.8457,66.455,70.465,36.11,31.5467,71.3433,73.15,2.05,3.14,43.3533,106.6933,125.8733,94.1233,108.9133,36.9653,268.6467,214.9367,1.1933,3.68,3.2796,70.1,66.1867,39.7933,43.6633,34.489,rl30,refrigerant_leak,3,fault,825
43.4857,39.7977,66.1253,69.93,36.8167,32.1667,70.73,72.2333,1.4333,2.4,44.1,107.0467,126.4167,93.33,109.46,36.264,268.8567,214.6267,1.0033,2.9867,3.1984,69.73,65.95,39.7467,43.5267,32.991,rl30,refrigerant_leak,3,fault,830
43.6367,40.026,66.0427,69.778,37.1167,32.42,70.66,72.0833,1.02,2.3433,44.3967,107.4133,127.3833,93.2333,110.0133,36.0397,268.9,214.7033,0.9467,2.8967,3.1493,69.6767,65.8733,40.0,43.78,32.281,rl30,refrigerant_leak,3,fault,835
43.7073,40.0927,66.0817,69.8033,37.15,32.4433,70.64,72.1333,0.9833,2.4433,44.5767,107.7633,126.68,93.3533,110.4533,36.0553,268.77,214.6767,1.0033,2.9,3.1513,69.69,65.9167,40.0267,43.81,32.313,rl30,refrigerant_leak,3,fault,840
60.94,50.4487,86.09,95.9433,41.86,36.9567,97.66,119.4833,5.2033,4.9733,23.76,110.7067,140.8867,103.3867,114.89,83.569,266.34,215.3267,1.7667,8.4833,3.9591,95.8933,85.9033,50.3567,61.0067,94.1003,rl40,refrigerant_leak,4,fault,25
60.855,50.334,86.1007,96.0127,41.66,36.76,98.7133,121.6,6.1733,5.1233,22.9367,111.2333,139.91,102.8,115.7067,84.2903,265.94,215.6967,2.75,8.6267,3.9458,95.9667,85.9033,50.2833,60.96,94.5953,rl40,refrigerant_leak,4,fault,30
60.9093,50.338,86.15,96.1297,41.6267,36.7233,98.8233,121.7333,6.2233,5.0867,23.07,111.77,140.56,104.31,116.1733,85.0013,266.42,215.5167,2.7567,8.6533,3.9262,96.0467,85.9667,50.3033,61.02,94.9187,rl40,refrigerant_leak,4,fault,35
60.8223,50.212,86.1767,96.2067,41.6067,36.7033,98.8733,121.9167,6.37,5.0,23.12,112.1733,140.3833,104.1167,116.4967,85.526,266.1833,215.5967,2.7933,8.54,3.9181,96.11,85.9633,50.14,60.91,95.3083,rl40,refrigerant_leak,4,fault,40
56.573,50.208,85.2573,91.3597,43.0833,38.1867,92.6833,109.65,3.4433,5.1633,32.6733,112.3133,139.6,100.41,116.8867,57.1277,267.9567,215.12,1.39,7.13,3.5109,91.2933,85.14,50.24,56.71,57.046,rl40,refrigerant_leak,4,fault,55
56.5027,50.1427,85.2993,91.3583,43.0267,38.1233,92.62,109.5833,3.41,5.1933,32.73,112.45,139.9333,100.67,117.0,57.097,268.32,215.31,1.4133,7.1733,3.5126,91.2267,85.0433,50.19,56.7467,57.042,rl40,refrigerant_leak,4,fault,60
56.9043,50.493,85.366,91.4553,43.05,38.1467,92.8533,109.9333,3.46,5.5133,32.7,112.5367,139.5867,100.3133,117.1067,57.336,268.3667,215.4767,1.4367,7.5833,3.53,91.4,85.2167,50.61,57.17,57.5643,rl40,refrigerant_leak,4,fault,65
57.1773,50.649,85.486,91.6647,43.1367,38.24,93.0967,110.4333,3.57,5.5367,32.3667,112.81,139.9367,99.8867,117.3167,57.9353,268.4967,215.2,1.4733,7.58,3.5522,91.6167,85.3167,50.7067,57.3833,58.532,rl40,refrigerant_leak,4,fault,70
53.5343,50.0977,85.6387,89.1123,43.77,38.97,89.58,103.61,1.8267,5.81,52.3133,113.6767,138.6133,98.4767,119.0467,42.095,269.46,214.9267,0.9467,6.4667,2.5678,88.6467,85.3033,50.2167,53.5967,30.7347,rl40,refrigerant_leak,4,fault,85
53.6133,50.2367,85.4153,88.8273,43.8033,39.0033,89.5433,103.57,2.1733,5.91,54.17,114.4567,138.6367,98.6233,120.1967,42.292,269.48,214.98,0.95,6.5267,2.5111,88.5933,85.23,50.33,53.7533,30.2043,rl40,refrigerant_leak,4,fault,90
53.596,50.203,85.31,88.665,43.6333,38.8233,89.44,103.31,2.27,6.09,54.4567,115.3333,137.7633,97.9933,121.1867,42.2243,269.46,214.7367,1.0167,6.7,2.5226,88.38,85.0933,50.32,53.7467,30.2937,rl40,refrigerant_leak,4,fault,95
53.548,50.1493,85.298,88.644,43.6233,38.8167,89.4567,103.3767,2.2667,6.03,54.7167,116.07,138.23,98.4633,121.98,42.2323,269.34,215.0467,1.0633,6.6333,2.5297,88.4,85.08,50.2633,53.6667,30.3867,rl40,refrigerant_leak,4,fault,100
61.3237,50.04,76.0263,86.6827,41.0133,36.1133,89.6267,103.7667,6.2033,5.2567,22.0967,114.6533,138.4133,101.7033,118.0867,75.4773,264.4267,215.4467,3.1567,8.9467,4.7184,86.5133,75.9767,49.9767,61.4967,101.2933,rl40,refrigerant_leak,4,fault,120
61.379,50.068,76.0197,86.696,40.8333,35.93,89.6133,103.6833,6.2333,5.32,22.1267,113.52,137.8867,101.4267,116.6567,75.7507,264.44,215.59,3.1133,9.1633,4.715,86.5133,75.9733,49.9867,61.5167,101.58,rl40,refrigerant_leak,4,fault,125
61.1687,49.8587,75.9753,86.6507,40.8133,35.88,89.5567,103.6,6.2167,5.11,22.08,112.6933,137.8933,103.2933,115.7533,75.7183,264.5967,215.2967,3.1,8.9533,4.7136,86.4567,75.94,49.7533,61.2633,101.5133,rl40,refrigerant_leak,4,fault,130
57.006,50.643,75.8273,81.7937,42.3267,37.3867,83.26,92.45,3.35,6.3833,34.07,111.31,135.1,96.6833,114.6867,49.4023,267.02,215.12,1.53,8.4733,4.058,81.74,75.82,50.76,57.2333,57.0177,rl40,refrigerant_leak,4,fault,155
57.1227,50.7187,75.93,81.9553,42.3367,37.43,83.4467,92.6833,3.3467,6.3633,33.96,111.5,135.3833,97.08,114.7933,49.6273,266.9267,215.1267,1.5933,8.52,4.0683,81.85,75.9233,50.83,57.34,57.4227,rl40,refrigerant_leak,4,fault,160
53.2073,50.4407,75.4347,78.265,44.05,39.26,79.14,85.3167,1.8767,6.13,64.1567,113.8533,133.2833,93.0767,118.87,35.1913,266.4167,214.6667,0.8267,6.4367,2.4744,78.3467,75.5633,50.4733,53.2933,24.7667,rl40,refrigerant_leak,4,fault,180
52.9907,50.226,75.576,78.4073,43.85,39.0567,79.22,85.4,1.6933,6.1733,63.25,114.8,133.1,93.0133,119.9733,35.0777,266.7133,215.3767,0.8433,6.4633,2.488,78.3433,75.59,50.3233,53.14,24.824,rl40,refrigerant_leak,4,fault,185
52.912,50.14,75.6623,78.482,43.9333,39.1367,79.33,85.6,1.67,6.0567,63.3033,115.4833,133.9,93.6667,120.77,35.1257,266.5667,214.9367,0.88,6.3267,2.4834,78.4133,75.6533,50.2633,53.0733,24.8107,rl40,refrigerant_leak,4,fault,190
58.848,50.095,70.1003,78.2587,41.1333,36.2333,80.76,88.0167,4.62,6.05,27.6833,115.1567,134.6833,97.71,118.6033,56.5073,265.78,215.68,2.47,8.93,4.8934,78.2967,69.97,50.1,59.0533,78.6453,rl40,refrigerant_leak,4,fault,205
58.7907,49.908,70.104,78.3553,40.92,36.02,80.77,87.9833,4.5033,5.96,26.9433,113.84,134.7833,97.95,116.6667,56.5297,266.0533,215.3167,2.44,9.0,4.9563,78.3067,69.94,49.92,58.9433,79.685,rl40,refrigerant_leak,4,fault,210
58.7123,49.798,70.0217,78.2653,40.8467,35.92,80.59,87.7167,4.5,5.96,26.9033,112.7167,134.2,97.7,115.24,56.4877,265.8067,215.2767,2.33,8.9533,4.9756,78.25,69.8633,49.8467,58.84,79.9393,rl40,refrigerant_leak,4,fault,215
58.7283,49.8173,70.0443,78.287,40.84,35.9133,80.64,87.8,4.4733,5.9333,26.8567,111.8267,134.5,97.8567,114.28,56.5117,265.62,215.3433,2.4133,9.0,4.975,78.2433,69.89,49.8533,58.87,79.9627,rl40,refrigerant_leak,4,fault,220
56.0193,49.841,65.4873,71.279,40.8533,35.9367,72.7433,75.4333,2.8767,6.9133,36.0567,110.17,130.45,93.5467,112.58,41.9713,267.5967,215.6067,1.77,9.1733,4.6549,71.01,65.3167,50.0233,56.2133,55.5663,rl40,refrigerant_leak,4,fault,235
56.0073,49.818,65.45,71.1693,40.8333,35.9067,72.74,75.3833,3.04,6.9233,36.04,109.7067,130.2167,93.4867,112.1933,41.987,267.4033,215.1333,1.7333,9.1633,4.6499,70.9767,65.31,50.0,56.1733,55.5267,rl40,refrigerant_leak,4,fault,240
56.0087,49.8257,65.4673,71.1573,40.8267,35.9167,72.7033,75.2667,3.0133,6.92,36.18,109.4133,130.35,93.42,112.0333,42.0017,267.6667,215.2933,1.6567,9.1333,4.6476,71.0333,65.3167,49.9367,56.1933,55.52,rl40,refrigerant_leak,4,fault,245
56.01,49.852,65.478,71.1693,40.8467,35.9333,72.7867,75.5,3.0033,6.92,36.03,109.22,130.2333,93.3967,111.8933,41.988,267.5233,215.37,1.8067,9.1933,4.6324,71.02,65.32,50.02,56.2,55.3197,rl40,refrigerant_leak,4,fault,250
53.489,49.902,63.0827,66.502,41.8567,36.9533,67.1833,67.2667,1.23,7.15,54.26,109.2467,126.8133,88.7767,112.49,32.9223,269.8233,215.22,0.96,8.2167,3.4373,66.2633,62.8767,50.0733,53.5867,32.186,rl40,refrigerant_leak,4,fault,265
53.483,49.8667,63.0723,66.4327,41.3333,36.4267,67.31,67.4333,1.4833,7.6667,55.1267,109.5533,127.5833,89.43,113.1367,33.0793,269.8433,214.9533,1.0833,8.7267,3.4467,66.3133,62.89,50.04,52.7267,32.4283,rl40,refrigerant_leak,4,fault,270
53.43,49.7953,63.0453,66.4087,41.3,36.4033,67.3867,67.5,1.48,7.6467,55.0667,109.8467,125.8067,89.0567,113.6333,33.0647,269.89,215.0,1.0833,8.7067,3.4658,66.2733,62.8733,49.9967,52.66,32.594,rl40,refrigerant_leak,4,fault,275
53.426,49.7737,63.0653,66.4153,41.3067,36.4,67.3733,67.4833,1.5133,7.6367,55.0633,110.18,127.1267,89.65,113.92,33.0863,269.6033,214.8533,1.0667,8.6833,3.4757,66.2533,62.89,49.9833,54.3133,32.7077,rl40,refrigerant_leak,4,fault,280
55.9207,46.431,85.4237,94.2217,40.02,35.0167,94.5933,113.3333,2.7333,3.5167,24.0967,110.6,138.3,102.68,113.9067,78.7433,267.4433,215.45,0.1367,6.24,3.8039,94.4933,85.2867,46.2333,56.0333,85.1877,rl40,refrigerant_leak,4,fault,300
55.5867,45.882,85.6513,94.845,39.46,34.53,95.6667,115.4733,3.3833,3.3867,23.89,110.58,138.31,102.3,114.2667,81.705,267.3467,215.18,0.7433,6.26,3.7445,94.9133,85.4433,45.72,55.7033,87.0137,rl40,refrigerant_leak,4,fault,305
55.3133,45.6027,85.6387,94.9353,39.29,34.39,97.13,118.45,4.7867,3.3067,22.6033,110.5867,138.5167,103.3367,114.6667,82.236,267.2933,215.3567,2.2367,6.1733,3.7256,94.9133,85.4033,45.4467,55.4733,87.1363,rl40,refrigerant_leak,4,fault,310
55.235,45.5387,85.601,94.93,39.2533,34.3467,97.1067,118.3167,4.7333,3.27,22.58,110.66,138.0933,104.0567,114.84,82.2307,267.52,215.3333,2.2033,6.1267,3.7221,94.8867,85.3667,45.39,55.4,87.0517,rl40,refrigerant_leak,4,fault,315
55.2167,45.508,85.5447,94.8953,39.2033,34.31,97.1267,118.4,4.7567,3.25,22.5833,110.7733,138.51,103.45,114.9667,82.2223,267.1967,215.2267,2.2667,6.15,3.7254,94.8667,85.34,45.37,55.4267,87.119,rl40,refrigerant_leak,4,fault,320
51.3727,45.1403,85.6587,91.772,39.98,34.9767,92.9867,110.2167,2.94,3.3967,30.96,110.7733,137.9767,102.15,115.1533,59.1177,268.4533,215.0267,1.3367,5.0433,3.3213,91.68,85.4267,45.0167,51.3933,55.8443,rl40,refrigerant_leak,4,fault,335
51.1,44.936,85.4783,91.493,40.04,35.0333,92.6233,109.5167,2.73,3.2067,31.3333,110.78,137.6333,101.6633,115.1933,58.3163,268.11,215.2667,1.31,4.8733,3.333,91.32,85.25,44.9067,51.2167,55.2813,rl40,refrigerant_leak,4,fault,340
51.4523,45.358,85.3727,91.329,40.1733,35.18,92.57,109.4167,3.0233,3.5267,31.67,110.7533,138.0733,103.7467,115.1933,58.027,268.3667,214.93,1.3467,5.13,3.3073,91.2267,85.2233,45.3633,51.6367,54.5833,rl40,refrigerant_leak,4,fault,345
51.7283,45.632,85.5283,91.494,40.2533,35.2533,92.7167,109.6833,3.0867,3.65,31.7033,110.7867,137.83,101.7633,115.3367,58.2577,268.3833,215.24,1.27,5.2933,3.302,91.4467,85.34,45.5867,51.8533,54.7133,rl40,refrigerant_leak,4,fault,350
48.5147,45.0273,85.2387,88.8947,40.72,35.73,89.47,103.3667,1.73,3.84,48.9467,111.5433,136.7333,100.1333,116.91,44.294,269.3367,214.8667,0.9033,4.2833,2.4782,88.5667,84.9767,45.0,48.6167,31.2183,rl40,refrigerant_leak,4,fault,365
48.424,44.8867,85.155,88.802,40.6867,35.6933,89.52,103.5167,1.99,3.7633,49.0833,112.2767,136.35,99.74,117.7467,44.4933,269.5267,214.9133,0.9833,4.19,2.5002,88.5533,84.9233,44.8767,48.44,31.64,rl40,refrigerant_leak,4,fault,370
48.3063,44.7907,85.2173,88.846,40.72,35.7167,89.5967,103.6167,1.9867,3.65,48.9767,112.8667,136.2667,99.69,118.3167,44.4687,269.2967,214.71,0.9567,4.0533,2.4859,88.6067,84.9767,44.8033,48.3533,31.44,rl40,refrigerant_leak,4,fault,375
48.5477,45.1337,85.1403,88.6377,40.8267,35.8967,89.42,103.2633,1.94,3.8867,50.2167,113.3033,136.55,99.5867,118.8433,43.6563,269.4,214.8233,1.0,4.35,2.4605,88.4067,84.9133,45.18,48.7133,30.551,rl40,refrigerant_leak,4,fault,380
56.7197,45.7573,75.8487,86.2543,38.3167,33.5167,89.1967,102.94,5.6533,3.8133,20.9733,112.2767,135.4333,102.1467,115.4667,77.4577,266.4967,215.22,3.0467,7.27,4.4627,86.1667,75.8833,45.5733,56.8767,98.31,rl40,refrigerant_leak,4,fault,400
56.332,45.282,75.8473,86.394,37.91,33.14,89.16,102.8433,5.64,3.77,21.0967,111.3867,136.0,102.2567,114.4333,78.3597,266.5067,215.3833,2.9567,7.2567,4.4495,86.1967,75.8367,45.1333,56.5567,99.161,rl40,refrigerant_leak,4,fault,405
56.2973,45.2193,75.83,86.3753,37.8233,33.09,89.2,102.9733,5.7333,3.7133,21.0933,110.6867,136.0833,100.7567,113.5767,78.571,266.62,215.1333,3.0533,7.3067,4.4436,86.1633,75.7933,45.1533,56.54,99.3017,rl40,refrigerant_leak,4,fault,410
50.6053,44.4427,75.83,81.8487,39.25,34.3567,83.04,92.1,2.38,3.4367,31.0633,109.5733,134.3,99.0367,112.47,50.6477,268.1233,214.7233,1.38,5.0433,3.8279,81.6967,75.76,44.31,50.5867,55.143,rl40,refrigerant_leak,4,fault,425
50.124,44.0067,75.711,81.6533,39.13,34.2233,82.82,91.6667,2.0633,3.2267,30.8633,109.5133,133.8167,98.5933,112.3533,50.5707,268.53,214.8133,1.2533,4.7433,3.8056,81.54,75.6533,43.88,50.1767,54.7357,rl40,refrigerant_leak,4,fault,430
50.5593,44.462,75.4987,81.3353,39.2067,34.3067,82.52,91.1333,2.3567,3.53,31.66,109.48,133.8167,98.6767,112.32,49.8493,268.03,214.9633,1.2467,5.1933,3.8486,81.26,75.5133,44.4067,50.66,54.5653,rl40,refrigerant_leak,4,fault,440
48.118,45.166,75.081,78.132,40.7867,35.8233,79.7333,84.9167,1.3833,4.0933,56.22,110.5267,132.5667,95.7967,114.45,36.3267,269.32,214.9167,0.82,4.4633,2.5609,78.0867,75.0167,45.2233,48.1767,26.4583,rl40,refrigerant_leak,4,fault,455
48.0593,45.1473,75.236,78.2653,40.8533,35.93,78.1567,85.1,1.28,3.9933,56.5,111.5267,132.4833,95.5433,115.7767,36.3767,269.0767,214.6133,0.79,4.2933,2.5183,78.2433,75.1467,45.1733,48.12,26.0533,rl40,refrigerant_leak,4,fault,460
47.986,45.094,75.172,78.208,40.8067,35.86,78.1267,85.0333,1.2733,4.06,56.51,112.4167,132.4167,95.2933,116.7767,36.4037,269.1833,215.0967,0.79,4.24,2.5043,78.1667,75.0933,45.1067,48.0533,25.9303,rl40,refrigerant_leak,4,fault,465
47.966,45.0723,75.232,78.24,40.8133,35.8867,79.01,85.1333,1.3133,4.05,56.55,113.14,132.7833,95.9433,117.5267,36.4007,269.0067,215.01,0.8367,4.24,2.5048,78.2067,75.14,45.0467,48.0267,25.9317,rl40,refrigerant_leak,4,fault,470
55.9413,45.028,70.8147,81.1163,37.6433,32.9267,83.7467,93.2667,4.93,3.82,21.7133,112.2667,134.5667,100.21,114.6533,71.0327,266.3233,215.19,2.7867,7.19,4.8429,80.9833,70.62,44.84,56.0367,97.8407,rl40,refrigerant_leak,4,fault,490
55.665,44.7947,70.542,80.8187,37.3733,32.68,83.4533,92.7333,5.0167,3.8567,21.6167,111.29,134.5667,101.38,113.3267,70.596,266.5867,215.3167,2.7367,7.3067,4.8572,80.6967,70.37,44.7067,55.8133,97.527,rl40,refrigerant_leak,4,fault,495
55.7237,44.8413,70.538,80.7947,37.3667,32.6467,83.4167,92.6333,4.9867,3.9067,21.54,110.49,134.3167,101.0167,112.4067,70.6567,266.51,215.45,2.6933,7.4133,4.8597,80.7067,70.3633,44.76,55.9267,97.6597,rl40,refrigerant_leak,4,fault,500
51.268,44.4747,65.106,71.5343,37.8333,33.0833,72.9533,75.7167,2.6967,4.6567,30.6233,108.6267,129.5333,95.6267,110.52,45.348,269.8467,215.07,1.9367,6.6833,4.7219,71.1,64.8333,44.5,51.3833,60.892,rl40,refrigerant_leak,4,fault,515
51.304,44.486,64.9853,71.3013,37.82,33.1,73.0333,75.8333,3.02,4.5833,30.4533,108.2,129.5833,95.6133,109.97,45.5563,269.4067,215.0133,1.9167,6.63,4.7144,71.1467,64.8533,44.5,51.4067,61.0837,rl40,refrigerant_leak,4,fault,520
51.43,44.6133,65.0613,71.369,37.81,33.0767,73.2567,76.1,3.08,4.5933,30.33,107.8767,129.3667,95.4567,109.6067,45.698,269.3433,214.75,2.0267,6.7833,4.692,71.2367,64.9367,44.6267,51.6133,60.9843,rl40,refrigerant_leak,4,fault,525
51.4507,44.6193,65.1441,71.4845,37.8069,33.069,73.3966,76.3276,3.0586,4.7207,30.2448,107.569,129.6552,95.7034,113.9448,45.9024,269.4207,215.1828,1.9828,6.8172,4.6927,71.3759,64.9862,44.6207,51.631,61.2624,rl40,refrigerant_leak,4,fault,530
48.619,45.23,65.279,68.639,39.5967,34.6433,69.3633,70.1833,1.1333,4.9633,52.1933,107.6267,126.74,91.04,109.9333,33.9177,270.3067,214.8433,0.89,5.6967,3.1469,68.3933,65.0967,45.2933,48.71,30.3587,rl40,refrigerant_leak,4,fault,545
48.444,44.9963,65.386,68.7613,39.88,34.8933,69.4833,70.4167,1.2467,4.5933,52.1267,108.2033,126.6367,90.75,111.0467,34.1107,270.1367,214.85,0.8267,5.0933,3.1773,68.63,65.21,45.0,48.4833,30.8227,rl40,refrigerant_leak,4,fault,550
48.2897,44.8573,65.314,68.6707,39.7667,34.78,69.4133,70.3,1.13,4.5567,52.2167,108.84,127.7567,91.1033,111.9333,34.0643,269.69,214.9667,0.8633,5.1333,3.1718,68.5133,65.1233,44.89,48.3133,30.7303,rl40,refrigerant_leak,4,fault,555
48.1793,44.7573,65.2417,68.608,39.7233,34.7533,69.3633,70.2667,1.2,4.5867,52.2033,109.2467,126.69,90.8833,112.58,34.0243,270.1,214.6233,0.9133,5.0733,3.1655,68.4567,65.0567,44.82,48.2433,30.6323,rl40,refrigerant_leak,4,fault,560
51.0547,41.8527,80.2033,88.815,36.5733,31.9767,91.1133,106.5,0.4267,2.9667,21.1033,109.4333,134.9333,100.7,111.8467,75.6737,267.38,215.1233,2.18,5.05,3.8313,88.97,80.2,41.6467,51.13,82.4487,rl40,refrigerant_leak,4,fault,580
50.7493,41.385,80.484,89.4403,36.0433,31.47,91.59,107.4,0.3667,2.9667,21.52,109.06,134.6333,101.8533,111.7533,79.028,267.6233,214.8933,2.15,5.0767,3.731,89.4333,80.4433,41.1467,50.8133,83.8537,rl40,refrigerant_leak,4,fault,585
50.7963,41.332,80.66,89.7567,36.0133,31.4467,91.9167,108.1167,0.3733,2.8533,21.8833,108.8333,135.25,102.4133,111.7,79.9637,267.4067,214.97,2.2333,5.14,3.7282,89.72,80.59,41.1867,50.95,84.7907,rl40,refrigerant_leak,4,fault,590
51.0133,41.5213,80.8237,89.942,36.1633,31.57,92.0333,108.3167,0.3233,2.9,21.8833,108.7133,134.95,103.7667,111.8867,80.1033,267.8933,214.8233,2.2,5.2167,3.7267,89.8333,80.7433,41.3767,51.1367,84.903,rl40,refrigerant_leak,4,fault,595
51.112,41.5623,80.843,89.972,36.2067,31.6133,92.04,108.35,0.3967,2.8933,21.8833,108.7,135.05,100.39,111.9,80.2023,267.9967,214.8933,2.2333,5.22,3.7478,89.8433,80.7433,41.4333,51.1767,85.4927,rl40,refrigerant_leak,4,fault,600
46.1267,39.886,80.4217,86.6237,35.98,31.41,87.84,100.5167,0.2867,2.51,26.9333,108.2733,133.9167,101.6433,111.45,58.2807,269.1633,214.85,1.5233,3.8733,3.3751,86.32,80.2967,39.8267,46.2667,55.944,rl40,refrigerant_leak,4,fault,615
46.1517,39.9113,80.3567,86.47,36.0,31.4233,87.73,100.3667,0.3467,2.5567,27.0367,108.1167,133.75,102.5567,111.22,58.117,269.1567,214.43,1.4667,3.8433,3.3765,86.2667,80.3,39.8633,46.29,55.812,rl40,refrigerant_leak,4,fault,620
46.1667,39.9353,80.375,86.486,35.94,31.3567,87.84,100.5,0.3433,2.5467,26.9467,107.9133,133.6667,100.6933,111.0733,58.0823,269.01,214.88,1.4767,3.9733,3.3788,86.34,80.2933,39.87,46.2633,55.8163,rl40,refrigerant_leak,4,fault,625
46.1767,39.934,80.3287,86.4433,35.8133,31.28,87.77,100.4167,0.35,2.6167,27.0633,107.8233,133.6833,101.47,111.0067,58.017,269.1467,214.5767,1.5467,4.06,3.3832,86.2667,80.3133,39.8733,46.28,55.8263,rl40,refrigerant_leak,4,fault,630
44.1067,40.6013,79.9093,83.6487,37.49,32.79,84.1467,94.0,0.7367,2.5633,46.23,108.5067,133.1167,99.1667,112.51,42.5823,270.13,214.6333,0.62,3.0067,2.5849,83.5067,79.8733,40.4767,44.1333,31.305,rl40,refrigerant_leak,4,fault,645
44.06,40.5573,79.916,83.6287,37.4567,32.75,84.1367,94.0333,0.77,2.5933,46.5067,109.2533,132.85,99.31,113.47,42.5717,270.6367,214.6833,0.6367,3.0133,2.5841,83.5133,79.87,40.4633,44.1,31.2873,rl40,refrigerant_leak,4,fault,650
44.0573,40.5573,79.9213,83.6287,37.4933,32.8,84.12,93.9833,0.6467,2.5967,46.64,110.05,133.0667,99.17,114.34,42.576,270.1833,214.4933,0.61,2.9533,2.5795,83.5333,79.8733,40.4567,44.1,31.2357,rl40,refrigerant_leak,4,fault,655
44.0413,40.5453,79.9133,83.6233,37.4733,32.78,84.1967,94.1,0.7467,2.58,46.61,110.5933,133.2833,99.4267,114.8733,42.5627,270.26,214.6767,0.6733,2.9567,2.5795,83.52,79.87,40.4567,44.0733,31.2253,rl40,refrigerant_leak,4,fault,660
52.539,42.3147,69.794,79.437,35.7633,31.2233,82.07,90.37,1.18,3.3933,21.8033,110.5933,132.7833,100.8967,113.3133,69.4057,266.92,215.05,2.5767,6.3233,4.6429,79.52,69.66,42.1133,52.74,91.6493,rl40,refrigerant_leak,4,fault,675
52.606,41.7357,70.2917,80.54,35.0767,30.5767,83.28,92.45,0.71,3.3233,20.89,109.85,132.9167,101.02,111.8867,75.2127,266.77,214.9767,2.73,6.4833,4.553,80.5733,70.1933,41.5533,52.7367,97.3817,rl40,refrigerant_leak,4,fault,680
52.35,41.2923,70.386,80.936,34.6533,30.2467,83.5867,93.0167,0.6767,3.2133,21.22,109.2133,132.8667,103.18,110.9933,79.0977,266.4533,215.2033,2.7967,6.45,4.4067,80.8533,70.23,41.1,52.4667,99.126,rl40,refrigerant_leak,4,fault,685
52.4287,41.28,70.446,81.078,34.6967,30.27,83.8467,93.4333,0.7133,3.0733,21.3833,108.8133,133.1333,101.5867,110.64,79.8253,266.3067,214.7133,2.88,6.45,4.3941,80.94,70.3033,41.1267,52.5867,99.7587,rl40,refrigerant_leak,4,fault,690
46.2333,39.66,70.1593,76.523,34.7867,30.35,77.9033,83.4167,0.3167,3.1633,27.8,107.92,129.9333,98.7033,109.59,50.2147,269.2333,214.7167,1.5167,4.7067,4.1183,76.4133,69.9233,39.4933,46.1933,58.817,rl40,refrigerant_leak,4,fault,705
45.6833,39.1967,69.7673,76.0687,34.4533,30.0533,77.3433,82.4667,0.24,2.92,27.8233,107.5,129.5833,98.77,109.2,49.9087,269.73,214.3233,1.3133,4.62,4.0808,75.9833,69.5733,39.0867,45.78,57.9273,rl40,refrigerant_leak,4,fault,710
45.4993,39.0237,69.6407,75.914,34.4367,30.04,77.2467,82.35,0.1,2.7633,27.7767,107.1533,129.3833,98.63,108.8267,49.854,269.8267,214.81,1.3633,4.4667,4.0894,75.88,69.5,38.9133,45.5467,57.9857,rl40,refrigerant_leak,4,fault,715
45.5647,39.198,69.4843,75.6773,34.74,30.3067,76.8767,81.85,0.1,2.75,28.2433,106.8667,129.3667,98.3833,108.5667,49.061,269.4133,214.77,1.2633,4.4133,4.0829,75.6233,69.37,39.11,45.6833,56.9733,rl40,refrigerant_leak,4,fault,720
44.0493,40.9027,69.8623,73.219,37.6867,32.9667,73.82,77.0,0.66,2.84,49.6833,107.77,128.5,94.53,110.59,36.064,270.25,214.1633,0.7833,3.0533,2.738,73.0333,69.6767,40.71,44.04,28.0827,rl40,refrigerant_leak,4,fault,735
43.561,40.4267,69.6513,72.996,37.3333,32.6533,73.7,78.5233,0.55,2.78,49.8333,108.5733,127.38,94.5633,111.7333,35.9373,270.4767,214.6633,0.9033,2.9867,2.7443,72.81,69.5167,40.3167,43.5933,28.05,rl40,refrigerant_leak,4,fault,740
43.4053,40.2787,69.65,72.9747,37.24,32.54,73.68,77.6367,0.51,2.72,50.0,109.1867,128.4667,94.8133,112.4467,35.911,270.3367,214.4167,0.8733,2.95,2.7384,72.7967,69.51,40.1833,43.4133,27.97,rl40,refrigerant_leak,4,fault,745
43.3613,40.229,69.6833,73.0027,37.2933,32.5867,73.77,76.9333,0.3533,2.7133,49.99,109.7633,128.2667,94.73,112.9867,35.9047,270.09,214.3267,0.92,2.8867,2.7366,72.8433,69.5433,40.1733,43.4,27.946,rl40,refrigerant_leak,4,fault,750
49.9313,40.814,64.9867,73.5723,34.7033,30.2833,75.89,80.2167,0.42,3.2867,23.64,109.81,130.2667,99.3967,111.88,59.4743,268.6333,215.09,2.3,5.89,4.8322,73.6167,64.8267,40.59,50.0733,81.743,rl40,refrigerant_leak,4,fault,765
49.938,40.7063,65.008,73.7,34.6767,30.2767,75.86,80.2333,0.3267,3.1067,22.92,109.1,130.35,99.6233,110.58,59.5197,268.21,215.14,2.2467,5.8233,4.8898,73.67,64.8633,40.5533,50.07,82.775,rl40,refrigerant_leak,4,fault,770
49.994,40.7593,65.0387,73.724,34.6567,30.2533,75.86,80.1167,0.29,3.07,22.8833,108.4467,130.3167,99.49,109.6567,59.5533,268.3433,214.92,2.1433,5.9067,4.8867,73.71,64.8967,40.6,50.1167,82.7703,rl40,refrigerant_leak,4,fault,775
50.0727,40.814,65.056,73.7547,34.7833,30.3433,75.94,80.3333,0.3133,3.0833,22.7667,107.84,130.5667,99.79,108.9733,59.5467,268.2467,214.81,2.23,5.9233,4.8943,73.7533,64.9067,40.6933,50.2333,82.891,rl40,refrigerant_leak,4,fault,780
47.3442,40.6074,65.2223,71.6829,35.4129,30.9129,73.2806,76.1774,1.1871,3.3258,28.1935,106.8871,128.629,96.6968,108.1032,47.031,268.0839,214.7645,1.829,5.0548,4.5065,71.4645,65.0355,40.4548,47.3226,60.2803,rl40,refrigerant_leak,4,fault,795
47.2155,40.4786,65.1428,71.5686,35.3931,30.8897,73.2655,76.1034,1.0793,3.2448,27.9517,106.6862,128.4483,96.7138,107.9276,46.9841,268.1345,214.9138,1.8586,5.0103,4.5143,71.4103,64.9931,40.3931,47.2586,60.3259,rl40,refrigerant_leak,4,fault,800
47.2527,40.5173,65.156,71.578,35.4,30.9033,73.2867,76.2167,1.08,3.2333,27.99,106.5467,128.6,96.8367,107.7933,46.9947,267.69,214.6933,1.88,5.0267,4.5078,71.4133,65.0,40.43,47.3033,60.2493,rl40,refrigerant_leak,4,fault,805
47.3633,40.61,65.1907,71.622,35.4767,31.0033,73.2967,76.1833,1.1233,3.2233,27.9567,106.4267,128.55,96.6233,107.6633,47.0297,268.02,214.7733,1.8833,4.9867,4.518,71.4633,65.0667,40.4767,47.4333,60.4323,rl40,refrigerant_leak,4,fault,810
43.867,40.384,64.6807,68.302,36.56,31.94,68.9867,69.7333,0.74,3.2533,47.2,106.72,126.0233,93.1833,108.6867,34.8997,268.4567,214.6267,0.8333,3.6967,3.1414,68.1733,64.5733,40.2633,43.88,31.183,rl40,refrigerant_leak,4,fault,825
43.6593,40.1917,64.6913,68.274,36.46,31.8667,69.04,69.8167,0.6367,3.2933,47.21,107.0533,125.83,92.93,109.4467,34.8583,268.1667,214.2567,0.9267,3.6667,3.1176,68.1067,64.5433,40.14,43.7333,30.9087,rl40,refrigerant_leak,4,fault,830
43.5913,40.1273,64.6247,68.2007,36.3533,31.7433,68.8833,69.5833,0.7233,3.36,47.38,107.3933,126.0933,93.3267,110.05,34.79,268.1533,214.45,0.8433,3.7333,3.1229,68.0267,64.52,40.0867,43.6733,30.9007,rl40,refrigerant_leak,4,fault,835
43.57,40.0927,64.6273,68.194,36.3533,31.7467,68.94,69.7,0.7667,3.33,47.35,107.7533,125.8767,93.2267,110.48,34.7807,268.2833,214.2067,0.95,3.7067,3.1324,68.0333,64.4967,40.1,43.64,30.988,rl40,refrigerant_leak,4,fault,840
60.652,51.001,85.6017,94.744,42.3067,37.4133,101.1867,126.8167,10.8533,5.4333,24.6633,111.0033,140.7233,102.8167,116.8933,80.5613,266.97,215.8467,6.5333,8.5967,3.788,94.6533,85.3733,50.8967,60.7,86.792,ro10,refrigerant_overcharge,1,fault,30
60.4517,50.7667,85.6093,94.8223,41.97,37.0733,101.24,126.9167,10.9,5.3833,25.0,111.7467,141.32,101.87,117.1833,81.632,266.8767,215.97,6.5133,8.7133,3.7552,94.7067,85.4,50.6867,60.54,87.184,ro10,refrigerant_overcharge,1,fault,35
60.3287,50.63,85.5747,94.8393,41.7733,36.88,101.2367,126.9667,10.9933,5.4233,25.1033,112.12,140.7567,103.19,117.4533,82.0253,267.09,215.95,6.5133,8.7533,3.7406,94.7267,85.3633,50.5267,60.4767,87.2653,ro10,refrigerant_overcharge,1,fault,40
55.973,49.6007,85.481,91.5913,42.17,37.2367,95.7367,115.64,7.9767,5.57,33.8567,112.64,139.7033,101.5067,117.94,59.6613,269.18,215.9967,4.3067,7.61,3.3804,91.43,85.3033,49.73,56.1933,57.3597,ro10,refrigerant_overcharge,1,fault,55
56.1083,49.6953,85.592,91.7087,42.1067,37.2133,95.96,115.9833,8.08,5.67,33.7133,112.6933,139.7333,101.5533,118.1133,60.013,269.3433,215.85,4.34,7.6667,3.3777,91.5967,85.38,49.7733,56.32,57.6527,ro10,refrigerant_overcharge,1,fault,60
56.0433,49.6407,85.6093,91.7113,42.0867,37.1833,95.9167,116.0,7.96,5.64,33.7633,112.8333,139.6633,101.5333,118.2267,60.007,269.48,215.44,4.3167,7.6233,3.3687,91.59,85.41,49.7,56.24,57.4933,ro10,refrigerant_overcharge,1,fault,65
56.1043,49.6913,85.624,91.718,42.1,37.18,95.91,116.0167,8.0767,5.6767,33.7533,113.0067,139.76,101.6333,118.3867,60.0373,269.36,215.6467,4.3267,7.73,3.3741,91.6,85.4233,49.8067,56.3333,57.6133,ro10,refrigerant_overcharge,1,fault,70
53.6693,50.204,86.051,89.5107,43.46,38.65,92.1467,108.5333,5.6167,6.1533,54.0033,114.6633,138.52,98.88,121.3533,44.091,270.02,215.5433,2.8367,6.7733,2.4813,89.32,85.8667,50.2367,54.57,31.118,ro10,refrigerant_overcharge,1,fault,90
53.3153,49.907,85.9867,89.407,43.4233,38.6233,91.8067,107.8667,5.3133,5.9133,54.34,115.3567,138.6333,99.0233,122.2633,43.3037,269.9867,215.4867,2.7367,6.6,2.4874,89.08,85.7467,50.0433,53.3833,30.62,ro10,refrigerant_overcharge,1,fault,95
53.9633,50.743,85.6917,88.944,43.83,39.0333,91.6,107.5,5.45,6.3,57.0533,115.8167,138.8767,98.8133,122.8067,42.7677,270.2967,215.7567,2.8,7.0767,2.3803,88.8167,85.5533,50.9233,54.2067,28.9517,ro10,refrigerant_overcharge,1,fault,100
60.4933,50.3047,75.8407,85.5087,41.01,36.1033,92.3,108.85,11.1933,5.7533,23.7467,114.3,138.23,101.3867,118.6433,71.663,265.2133,215.7233,7.04,9.2533,4.493,85.2433,75.7833,50.2833,60.6133,91.574,ro10,refrigerant_overcharge,1,fault,120
60.488,50.2433,75.8247,85.4913,40.8667,35.94,92.3167,108.9333,11.11,5.8667,23.78,113.0633,137.9333,101.3067,117.1567,71.9807,265.4667,215.68,7.1367,9.36,4.4956,85.26,75.7833,50.2167,60.6233,92.0367,ro10,refrigerant_overcharge,1,fault,125
60.564,50.2737,75.8207,85.522,40.8067,35.8667,92.35,108.9667,11.2033,5.8867,23.6933,112.0067,137.7433,102.1067,116.08,72.293,265.2733,215.8467,7.0433,9.4333,4.5013,85.2933,75.79,50.2267,60.6933,92.553,ro10,refrigerant_overcharge,1,fault,130
56.8967,50.6763,76.136,82.0283,42.0,37.1033,86.23,97.7167,7.6267,6.67,35.6033,110.46,136.1167,98.1467,114.7933,50.8757,267.68,215.3533,4.3733,8.8133,3.8595,81.9133,76.1533,50.8,57.0833,55.8467,ro10,refrigerant_overcharge,1,fault,150
56.7647,50.5273,76.2347,82.178,41.8867,37.0033,86.34,97.85,7.6533,6.5333,35.53,110.5533,135.7333,97.77,114.9733,50.9713,267.6267,215.7333,4.3067,8.7167,3.8664,82.02,76.2667,50.6067,56.9433,56.0527,ro10,refrigerant_overcharge,1,fault,155
56.602,50.382,76.2053,82.1193,41.9167,37.0133,86.31,97.8333,7.5067,6.4333,35.5667,110.64,136.0333,97.9833,115.12,50.9343,267.7,215.7367,4.4033,8.5367,3.8582,81.9267,76.2067,50.46,56.7933,55.8913,ro10,refrigerant_overcharge,1,fault,160
52.8797,50.1503,75.9257,78.7857,43.4733,38.67,81.01,88.4833,3.98,6.2267,63.1367,111.9267,134.3167,94.3867,117.4,35.6977,267.3567,215.49,2.3333,6.7767,2.4146,78.6733,75.88,50.28,53.0733,24.517,ro10,refrigerant_overcharge,1,fault,175
52.7267,49.9133,76.0563,78.9587,43.2233,38.33,81.3267,88.95,4.39,6.3567,62.4467,113.16,133.9333,94.66,119.0133,36.194,267.36,215.84,2.3967,6.8067,2.4572,78.9267,76.0067,50.0133,52.8033,25.2957,ro10,refrigerant_overcharge,1,fault,180
52.6987,49.8667,76.0833,78.9613,43.2267,38.3567,81.4567,89.2833,4.5267,6.3067,62.6867,114.1733,134.0667,94.6933,120.06,36.181,267.3967,215.5867,2.4667,6.78,2.472,78.9933,76.03,49.9933,52.7933,25.438,ro10,refrigerant_overcharge,1,fault,185
52.7,49.8627,76.133,79.0133,43.2767,38.4333,81.4633,89.2667,4.5233,6.2333,62.7367,115.0133,134.5333,95.0033,120.8533,36.197,267.2567,215.27,2.4033,6.73,2.4718,79.06,76.0833,50.0,52.7967,25.448,ro10,refrigerant_overcharge,1,fault,190
59.5493,50.262,71.5233,80.2807,41.3833,36.4833,86.77,98.6167,10.3267,5.6933,26.43,114.8967,136.2333,99.05,119.1267,62.935,266.1133,215.68,6.5833,8.77,4.663,80.2133,71.3467,50.12,59.6767,83.4627,ro10,refrigerant_overcharge,1,fault,205
58.94,49.633,71.2423,80.0543,41.1133,36.22,86.33,97.8333,10.13,5.3867,25.7167,113.5833,136.1667,99.46,117.1467,62.519,266.0867,215.9567,6.4367,8.36,4.7094,79.87,71.0433,49.5333,59.06,83.7393,ro10,refrigerant_overcharge,1,fault,210
58.5327,49.2387,71.028,79.7587,40.9467,36.0267,85.95,97.2,10.2,5.2567,25.5267,112.3467,136.1,99.4333,115.6667,62.2503,266.18,215.76,6.35,8.2467,4.7186,79.5867,70.8467,49.1167,58.7,83.5433,ro10,refrigerant_overcharge,1,fault,215
58.6513,49.3287,71.04,79.7493,40.96,36.06,86.02,97.3667,10.18,5.36,26.2567,111.3633,136.3833,99.4733,114.6667,62.3017,266.22,215.8367,6.44,8.3667,4.7303,79.61,70.8933,49.3,58.86,83.8183,ro10,refrigerant_overcharge,1,fault,220
56.5643,49.7487,66.9303,73.3953,41.1,36.1967,78.0233,83.5667,7.82,6.4767,33.6867,109.6133,132.8,95.7933,113.0333,46.6277,267.8767,215.68,5.1333,8.7433,4.6178,72.88,66.6667,49.8467,56.6167,61.2363,ro10,refrigerant_overcharge,1,fault,235
56.2453,49.7697,66.306,72.366,41.4867,36.59,76.8367,81.8167,7.7,6.25,34.58,109.2667,132.15,94.5133,112.6267,45.1537,268.1633,215.8933,4.8333,8.45,4.5341,72.0267,66.1567,49.94,56.5,58.2287,ro10,refrigerant_overcharge,1,fault,240
56.2613,49.817,66.29,72.2853,41.42,36.5133,76.9367,81.8833,7.8233,6.3067,34.54,109.1,132.25,94.6633,112.42,45.1297,268.17,215.7667,4.88,8.5867,4.5147,72.0533,66.15,49.9767,56.5067,57.9487,ro10,refrigerant_overcharge,1,fault,245
56.2667,49.8413,66.3113,72.2927,41.4167,36.53,76.92,81.85,7.6567,6.32,34.58,108.96,132.2167,94.5933,112.2933,45.1457,268.44,215.85,4.84,8.57,4.5024,72.0667,66.1733,50.0067,56.5467,57.8127,ro10,refrigerant_overcharge,1,fault,250
53.9553,49.7593,65.3583,69.329,41.6367,36.74,72.48,75.0,5.18,7.0833,48.7333,109.0867,130.0367,91.4367,112.8633,36.4303,270.4433,215.49,3.4967,8.3133,3.6375,68.9767,65.1233,49.92,54.04,37.6913,ro10,refrigerant_overcharge,1,fault,265
53.7653,49.689,64.8183,68.6847,42.1,37.1967,71.7067,73.7,5.2167,6.6567,50.2767,109.3467,129.5867,90.5833,113.4,35.7463,270.38,215.6433,3.3133,7.7067,3.6016,68.4,64.6333,49.8467,53.8267,36.6153,ro10,refrigerant_overcharge,1,fault,270
53.7267,49.8257,64.449,68.132,41.4967,36.5933,71.1667,72.9,5.0733,7.3467,51.88,109.6133,128.47,90.6733,113.88,35.22,270.3367,215.5467,3.2933,8.5367,3.4996,67.8567,64.2867,50.0133,53.8467,35.0553,ro10,refrigerant_overcharge,1,fault,275
53.68,49.7643,64.3387,68.0017,41.4967,36.6033,71.1733,72.95,5.21,7.3433,52.1267,109.9167,129.19,90.6933,114.2167,35.2267,270.4,216.02,3.43,8.4433,3.5138,67.76,64.2,49.9567,53.7933,35.205,ro10,refrigerant_overcharge,1,fault,280
55.4307,46.93,83.731,91.556,40.3867,35.3967,95.6033,115.4067,8.21,3.9467,26.2267,110.17,138.3333,102.29,114.2833,72.196,268.8067,215.5433,3.7333,6.4033,3.7185,91.93,83.87,46.8167,55.5867,76.3497,ro10,refrigerant_overcharge,1,fault,300
55.5813,46.8793,84.669,92.8623,40.28,35.2867,96.9433,118.05,8.28,3.8867,26.45,110.17,138.45,102.2633,114.7667,75.1773,268.2833,215.6133,3.97,6.5233,3.6586,92.9567,84.6033,46.81,55.7467,78.2263,ro10,refrigerant_overcharge,1,fault,305
55.5667,46.7317,85.0133,93.421,40.1267,35.12,97.8833,119.9333,8.7967,3.8467,26.2967,110.34,138.5867,103.6167,115.06,77.3423,268.4967,215.3367,4.4833,6.53,3.6048,93.4133,84.82,46.68,55.7,79.2907,ro10,refrigerant_overcharge,1,fault,310
55.2933,46.4157,85.1267,93.7013,39.8833,34.8833,99.7167,123.5667,10.37,3.7067,24.9733,110.5067,139.1033,103.4433,115.3833,79.0383,268.4133,215.1267,6.11,6.43,3.5399,93.5867,84.88,46.32,55.4467,79.5767,ro10,refrigerant_overcharge,1,fault,315
55.118,46.2113,85.0867,93.6973,39.7867,34.8267,99.7433,123.6333,10.4967,3.7433,25.06,110.76,139.74,104.1067,115.6967,79.1987,268.5567,216.0367,6.2067,6.35,3.5591,93.56,84.86,46.12,55.27,80.1707,ro10,refrigerant_overcharge,1,fault,320
51.4887,45.485,85.5727,91.4497,39.6,34.6633,95.77,115.7433,8.14,4.1967,33.73,111.12,137.85,101.4667,116.3733,60.8143,268.8067,215.3633,4.3167,5.8467,3.1168,91.5033,85.5333,45.4767,51.68,53.9113,ro10,refrigerant_overcharge,1,fault,335
51.473,45.307,86.0123,92.0333,39.48,34.57,96.24,116.65,8.0133,4.11,33.23,111.18,138.0267,103.6,116.6,61.7617,268.7567,215.42,4.3367,5.7633,3.1501,91.9,85.82,45.2467,51.57,55.3357,ro10,refrigerant_overcharge,1,fault,340
51.1787,45.0017,85.964,92.0107,39.39,34.4767,96.1667,116.4833,7.9333,3.84,32.9567,111.2767,137.9433,103.5,116.81,61.674,269.3533,215.51,4.3033,5.5233,3.163,91.8533,85.7933,44.9,51.23,55.4817,ro10,refrigerant_overcharge,1,fault,345
50.9477,44.8,85.908,91.9413,39.36,34.45,96.1,116.3667,7.92,3.68,32.94,111.3467,138.2233,102.9833,116.8533,61.5893,269.42,215.4067,4.3233,5.4,3.1489,91.7867,85.7333,44.7533,51.0467,55.158,ro10,refrigerant_overcharge,1,fault,350
48.7907,45.3443,85.4487,89.0183,40.7367,35.8067,91.5633,107.35,5.36,4.0933,50.1333,112.0067,137.2,100.4667,118.3833,44.7953,270.1267,215.2267,2.8833,4.67,2.4268,88.6767,85.16,45.4667,48.9567,30.9147,ro10,refrigerant_overcharge,1,fault,365
48.9527,45.4517,85.422,89.0167,40.86,35.9567,91.69,107.6667,5.6967,4.14,50.82,112.5433,137.05,100.1167,119.1067,45.23,270.0433,215.2067,2.9133,4.5867,2.44,88.8133,85.2233,45.46,49.02,31.3877,ro10,refrigerant_overcharge,1,fault,370
48.9513,45.437,85.4433,89.0407,40.9,36.0,91.8533,107.95,5.8,4.12,50.56,113.0467,137.0667,100.0033,119.6633,45.2713,269.8333,215.1933,3.0033,4.54,2.4452,88.8467,85.2733,45.4733,49.03,31.4847,ro10,refrigerant_overcharge,1,fault,375
48.9407,45.428,85.4313,89.014,40.8933,35.9767,91.7933,107.8,5.7733,4.1333,50.6767,113.5533,137.1,99.8867,120.04,45.2723,269.55,215.0067,2.95,4.6,2.4414,88.81,85.25,45.4567,49.0333,31.434,ro10,refrigerant_overcharge,1,fault,380
56.82,46.4517,75.8953,85.833,39.1767,34.2633,93.0167,110.35,11.5267,3.9667,21.9367,111.8767,136.3,100.7567,115.8333,76.8433,266.8033,215.4767,7.4,7.13,4.2596,85.6667,75.92,46.26,56.97,93.0897,ro10,refrigerant_overcharge,1,fault,405
56.7607,46.1193,76.0567,86.2593,38.5867,33.7667,93.4933,111.2333,11.6867,4.03,21.95,110.96,136.58,103.0267,114.8933,79.7563,266.6733,215.39,7.4367,7.42,4.2099,86.0533,76.0233,46.0267,56.9567,95.4963,ro10,refrigerant_overcharge,1,fault,410
54.7147,47.4723,76.2867,83.2727,39.6533,34.6967,87.98,100.7833,8.3533,5.39,30.0567,109.92,136.0833,100.43,113.8267,56.3683,268.56,215.4133,5.2167,7.8233,4.0543,82.7633,76.1367,47.51,54.78,64.997,ro10,refrigerant_overcharge,1,fault,420
54.1123,46.9567,76.2427,83.0933,39.76,34.78,88.15,101.05,8.6767,4.9833,29.3967,109.4733,135.6667,99.8533,113.5333,56.559,268.6933,215.28,5.2833,7.1167,3.9909,82.91,76.25,46.88,54.1867,64.1977,ro10,refrigerant_overcharge,1,fault,425
53.6127,46.522,76.3053,83.1147,39.5933,34.6467,88.1,100.9833,8.61,4.7267,29.33,109.2067,135.8833,100.1767,113.4333,56.5413,268.2533,215.3567,5.19,6.9033,3.9561,82.9267,76.32,46.4667,53.6067,63.619,ro10,refrigerant_overcharge,1,fault,430
48.4083,45.4813,75.686,78.7247,41.0533,36.13,81.41,89.1167,4.5433,4.2167,56.3567,109.9467,133.35,96.2067,115.1733,37.2903,269.6133,215.25,2.7267,4.4333,2.4742,78.6567,75.6533,45.4733,48.5333,26.242,ro10,refrigerant_overcharge,1,fault,455
48.3987,45.4323,75.77,78.7797,40.8667,35.9533,81.2967,88.95,4.62,4.3867,57.16,111.1333,133.2333,96.1567,116.5067,37.232,269.9267,215.0433,2.5767,4.5467,2.5045,78.6967,75.7033,45.4667,48.46,26.521,ro10,refrigerant_overcharge,1,fault,460
48.412,45.445,75.7967,78.788,40.9,36.0,81.4033,89.2,4.7067,4.3933,57.19,112.2,133.4,96.2033,117.5967,37.2923,269.4,215.5267,2.68,4.55,2.5084,78.7433,75.7233,45.45,48.4667,26.6053,ro10,refrigerant_overcharge,1,fault,465
48.3787,45.414,75.7913,78.784,40.9,36.0133,81.37,89.1167,4.7133,4.3633,57.2333,112.9933,133.4667,96.27,118.4167,37.3113,269.9067,215.48,2.67,4.5133,2.5021,78.74,75.7367,45.4133,48.4,26.5523,ro10,refrigerant_overcharge,1,fault,470
55.058,45.2727,69.77,78.9747,37.8933,33.1333,85.67,96.7333,10.7267,4.2,23.4333,111.7533,133.95,100.35,115.21,66.0883,266.9733,215.6467,6.8633,7.3967,4.6777,78.82,69.66,45.2467,55.2033,87.9243,ro10,refrigerant_overcharge,1,fault,490
55.1207,45.2753,69.7847,79.0627,37.66,32.9667,85.8233,97.0,10.93,4.2833,23.1467,109.5533,134.2333,101.5767,112.6833,66.815,267.1533,216.0433,6.8433,7.58,4.6645,79.0,69.6533,45.2367,55.2867,88.6387,ro10,refrigerant_overcharge,1,fault,500
50.836,43.936,66.9103,73.5407,38.3367,33.5533,78.15,83.8333,7.8533,3.7333,29.62,107.9333,131.55,97.0267,110.98,48.3363,273.0433,215.2567,5.2533,5.5533,4.5026,72.8833,66.5567,43.8567,50.8433,61.902,ro10,refrigerant_overcharge,1,fault,515
50.941,44.3817,66.266,72.41,38.0,33.23,77.18,82.3,7.8333,4.4167,31.09,107.4933,130.9333,96.8333,110.54,47.222,273.4867,214.85,5.09,6.4167,4.3709,72.1333,66.1167,44.3967,51.1033,58.7043,ro10,refrigerant_overcharge,1,fault,520
51.0787,44.4367,66.318,72.4727,37.8667,33.1233,77.28,82.4,7.8867,4.61,31.0533,107.3133,130.55,96.6533,110.3467,47.463,273.0833,215.2,5.0533,6.5133,4.4101,72.21,66.16,44.41,51.1733,59.535,ro10,refrigerant_overcharge,1,fault,525
51.128,44.4513,66.326,72.4847,37.8167,33.0667,77.3167,82.4833,7.89,4.6633,31.1167,107.14,130.7667,96.8933,110.2467,47.5107,274.14,215.11,5.1267,6.6533,4.4276,72.24,66.18,44.4567,51.1933,59.8293,ro10,refrigerant_overcharge,1,fault,530
48.6303,45.0697,66.5067,70.093,39.7,34.7267,73.21,76.0667,5.1133,4.69,50.1767,107.34,128.67,92.8,111.01,35.7807,269.1033,215.3,3.39,5.4333,3.1398,69.84,66.38,45.1133,48.7067,31.9533,ro10,refrigerant_overcharge,1,fault,545
48.4227,44.8427,66.4793,70.066,39.9,34.9,73.2033,76.0167,5.2767,4.4167,49.67,108.0533,128.95,93.0767,112.1167,35.8567,269.6067,214.9233,3.36,4.9833,3.141,69.8333,66.3833,44.8567,48.5067,32.032,ro10,refrigerant_overcharge,1,fault,550
48.277,44.7467,66.45,69.994,40.0267,35.01,72.99,75.8,5.15,4.2933,50.6767,108.7467,128.55,92.3233,113.03,35.56,269.4633,215.3133,3.26,4.83,3.134,69.7533,66.3267,44.8633,48.3433,31.699,ro10,refrigerant_overcharge,1,fault,555
48.5933,45.1527,66.334,69.7763,39.8567,34.8633,72.7833,75.4833,5.0567,4.85,52.0967,109.2467,126.9933,92.7067,113.6367,35.379,269.5133,215.4,3.24,5.4167,3.0722,69.6433,66.1967,45.2333,48.7467,30.9153,ro10,refrigerant_overcharge,1,fault,560
51.411,42.6127,80.5123,88.827,37.3133,32.6067,94.8033,113.7667,10.3333,3.06,23.48,108.8933,135.6167,101.5367,112.8133,73.1847,268.97,215.3967,6.0867,5.14,3.7934,88.7367,80.49,42.44,51.5433,78.9567,ro10,refrigerant_overcharge,1,fault,585
51.248,42.2533,80.8557,89.3543,37.0667,32.34,95.38,114.9,10.4767,3.0367,23.6467,108.7133,135.55,102.4533,112.8733,75.3633,268.5633,215.43,6.18,5.0333,3.7675,89.2,80.7567,42.0567,51.28,80.752,ro10,refrigerant_overcharge,1,fault,590
51.192,42.0867,81.0433,89.7093,36.9133,32.2267,95.8,115.7133,10.6433,2.9433,23.7733,108.7067,136.25,104.1867,112.96,77.1273,268.5367,215.5233,6.2433,5.0267,3.7294,89.54,80.88,41.9233,51.25,81.808,ro10,refrigerant_overcharge,1,fault,595
51.2013,42.1133,81.002,89.7007,36.84,32.1733,95.7333,115.6533,10.57,3.03,24.0767,108.7067,136.2333,103.6,113.14,77.056,268.7233,215.3467,6.34,5.1167,3.7226,89.4067,80.8733,41.95,51.2433,81.584,ro10,refrigerant_overcharge,1,fault,600
47.403,41.3017,81.0557,87.0813,36.92,32.25,91.4733,107.2,7.9767,2.9667,31.1833,108.6667,135.0,101.6867,113.2067,58.595,269.3467,214.9733,4.5467,4.1667,3.2781,86.9267,80.98,41.1233,47.4333,54.6333,ro10,refrigerant_overcharge,1,fault,620
46.85,40.6287,81.1353,87.2713,36.7667,32.13,91.15,106.5167,7.2267,2.6967,30.2733,108.6667,134.75,103.42,113.42,58.672,269.1133,215.27,4.1733,3.67,3.3436,86.98,80.9933,40.4333,46.86,55.7957,ro10,refrigerant_overcharge,1,fault,625
46.4747,40.251,81.0913,87.2207,36.6667,32.0767,90.9767,106.1,6.8567,2.54,29.7167,108.6467,134.85,102.88,113.3533,58.607,269.27,215.0433,4.0633,3.4367,3.3468,86.84,80.96,40.1333,46.56,55.7847,ro10,refrigerant_overcharge,1,fault,630
43.8427,40.0257,81.274,85.433,37.11,32.43,87.73,100.2833,4.8467,2.3967,42.8167,108.6267,133.55,100.0867,113.5533,46.404,270.3267,214.7833,2.8133,2.8033,2.5881,84.9133,81.0167,39.8967,43.7133,34.174,ro10,refrigerant_overcharge,1,fault,640
43.531,40.0303,80.6763,84.4073,37.6467,32.9467,86.2733,97.7167,4.3667,2.1567,46.33,108.9267,133.7833,99.7233,114.2467,43.3307,270.09,214.7533,2.2433,2.3733,2.5415,84.05,80.49,40.0267,43.6333,31.3227,ro10,refrigerant_overcharge,1,fault,645
44.005,40.572,80.4183,84.0653,37.3333,32.64,86.7567,98.5333,5.3233,2.7367,47.87,109.4733,133.85,100.1433,114.9267,43.5303,270.3033,214.8733,2.7933,3.15,2.4831,83.9333,80.3733,40.4867,44.15,30.741,ro10,refrigerant_overcharge,1,fault,650
44.2547,40.7807,80.7923,84.4873,37.44,32.7333,87.3833,99.7333,5.7333,2.7833,47.2633,109.9233,133.4667,99.76,115.5467,44.1587,270.1833,214.6933,3.0267,3.23,2.4779,84.37,80.7067,40.6667,44.3667,31.1197,ro10,refrigerant_overcharge,1,fault,655
44.2587,40.7443,80.9037,84.6527,37.52,32.84,87.37,99.65,5.4967,2.6533,46.8967,110.36,133.7333,99.8333,116.0,44.465,270.05,214.6233,2.8867,3.0467,2.4869,84.48,80.7833,40.5967,44.3533,31.4513,ro10,refrigerant_overcharge,1,fault,660
51.9923,41.1327,70.554,80.8657,35.41,30.9233,87.5033,99.9333,10.6367,3.07,20.8333,108.5467,133.2833,101.1067,111.7833,76.348,266.3667,215.2367,6.8133,5.4367,4.4848,80.66,70.3733,40.8833,52.02,97.3843,ro10,refrigerant_overcharge,1,fault,685
51.944,40.902,70.694,81.2127,35.1767,30.68,87.98,100.7833,10.79,2.9433,20.8433,107.9633,133.4167,102.8667,111.02,78.6463,266.2,215.7167,7.0633,5.49,4.4369,80.9633,70.5533,40.67,52.0233,99.242,ro10,refrigerant_overcharge,1,fault,690
45.8717,39.253,71.0423,77.4513,35.5333,31.0,81.4533,89.2333,6.87,2.48,27.6733,106.7667,131.1333,99.3233,109.8667,51.4957,269.3733,215.15,4.39,3.65,4.0501,77.05,70.8,39.2167,46.0067,59.3233,ro10,refrigerant_overcharge,1,fault,705
46.2763,39.6813,71.0733,77.35,35.23,30.72,81.8,89.95,7.5367,3.0167,28.3633,106.36,131.1,99.4333,109.5,52.136,269.72,214.7533,4.5967,4.4167,3.9777,77.2167,70.9233,39.6333,46.3733,58.983,ro10,refrigerant_overcharge,1,fault,710
46.2913,39.672,71.1653,77.466,35.1833,30.6767,81.94,90.15,7.5967,3.0367,28.2767,106.02,131.05,99.49,109.3667,52.2617,269.68,214.8667,4.6033,4.45,3.9851,77.34,70.9667,39.6533,46.36,59.2357,ro10,refrigerant_overcharge,1,fault,715
46.3393,39.7107,71.1907,77.4813,35.19,30.6967,81.9733,90.21,7.6333,2.9967,28.3867,105.8,131.1667,99.4433,109.24,52.254,269.6367,215.2133,4.6333,4.47,3.9978,77.3667,71.0067,39.6933,46.39,59.4157,ro10,refrigerant_overcharge,1,fault,720
43.5577,40.4093,70.9187,74.2643,37.2233,32.5167,76.7367,81.6,4.3467,2.7567,49.6567,106.54,129.5667,95.89,110.6667,37.045,270.3767,214.6967,2.6733,3.19,2.672,74.0467,70.6767,40.39,43.75,28.1533,ro10,refrigerant_overcharge,1,fault,735
43.638,40.384,71.172,74.5663,37.1433,32.44,77.2533,82.3667,4.87,2.8167,49.4067,107.46,130.0667,96.4967,111.8833,37.7703,270.17,214.96,2.7667,3.1333,2.7127,74.4933,71.0567,40.27,43.7133,29.1403,ro10,refrigerant_overcharge,1,fault,740
43.5313,40.2593,71.216,74.6293,37.0933,32.3933,77.2767,82.4333,4.7967,2.7633,49.2,108.4,129.85,96.4433,112.89,37.7633,270.2233,215.0833,2.7933,3.0867,2.7316,74.53,71.0767,40.1667,43.5867,29.3397,ro10,refrigerant_overcharge,1,fault,745
43.5173,40.2567,71.2013,74.5973,37.05,32.35,77.3533,82.5167,4.96,2.82,49.39,109.0933,129.8,96.3867,113.4867,37.709,270.27,214.6067,2.8267,3.0933,2.7229,74.52,71.0533,40.1633,43.5733,29.201,ro10,refrigerant_overcharge,1,fault,750
50.88,40.713,67.3377,76.8143,35.06,30.5733,83.09,92.1333,9.9167,3.1,21.5267,108.44,132.0833,100.93,111.33,67.6013,266.5233,214.9867,6.2867,5.4267,4.7376,76.8,67.28,40.5,51.02,91.0913,ro10,refrigerant_overcharge,1,fault,770
50.9437,40.6413,67.628,77.2587,34.94,30.47,83.53,92.8167,9.9433,3.09,21.25,107.64,132.05,100.1967,110.31,68.4493,266.8767,215.0367,6.3967,5.52,4.7392,77.1133,67.5167,40.48,51.0833,92.2613,ro10,refrigerant_overcharge,1,fault,775
51.0773,40.7067,67.786,77.4897,34.81,30.3733,83.9133,93.5833,10.2733,3.19,21.2933,107.04,132.05,101.1867,109.5967,69.32,266.7633,215.25,6.5133,5.72,4.7173,77.3833,67.6567,40.5533,51.1633,93.0037,ro10,refrigerant_overcharge,1,fault,780
47.0527,39.9487,66.347,73.257,35.1833,30.6867,77.6733,83.0667,7.6867,3.1033,27.7367,105.8533,130.0667,98.5467,108.56,50.5777,268.3967,215.2567,4.9933,4.6333,4.4305,72.7067,66.07,39.8167,46.95,63.7243,ro10,refrigerant_overcharge,1,fault,795
46.7773,39.8793,65.964,72.574,35.48,30.98,76.66,81.4667,6.9133,2.97,27.6567,105.58,129.5333,97.75,108.22,49.4263,267.9567,215.09,4.4167,4.3767,4.4,72.2233,65.7967,39.82,46.8133,61.8533,ro10,refrigerant_overcharge,1,fault,800
46.7173,39.8443,65.9373,72.51,35.4467,30.95,76.62,81.4,6.87,2.9267,27.5967,105.42,129.55,97.72,108.1033,49.308,268.2833,214.89,4.4767,4.34,4.3867,72.16,65.7767,39.7933,46.8,61.5183,ro10,refrigerant_overcharge,1,fault,805
46.7173,39.8913,65.7293,72.2437,35.4633,30.9733,76.38,81.0333,6.8433,2.9267,27.8467,105.34,129.4833,97.6667,107.93,48.9543,268.51,215.34,4.56,4.37,4.4,71.8333,65.4967,39.8567,46.8,61.2623,ro10,refrigerant_overcharge,1,fault,810
43.5127,39.8833,65.4207,69.1413,36.27,31.6833,72.0167,74.1667,4.85,2.9767,45.76,105.7267,126.89,94.2933,108.9867,36.5047,268.9367,214.93,3.1,3.5733,3.1301,68.9,65.2867,39.85,43.52,32.4977,ro10,refrigerant_overcharge,1,fault,825
43.4267,39.8737,65.1677,68.8067,36.5133,31.9133,71.5533,73.4333,4.65,2.88,46.4833,106.3533,126.7333,93.8967,109.7567,36.0313,269.2667,215.0567,2.9933,3.3667,3.1121,68.5333,64.9967,39.85,43.5333,31.8923,ro10,refrigerant_overcharge,1,fault,830
43.4107,39.8713,65.1267,68.7587,36.5,31.8867,71.49,73.35,4.6967,2.8567,46.5167,106.84,126.7533,93.9133,110.46,36.0417,269.4267,215.14,2.98,3.35,3.1007,68.53,64.98,39.8633,43.48,31.783,ro10,refrigerant_overcharge,1,fault,835
43.368,39.8583,65.0667,68.7147,36.4333,31.82,71.4467,73.3333,4.72,2.91,46.5867,107.24,127.0233,94.1467,110.9333,35.985,269.0,215.2,3.03,3.4167,3.0777,68.44,64.9467,39.8167,43.42,31.499,ro10,refrigerant_overcharge,1,fault,840
60.8573,51.5213,85.0627,93.9377,42.8167,37.9433,98.6833,121.5167,9.9167,5.57,27.1333,107.4067,141.2,101.6633,114.03,77.057,267.1167,215.77,4.54,8.5033,3.8296,94.1467,84.8367,51.3367,60.8767,83.923,ro20,refrigerant_overcharge,2,fault,25
60.2967,50.8867,85.048,94.054,42.17,37.27,99.2733,122.7667,10.4333,5.46,26.8967,109.32,140.6233,102.6467,115.1933,78.6723,266.9933,216.0567,5.1,8.6133,3.7867,94.24,84.8467,50.8,60.3867,84.732,ro20,refrigerant_overcharge,2,fault,30
60.1033,50.6837,85.0133,94.0647,41.9767,37.0833,100.8567,126.05,11.98,5.3867,25.6567,110.4933,140.8733,103.2,115.9467,79.201,266.57,215.79,6.62,8.6033,3.7593,94.2333,84.8433,50.6067,60.2667,84.6813,ro20,refrigerant_overcharge,2,fault,35
60.034,50.6223,85.0027,94.0847,41.8567,36.95,101.1667,126.8,12.3667,5.41,24.6767,111.09,140.92,102.2833,116.44,79.3803,266.9067,215.7433,6.9,8.6533,3.7451,94.2633,84.8233,50.56,60.21,84.554,ro20,refrigerant_overcharge,2,fault,40
55.301,48.8913,85.3753,91.6577,41.86,36.9533,95.82,115.7533,8.3133,5.0867,33.5267,112.12,139.4567,101.57,117.54,60.3113,268.7233,215.7667,4.39,7.0567,3.3589,91.4,85.0867,48.9233,55.4733,57.619,ro20,refrigerant_overcharge,2,fault,55
55.504,49.1547,85.2447,91.4167,41.8433,36.9367,95.7633,115.61,8.39,5.3233,33.6867,112.3467,139.1333,101.34,117.71,59.996,268.3933,215.3567,4.3767,7.3467,3.3394,91.3333,84.9967,49.18,55.6767,56.9833,ro20,refrigerant_overcharge,2,fault,60
55.6703,49.2587,85.3167,91.4767,41.8933,36.9867,95.7733,115.76,8.44,5.4467,33.8233,112.5967,139.1767,101.3133,117.9233,60.1207,268.47,215.13,4.3867,7.44,3.3596,91.4667,85.0867,49.32,55.8733,57.4463,ro20,refrigerant_overcharge,2,fault,65
55.7647,49.3173,85.4087,91.586,41.8767,36.9833,95.9667,116.1333,8.4167,5.3567,33.7767,112.68,140.0533,101.2867,117.9867,60.3777,268.5767,215.4733,4.46,7.53,3.3673,91.5867,85.2567,49.3867,55.98,57.8233,ro20,refrigerant_overcharge,2,fault,70
53.923,50.572,85.4953,88.926,43.54,38.7433,91.5533,107.3667,5.6667,6.3967,56.1533,114.3633,138.1767,98.3667,121.09,43.102,268.92,215.1767,2.8133,7.1233,2.4515,88.76,85.3167,50.68,53.9967,30.051,ro20,refrigerant_overcharge,2,fault,90
53.68,50.3013,85.482,88.9167,43.5867,38.7933,91.48,107.1167,5.6067,6.19,55.7233,115.1133,138.5933,98.67,122.11,43.099,268.8567,215.2167,2.6933,6.8,2.4718,88.7133,85.3,50.38,53.78,30.3007,ro20,refrigerant_overcharge,2,fault,95
53.4957,50.132,85.45,88.874,43.58,38.7767,91.4867,107.2667,5.5867,6.04,55.6167,115.7233,138.5033,98.7867,122.6833,43.067,269.2067,215.26,2.8667,6.6667,2.4604,88.6467,85.26,50.2467,53.58,30.1357,ro20,refrigerant_overcharge,2,fault,100
60.5863,50.6083,75.0847,84.584,40.86,35.9467,91.6767,107.6,12.0433,6.1467,24.4633,114.06,137.15,100.65,118.57,69.7513,264.6233,215.8033,7.1067,9.76,4.5221,84.5867,75.08,50.6,60.75,89.71,ro20,refrigerant_overcharge,2,fault,120
60.7147,50.518,75.384,85.1173,40.8,35.8633,92.21,108.6667,12.1933,6.0267,24.1033,112.8067,137.6067,100.9767,117.0333,71.431,264.2933,215.7433,7.2433,9.63,4.5118,84.94,75.3467,50.4567,60.8467,91.66,ro20,refrigerant_overcharge,2,fault,125
60.5693,50.2743,75.352,85.1573,40.66,35.6733,92.2067,108.7,12.18,5.9467,24.0733,111.8267,137.7233,101.21,115.9467,71.85,264.4567,215.7933,7.25,9.5367,4.5297,84.9667,75.28,50.24,60.6867,92.564,ro20,refrigerant_overcharge,2,fault,130
56.6547,50.292,75.8557,81.9907,41.7467,36.84,86.11,97.4833,7.82,6.4167,34.4633,110.3067,136.05,98.2133,114.6067,51.093,265.7667,215.2767,4.3867,8.6967,3.9283,81.7467,75.79,50.4567,56.92,57.0813,ro20,refrigerant_overcharge,2,fault,145
56.8527,50.434,75.9327,82.0713,41.59,36.7,86.29,97.8,7.9333,6.6533,34.74,110.2033,135.6833,98.1867,114.6133,51.5297,265.4067,215.7033,4.3567,8.9533,3.9377,81.9733,75.9033,50.54,57.0567,57.7107,ro20,refrigerant_overcharge,2,fault,150
56.7287,50.313,75.9473,82.0727,41.5733,36.6667,86.43,97.9667,8.03,6.6167,34.78,110.17,136.15,98.64,114.6667,51.534,265.48,215.2933,4.4433,8.86,3.9274,81.9333,75.91,50.4133,56.88,57.5643,ro20,refrigerant_overcharge,2,fault,155
56.591,50.2047,75.9167,82.018,41.49,36.5933,86.22,97.6667,7.9167,6.6133,35.04,110.2133,136.1,98.5233,114.7267,51.4527,265.6633,215.3467,4.3567,8.82,3.9129,81.8733,75.8933,50.3067,56.7667,57.2603,ro20,refrigerant_overcharge,2,fault,160
52.6167,49.7687,75.7743,78.7033,42.9767,38.0933,80.7667,88.0,4.1,6.3433,61.8167,111.5033,133.6333,94.5,116.8933,35.679,266.7233,215.2433,2.26,6.8833,2.5165,78.5067,75.6433,49.8833,52.7167,25.5447,ro20,refrigerant_overcharge,2,fault,175
52.8747,50.151,75.5373,78.386,43.2733,38.4367,80.88,88.2,4.46,6.4533,64.3133,112.71,133.5667,94.0967,118.5367,35.742,266.5,215.0133,2.4333,6.9433,2.3999,78.45,75.5333,50.21,53.0333,24.4043,ro20,refrigerant_overcharge,2,fault,180
52.6933,49.8893,75.8113,78.674,43.2667,38.3833,81.0867,88.4833,4.51,6.3233,63.0633,113.8767,133.7333,94.2433,119.8033,35.8803,266.6133,215.45,2.3967,6.7933,2.4659,78.6667,75.7533,50.0133,52.7633,25.1637,ro20,refrigerant_overcharge,2,fault,185
52.6337,49.811,75.8367,78.7203,43.2,38.3533,81.15,88.65,4.4567,6.3333,63.1533,114.77,133.8833,94.45,120.6,35.8873,266.6867,215.2933,2.45,6.72,2.4814,78.6867,75.8,49.9433,52.7433,25.3283,ro20,refrigerant_overcharge,2,fault,190
58.8827,49.4173,71.196,80.2123,40.84,35.93,86.6,98.3,10.83,5.42,25.3667,113.4733,136.35,99.6867,117.03,63.4557,265.0633,215.6267,6.5333,8.4667,4.7112,80.0367,70.99,49.32,59.08,85.027,ro20,refrigerant_overcharge,2,fault,210
58.7587,49.276,71.1013,80.032,40.7933,35.8333,86.45,98.0167,10.7567,5.3067,25.2833,112.2033,135.9833,99.43,115.6167,63.2713,265.01,215.78,6.4833,8.38,4.7341,79.9433,70.9033,49.16,58.8733,85.1923,ro20,refrigerant_overcharge,2,fault,215
58.7947,49.3277,71.1,80.0213,40.78,35.81,86.41,97.9833,10.81,5.32,25.2833,111.24,136.3667,99.5167,114.56,63.2527,265.08,215.62,6.43,8.5233,4.7246,79.9633,70.9433,49.26,59.01,84.9937,ro20,refrigerant_overcharge,2,fault,220
56.4853,49.9123,66.5653,72.8577,41.2233,36.2933,77.1367,82.25,7.69,6.5233,34.82,109.5467,132.2167,95.0067,112.9133,45.4833,267.1333,215.4767,4.8533,8.78,4.5615,72.3567,66.2967,49.9767,56.6,59.0143,ro20,refrigerant_overcharge,2,fault,235
56.3293,49.9453,66.2553,72.2343,40.88,35.9833,76.7533,81.6667,7.77,6.8633,35.3367,109.2867,131.5167,94.5967,112.5833,44.905,267.0333,215.46,4.7767,9.1667,4.4886,72.0067,66.1167,50.0767,56.57,57.328,ro20,refrigerant_overcharge,2,fault,240
56.288,49.8853,66.2487,72.2133,40.8467,35.9333,76.67,81.5667,7.79,6.9267,35.4033,109.0733,131.6667,94.86,112.3,44.9363,267.3867,215.3367,4.7,9.2,4.4965,72.02,66.11,50.0167,56.54,57.467,ro20,refrigerant_overcharge,2,fault,245
56.3027,49.908,66.242,72.196,40.8133,35.9,76.7,81.5667,7.7867,6.9,35.3867,108.94,131.8167,94.89,112.2333,44.9583,267.5567,215.36,4.7,9.2067,4.489,72.0,66.1133,50.0233,56.5467,57.4007,ro20,refrigerant_overcharge,2,fault,250
53.9,49.7997,65.1673,69.12,41.39,36.49,71.96,74.1167,4.8833,7.3267,49.5933,109.0667,129.4433,91.05,112.8467,35.9863,269.3867,215.5,3.26,8.5933,3.6022,68.6933,64.86,49.9967,53.9933,36.8717,ro20,refrigerant_overcharge,2,fault,265
53.7507,49.672,64.6273,68.5017,41.1767,36.2767,71.4767,73.4333,5.24,7.4867,50.8333,109.4,127.3333,90.9367,113.3533,35.7413,269.6133,215.5933,3.22,8.6233,3.6035,68.23,64.46,49.8267,53.8267,36.6303,ro20,refrigerant_overcharge,2,fault,270
53.6413,49.7143,64.3527,68.054,42.1367,37.2333,70.97,72.6667,4.9867,6.6733,51.8933,109.62,128.47,90.12,113.8133,35.155,269.8133,215.4333,3.1567,7.7533,3.5211,67.82,64.18,49.9133,53.77,35.2073,ro20,refrigerant_overcharge,2,fault,275
53.6267,49.7273,64.2427,67.9243,42.3633,37.46,70.98,72.6333,5.1467,6.5133,51.7767,109.8767,129.2533,89.92,114.2233,35.1173,269.5167,215.6367,3.21,7.51,3.5026,67.74,64.0767,49.8867,53.7667,34.9833,ro20,refrigerant_overcharge,2,fault,280
54.9793,46.4443,83.3533,91.2717,40.0433,35.0433,95.3867,114.94,8.63,3.77,26.3167,109.96,138.1467,102.36,114.0533,72.3463,268.4,215.62,3.8,6.2667,3.7259,91.6,83.4,46.3033,55.0533,76.6627,ro20,refrigerant_overcharge,2,fault,300
54.95,46.25,84.2063,92.4677,39.7833,34.8067,96.47,117.0667,8.8,3.8267,26.6367,110.0467,138.18,103.64,114.5,74.9787,268.2033,215.22,3.8767,6.4033,3.6571,92.5967,84.1667,46.2,55.1367,77.9847,ro20,refrigerant_overcharge,2,fault,305
55.2327,46.5587,84.5757,92.9633,39.5033,34.5867,97.26,118.6667,9.1467,4.1633,27.2067,110.12,138.55,103.0167,114.8667,76.7783,268.0033,215.6267,4.1933,6.9133,3.5686,93.0733,84.49,46.45,55.4567,77.926,ro20,refrigerant_overcharge,2,fault,310
55.298,46.5293,84.8647,93.3673,39.5167,34.5867,98.8767,121.95,10.42,4.14,26.47,110.32,139.13,103.96,115.2133,78.3413,267.55,215.6133,5.47,6.9033,3.5346,93.4367,84.7267,46.41,55.48,78.7547,ro20,refrigerant_overcharge,2,fault,315
55.404,46.6067,84.9413,93.4813,39.6733,34.71,99.6633,123.4667,11.1633,4.1867,25.8567,110.5267,139.34,103.0267,115.6167,78.3023,267.52,215.5433,6.2067,6.8933,3.5466,93.4933,84.7733,46.56,55.5567,78.9843,ro20,refrigerant_overcharge,2,fault,320
51.2307,45.2037,85.486,91.4173,39.2633,34.37,95.66,115.43,8.2567,4.2233,33.91,111.0267,137.8467,102.3467,116.29,60.5207,268.7033,215.31,4.21,6.0,3.1404,91.41,85.3533,45.2467,51.4767,54.0557,ro20,refrigerant_overcharge,2,fault,335
51.25,44.9967,85.951,92.1043,39.52,34.6033,96.4167,117.0167,8.3067,3.68,32.6633,111.0933,138.03,103.4533,116.5733,62.2763,268.0133,215.1267,4.3933,5.38,3.1645,92.0867,85.8133,44.86,51.25,56.0523,ro20,refrigerant_overcharge,2,fault,340
50.698,44.4477,85.928,92.0867,39.4467,34.5433,96.2467,116.6667,8.1333,3.36,32.26,111.1933,138.0767,102.7067,116.7033,62.155,268.4667,215.22,4.2633,4.92,3.1702,91.98,85.6933,44.37,50.7633,56.0417,ro20,refrigerant_overcharge,2,fault,345
50.5367,44.3353,85.8173,91.9367,39.3233,34.4033,96.0267,116.1833,8.0,3.34,32.32,111.22,138.0967,104.65,116.7733,61.8713,268.3733,215.19,4.2733,4.9567,3.1585,91.76,85.5333,44.2833,50.64,55.5797,ro20,refrigerant_overcharge,2,fault,350
49.2397,45.7853,85.3833,88.9753,40.9567,36.0533,91.7333,107.6833,5.6833,4.3333,52.3067,112.51,136.65,99.6833,119.02,45.1983,269.6333,215.3067,2.9133,4.83,2.4104,88.85,85.2133,45.7633,49.33,30.9853,ro20,refrigerant_overcharge,2,fault,370
48.9727,45.4943,85.3673,88.9793,41.0333,36.1333,91.5567,107.3667,5.5633,4.02,51.0,113.0133,137.0,99.7667,119.6367,45.1713,269.3067,215.4067,2.7833,4.4567,2.4312,88.7733,85.1467,45.4933,49.02,31.236,ro20,refrigerant_overcharge,2,fault,375
48.765,45.2967,85.302,88.9087,40.9867,36.0933,91.5067,107.2833,5.5767,3.8433,50.7667,113.5267,137.05,99.8633,120.0133,45.1447,269.2167,215.26,2.9,4.3233,2.4215,88.6467,85.02,45.2933,48.8067,31.0927,ro20,refrigerant_overcharge,2,fault,380
56.7807,46.206,76.0143,86.2687,38.5167,33.7033,93.5,111.25,12.3567,4.2133,22.2967,111.43,136.5333,102.2133,115.7067,79.209,266.7233,215.5067,7.3967,7.5767,4.2145,86.11,75.9933,46.08,56.99,94.9393,ro20,refrigerant_overcharge,2,fault,405
56.9477,46.2167,76.1327,86.512,38.16,33.3467,93.98,112.1833,12.72,4.3133,22.7867,110.68,136.6333,102.5733,114.86,81.8053,266.3033,215.8467,7.5967,7.95,4.1476,86.4233,76.06,46.09,57.1233,96.497,ro20,refrigerant_overcharge,2,fault,410
53.1713,46.1947,76.117,82.8793,39.7333,34.7667,87.79,100.4833,8.5767,4.2633,29.4367,109.4133,135.4833,99.8067,113.5967,55.9803,268.4533,215.58,5.11,6.3733,3.9368,82.6967,76.0833,46.08,53.23,62.6803,ro20,refrigerant_overcharge,2,fault,425
52.788,45.8623,76.1573,82.8607,39.6167,34.6667,87.75,100.3667,8.6233,4.19,29.27,109.1133,135.25,99.7967,113.2767,55.9737,268.3667,215.4,5.01,6.2167,3.9024,82.7233,76.1067,45.79,52.8833,62.1257,ro20,refrigerant_overcharge,2,fault,430
53.0633,46.1143,76.184,82.85,39.4733,34.55,87.74,100.35,8.6033,4.5667,29.54,108.92,135.35,99.87,113.0933,55.8263,268.27,215.55,4.9933,6.7,3.9302,82.7267,76.1333,46.15,51.57,62.4017,ro20,refrigerant_overcharge,2,fault,435
53.6833,46.6783,76.224,82.8993,39.44,34.5467,87.79,100.4667,8.69,5.02,30.1167,108.74,135.4333,99.9067,113.0,55.7657,268.5133,215.4367,5.02,7.2967,3.9632,82.77,76.1933,46.7333,53.8267,62.86,ro20,refrigerant_overcharge,2,fault,440
48.1603,45.2053,75.9427,79.106,40.8467,35.9067,81.17,88.68,3.72,4.2133,55.8967,109.7567,132.7667,95.7467,114.88,36.956,269.2233,215.16,2.4667,4.47,2.5206,78.6767,75.7033,45.28,48.2333,26.489,ro20,refrigerant_overcharge,2,fault,455
48.3123,45.366,75.75,78.773,40.6633,35.7033,81.2233,88.7667,4.5667,4.46,57.25,110.8733,133.3667,96.61,116.16,37.11,269.5233,214.8233,2.51,4.68,2.4954,78.6933,75.6867,45.3633,48.38,26.336,ro20,refrigerant_overcharge,2,fault,460
48.0657,45.0353,75.8713,78.9957,40.79,35.84,81.49,89.35,4.64,4.0333,56.2333,111.83,133.2333,96.4767,117.2767,37.5707,269.02,215.0733,2.5533,4.21,2.5424,78.9667,75.8367,45.0167,48.0367,27.151,ro20,refrigerant_overcharge,2,fault,465
48.307,45.4833,75.398,78.3577,40.8633,35.9233,80.86,88.15,4.51,4.4567,58.9767,112.5867,132.5,95.5967,118.0233,36.5097,269.5133,214.6733,2.5667,4.69,2.433,78.2767,75.3367,45.5633,48.4767,25.2693,ro20,refrigerant_overcharge,2,fault,470
54.2997,44.728,68.7327,77.862,37.47,32.77,84.1967,94.0667,10.6533,4.2,24.1167,111.46,134.1167,100.6833,115.02,63.9997,266.88,215.46,6.6,7.1333,4.7206,77.62,68.51,44.6267,54.3467,85.928,ro20,refrigerant_overcharge,2,fault,490
53.8727,44.3327,68.0953,77.1603,37.07,32.38,83.6667,93.0667,10.7267,4.06,23.88,110.2367,133.1333,100.1333,113.3967,63.4997,267.2567,215.4433,6.6867,7.1033,4.7432,76.9667,67.8367,44.1867,53.9433,85.664,ro20,refrigerant_overcharge,2,fault,495
53.5833,44.0527,67.6707,76.7153,36.8533,32.1967,83.23,92.35,10.7267,4.1167,23.79,109.24,132.9,100.2333,112.18,63.226,267.38,215.2867,6.67,7.07,4.7521,76.5767,67.4767,43.8933,53.66,85.4523,ro20,refrigerant_overcharge,2,fault,500
50.5807,44.016,65.6493,71.7607,37.1233,32.4133,76.39,81.0167,7.7567,4.8633,31.7233,107.28,129.9833,96.6033,110.1467,46.7123,273.2767,215.43,4.8967,6.8967,4.4324,71.4633,65.49,43.9533,50.68,58.888,ro20,refrigerant_overcharge,2,fault,515
50.5473,43.968,65.6917,71.7633,37.1633,32.4633,76.44,81.1833,7.8533,4.84,31.7233,106.9467,129.85,96.4767,109.9033,46.7943,272.9567,215.42,4.95,6.8233,4.4345,71.5133,65.5333,43.96,50.6467,59.0207,ro20,refrigerant_overcharge,2,fault,520
50.602,44.0373,65.752,71.7847,37.14,32.4467,76.43,81.15,7.83,4.8333,31.6533,106.8133,129.8667,96.5533,109.7067,46.829,272.89,214.8533,4.8233,6.8567,4.4095,71.5933,65.6067,44.02,50.7133,58.73,ro20,refrigerant_overcharge,2,fault,525
50.6833,44.1373,65.7987,71.8343,37.1167,32.4167,76.63,81.45,7.84,4.8967,31.7133,106.6333,129.8,96.54,109.5467,46.8543,272.7633,215.1867,5.01,6.9967,4.4022,71.63,65.6733,44.16,50.8433,58.662,ro20,refrigerant_overcharge,2,fault,530
48.4013,44.992,65.6497,69.0387,39.65,34.6867,71.67,73.6167,4.4,4.72,52.0267,107.0133,128.34,91.7967,110.62,34.4887,268.79,214.9967,2.8967,5.4067,3.1125,68.74,65.44,45.0667,48.4367,30.5267,ro20,refrigerant_overcharge,2,fault,545
48.2697,44.93,65.5933,68.9273,39.8433,34.8833,71.71,73.7167,4.5533,4.5733,52.9167,107.6867,128.5167,91.7267,111.78,34.4233,269.0167,214.9667,2.95,5.1367,3.0562,68.7233,65.4267,45.0,48.3567,29.925,ro20,refrigerant_overcharge,2,fault,550
48.4307,45.0727,65.5847,68.9207,40.1933,35.1867,71.7233,73.7333,4.79,4.43,53.3967,108.4533,128.6433,91.5333,112.7533,34.5887,269.2333,215.1667,2.9933,4.8733,3.0582,68.7567,65.4333,45.0867,48.48,30.0857,ro20,refrigerant_overcharge,2,fault,555
48.3033,44.9573,65.6193,68.9873,40.33,35.3367,71.7567,73.8167,4.76,4.19,53.0433,109.04,127.2633,91.6667,113.4533,34.634,269.0133,215.15,3.0133,4.59,3.0416,68.7467,65.45,44.94,48.32,29.9607,ro20,refrigerant_overcharge,2,fault,560
50.4733,41.9467,78.9207,86.9283,36.8133,32.16,93.1133,110.4833,10.1767,2.96,23.3267,108.42,134.9333,101.1567,112.1,69.777,268.7267,215.5533,6.05,5.02,3.8587,87.0767,79.09,41.8433,50.6767,76.5737,ro20,refrigerant_overcharge,2,fault,585
50.67,41.9673,79.74,88.0313,36.4233,31.82,93.86,111.9667,10.05,3.22,23.9267,108.1333,135.0333,101.8733,112.0667,72.174,268.86,214.9833,6.0,5.3367,3.7974,87.88,79.6667,41.8133,50.7633,77.9493,ro20,refrigerant_overcharge,2,fault,590
50.5127,41.798,79.728,88.1127,35.7567,31.19,93.94,112.1333,10.19,3.53,24.56,107.9733,134.45,103.5667,112.0867,73.4477,268.48,215.1767,5.98,5.8633,3.7383,87.9467,79.64,41.6467,50.5733,78.0893,ro20,refrigerant_overcharge,2,fault,595
50.48,41.7367,79.748,88.194,35.3867,30.8667,94.07,112.2833,10.3933,3.7133,25.1433,107.86,134.7833,104.0267,112.1267,74.4587,268.6533,215.3333,6.08,6.1733,3.7034,87.9533,79.66,41.5667,50.5667,78.428,ro20,refrigerant_overcharge,2,fault,600
47.0007,41.115,80.2347,86.1187,36.9733,32.2967,90.46,105.22,7.8433,2.8767,31.7967,108.0233,134.5667,101.4033,112.5,56.519,269.54,215.13,4.6233,4.1067,3.2836,85.83,80.16,41.05,47.1767,52.774,ro20,refrigerant_overcharge,2,fault,615
47.1513,41.1153,80.572,86.551,37.1767,32.4733,90.96,106.15,7.9133,2.7767,31.1367,108.1,134.95,100.52,112.75,57.4377,269.22,215.38,4.6033,3.7633,3.3137,86.3467,80.4767,40.9533,47.2,54.1333,ro20,refrigerant_overcharge,2,fault,620
47.0427,40.994,80.568,86.5583,37.1633,32.4767,90.98,106.1833,7.8933,2.7033,31.09,108.2,134.6,101.24,112.9467,57.462,268.9033,214.5833,4.6367,3.6467,3.3076,86.34,80.4533,40.82,47.06,54.058,ro20,refrigerant_overcharge,2,fault,625
46.9453,40.914,80.544,86.5287,37.1633,32.4633,90.9667,106.2,7.89,2.6833,31.0333,108.3333,134.7167,101.14,113.0267,57.42,269.2567,214.6233,4.71,3.5967,3.3047,86.2733,80.4333,40.7533,46.9533,53.9687,ro20,refrigerant_overcharge,2,fault,630
43.3987,39.8393,80.4923,84.3447,37.56,32.8533,86.38,97.9333,4.4467,2.1333,45.62,108.7867,133.4833,99.4833,114.25,44.2113,270.25,214.61,2.33,2.2267,2.5322,84.0233,80.34,39.7933,43.4267,31.8393,ro20,refrigerant_overcharge,2,fault,645
43.432,39.902,80.1687,83.9137,37.53,32.81,86.09,97.4333,4.76,2.29,46.63,109.26,133.4667,99.5267,114.82,43.5627,269.9767,214.97,2.34,2.35,2.5563,83.7033,80.05,39.8767,43.4733,31.6733,ro20,refrigerant_overcharge,2,fault,650
43.6123,40.144,80.0737,83.794,37.56,32.84,86.46,98.1,5.2067,2.3767,47.04,109.6867,133.4,99.3833,115.2567,43.534,269.65,214.71,2.88,2.5567,2.5035,83.5867,79.98,40.08,43.7433,30.998,ro20,refrigerant_overcharge,2,fault,655
43.7993,40.344,80.1003,83.8087,37.59,32.89,86.59,98.2167,5.4367,2.4067,47.11,110.0767,133.5167,99.64,115.67,43.781,270.02,214.6867,2.8967,2.5867,2.4854,83.6367,79.9933,40.21,43.87,30.9487,ro20,refrigerant_overcharge,2,fault,660
52.067,41.432,69.9847,80.187,35.2333,30.74,87.7,100.3167,11.7467,3.4433,21.2667,108.42,132.8167,101.41,111.9233,74.872,266.23,215.2533,7.7067,5.96,4.4793,80.0067,69.8133,41.16,52.1167,95.3867,ro20,refrigerant_overcharge,2,fault,685
51.9627,41.304,69.934,80.17,34.4967,30.0933,87.56,100.0667,11.9,3.4967,21.7467,107.8233,132.7167,101.3067,111.1033,75.6623,266.0367,215.22,7.59,6.6267,4.4417,79.98,69.7833,41.12,52.08,95.583,ro20,refrigerant_overcharge,2,fault,690
45.598,39.0607,70.2807,76.671,35.7067,31.17,81.07,88.5333,7.6067,2.2167,28.2233,106.4533,130.6833,98.7467,109.7,51.1147,268.9,214.79,4.78,3.18,4.0266,76.3033,70.0033,38.92,45.6067,58.5413,ro20,refrigerant_overcharge,2,fault,705
45.522,39.17,69.7473,75.965,35.17,30.6567,80.73,87.9167,8.1033,2.7333,28.8067,106.0667,130.4833,99.0567,109.3533,50.516,269.2833,214.82,4.9567,3.9133,3.9578,75.7833,69.58,39.09,45.6067,56.863,ro20,refrigerant_overcharge,2,fault,710
45.5673,39.2633,69.6433,75.8247,34.91,30.45,80.58,87.6667,7.9833,2.9267,29.16,105.84,130.1,98.8133,109.0933,50.332,269.4933,214.8233,4.8633,4.2033,3.9418,75.6733,69.4833,39.1233,45.68,56.4263,ro20,refrigerant_overcharge,2,fault,715
45.6553,39.3397,69.6873,75.842,34.6,30.19,80.62,87.8167,8.0367,3.1667,29.2267,105.6267,130.1333,99.1667,108.9533,50.4637,269.2367,214.6167,4.93,4.63,3.9354,75.7167,69.5333,39.2367,45.7867,56.4823,ro20,refrigerant_overcharge,2,fault,720
43.272,40.098,69.7713,73.171,36.9967,32.3267,75.9433,80.2833,4.76,2.6833,49.8267,106.28,129.0333,95.6933,110.4233,36.7317,269.9933,214.6233,3.0367,3.0133,2.715,72.8467,69.58,40.0667,43.2867,28.363,ro20,refrigerant_overcharge,2,fault,735
43.2253,40.0633,69.6553,73.016,36.8067,32.15,75.84,80.1333,4.9667,2.95,50.4,107.2067,127.98,95.7367,111.5133,36.6207,270.2867,214.47,3.0633,3.24,2.7107,72.7933,69.5133,40.0533,43.2733,28.2337,ro20,refrigerant_overcharge,2,fault,740
43.3347,40.167,69.7167,73.0573,36.78,32.1367,75.8467,80.1333,5.0,3.1033,50.7,108.0667,128.95,95.7733,112.43,36.6043,270.3,214.8467,2.9767,3.3633,2.7226,72.8633,69.5833,40.1333,43.38,28.3437,ro20,refrigerant_overcharge,2,fault,745
43.356,40.1123,69.9977,73.3913,36.8067,32.1533,76.36,80.95,5.25,2.96,49.8267,108.7,129.0167,95.82,113.0533,37.3377,269.8933,214.9667,3.03,3.1933,2.7362,73.3433,69.9067,40.0233,43.34,29.057,ro20,refrigerant_overcharge,2,fault,750
49.2217,40.3563,64.1813,72.5877,34.4567,30.05,78.2367,85.2333,10.2267,3.4633,23.9567,108.0967,130.4167,99.7033,110.78,58.3373,267.4667,215.0167,6.8367,5.82,4.7869,72.2867,63.9833,40.2967,49.3833,79.426,ro20,refrigerant_overcharge,2,fault,770
49.348,40.4893,64.056,72.4367,34.5233,30.11,79.02,85.1167,10.2567,3.4233,23.8567,107.2133,130.1667,99.3967,109.7567,58.3407,268.1533,215.2433,6.8533,5.8767,4.7873,72.2,63.88,40.3767,49.4567,79.4363,ro20,refrigerant_overcharge,2,fault,775
49.2057,40.3893,63.935,72.3103,34.4433,30.0367,78.7867,84.7667,10.1367,3.4,23.94,106.5467,130.0833,99.4733,108.9667,58.2023,268.2033,215.0833,6.77,5.8333,4.7745,72.0533,63.7767,40.2367,49.2733,79.0357,ro20,refrigerant_overcharge,2,fault,780
47.166,40.6043,64.8753,71.2013,35.2533,30.7533,76.02,80.4333,8.1667,3.5567,29.3833,105.3467,129.0,97.4133,107.91,47.572,268.0967,215.1033,5.0533,5.21,4.3438,70.9567,64.77,40.47,47.23,58.7733,ro20,refrigerant_overcharge,2,fault,795
47.1087,40.5613,64.818,71.1307,35.1367,30.6333,75.99,80.3833,8.0733,3.5733,29.5,105.2133,129.0,97.4933,107.84,47.464,267.8967,214.93,5.1367,5.32,4.3405,70.8567,64.6633,40.4567,47.1967,58.5923,ro20,refrigerant_overcharge,2,fault,800
47.0637,40.492,64.73,71.0353,35.1133,30.6,75.8367,80.1333,7.9867,3.53,29.58,105.1533,128.7833,97.3567,107.7633,47.3917,268.4,215.3133,5.06,5.2967,4.3719,70.7967,64.59,40.3933,47.0533,58.929,ro20,refrigerant_overcharge,2,fault,805
47.08,40.5027,64.8857,71.1733,35.1933,30.6767,76.08,80.5667,8.1267,3.4967,29.4033,105.08,128.9333,97.3,107.6767,47.525,268.16,215.0033,5.13,5.26,4.3571,70.9733,64.8,40.4233,47.15,58.893,ro20,refrigerant_overcharge,2,fault,810
44.0713,40.5307,65.5073,69.188,37.2267,32.52,72.35,74.8,5.2367,2.78,46.4333,105.6333,128.4633,94.0,108.96,36.358,268.37,214.8033,3.4133,3.1633,3.065,69.01,65.3467,40.42,44.0933,31.6943,ro20,refrigerant_overcharge,2,fault,825
43.7967,40.276,65.502,69.1393,37.1533,32.4433,72.3,74.6333,5.2267,2.7467,46.5067,106.3067,128.4633,94.1967,109.9433,36.3133,268.63,214.4,3.3233,3.04,3.0468,68.9433,65.3367,40.1733,43.85,31.4673,ro20,refrigerant_overcharge,2,fault,830
43.702,40.1967,65.474,69.1073,37.0667,32.3667,72.32,74.6167,5.2633,2.71,46.5567,106.9067,127.2067,93.77,110.6733,36.2443,268.4467,214.42,3.33,3.0833,3.034,68.9167,65.3,40.1267,43.7967,31.276,ro20,refrigerant_overcharge,2,fault,835
43.6847,40.1847,65.4767,69.1033,37.05,32.3567,72.31,74.6167,5.3133,2.77,46.5667,107.3933,127.3367,93.9467,111.1567,36.276,268.35,214.8133,3.2933,3.06,3.0323,68.96,65.3167,40.1233,43.7867,31.2843,ro20,refrigerant_overcharge,2,fault,840
62.3463,53.65,84.9373,93.7647,43.5733,38.78,103.8467,132.6,16.3167,7.06,30.4333,110.7733,142.8833,102.37,116.71,77.1383,267.5467,215.69,8.94,10.1033,3.5619,94.88,84.7367,53.7,62.37,78.1423,ro30,refrigerant_overcharge,3,fault,25
61.9993,53.2753,84.8,93.7053,43.28,38.42,104.56,134.2333,17.12,6.9833,30.1967,112.1367,142.5167,103.3133,118.1867,78.4693,267.6267,215.5633,9.75,10.0367,3.511,94.8067,84.6233,53.3033,62.1033,78.3527,ro30,refrigerant_overcharge,3,fault,30
61.8193,53.0887,84.7947,93.6973,43.16,38.2567,104.5733,134.2,17.1667,6.88,30.5,113.0833,142.9,104.03,119.19,78.9493,267.4667,215.5133,9.7333,10.05,3.4899,94.84,84.6133,53.1833,61.9467,78.3617,ro30,refrigerant_overcharge,3,fault,35
61.7187,52.9833,84.7907,93.7307,43.1533,38.26,104.6533,134.3833,17.22,6.8067,30.3533,113.7767,142.9167,103.81,119.9333,79.065,267.2733,215.6,9.86,9.9033,3.4904,94.7867,84.64,53.06,61.89,78.491,ro30,refrigerant_overcharge,3,fault,40
57.0277,50.8177,85.3633,91.8663,42.6467,37.74,99.7633,123.6167,12.8733,6.2267,36.82,114.64,141.1533,103.35,120.9867,62.0603,269.3067,215.6267,7.2767,8.1967,3.1628,92.4867,85.0833,50.82,57.1333,55.8267,ro30,refrigerant_overcharge,3,fault,55
56.8953,50.712,85.306,91.7107,42.48,37.5933,99.5633,123.25,12.8867,6.2733,36.7667,114.6933,140.77,102.27,121.09,61.9417,269.3,215.41,7.0767,8.2867,3.154,92.4533,85.0467,50.78,57.0833,55.562,ro30,refrigerant_overcharge,3,fault,60
56.9473,50.7693,85.3367,91.812,42.5533,37.6467,99.6233,123.45,12.9667,6.2633,36.7267,114.6933,140.7567,103.1233,121.07,61.972,269.3367,215.4033,7.1333,8.31,3.1486,92.5033,85.1133,50.8467,57.1533,55.498,ro30,refrigerant_overcharge,3,fault,65
57.0853,50.872,85.402,91.8497,42.6167,37.7233,99.8433,123.7833,13.1133,6.2967,36.7133,114.7867,140.95,101.36,121.1,62.0233,269.3633,215.4933,7.28,8.3633,3.1616,92.56,85.2133,50.9533,57.3133,55.771,ro30,refrigerant_overcharge,3,fault,70
53.6083,50.287,85.3873,88.9997,43.58,38.78,93.5267,111.2833,7.83,6.2233,56.87,115.7767,139.08,99.24,123.32,43.9033,270.17,214.96,4.37,6.8833,2.3797,89.1667,85.1867,50.4267,53.74,29.7153,ro30,refrigerant_overcharge,3,fault,90
53.8493,50.482,85.442,89.0943,43.4067,38.62,93.9567,112.0833,8.36,6.4667,57.36,116.2367,139.0367,99.19,123.9367,44.357,270.1133,215.13,4.5367,7.18,2.3942,89.3933,85.2967,50.5933,53.9033,30.2033,ro30,refrigerant_overcharge,3,fault,95
53.7547,50.3967,85.462,89.115,43.4367,38.6567,93.82,111.8333,8.2133,6.38,57.1133,116.6133,138.8767,99.02,124.3933,44.3533,270.02,215.2267,4.4933,7.02,2.3885,89.3733,85.24,50.48,53.8533,30.1313,ro30,refrigerant_overcharge,3,fault,100
60.6213,51.1407,74.933,84.654,41.4433,36.5433,95.5367,115.2367,16.9,6.34,25.88,116.0067,138.8367,101.7033,122.1567,71.0677,265.0,216.1867,10.07,9.57,4.2237,85.4367,74.7867,51.03,60.7533,85.3903,ro30,refrigerant_overcharge,3,fault,115
60.792,50.8613,75.2087,85.35,40.8533,35.93,96.88,117.9167,17.93,6.3933,25.36,114.77,138.67,102.1233,119.8967,74.4317,265.1767,215.4567,10.64,10.03,4.2115,86.2467,75.1833,50.8633,60.98,89.148,ro30,refrigerant_overcharge,3,fault,120
60.868,50.7737,75.412,85.7013,40.7267,35.7233,97.6333,119.4333,18.4,6.3033,25.55,113.6033,139.2167,102.7167,118.49,76.9023,264.7933,215.6667,10.9133,10.03,4.1479,86.7333,75.3533,50.73,60.9833,90.723,ro30,refrigerant_overcharge,3,fault,125
60.6867,50.4647,75.4667,85.9413,40.6467,35.66,97.7333,119.6167,18.3933,6.1733,25.4133,112.66,138.7967,101.6633,117.6267,77.8573,264.3933,215.51,10.8533,9.7567,4.1454,86.86,75.3967,50.42,60.8033,91.7957,ro30,refrigerant_overcharge,3,fault,130
56.758,50.613,75.559,81.7773,41.8433,36.9367,88.81,102.1667,11.3167,6.8067,36.2533,111.1533,136.5167,98.5567,116.0733,51.967,267.1767,215.81,6.5433,8.9133,3.7364,82.26,75.55,50.7267,56.92,55.2237,ro30,refrigerant_overcharge,3,fault,150
56.642,50.5007,75.6793,81.9193,41.7967,36.8833,88.8467,102.2333,11.3667,6.71,36.2633,111.1067,136.6167,98.74,116.1133,52.0407,267.25,215.2433,6.4833,8.8367,3.7186,82.3633,75.6467,50.6167,56.84,55.04,ro30,refrigerant_overcharge,3,fault,155
56.5393,50.402,75.6597,81.9113,41.78,36.8933,88.7467,102.0333,11.2633,6.5767,36.2967,111.0533,136.7333,98.7567,116.12,52.06,266.24,215.3467,6.42,8.6533,3.7194,82.31,75.61,50.5067,56.7333,55.0703,ro30,refrigerant_overcharge,3,fault,160
52.8747,50.0997,75.481,78.5643,43.37,38.5467,82.06,90.36,5.8967,6.3,63.6333,112.2733,134.6833,94.9733,118.25,36.335,266.78,215.6533,3.2867,6.7667,2.4125,78.7767,75.51,50.1567,52.9467,24.9307,ro30,refrigerant_overcharge,3,fault,175
52.6537,49.8517,75.6207,78.658,43.5,38.68,82.0867,90.36,5.82,6.13,63.4967,113.47,134.5833,94.7,119.6733,36.3517,267.1133,215.1167,3.23,6.49,2.4313,78.8333,75.5867,49.93,52.7333,25.1367,ro30,refrigerant_overcharge,3,fault,180
52.5593,49.7557,75.665,78.6733,43.4967,38.7133,82.15,90.43,5.8067,6.0467,63.51,114.49,134.6333,94.98,120.7233,36.3327,267.0867,215.1267,3.2067,6.3233,2.4314,78.8833,75.6267,49.84,52.6667,25.125,ro30,refrigerant_overcharge,3,fault,185
52.5433,49.7447,75.806,78.7917,43.48,38.6733,82.21,90.6833,5.7533,6.0433,63.7567,115.2133,134.5333,94.82,121.6467,36.403,266.9833,215.3933,3.2067,6.38,2.4249,79.0233,75.7567,49.8667,52.6567,25.1067,ro30,refrigerant_overcharge,3,fault,190
59.205,50.42,70.268,78.92,41.0133,36.0867,88.38,101.4333,14.6633,6.3267,27.67,115.1667,136.3333,99.4467,119.7567,61.196,265.6767,215.6633,8.7133,9.3967,4.5357,79.6567,70.07,50.3767,59.4367,78.9423,ro30,refrigerant_overcharge,3,fault,205
59.0677,50.1303,70.3013,79.1603,40.86,35.9633,88.56,101.7333,14.74,6.05,26.83,113.8467,136.2167,99.6267,117.84,61.9483,265.6033,215.3633,8.7033,9.2267,4.5516,79.8533,70.12,50.1,59.2033,80.1927,ro30,refrigerant_overcharge,3,fault,210
58.7197,49.7637,70.144,78.972,40.78,35.8067,88.2,101.2,14.4933,5.9533,26.7533,112.5767,136.5167,99.7967,116.45,61.6287,265.7933,215.4467,8.6633,8.9733,4.5862,79.58,69.9467,49.7067,58.8333,80.3873,ro30,refrigerant_overcharge,3,fault,215
58.594,49.63,70.0587,78.8893,40.76,35.7767,88.12,100.9833,14.5367,5.8667,26.57,111.5433,136.0833,99.5933,115.3967,61.595,265.68,215.5467,8.6,8.8533,4.596,79.49,69.8867,49.5933,58.7633,80.515,ro30,refrigerant_overcharge,3,fault,220
56.144,49.979,65.7203,71.826,40.9233,35.9867,77.9033,83.3833,9.9067,7.0233,36.3633,109.8667,131.8167,94.8733,113.5833,44.3803,267.8433,215.3433,6.0767,9.2433,4.3814,71.84,65.5067,50.1567,56.3467,55.3037,ro30,refrigerant_overcharge,3,fault,235
56.2667,50.187,65.6513,71.6273,40.6,35.6133,77.9733,83.4833,10.26,7.49,37.3067,109.58,131.5667,95.03,113.24,44.4507,267.7833,215.3433,6.14,9.7433,4.3113,71.8167,65.5167,50.3367,56.5367,54.507,ro30,refrigerant_overcharge,3,fault,240
56.2213,50.0533,65.7867,71.7673,40.7067,35.73,78.1533,83.7667,10.36,7.2333,37.05,109.5067,131.85,95.0967,113.12,44.7987,268.2333,215.4733,6.07,9.5267,4.3438,72.02,65.66,50.2133,56.3833,55.3467,ro30,refrigerant_overcharge,3,fault,245
56.172,49.9867,65.7827,71.7713,40.7467,35.7567,78.1533,83.7833,10.3067,7.0967,36.7833,109.38,131.9,95.1533,113.02,44.764,268.5267,215.1767,6.1233,9.3933,4.3537,72.0133,65.5933,50.1133,56.3733,55.4313,ro30,refrigerant_overcharge,3,fault,250
55.9657,50.0083,65.9197,71.7033,41.2467,36.2867,77.4833,82.7367,9.6167,6.77,37.74,109.3067,131.5333,94.2833,112.9533,43.261,268.2733,215.4,5.6267,8.85,4.3435,71.8433,65.8233,50.1033,55.9,53.4593,ro30,refrigerant_overcharge,3,fault,255
53.481,49.7823,63.288,67.0283,41.8833,36.9767,70.8733,72.4167,5.9767,7.0,53.8333,109.4733,127.6,89.51,113.5867,34.2697,269.7267,215.2233,3.9067,8.0433,3.403,66.94,63.06,49.9367,53.5467,33.1657,ro30,refrigerant_overcharge,3,fault,265
53.4683,49.903,63.1213,66.6903,42.2633,37.3633,70.71,72.15,6.0967,6.8333,54.88,109.6933,126.33,89.63,114.1067,34.017,269.9367,215.4867,3.9067,7.7967,3.3109,66.7867,62.97,50.0367,53.6,32.0323,ro30,refrigerant_overcharge,3,fault,270
53.4683,49.8327,63.2173,66.8453,41.3367,36.45,70.99,72.6667,6.3267,7.58,54.8433,110.1067,128.76,90.4333,114.6633,34.362,270.18,215.26,4.0333,8.6367,3.3404,66.9467,63.0333,49.9967,53.5667,32.6457,ro30,refrigerant_overcharge,3,fault,275
53.43,49.7313,63.18,66.8053,41.3167,36.41,71.0,72.7,6.4167,7.5733,54.89,110.28,128.0133,90.62,114.9267,34.3573,269.8767,215.4167,4.1333,8.6633,3.3971,66.92,63.0133,49.9333,55.2,33.1957,ro30,refrigerant_overcharge,3,fault,280
53.353,45.1713,81.2783,89.448,39.4733,34.57,96.5733,117.37,12.4067,3.4533,26.7867,110.3867,138.1833,102.9167,115.0867,70.3723,269.2933,215.01,6.5867,5.5667,3.6634,90.0033,81.17,45.0333,53.3667,73.3227,ro30,refrigerant_overcharge,3,fault,305
53.4047,45.2007,81.234,89.416,39.4567,34.5667,97.44,118.9833,13.38,3.4267,26.7633,110.4,138.3133,101.44,115.18,70.3317,269.1833,215.4867,7.52,5.6867,3.6841,89.9167,81.1433,45.1533,53.4767,73.6943,ro30,refrigerant_overcharge,3,fault,310
53.508,45.3313,81.2817,89.5323,39.4633,34.58,97.5733,119.2667,13.38,3.4267,25.8667,110.34,138.0733,102.77,115.2533,70.427,269.0367,214.8867,7.5467,5.7933,3.6535,90.05,81.2167,45.2733,53.62,73.183,ro30,refrigerant_overcharge,3,fault,315
53.612,45.431,81.368,89.6287,39.5367,34.6133,97.7333,119.6167,13.4733,3.43,25.8867,110.26,138.0333,102.8133,115.2533,70.483,269.11,215.1433,7.5433,5.8467,3.6562,90.1867,81.2667,45.36,53.7467,73.2947,ro30,refrigerant_overcharge,3,fault,320
50.7543,44.51,85.448,91.877,39.4733,34.5667,98.0967,120.3333,11.0633,3.2633,32.4267,110.4067,138.9567,103.36,115.6867,63.818,268.4333,214.8933,5.6367,4.8067,3.0808,92.4467,85.3433,44.2733,50.6667,55.92,ro30,refrigerant_overcharge,3,fault,330
50.3533,44.16,85.4833,91.932,39.3833,34.4767,97.9467,120.0333,10.7167,3.1167,32.81,110.8,138.51,104.07,116.3133,63.6657,268.47,215.1067,5.5533,4.6633,3.0656,92.3733,85.2867,44.06,50.4033,55.5087,ro30,refrigerant_overcharge,3,fault,335
50.5193,44.334,85.4593,91.864,39.3867,34.4967,98.02,120.1833,10.8033,3.2367,32.9867,111.0267,138.7433,102.4567,116.81,63.5013,268.4867,215.1633,5.68,4.9,3.0697,92.3333,85.28,44.27,50.6133,55.4397,ro30,refrigerant_overcharge,3,fault,340
50.467,44.3153,85.4247,91.8197,39.3333,34.4233,98.0133,120.15,10.7833,3.23,33.1333,111.3467,138.5467,103.2167,117.1233,63.409,268.5567,215.1067,5.7,4.8567,3.0577,92.2733,85.2467,44.2133,50.5133,55.1433,ro30,refrigerant_overcharge,3,fault,345
50.3733,44.258,85.4287,91.8463,39.28,34.38,97.9167,120.0,10.7433,3.24,33.18,111.5133,138.28,103.8867,117.4,63.3303,268.5467,215.1633,5.69,4.88,3.0467,92.2733,85.2533,44.16,50.4567,54.8763,ro30,refrigerant_overcharge,3,fault,350
48.7287,45.0113,85.53,89.59,40.45,35.45,93.5767,111.4333,7.6467,3.9433,49.8267,112.47,137.1333,100.6367,119.1767,47.845,269.4233,214.8033,3.8433,4.4967,2.4452,89.7367,85.36,44.95,48.7167,33.273,ro30,refrigerant_overcharge,3,fault,365
49.3213,45.7773,85.4513,89.3173,40.8,35.8267,93.3833,111.0,7.5567,4.4267,51.5667,113.5267,136.7333,100.0633,120.5467,46.6137,269.3233,214.5367,3.86,5.0333,2.3869,89.5,85.28,45.81,49.4533,31.647,ro30,refrigerant_overcharge,3,fault,375
49.2813,45.7293,85.4553,89.328,40.78,35.8133,93.41,111.0667,7.4967,4.3933,50.3633,113.9333,137.1833,100.36,120.91,46.597,269.5133,214.96,3.8767,5.0067,2.3979,89.52,85.2533,45.7567,49.4133,31.7803,ro30,refrigerant_overcharge,3,fault,380
57.2853,47.669,75.3693,85.2183,39.4167,34.52,95.67,115.4367,16.4667,4.9367,24.2833,112.5233,137.15,102.8833,117.5467,74.6827,266.54,215.48,9.68,8.1067,4.0672,85.9633,75.3267,47.5433,57.4867,86.3863,ro30,refrigerant_overcharge,3,fault,400
57.1893,47.2213,75.7863,85.929,39.3067,34.3933,96.6333,117.3833,16.79,4.5267,23.71,111.74,137.6733,103.47,116.42,78.241,267.2967,215.71,9.8833,7.7233,4.0258,86.7333,75.7533,47.05,57.3133,89.581,ro30,refrigerant_overcharge,3,fault,405
57.2387,47.142,75.954,86.2957,39.21,34.3233,97.4333,119.0,17.46,4.5167,24.2,111.1,138.0767,104.0367,115.7567,80.5787,266.6833,215.67,10.3033,7.8167,3.958,87.1567,75.92,46.9867,57.4533,90.707,ro30,refrigerant_overcharge,3,fault,410
52.2997,45.593,75.998,82.87,39.99,34.9933,89.3467,103.11,10.9633,3.6533,30.19,110.2633,136.3333,100.3833,114.9267,56.354,268.0167,214.97,6.17,5.4467,3.7494,83.16,75.9567,45.44,52.36,60.095,ro30,refrigerant_overcharge,3,fault,425
51.9773,45.2767,75.998,82.7993,39.78,34.8167,89.2767,103.05,10.8633,3.5167,29.9667,109.9733,135.9667,100.2533,114.5367,56.1987,268.4533,215.1833,6.17,5.44,3.758,83.1133,75.9633,45.1967,52.0467,60.068,ro30,refrigerant_overcharge,3,fault,430
51.954,45.2853,75.9247,82.706,39.49,34.5467,89.22,102.96,10.8833,3.85,30.1833,109.6967,135.7167,100.2533,114.1967,55.936,268.3367,215.2367,6.2433,5.8167,3.759,82.9933,75.8967,45.3,52.14,59.8023,ro30,refrigerant_overcharge,3,fault,435
52.8573,46.271,75.9867,82.654,39.27,34.38,89.43,103.3033,11.3567,4.97,31.9133,109.5,135.4167,100.1167,114.1,55.637,268.64,215.4033,6.3867,7.1167,3.7365,83.0267,75.97,46.3633,53.12,59.126,ro30,refrigerant_overcharge,3,fault,440
48.1673,45.1077,76.1557,79.5583,40.91,35.9867,82.3333,90.85,4.99,3.9367,55.2567,110.3767,133.5167,96.3933,115.8667,38.0907,269.2533,214.72,2.8933,4.18,2.5279,79.42,75.9767,45.0833,48.1367,27.3843,ro30,refrigerant_overcharge,3,fault,455
47.8997,44.98,75.8383,79.0377,40.96,36.0433,81.91,90.0833,5.2267,3.8833,56.4733,111.3833,133.55,96.56,116.9867,37.5263,269.4033,215.0167,2.9167,4.0567,2.4505,78.98,75.74,45.0067,47.9467,26.152,ro30,refrigerant_overcharge,3,fault,460
48.21,45.2433,75.771,78.9163,40.62,35.6133,82.23,90.6267,5.74,4.4067,57.72,112.2833,133.4,96.79,117.9933,37.759,269.4333,215.1367,3.1233,4.7067,2.4788,79.13,75.7467,45.2833,48.2867,26.621,ro30,refrigerant_overcharge,3,fault,465
48.3253,45.3407,75.838,78.9827,40.66,35.66,82.3367,90.82,5.7933,4.5467,58.0433,113.0467,133.65,96.8967,118.7233,37.7377,269.6133,215.0167,3.1533,4.7233,2.4866,80.0333,75.7933,45.3733,48.4067,26.6893,ro30,refrigerant_overcharge,3,fault,470
55.2153,45.5757,70.1093,79.7453,37.96,33.2,89.4967,103.4367,15.25,4.42,23.4067,111.8033,134.9333,101.0933,115.7533,68.2833,266.3467,215.4333,9.0467,7.4967,4.4569,80.4267,69.92,45.4833,55.4133,86.5533,ro30,refrigerant_overcharge,3,fault,490
55.4253,45.7,70.204,79.917,37.6433,32.9367,89.9533,104.2667,15.5867,4.6467,23.45,110.7133,134.9,102.1867,114.4267,69.3887,266.54,215.15,9.2933,7.9467,4.4174,80.6667,70.0467,45.56,55.58,87.177,ro30,refrigerant_overcharge,3,fault,495
55.448,45.5573,70.3613,80.3243,37.81,33.0933,90.2933,104.8167,15.7533,4.3533,22.9567,109.75,135.55,100.9067,113.4633,70.3243,266.61,215.3033,9.2867,7.63,4.4376,80.96,70.2433,45.4867,55.6067,88.7573,ro30,refrigerant_overcharge,3,fault,500
51.026,44.072,67.086,73.9583,37.6533,32.9333,80.49,87.55,10.6533,4.37,29.7767,108.09,131.8833,98.04,111.57,50.4897,273.06,214.9633,6.3667,6.2667,4.338,74.1033,66.8167,43.9333,51.0467,62.293,ro30,refrigerant_overcharge,3,fault,520
50.8713,44.1,66.607,73.2807,37.36,32.67,79.91,86.5667,10.67,4.61,30.34,107.83,131.3333,97.9133,111.1467,49.6493,272.6367,215.0467,6.3533,6.6767,4.2964,73.5367,66.4367,44.0533,50.9567,60.6687,ro30,refrigerant_overcharge,3,fault,525
50.8553,44.0667,66.568,73.2247,37.19,32.5,79.84,86.4667,10.7133,4.71,30.51,107.52,131.25,97.7633,110.8733,49.663,273.06,215.1933,6.3333,6.8333,4.3099,73.5533,66.4533,44.0333,50.9867,60.8787,ro30,refrigerant_overcharge,3,fault,530
48.8077,45.2013,67.006,70.7847,39.9467,34.9533,74.45,78.0367,6.0533,4.5433,50.3333,107.6033,129.35,93.4367,111.4933,36.579,268.6833,215.2633,3.68,5.2267,3.1098,70.7433,66.8067,45.1667,48.8267,32.353,ro30,refrigerant_overcharge,3,fault,545
48.382,44.8403,66.8403,70.5363,40.1167,35.1233,73.8967,77.1667,5.7567,4.2133,50.7233,108.37,129.0667,92.93,112.6,35.8347,268.7967,215.1733,3.56,4.7867,3.115,70.3667,66.6033,44.9167,48.46,31.7497,ro30,refrigerant_overcharge,3,fault,550
48.7137,45.237,66.5823,70.232,40.02,35.0467,74.02,77.3333,6.1267,4.62,52.1733,109.04,128.7667,92.7233,113.44,35.9873,268.6333,215.0767,3.7333,5.2033,3.0429,70.2533,66.47,45.2933,48.7933,31.1503,ro30,refrigerant_overcharge,3,fault,555
48.3947,44.8387,66.7467,70.4093,40.2967,35.29,73.96,77.2833,5.95,4.0933,50.7667,109.56,129.25,92.8933,114.1133,36.1513,269.0967,214.8133,3.6567,4.54,3.0935,70.3333,66.5733,44.86,48.42,31.808,ro30,refrigerant_overcharge,3,fault,560
50.7547,42.2407,79.6967,87.6783,37.6133,32.9067,94.2933,112.85,11.18,2.8067,23.04,109.48,135.7,101.23,113.2167,69.968,268.57,215.0667,6.3167,4.55,3.8342,88.0167,79.7633,42.1467,50.96,76.2897,ro30,refrigerant_overcharge,3,fault,580
51.3057,42.7153,80.215,88.577,37.5767,32.8833,96.12,116.33,12.56,2.9533,23.9,109.1667,136.35,102.6867,113.1067,72.4597,268.86,215.3267,7.1633,4.9867,3.7399,88.92,80.1767,42.5567,51.46,77.068,ro30,refrigerant_overcharge,3,fault,585
51.3797,42.7353,80.3923,88.9567,37.4133,32.7133,96.72,117.6,12.96,3.0767,24.77,109.0867,136.55,102.2,113.2433,74.27,268.11,215.28,7.3567,5.1833,3.6692,89.3867,80.31,42.5667,51.52,77.5053,ro30,refrigerant_overcharge,3,fault,590
51.341,42.686,80.4827,89.146,37.2567,32.5567,97.07,118.3167,13.26,3.12,26.2367,109.04,136.6,104.2567,113.6067,75.5313,268.42,215.15,7.5167,5.23,3.6133,89.56,80.4033,42.4933,51.48,77.6207,ro30,refrigerant_overcharge,3,fault,595
51.304,42.646,80.4267,89.156,37.1933,32.4933,96.9667,118.1167,13.26,3.1133,24.81,109.0933,136.4667,103.3567,113.8133,75.565,268.3,215.32,7.46,5.2767,3.6159,89.4867,80.3767,42.4633,51.3933,77.7123,ro30,refrigerant_overcharge,3,fault,600
47.2423,41.0197,81.182,87.6133,36.4967,31.8933,92.9267,110.1167,9.66,3.1067,31.6233,109.34,135.4833,103.5567,114.3933,60.353,268.61,214.9867,5.3167,4.2767,3.2471,87.61,81.06,40.7433,47.1333,55.7367,ro30,refrigerant_overcharge,3,fault,615
46.585,40.3443,81.1847,87.5173,36.2033,31.6,92.4233,109.1,9.01,2.8733,31.0467,109.3333,134.9167,103.45,114.35,60.1427,268.5367,214.86,5.0333,3.98,3.2672,87.3967,81.0133,40.1967,46.6533,55.8867,ro30,refrigerant_overcharge,3,fault,620
46.3527,40.0647,81.15,87.444,36.0,31.4333,92.16,108.5667,8.8367,2.7733,30.7467,109.2933,134.8333,103.36,114.2433,60.025,268.74,214.96,4.8667,3.92,3.2988,87.29,81.0133,39.9667,46.3733,56.316,ro30,refrigerant_overcharge,3,fault,625
46.2273,39.93,81.1287,87.3957,35.8333,31.27,92.12,108.5167,8.7333,2.88,30.6833,109.1267,134.6667,101.52,114.1,59.9013,268.8433,214.7467,4.8667,4.0667,3.3073,87.2533,80.98,39.8567,46.3067,56.347,ro30,refrigerant_overcharge,3,fault,630
43.7267,40.235,80.7677,84.614,37.5633,32.8733,87.3333,99.65,5.4233,2.2867,46.3433,109.34,133.6833,99.6933,115.02,44.4363,269.5467,214.82,3.06,2.5633,2.4754,84.3,80.61,40.1733,43.8333,31.2827,ro30,refrigerant_overcharge,3,fault,645
43.7527,40.1927,81.0087,84.8343,37.8367,33.1,87.92,100.6167,5.8933,2.1167,45.71,109.7367,133.7,99.58,115.55,44.9807,269.49,214.6233,3.2633,2.21,2.488,84.6467,80.83,40.0767,43.7967,31.8303,ro30,refrigerant_overcharge,3,fault,650
43.5807,39.9993,80.9487,84.7597,37.7333,33.01,87.77,100.4333,5.8267,2.09,45.92,110.2067,133.8,99.6933,115.9667,44.8553,269.6533,214.61,3.2067,2.1833,2.5081,84.5667,80.8,39.9,43.6267,31.9977,ro30,refrigerant_overcharge,3,fault,655
43.532,39.942,80.9047,84.7153,37.6667,32.9667,87.74,100.3667,5.92,2.1567,45.94,110.4467,133.8167,99.8233,116.2333,44.8173,269.93,214.4933,3.2233,2.2167,2.5202,84.5133,80.7633,39.8833,43.5533,32.1263,ro30,refrigerant_overcharge,3,fault,660
51.307,40.617,69.944,80.212,34.8467,30.4067,87.99,100.7667,12.6633,3.0733,21.1,108.2333,133.3333,102.34,111.5933,75.1577,265.9967,214.8833,7.8567,5.5667,4.478,80.1267,69.7467,40.4333,51.3333,95.7213,ro30,refrigerant_overcharge,3,fault,690
45.678,39.0523,70.6067,77.1367,35.02,30.5567,81.8,89.88,8.0267,2.6567,28.3167,106.72,130.8167,99.2567,110.0933,52.3733,269.3833,214.9367,4.9233,3.88,3.9856,76.88,70.34,38.8967,45.7167,59.3653,ro30,refrigerant_overcharge,3,fault,705
45.4833,39.0337,70.1413,76.418,35.9267,31.3433,81.22,88.7667,8.0567,2.01,28.1767,106.34,131.15,98.9833,109.66,51.076,269.4267,214.6433,4.94,2.96,3.9726,76.3,69.9333,38.9067,45.5333,57.7097,ro30,refrigerant_overcharge,3,fault,710
45.562,39.241,69.9257,76.101,35.4933,30.9633,80.84,88.1167,8.1033,2.6067,28.69,106.1733,130.5667,98.71,109.4667,50.3453,269.35,214.9433,4.8867,3.6833,3.9539,75.9433,69.73,39.1367,45.69,56.6163,ro30,refrigerant_overcharge,3,fault,715
45.781,39.4893,69.8207,75.9673,34.92,30.4633,81.0367,88.4333,8.7167,3.11,29.24,105.9933,130.3333,98.91,109.3667,50.5117,269.2967,214.8467,5.0467,4.5167,3.9214,75.9833,69.6867,39.3933,45.89,56.3347,ro30,refrigerant_overcharge,3,fault,720
43.3813,40.2423,70.023,73.4227,37.2333,32.5267,75.98,80.3667,4.6833,2.6133,50.17,106.6067,129.2833,95.5833,110.8267,36.8733,270.09,214.7767,2.86,2.9067,2.6796,73.1433,69.7867,40.1367,43.4067,28.1013,ro30,refrigerant_overcharge,3,fault,735
43.184,40.038,69.8887,73.258,37.12,32.4167,75.93,80.25,4.7767,2.6467,50.3,107.5467,129.05,95.4633,111.93,36.7827,270.1033,214.6867,2.88,2.8333,2.6873,73.0467,69.74,39.9867,43.1733,28.1137,ro30,refrigerant_overcharge,3,fault,740
43.062,39.9273,69.8433,73.178,37.0867,32.3867,75.8867,80.25,4.8467,2.6367,50.2733,108.44,128.9167,95.6167,112.82,36.754,270.4333,214.5633,2.92,2.8133,2.6846,73.0333,69.7,39.8767,43.06,28.0613,ro30,refrigerant_overcharge,3,fault,745
42.9993,39.878,69.8633,73.2073,37.08,32.37,75.9467,80.2833,4.9,2.5767,50.1933,109.06,128.9333,95.3833,113.3967,36.7673,269.96,214.6233,2.8833,2.78,2.6751,73.0367,69.71,39.8633,43.0,27.9727,ro30,refrigerant_overcharge,3,fault,750
49.166,40.287,64.26,72.7783,34.5833,30.1633,79.89,86.55,11.4867,3.3867,23.5933,108.56,130.2333,99.3233,111.2333,58.803,267.8667,214.9333,7.1633,5.6167,4.7554,72.7067,64.0733,40.2233,49.3267,79.5307,ro30,refrigerant_overcharge,3,fault,770
49.6383,40.883,64.1573,72.7147,34.5633,30.1667,80.38,87.35,12.4767,3.6233,24.1467,107.6033,130.8167,99.7367,110.2233,58.736,267.91,215.36,7.5133,6.2,4.7028,72.8433,63.9933,40.7933,49.8167,78.5627,ro30,refrigerant_overcharge,3,fault,775
49.7527,41.002,64.1947,72.7427,34.6333,30.2133,80.44,87.4833,12.4533,3.6833,24.3533,106.9133,130.7833,99.7633,109.5067,58.8013,268.02,215.0267,7.6,6.2433,4.6858,72.8367,64.0067,40.85,49.88,78.367,ro30,refrigerant_overcharge,3,fault,780
47.146,40.656,64.8727,71.2693,35.4833,30.9767,76.53,81.25,9.0533,3.5633,29.58,105.8533,129.2167,97.2633,108.5467,47.646,268.29,214.8367,5.3467,5.0267,4.2842,71.1533,64.75,40.5,47.1967,58.056,ro30,refrigerant_overcharge,3,fault,795
47.0913,40.5933,64.8973,71.268,35.47,30.9833,76.49,81.2167,8.95,3.5033,29.5833,105.6467,129.15,97.2333,108.4467,47.6477,268.5233,214.7733,5.3033,4.9833,4.2873,71.1733,64.76,40.46,47.18,58.1017,ro30,refrigerant_overcharge,3,fault,800
47.09,40.6,64.9107,71.28,35.46,30.96,76.51,81.25,8.9433,3.4733,29.5667,105.6067,129.2333,97.2067,108.4333,47.6257,268.3567,215.2067,5.3667,5.0033,4.2924,71.1767,64.7633,40.4633,47.1767,58.1427,ro30,refrigerant_overcharge,3,fault,805
47.098,40.604,64.8813,71.2547,35.4967,31.0033,76.46,81.2,8.95,3.54,29.56,105.52,129.3333,97.3933,108.3333,47.609,268.2667,214.8033,5.3033,4.9767,4.2884,71.15,64.7567,40.47,47.1967,58.0697,ro30,refrigerant_overcharge,3,fault,810
43.5167,40.0917,64.5433,68.1487,36.5333,31.9067,71.0767,72.7833,4.9133,3.1533,47.66,106.0,127.4333,93.65,109.28,35.2647,268.5767,214.7433,3.22,3.57,3.0558,67.8867,64.3767,40.06,43.57,30.6487,ro30,refrigerant_overcharge,3,fault,825
43.576,40.0793,64.6153,68.267,36.3267,31.74,71.48,73.35,5.42,3.32,47.6333,106.5133,126.6967,94.03,110.1933,35.845,268.61,214.6933,3.2933,3.6767,3.068,68.1733,64.5567,40.0233,43.6067,31.2773,ro30,refrigerant_overcharge,3,fault,830
43.376,39.8863,64.7087,68.3647,36.4267,31.8267,71.2633,73.0667,5.1767,3.0033,47.2267,107.0,126.6467,93.7733,110.76,35.6223,268.7333,214.9167,3.15,3.4633,3.088,68.1533,64.58,39.8767,43.4133,31.286,ro30,refrigerant_overcharge,3,fault,835
43.6077,40.2723,64.494,67.9887,37.0633,32.37,70.82,72.3333,4.94,2.8033,48.3933,107.36,126.76,93.2533,111.1833,35.072,268.64,214.07,3.0033,3.1367,2.9823,67.8033,64.3467,40.2367,43.7767,29.75,ro30,refrigerant_overcharge,3,fault,840
61.5973,53.111,85.3087,94.0233,43.4433,38.6367,104.98,135.2,17.2,6.8133,30.88,114.0133,142.6667,104.08,120.2533,77.8667,267.2467,215.6867,9.7467,9.7133,3.4437,95.2233,85.0567,53.1867,61.68,76.2647,ro40,refrigerant_overcharge,4,fault,30
61.4573,52.9647,85.3127,94.038,43.2767,38.4367,104.9,135.05,17.1367,6.77,31.21,114.5167,143.3333,103.9733,120.7967,78.1173,267.23,215.5867,9.6833,9.84,3.4337,95.2333,85.0533,53.0733,61.6133,76.2883,ro40,refrigerant_overcharge,4,fault,35
61.4467,52.9727,85.2807,94.0083,43.2533,38.4067,103.98,134.8333,17.1033,6.8,31.2767,114.84,143.3333,102.3367,121.21,77.9777,267.03,215.3733,9.6567,9.85,3.4286,95.1867,85.02,53.1267,61.6233,76.041,ro40,refrigerant_overcharge,4,fault,40
55.5187,49.0017,86.0507,93.1027,42.18,37.2733,101.9533,128.39,14.26,4.9433,33.9033,114.98,141.1333,103.8233,121.4733,66.5847,268.3933,215.2267,8.0467,6.7267,3.0874,93.94,85.8133,48.9133,55.6,58.467,ro40,refrigerant_overcharge,4,fault,55
55.536,49.0467,85.9507,92.8587,41.98,37.0767,101.7667,128.7933,14.24,5.0733,34.34,114.8533,140.7833,104.59,121.21,66.2863,268.1733,215.1667,8.0333,7.05,3.0879,93.7533,85.72,49.0367,55.7,58.217,ro40,refrigerant_overcharge,4,fault,60
55.656,49.1627,85.956,92.88,42.01,37.11,101.7367,126.2767,14.23,5.1267,34.51,114.7133,140.9167,103.9033,121.05,66.1807,268.3233,214.99,8.0,7.0967,3.0904,93.8067,85.7467,49.0933,55.82,58.17,ro40,refrigerant_overcharge,4,fault,65
55.718,49.2,85.9573,92.9547,42.0233,37.1167,101.7067,127.0,14.1667,5.1133,34.5833,114.6333,140.6367,102.8433,121.1133,66.273,268.1833,214.8933,7.94,7.1267,3.0936,93.8,85.74,49.2,55.92,58.312,ro40,refrigerant_overcharge,4,fault,70
54.11,50.9203,85.6267,89.2357,43.42,38.6033,93.97,112.15,8.3467,6.67,58.0167,114.96,138.5067,99.0233,122.23,43.9343,269.1733,215.3667,4.4433,7.6233,2.2933,89.5267,85.42,51.1,54.3467,28.6333,ro40,refrigerant_overcharge,4,fault,85
54.1057,50.706,86.0453,89.8113,43.4533,38.6033,94.8033,113.7667,8.7567,6.5267,56.6533,115.5733,138.9333,99.24,123.2467,45.0993,269.1767,215.1667,4.6167,7.3233,2.3775,90.2033,85.8167,50.7933,54.1733,30.4907,ro40,refrigerant_overcharge,4,fault,90
53.8983,50.514,86.008,89.7967,43.5233,38.6833,94.8333,113.7833,8.82,6.3433,56.6833,116.1167,138.8867,99.11,123.9333,45.1187,269.1033,214.8667,4.67,7.1,2.3617,90.1033,85.8,50.5833,53.98,30.3013,ro40,refrigerant_overcharge,4,fault,95
53.8547,50.462,85.9543,89.7387,43.4933,38.6467,94.7767,113.75,8.73,6.3333,57.0033,116.43,138.7367,99.05,124.4,45.0707,269.1167,215.29,4.7067,7.0333,2.3763,90.1,85.8067,50.55,53.9633,30.4577,ro40,refrigerant_overcharge,4,fault,100
61.3287,51.4747,75.8513,86.2033,41.5,36.6067,99.1633,122.5,19.7233,6.36,25.8367,115.0867,139.0567,102.5767,120.5367,76.6797,264.3933,215.67,11.7633,9.8933,4.0597,87.41,75.7933,51.41,61.48,88.5327,ro40,refrigerant_overcharge,4,fault,120
61.2033,51.1487,75.8327,86.3553,40.9833,36.08,99.5967,123.3667,20.0833,6.4133,25.96,114.0067,139.3067,103.4767,119.22,78.9947,264.3667,215.5867,11.9867,10.1067,4.0216,87.6367,75.7967,51.1067,61.3167,90.3533,ro40,refrigerant_overcharge,4,fault,125
61.2167,51.043,75.8527,86.531,40.7867,35.8533,100.0533,124.25,20.3967,6.4067,26.3667,113.2267,139.4867,102.78,118.3833,80.938,264.0967,215.5933,12.2567,10.2667,3.9698,87.8167,75.82,51.0333,61.3533,91.3867,ro40,refrigerant_overcharge,4,fault,130
57.252,50.896,76.2107,82.986,41.9467,37.0467,91.4333,107.1167,13.42,6.77,35.8233,112.0267,137.83,99.94,117.25,54.616,266.9,215.25,7.7867,8.91,3.6696,83.6733,76.1333,50.88,57.2767,57.0023,ro40,refrigerant_overcharge,4,fault,145
56.8607,50.5127,76.14,82.8033,41.87,36.9667,91.4267,107.05,13.5,6.5333,35.5533,111.8667,137.6167,99.7133,117.07,54.611,266.72,215.48,7.8333,8.6733,3.6697,83.5833,76.0767,50.5533,57.0267,56.9987,ro40,refrigerant_overcharge,4,fault,150
56.6383,50.312,76.16,82.798,41.82,36.9367,91.4,107.0667,13.5233,6.4067,35.5767,111.7333,137.3333,99.46,117.0267,54.6207,266.78,215.3,7.76,8.5333,3.6528,83.63,76.0733,50.3567,56.8067,56.7467,ro40,refrigerant_overcharge,4,fault,155
56.4173,50.108,76.1063,82.786,41.7867,36.8933,91.3133,106.85,13.4533,6.2467,35.4233,111.6867,137.0667,99.2767,116.9867,54.5823,266.7,214.9667,7.7333,8.3867,3.6404,83.5733,76.05,50.1867,56.5833,56.513,ro40,refrigerant_overcharge,4,fault,160
52.67,49.852,75.803,79.002,43.3633,38.5467,83.3267,92.5333,6.6967,6.1267,62.8033,112.4633,134.7167,95.0867,118.5967,36.5597,267.52,215.08,4.0533,6.5733,2.4292,79.2767,75.72,49.9167,52.77,25.2533,ro40,refrigerant_overcharge,4,fault,175
52.9757,50.2567,75.6337,78.732,43.0867,38.2133,83.2367,92.3167,7.25,6.74,65.2533,113.5667,134.4,95.1767,120.06,36.5293,267.8067,214.9467,4.08,7.2633,2.343,79.1533,75.61,50.3633,53.17,24.346,ro40,refrigerant_overcharge,4,fault,180
52.7487,49.897,75.9007,79.11,43.2667,38.4233,83.7567,93.2167,7.3133,6.3,63.51,114.52,134.9167,95.1467,121.19,37.0867,267.5,214.5833,4.2367,6.67,2.4166,79.4833,75.8733,49.95,52.78,25.489,ro40,refrigerant_overcharge,4,fault,185
58.5823,49.124,70.814,80.7337,40.5467,35.5467,93.15,110.5833,18.7267,5.3267,24.4467,112.7967,137.4333,101.0733,117.16,68.537,265.4633,215.5033,11.2633,8.41,4.3562,81.9067,70.5667,48.95,58.6367,84.914,ro40,refrigerant_overcharge,4,fault,215
58.2027,48.986,70.4007,80.075,40.3433,35.3367,92.2,108.6667,18.3467,5.4733,24.9133,111.85,136.8167,100.9767,116.13,66.441,265.7233,215.27,11.07,8.58,4.3766,81.14,70.18,48.9333,58.4033,82.7033,ro40,refrigerant_overcharge,4,fault,220
56.4493,50.1993,66.0017,72.4823,40.6267,35.6133,81.12,88.55,13.18,7.3733,37.0367,110.28,133.0833,96.6133,114.43,46.8073,267.4067,215.57,8.02,9.69,4.2163,73.06,65.8167,50.3,56.6067,56.1293,ro40,refrigerant_overcharge,4,fault,235
56.26,50.0253,65.9347,72.3807,40.62,35.6067,80.99,88.3667,13.1867,7.25,36.7033,109.97,132.9333,96.4433,114.1433,46.7663,267.46,215.1933,7.99,9.59,4.2017,73.0167,65.7767,50.14,56.4667,55.8883,ro40,refrigerant_overcharge,4,fault,240
56.24,49.9653,65.9013,72.3327,40.5733,35.5733,80.95,88.3167,13.2433,7.2233,36.6933,109.8133,132.9833,96.3833,113.9267,46.733,267.5733,215.1267,7.9733,9.5467,4.2311,72.9733,65.7567,50.1033,56.4267,56.2357,ro40,refrigerant_overcharge,4,fault,245
56.204,49.9493,65.8813,72.2523,40.5533,35.56,80.95,88.3333,13.2333,7.1567,36.6867,109.6867,132.8667,96.2733,113.78,46.7613,267.53,215.47,7.9833,9.51,4.2214,72.9567,65.7667,50.11,56.4333,56.1417,ro40,refrigerant_overcharge,4,fault,250
53.3193,49.6727,63.2713,67.158,40.9433,36.0067,72.4933,74.9833,7.7267,7.81,54.8433,109.88,128.3533,91.11,114.3567,34.775,269.98,215.2,5.2033,8.9033,3.3044,67.3333,63.0333,49.8267,53.35,32.685,ro40,refrigerant_overcharge,4,fault,265
53.2273,49.6647,63.0633,66.772,41.74,36.8333,72.28,74.6333,7.7767,7.2167,56.2467,110.22,128.1167,90.2833,114.8733,34.311,269.69,215.3433,5.1667,8.0733,3.2726,67.0533,62.87,49.84,53.33,31.936,ro40,refrigerant_overcharge,4,fault,270
53.3287,49.8727,63.0603,66.7147,42.76,37.87,72.22,74.5667,7.81,6.3633,56.5033,110.4267,128.5833,89.71,115.3767,34.1653,269.9967,215.3133,5.22,7.2533,3.194,67.0067,62.8667,50.0133,53.3967,31.0377,ro40,refrigerant_overcharge,4,fault,275
53.3833,49.9227,63.096,66.728,42.8533,37.9633,72.26,74.4833,7.93,6.33,56.4133,110.72,129.05,90.0,115.7367,34.1923,270.0533,215.16,5.1667,7.2,3.1942,67.09,62.9033,50.04,53.4333,31.0637,ro40,refrigerant_overcharge,4,fault,280
53.9157,46.688,82.5717,89.8653,40.4367,35.4267,98.1533,120.4333,13.7633,4.1333,31.5033,111.0333,139.0833,101.9167,115.85,68.6233,269.1067,214.73,6.8133,6.18,3.3137,91.3667,82.72,46.6133,53.9933,64.6687,ro40,refrigerant_overcharge,4,fault,300
54.157,46.9047,83.6537,91.1797,40.6067,35.6133,99.4733,123.0833,14.0,4.2233,32.1,111.2033,139.6167,102.18,116.5367,70.3913,268.8567,215.49,6.9967,6.2933,3.2521,92.46,83.6467,46.86,54.3467,65.1063,ro40,refrigerant_overcharge,4,fault,305
54.781,47.4783,84.3377,91.9877,40.7867,35.8433,101.7433,127.94,15.4267,4.48,31.3367,111.59,139.78,103.3067,117.2467,71.723,268.13,215.16,8.57,6.64,3.2095,93.16,84.28,47.44,55.0067,65.471,ro40,refrigerant_overcharge,4,fault,310
55.1707,47.89,84.5927,92.347,40.74,35.7567,102.16,128.9,15.6467,4.82,32.1267,111.9533,140.1133,102.85,117.8433,72.7047,268.34,215.47,8.77,7.12,3.1613,93.4033,84.48,47.83,55.3667,65.368,ro40,refrigerant_overcharge,4,fault,315
55.416,48.112,84.7463,92.478,40.8067,35.8667,102.3233,129.3167,15.62,5.0333,32.5167,112.2867,140.7433,104.2,118.44,72.8727,268.32,215.6133,8.76,7.3067,3.1654,93.57,84.62,48.1067,55.6233,65.6077,ro40,refrigerant_overcharge,4,fault,320
51.9613,45.907,85.5603,92.122,39.67,34.72,100.5867,125.4167,13.6067,4.4267,36.7767,113.1933,139.1333,103.4833,119.6467,65.681,269.2367,215.1633,7.5833,6.18,2.9055,93.0,85.3467,45.88,52.0433,54.2767,ro40,refrigerant_overcharge,4,fault,340
51.554,45.536,85.5113,92.109,39.5667,34.6333,100.54,125.35,13.6267,4.29,36.7267,113.2133,139.1967,102.79,119.74,65.6373,269.1533,214.7667,7.64,5.9033,2.8851,92.88,85.2967,45.4533,51.61,53.8587,ro40,refrigerant_overcharge,4,fault,345
51.3363,45.2927,85.4847,92.04,39.5267,34.6067,100.4867,125.2833,13.6067,4.1833,36.6533,113.18,139.0967,103.6367,119.74,65.6657,268.6967,214.9133,7.6667,5.7567,2.8981,92.8867,85.2767,45.2867,51.4333,54.125,ro40,refrigerant_overcharge,4,fault,350
49.5837,45.9797,85.4933,89.6983,40.65,35.6667,94.89,113.9133,8.8267,4.59,51.34,113.2667,137.5,100.6567,120.04,47.6667,269.2567,215.23,4.9733,5.32,2.3856,89.9167,85.22,45.9767,49.61,32.3463,ro40,refrigerant_overcharge,4,fault,360
49.3023,45.804,85.2827,89.3037,40.59,35.6,94.6633,113.5,9.1667,4.61,53.28,113.7367,137.4833,100.8367,120.8333,47.538,269.0867,215.1167,4.9433,5.17,2.3179,89.7233,85.06,45.8,49.37,31.34,ro40,refrigerant_overcharge,4,fault,365
48.9593,45.4033,85.4473,89.4853,40.8,35.8333,94.9067,113.9333,9.2633,4.1433,52.4133,114.23,137.5,100.7,121.7067,47.996,268.9233,214.75,5.03,4.5567,2.3313,89.8967,85.2567,45.38,48.9733,31.8237,ro40,refrigerant_overcharge,4,fault,370
48.5763,45.045,85.3313,89.3933,40.6867,35.69,94.8433,113.9,9.3267,3.8867,51.99,114.6033,137.43,100.7167,122.1767,47.9593,269.3233,214.75,5.0733,4.2733,2.3167,89.8033,85.1,45.0233,48.6433,31.602,ro40,refrigerant_overcharge,4,fault,375
48.3307,44.8093,85.2093,89.2237,40.5867,35.5933,94.66,113.45,9.2067,3.7867,52.1033,114.9067,137.1167,100.4667,122.42,47.626,269.2833,214.85,5.0033,4.2067,2.3271,89.6867,84.9467,44.81,48.3667,31.5193,ro40,refrigerant_overcharge,4,fault,380
56.742,47.7337,74.472,83.8843,38.9667,34.07,95.9233,116.0167,18.23,5.5633,26.2533,113.1833,137.1167,102.4233,118.42,71.7143,269.5467,215.3233,11.0067,8.6133,3.9623,84.9667,74.4167,47.6167,56.93,80.814,ro40,refrigerant_overcharge,4,fault,400
56.4297,47.132,74.7223,84.4503,38.8333,33.9667,96.9667,118.0833,18.7933,5.0167,25.5967,112.1733,136.8833,102.2467,117.1367,75.0013,268.9533,215.2533,11.29,8.0867,3.9098,85.6733,74.7067,46.9567,56.6267,83.4,ro40,refrigerant_overcharge,4,fault,405
56.2813,46.778,74.9247,84.8897,38.7667,33.93,97.6733,119.5167,19.2367,4.71,24.5667,111.4033,137.6633,100.4933,116.2833,77.7737,269.16,215.4667,11.49,7.8767,3.8572,86.1667,74.9067,46.65,56.52,85.316,ro40,refrigerant_overcharge,4,fault,410
52.9293,46.1983,76.004,83.264,39.3133,34.4067,92.0967,108.4333,13.8633,4.77,32.24,110.6867,136.3333,101.0167,115.57,58.3177,268.8467,215.4433,8.28,6.7867,3.6419,83.8267,75.8433,46.15,52.8933,60.4097,ro40,refrigerant_overcharge,4,fault,420
52.4353,45.7893,75.7953,82.83,39.0567,34.13,91.8833,108.0,14.0567,4.7833,32.2633,110.4,136.1,100.96,115.32,58.101,268.4433,215.3267,8.2633,6.7633,3.6071,83.6433,75.7433,45.78,52.4967,59.6063,ro40,refrigerant_overcharge,4,fault,425
52.1057,45.497,75.826,82.8233,38.9733,34.0867,91.9567,108.1167,14.1067,4.4833,32.1133,110.22,135.7333,100.71,115.2,58.199,268.43,215.2067,8.2167,6.45,3.5806,83.7233,75.7867,45.4233,52.1833,59.268,ro40,refrigerant_overcharge,4,fault,430
51.8947,45.2647,75.8313,82.858,39.01,34.0967,91.9067,108.0667,14.0833,4.2933,31.9433,109.98,135.7167,100.9,115.0667,58.18,268.47,215.1833,8.2133,6.26,3.591,83.69,75.78,45.2833,51.95,59.4223,ro40,refrigerant_overcharge,4,fault,435
51.7053,45.1253,75.846,82.874,38.9767,34.0667,92.0267,108.25,14.1433,4.09,31.68,109.8767,135.7,100.68,115.0,58.237,268.4033,215.23,8.26,6.1,3.5638,83.71,75.8167,45.0633,51.8067,59.0287,ro40,refrigerant_overcharge,4,fault,440
48.0047,45.0837,75.7963,79.1947,40.7167,35.7533,83.75,93.3167,7.0033,4.1067,56.8867,110.58,134.0,97.1133,116.4333,38.2597,268.8833,215.2533,4.42,4.45,2.4098,81.1,75.7,45.13,48.1267,26.219,ro40,refrigerant_overcharge,4,fault,455
48.0753,45.138,75.806,79.1237,40.49,35.5,84.0033,93.7667,7.4667,4.3667,57.58,111.3533,133.8,97.0967,117.56,38.4113,269.1233,215.21,4.5233,4.66,2.4127,79.4733,75.74,45.17,48.1733,26.359,ro40,refrigerant_overcharge,4,fault,460
48.0927,45.132,75.8447,79.2427,40.7133,35.77,84.0333,93.8167,7.5167,4.1233,57.5133,112.2633,134.1667,97.2433,118.4167,38.6273,269.15,214.62,4.4833,4.3633,2.4118,79.61,75.8267,45.1067,48.1367,26.4937,ro40,refrigerant_overcharge,4,fault,465
48.11,45.1847,75.7727,79.0707,40.1533,35.16,83.9,93.5333,7.36,4.6933,58.26,112.85,133.4333,97.1667,119.0567,38.198,269.1033,214.71,4.5133,5.0667,2.4106,79.42,75.69,45.26,48.2367,26.1893,ro40,refrigerant_overcharge,4,fault,470
55.634,46.0367,70.1777,80.2273,38.38,33.5733,93.17,110.5667,19.3067,4.5233,23.7933,111.8367,135.9333,102.36,116.4133,71.5397,266.3133,215.53,11.5867,7.5633,4.2366,81.5767,70.0533,45.9433,55.9067,86.1997,ro40,refrigerant_overcharge,4,fault,490
56.0303,46.2353,70.5643,80.795,37.72,32.9933,93.9867,112.1167,19.6533,5.04,24.2633,110.8733,135.7333,101.9633,115.23,74.1607,266.5333,215.52,11.7367,8.4767,4.1705,82.2433,70.43,46.1733,56.26,87.9603,ro40,refrigerant_overcharge,4,fault,495
56.2067,46.2633,70.878,81.3007,37.46,32.7733,94.6267,113.45,19.9033,5.21,24.6733,110.1833,135.6,102.9067,114.5067,76.4777,266.3433,215.6333,11.9133,8.72,4.1047,82.73,70.7667,46.24,56.4533,89.278,ro40,refrigerant_overcharge,4,fault,500
51.3503,44.7187,66.616,73.5513,38.3633,33.56,82.49,91.1333,13.7,4.4233,31.7,108.6933,132.5,97.9733,112.5933,50.597,272.7333,215.1467,8.2233,6.3333,4.1334,74.26,66.46,44.7267,51.4067,59.4837,ro40,refrigerant_overcharge,4,fault,525
48.5907,44.9213,67.2853,71.371,39.5367,34.6133,76.7333,81.5333,8.1633,4.6967,49.6,108.3533,130.2167,94.6067,112.56,37.5163,268.8833,214.8367,5.1833,5.45,3.0794,71.5167,67.0033,44.9533,48.6133,32.8503,ro40,refrigerant_overcharge,4,fault,545
48.5963,45.0757,66.8113,70.7993,40.2767,35.29,76.44,81.1333,8.2567,4.1933,50.9867,108.9133,130.4833,94.1067,113.52,37.1683,269.0933,215.07,5.41,4.8167,2.986,71.05,66.6167,45.12,48.7133,31.568,ro40,refrigerant_overcharge,4,fault,550
48.4427,44.856,66.7947,70.7913,40.21,35.2267,76.38,81.0667,8.4133,4.1567,50.5133,109.44,130.6667,94.5133,114.2133,37.1857,268.9867,214.89,5.2833,4.62,3.034,71.0667,66.6433,44.8733,48.4867,32.0883,ro40,refrigerant_overcharge,4,fault,555
48.388,44.8133,66.7253,70.7407,40.0833,35.0833,76.35,80.9333,8.5067,4.29,51.6133,110.0033,130.3833,94.1933,114.76,37.148,268.7833,214.76,5.3033,4.7633,3.025,70.99,66.5733,44.8433,48.4333,31.959,ro40,refrigerant_overcharge,4,fault,560
51.0493,43.6227,79.6573,87.304,38.42,33.6033,96.7633,117.7167,15.0233,3.2867,28.7867,110.04,136.8167,103.2833,114.6433,68.1083,269.2667,215.1867,8.2133,5.0833,3.4364,88.5833,79.8033,43.5,51.1233,66.5653,ro40,refrigerant_overcharge,4,fault,580
51.4227,44.0093,80.0773,87.8607,38.0433,33.2467,98.01,120.15,15.6533,3.7433,29.22,110.03,137.0,103.04,114.9667,69.2063,269.0267,215.35,9.1267,5.88,3.3789,88.9033,80.03,43.9467,51.5733,66.5083,ro40,refrigerant_overcharge,4,fault,585
51.6633,44.1803,80.3347,88.2253,38.13,33.3367,98.62,121.3833,15.94,3.76,29.54,110.19,137.1,102.0833,115.2467,71.003,268.9567,215.05,9.2933,5.8833,3.3224,89.3367,80.3,44.05,51.7867,67.0887,ro40,refrigerant_overcharge,4,fault,590
51.2113,43.4703,80.6907,88.8847,38.36,33.56,99.49,123.1167,16.2533,3.1367,28.73,110.3267,137.73,103.3467,115.6333,73.1353,268.4333,215.0233,9.5433,4.86,3.3348,89.9467,80.5533,43.2333,51.2167,69.366,ro40,refrigerant_overcharge,4,fault,595
50.9013,43.1613,80.572,88.8843,38.2467,33.4467,99.1967,122.55,16.0767,3.1,29.0267,110.4467,137.8033,103.58,115.92,72.9953,268.1933,215.0733,9.4167,4.7167,3.34,89.7667,80.4267,42.9533,50.9433,69.3417,ro40,refrigerant_overcharge,4,fault,600
47.0287,40.5863,81.3017,88.2953,36.6067,31.9833,95.9233,115.98,12.7033,2.9033,31.9267,110.72,136.0667,104.0067,116.1933,64.5837,268.68,214.9467,7.1733,3.7467,3.1409,88.78,81.2033,40.35,46.9333,57.6927,ro40,refrigerant_overcharge,4,fault,615
46.366,39.8723,81.2087,88.0993,36.0967,31.52,95.3133,114.8167,12.08,2.7267,31.1467,110.5133,135.65,103.29,115.94,64.1257,268.9933,214.8333,6.8733,3.6567,3.1871,88.4833,81.0967,39.7867,46.38,58.1293,ro40,refrigerant_overcharge,4,fault,620
46.176,39.7373,81.19,87.9807,36.11,31.51,94.8567,113.8833,11.64,2.5667,30.9567,110.3,135.3167,103.0467,115.6233,63.2747,269.16,214.9033,6.5733,3.56,3.2018,88.2833,81.0333,39.68,46.2633,57.6203,ro40,refrigerant_overcharge,4,fault,625
46.266,39.8603,81.1927,87.9323,36.24,31.6433,94.7033,113.5333,11.4767,2.5133,30.74,110.1367,135.4,103.7167,115.2667,62.848,268.64,214.6167,6.46,3.56,3.2049,88.2333,81.0267,39.7967,46.35,57.2887,ro40,refrigerant_overcharge,4,fault,630
43.4863,39.8647,81.0527,85.1847,37.0767,32.38,88.9333,101.61,7.1033,2.48,47.24,110.2433,133.3333,99.9867,116.21,45.894,269.84,214.6167,3.9467,2.7633,2.484,85.04,80.85,39.8167,43.5,32.4263,ro40,refrigerant_overcharge,4,fault,645
43.448,39.8823,80.92,84.8123,37.2767,32.5767,87.98,100.7333,6.1833,2.3467,46.63,110.4467,133.7,100.1167,116.5233,44.8567,269.8567,214.5533,3.32,2.5433,2.4998,84.6067,80.7633,39.8367,43.4667,31.8923,ro40,refrigerant_overcharge,4,fault,650
43.5727,40.0153,80.9433,84.753,37.5133,32.8133,87.81,100.4667,5.9233,2.3233,46.31,110.6067,133.6333,99.7467,116.6433,44.759,269.6567,214.5467,3.2033,2.4333,2.4956,84.5867,80.8,39.9233,43.66,31.769,ro40,refrigerant_overcharge,4,fault,655
43.5713,40.022,80.962,84.769,37.4733,32.78,87.79,100.4833,5.8,2.3367,46.22,110.74,133.5167,99.6833,116.7867,44.7697,269.71,214.6733,3.2,2.4567,2.4907,84.6367,80.8133,39.9433,43.6567,31.713,ro40,refrigerant_overcharge,4,fault,660
53.6773,44.0377,70.4123,80.5217,36.92,32.25,93.51,111.2833,19.2767,4.0567,23.9767,109.32,134.7667,101.22,113.7633,73.88,265.7567,215.5633,11.6933,6.9267,4.121,81.81,70.2067,43.8367,53.6933,86.5907,ro40,refrigerant_overcharge,4,fault,685
53.2513,43.4777,70.3147,80.6387,36.3133,31.7133,93.6533,111.5333,19.45,4.0633,24.1967,108.9333,134.55,102.3867,113.19,75.7347,265.7467,215.49,11.78,6.94,4.074,81.9033,70.14,43.28,53.2933,87.7513,ro40,refrigerant_overcharge,4,fault,690
46.981,40.5273,71.2337,78.0223,36.34,31.75,84.9867,95.4833,11.4067,3.0267,30.23,108.1333,132.15,99.6933,112.2667,53.665,269.47,215.1067,6.62,3.9667,3.7891,78.3967,70.9967,40.3,46.88,57.833,ro40,refrigerant_overcharge,4,fault,705
46.561,40.082,71.1627,77.8033,36.1467,31.5533,84.67,94.9,11.1233,2.75,29.54,107.66,132.1333,99.8767,111.9133,53.53,269.47,215.0267,6.4133,3.8533,3.8141,78.2233,70.9967,39.9667,46.7067,58.069,ro40,refrigerant_overcharge,4,fault,710
46.664,40.178,71.2213,77.912,36.2333,31.64,84.64,94.8833,11.1067,2.7467,29.42,107.36,132.2833,99.8567,111.4533,53.5873,269.3133,214.7933,6.3067,3.8467,3.8051,78.3567,71.0467,40.1167,46.7933,57.9953,ro40,refrigerant_overcharge,4,fault,715
46.684,40.218,71.2373,77.8987,36.22,31.6267,84.74,95.0167,11.0733,2.7367,29.4133,107.06,132.15,99.6867,111.14,53.6023,268.9967,214.84,6.4,3.8833,3.7926,78.3567,71.0767,40.11,46.8,57.8197,ro40,refrigerant_overcharge,4,fault,720
43.2667,39.965,71.3693,75.0223,37.4,32.7067,77.9233,83.4,5.28,2.3967,48.34,107.3533,129.7,96.0533,112.12,38.147,269.9667,214.48,3.1267,2.5333,2.7189,74.77,71.1633,39.9267,43.2533,29.502,ro40,refrigerant_overcharge,4,fault,735
43.2653,39.9993,71.3017,74.808,37.7067,33.0067,77.92,83.4167,5.28,2.1567,48.23,108.1167,130.0667,96.0733,112.8967,38.1013,269.9133,214.7467,3.2767,2.1767,2.6965,74.66,71.14,39.89,43.2667,29.2223,ro40,refrigerant_overcharge,4,fault,740
43.135,39.8817,71.3093,74.8013,37.7767,33.05,77.87,83.3333,5.2167,2.0633,48.18,108.8067,130.1667,96.1333,113.59,38.083,270.1167,214.7933,3.21,2.03,2.6895,74.6633,71.1333,39.8033,43.1,29.1313,ro40,refrigerant_overcharge,4,fault,745
43.262,40.0923,71.1187,74.496,37.65,32.94,77.6567,82.9667,5.4433,2.3167,49.6333,109.44,130.15,96.1967,114.1533,37.3487,270.1467,214.6167,3.1633,2.44,2.6678,74.4733,70.88,40.02,43.3467,28.3387,ro40,refrigerant_overcharge,4,fault,750
50.9787,42.0087,66.3793,75.7573,35.33,30.82,87.93,100.7,18.27,4.03,24.1633,108.8867,132.4833,100.74,112.6667,64.793,267.25,215.3633,11.0733,6.5967,4.3657,76.87,66.23,41.9033,51.07,80.45,ro40,refrigerant_overcharge,4,fault,770
50.984,41.993,66.362,75.7573,35.2033,30.7233,87.92,100.6667,18.17,3.9833,24.2533,108.2133,132.3833,101.8867,111.8867,64.919,267.24,214.97,11.0433,6.6567,4.3586,76.9133,66.2133,41.8733,51.1067,80.4763,ro40,refrigerant_overcharge,4,fault,775
50.976,41.9607,66.362,75.719,35.04,30.54,87.91,100.6333,18.19,4.1033,24.2067,107.5067,132.1,100.7933,111.26,65.079,267.6167,215.22,10.98,6.8333,4.3641,76.8933,66.21,41.8867,51.0733,80.777,ro40,refrigerant_overcharge,4,fault,780
48.0213,41.1683,66.4973,73.8423,36.3233,31.72,82.55,91.2367,13.6033,3.2533,29.0633,106.6333,131.5,98.9433,110.4333,52.641,267.3433,215.16,8.0933,4.65,4.1031,74.4633,66.3,40.92,47.9433,61.4317,ro40,refrigerant_overcharge,4,fault,795
47.5533,40.716,66.2927,73.547,36.0367,31.44,82.1767,90.5633,13.5,3.11,28.66,106.54,131.1167,98.8533,110.19,52.397,267.8233,214.8667,8.0267,4.5,4.1059,74.1467,66.1267,40.5133,47.5733,61.1897,ro40,refrigerant_overcharge,4,fault,800
47.418,40.5813,66.2567,73.4447,36.0267,31.45,82.08,90.37,13.4233,3.0867,28.5033,106.4533,130.85,98.6967,110.03,52.302,268.02,214.7833,8.01,4.3967,4.1129,74.0533,66.0933,40.4333,47.4467,61.1797,ro40,refrigerant_overcharge,4,fault,805
47.37,40.5453,66.2287,73.3767,35.8667,31.31,82.0167,90.3033,13.4033,3.0467,28.51,106.3533,130.9,98.8133,109.8233,52.28,268.1333,214.8933,7.9633,4.5767,4.1109,74.1,66.0867,40.4333,47.3733,61.126,ro40,refrigerant_overcharge,4,fault,810
44.4273,40.667,66.8517,71.1943,36.91,32.2433,76.6767,81.5,8.4067,3.1967,45.3067,106.7333,128.9,95.78,110.8267,39.1137,268.5667,214.6967,5.3067,3.5867,3.0244,71.36,66.62,40.48,44.3867,33.648,ro40,refrigerant_overcharge,4,fault,825
43.8533,40.0723,66.5293,70.837,36.4367,31.8167,76.08,80.55,8.1933,3.1667,45.1867,107.2333,128.6333,95.9033,111.48,38.837,268.5833,214.7767,5.09,3.56,3.0636,71.0167,66.3833,40.0,43.8433,33.8423,ro40,refrigerant_overcharge,4,fault,830
43.606,39.9043,66.3673,70.5443,36.47,31.8633,75.2933,79.3833,7.5367,2.94,45.5667,107.6633,128.84,95.2,111.88,38.2157,268.5733,214.69,4.7167,3.39,3.0461,70.5867,66.2233,39.8733,43.7133,33.108,ro40,refrigerant_overcharge,4,fault,835
43.5953,39.9073,66.322,70.3933,36.6067,32.0133,75.0,78.92,7.32,2.8667,45.3167,107.9833,128.35,95.3133,112.1067,38.0097,268.27,214.67,4.5033,3.29,3.0509,70.4933,66.1633,39.8633,43.6933,32.9817,ro40,refrigerant_overcharge,4,fault,840
60.5783,51.0923,85.1713,94.1793,42.0867,37.18,98.6467,121.45,8.7,5.2733,26.5933,107.09,165.14,127.26,113.4867,79.3417,264.9167,215.7067,4.4267,8.7967,3.7785,94.23,84.9367,50.86,60.6067,85.264,cf12,condenser_fouling,1,fault,25
60.254,50.721,85.2553,94.381,41.89,36.97,98.9467,122.0667,8.8433,5.0633,26.6367,108.5533,164.7,126.98,114.46,80.5003,265.03,215.53,4.6367,8.6133,3.7401,94.3367,85.0033,50.52,60.32,85.634,cf12,condenser_fouling,1,fault,30
60.0967,50.5473,85.254,94.444,41.7033,36.82,100.1933,124.5667,9.9767,5.0933,25.4333,109.4867,164.6767,127.3633,115.0,80.93,264.96,215.7367,5.8367,8.6467,3.727,94.3567,84.9767,50.3667,60.2467,85.7897,cf12,condenser_fouling,1,fault,35
60.126,50.5673,85.2687,94.464,41.5967,36.7,100.8733,126.0167,10.6,5.1533,25.0233,110.1167,164.4533,127.9033,115.38,81.2047,265.0967,215.7833,6.5133,8.7667,3.7192,94.36,85.0267,50.3667,60.26,85.8967,cf12,condenser_fouling,1,fault,40
55.6043,49.2783,85.4343,91.623,41.6533,36.7667,95.4367,115.0633,7.3367,5.29,33.7333,110.94,163.33,125.7,116.3833,59.6873,267.19,215.5567,4.15,7.65,3.3441,91.2867,85.1667,49.3033,55.7967,56.765,cf12,condenser_fouling,1,fault,55
55.6747,49.2973,85.482,91.6593,41.9167,37.0233,95.72,115.5533,7.5967,5.12,33.4,111.0933,163.4033,125.4667,116.61,60.124,267.1967,215.3,4.1533,7.38,3.3428,91.55,85.2833,49.2867,55.84,57.164,cf12,condenser_fouling,1,fault,60
55.708,49.3187,85.5113,91.693,41.9333,37.0167,95.76,115.6867,7.6067,5.1167,33.31,111.22,163.53,125.39,116.8333,60.1663,267.1133,215.2,4.14,7.3633,3.344,91.58,85.3067,49.3067,55.8867,57.224,cf12,condenser_fouling,1,fault,65
55.7567,49.3573,85.498,91.678,41.94,37.0333,95.78,115.74,7.6367,5.1267,33.39,111.4733,163.44,125.5267,116.9533,60.1633,267.2567,215.54,4.2133,7.4467,3.3544,91.54,85.2933,49.38,55.92,57.398,cf12,condenser_fouling,1,fault,70
53.9477,50.79,85.497,88.787,43.85,39.0367,90.94,106.1,4.86,6.17,56.9967,113.5567,162.3667,122.1067,120.5,42.3477,268.14,214.9267,2.25,6.97,2.3477,88.6533,85.3067,50.7933,54.1167,28.283,cf12,condenser_fouling,1,fault,90
53.8947,50.6573,85.646,88.9887,43.58,38.7867,91.07,106.3833,4.93,6.3367,56.2667,114.36,161.8167,121.98,121.4067,42.5287,267.3267,215.1167,2.3067,7.1133,2.4027,88.7633,85.3667,50.7,53.9933,29.0647,cf12,condenser_fouling,1,fault,95
53.8227,50.5407,85.621,88.9713,43.65,38.8533,91.0633,106.3833,4.95,6.1533,56.28,114.8667,161.95,122.11,122.1467,42.606,267.88,215.0833,2.29,6.8833,2.4273,88.7333,85.3733,50.5467,53.89,29.4133,cf12,condenser_fouling,1,fault,100
60.5537,50.558,75.452,85.0037,41.18,36.2733,91.38,107.0,10.25,5.4467,23.64,112.74,162.47,125.4833,117.28,70.244,263.8733,215.38,6.5567,9.2167,4.4883,84.82,75.49,50.4033,60.7067,89.6673,cf12,condenser_fouling,1,fault,120
60.628,50.3847,75.738,85.488,41.0867,36.18,92.08,108.4,10.4833,5.31,23.1333,111.5033,162.6333,124.9733,115.7633,72.0213,263.87,215.3333,6.8133,9.14,4.4871,85.2767,75.6867,50.27,60.7533,91.912,cf12,condenser_fouling,1,fault,125
60.7373,50.526,75.734,85.4767,40.6,35.6067,92.1433,108.5667,10.8367,5.7533,23.6067,110.5533,162.2033,125.94,114.81,72.2713,263.7467,215.66,6.88,9.8133,4.4641,85.2567,75.6933,50.4167,60.8967,91.7573,cf12,condenser_fouling,1,fault,130
56.8303,50.541,76.1287,82.2403,41.47,36.57,85.8567,97.0167,6.5967,6.6033,34.3933,109.1667,160.0667,122.4367,113.5567,50.654,266.0333,215.34,4.0333,9.1767,3.9205,81.81,75.9967,50.6433,57.05,56.449,cf12,condenser_fouling,1,fault,145
56.8887,50.5513,76.172,82.2283,41.64,36.7467,85.97,97.3,6.8433,6.4367,34.5233,109.0867,160.3167,122.6067,113.7867,51.208,265.77,215.2033,3.97,8.8733,3.9021,82.0133,76.1133,50.5133,57.0267,56.833,cf12,condenser_fouling,1,fault,150
56.57,50.2633,76.1733,82.2307,41.5867,36.69,85.86,97.0667,6.6933,6.2133,34.46,109.1133,160.6333,123.0367,113.8733,51.1933,265.55,215.1033,3.8567,8.6433,3.8812,82.0267,76.1067,50.2467,56.7333,56.5117,cf12,condenser_fouling,1,fault,155
56.42,50.1227,76.1467,82.1833,41.5567,36.66,85.89,97.1167,6.7033,6.1733,34.35,109.24,160.5167,123.12,113.8933,51.195,266.0167,215.6167,3.9067,8.53,3.8852,81.9933,76.0767,50.0967,56.61,56.5723,cf12,condenser_fouling,1,fault,160
52.9723,50.1657,75.7937,78.7183,43.29,38.4367,80.48,87.55,3.5533,6.2833,61.9433,110.9333,158.4333,118.88,116.62,35.935,266.62,215.2567,1.8233,6.8267,2.4617,78.6567,75.8033,50.09,53.0067,25.1647,cf12,condenser_fouling,1,fault,175
52.995,50.315,75.6863,78.4617,43.41,38.5833,80.17,87.0,3.4533,6.43,64.0933,112.1367,158.5333,118.83,118.31,35.047,266.8467,215.1967,1.8233,7.0,2.4111,78.3167,75.6233,50.39,53.1833,24.0213,cf12,condenser_fouling,1,fault,180
53.0907,50.3473,75.8487,78.6763,43.2567,38.3933,80.37,87.4,3.5767,6.6233,63.8367,113.11,158.0833,118.7233,119.5533,35.4813,266.7933,215.0867,1.8333,7.0733,2.4383,78.56,75.8267,50.3567,53.23,24.6087,cf12,condenser_fouling,1,fault,185
53.186,50.4167,75.8993,78.7053,43.2333,38.3433,80.5,87.5667,3.78,6.7767,64.14,113.94,158.5,118.87,120.2733,35.512,266.84,215.1,1.82,7.2333,2.4559,78.66,75.8667,50.44,53.2733,24.806,cf12,condenser_fouling,1,fault,190
59.2193,50.1823,70.8147,79.3643,40.75,35.7733,85.03,95.4833,8.86,5.9,26.7033,113.95,160.5667,123.8833,118.04,60.5893,265.1367,215.46,5.8033,9.26,4.7085,79.19,70.55,50.0,59.3267,81.1367,cf12,condenser_fouling,1,fault,205
58.6663,49.578,70.338,78.8703,40.3,35.3,84.43,94.55,8.72,5.7567,26.3133,112.3767,159.8667,123.6733,115.94,60.054,265.1567,215.3367,5.7967,9.19,4.7743,78.65,70.0833,49.4967,58.7567,81.544,cf12,condenser_fouling,1,fault,210
58.351,49.3123,70.062,78.5873,40.12,35.1267,84.0967,93.9167,8.7033,5.71,26.2167,110.94,160.0667,124.1867,114.5033,59.8817,265.0067,215.3933,5.7,9.07,4.7599,78.3833,69.8767,49.22,58.51,81.0657,cf12,condenser_fouling,1,fault,215
58.2723,49.2507,69.9517,78.4647,40.03,35.0367,83.9733,93.7,8.6633,5.6633,26.1733,109.7467,159.8167,123.96,113.3333,59.805,264.9033,215.67,5.7133,9.1333,4.7645,78.2633,69.7567,49.1433,58.42,81.0427,cf12,condenser_fouling,1,fault,220
56.4783,50.462,65.8507,71.5313,40.5933,35.5867,75.0,78.85,5.9267,7.36,36.9867,108.3467,156.5333,119.93,111.8,42.9043,266.25,215.3467,3.8333,9.8733,4.4254,71.1733,65.6967,50.4967,56.6867,54.0037,cf12,condenser_fouling,1,fault,235
56.488,50.4433,65.84,71.4833,40.6467,35.6333,75.01,78.9,6.0133,7.32,37.0067,108.22,156.8333,120.2833,111.5633,42.9743,266.5167,215.2833,3.78,9.8133,4.4392,71.2033,65.68,50.4267,56.68,54.2583,cf12,condenser_fouling,1,fault,240
56.464,50.4073,65.8013,71.43,40.62,35.6167,74.94,78.7667,5.99,7.2933,36.9767,108.1533,156.7167,120.1367,111.47,42.9417,266.61,215.16,3.7533,9.75,4.449,71.1633,65.6067,50.3867,56.66,54.3373,cf12,condenser_fouling,1,fault,245
56.396,50.3553,65.7313,71.345,40.5867,35.58,74.83,78.6167,5.93,7.32,37.0767,108.1033,157.0167,120.3333,111.39,42.8827,266.7067,215.72,3.72,9.7667,4.4547,71.0967,65.5333,50.35,56.59,54.3307,cf12,condenser_fouling,1,fault,250
53.6813,50.131,63.21,66.6417,41.89,36.98,68.7933,69.4667,3.54,7.1933,54.87,108.4,152.61,116.0467,112.4467,33.2927,268.8733,215.1767,2.4633,8.2267,3.3636,66.3467,62.9667,50.12,53.68,31.837,cf12,condenser_fouling,1,fault,265
53.8573,50.518,62.99,66.2223,42.2367,37.3367,68.0533,68.4667,3.4033,7.3233,57.8833,109.0867,154.0,115.5533,113.7233,32.5143,268.8067,215.6633,2.1167,8.3433,3.2463,66.0067,62.8267,50.5667,53.9633,30.0203,cf12,condenser_fouling,1,fault,275
53.88,50.5647,63.006,66.2297,42.38,37.4633,68.0867,68.55,3.47,7.3067,58.1067,109.4133,155.1367,115.8033,114.05,32.574,268.9433,215.18,2.18,8.2167,3.2092,66.03,62.82,50.5933,54.0,29.7327,cf12,condenser_fouling,1,fault,280
54.9,46.172,83.267,91.3263,39.3133,34.4,95.0033,114.0967,7.3067,3.87,26.13,109.32,163.0067,127.14,113.25,73.88,268.08,215.2967,3.3867,6.68,3.7263,91.6,83.3033,45.99,54.9733,78.298,cf12,condenser_fouling,1,fault,300
54.6293,45.8107,83.9607,92.3323,39.2867,34.3867,96.2933,116.7367,7.5767,3.6267,25.8533,109.2667,162.7033,128.3133,113.75,75.6967,267.9467,214.9,3.9033,6.36,3.6668,92.38,83.8967,45.64,54.76,78.9413,cf12,condenser_fouling,1,fault,305
54.875,46.0163,84.342,92.822,39.28,34.3733,98.5133,121.1667,9.53,3.6833,24.54,109.1133,162.8867,128.5933,113.9267,77.0493,267.42,215.43,5.7533,6.6733,3.629,92.77,84.28,45.9067,55.0467,79.521,cf12,condenser_fouling,1,fault,310
55.018,46.0713,84.59,93.1673,39.21,34.3133,98.9333,122.0333,9.6467,3.7467,25.0967,109.1467,162.8633,128.65,114.1833,78.5517,267.3,214.9733,5.87,6.6767,3.5872,93.1067,84.42,45.9267,55.1267,80.1443,cf12,condenser_fouling,1,fault,315
54.8807,45.9353,84.5633,93.1967,39.1867,34.2933,98.8567,121.8667,9.5633,3.6867,25.1767,109.2267,163.12,129.1267,114.53,78.5287,267.6467,215.47,5.7667,6.66,3.595,93.06,84.4167,45.8167,54.9767,80.2953,cf12,condenser_fouling,1,fault,320
51.116,44.9243,85.442,91.518,39.41,34.4933,95.1067,114.38,6.88,3.61,32.4567,109.5267,162.1133,126.9233,115.0333,60.7037,268.2767,214.9533,3.73,5.4033,3.2107,91.3733,85.2967,44.79,51.1267,55.4327,cf12,condenser_fouling,1,fault,335
50.7183,44.5273,85.4247,91.5233,39.3667,34.45,94.98,114.05,6.63,3.46,32.17,109.7133,162.1167,126.85,115.2833,60.809,268.3567,214.8167,3.6167,5.0367,3.204,91.3033,85.2167,44.4,50.7767,55.412,cf12,condenser_fouling,1,fault,340
50.53,44.3633,85.3287,91.4127,39.2633,34.3533,94.8633,113.9,6.62,3.3967,32.0267,109.92,161.93,125.7,115.44,60.71,268.1067,215.1033,3.65,5.0067,3.1997,91.2067,85.1,44.26,50.5667,55.2487,cf12,condenser_fouling,1,fault,345
50.435,44.3167,85.266,91.3123,39.1567,34.2533,94.81,113.7667,6.5367,3.3633,32.17,109.94,161.5667,126.3333,115.5433,60.5793,267.9,214.9533,3.7333,5.0367,3.1833,91.0867,84.9867,44.1867,50.5,54.8463,cf12,condenser_fouling,1,fault,350
48.543,45.0153,85.2673,88.9033,40.4,35.4233,90.7733,105.8167,4.5333,3.9633,50.0767,110.4933,160.5167,124.18,117.0733,45.078,268.51,215.1633,2.2033,4.56,2.4668,88.59,84.9667,44.9833,48.5733,31.6257,cf12,condenser_fouling,1,fault,365
48.7883,45.4263,85.0573,88.556,40.58,35.58,90.5333,105.3333,4.6567,4.2267,51.3533,111.09,160.6667,124.1633,117.93,44.0833,268.7533,214.7367,2.2567,4.9033,2.3996,88.3067,84.83,45.4433,48.9367,30.085,cf12,condenser_fouling,1,fault,370
49.042,45.583,85.1707,88.7587,40.6233,35.6367,90.89,106.0167,4.8167,4.2267,51.0367,111.77,160.6167,124.0733,118.5433,44.9593,268.77,214.84,2.3033,4.8733,2.4227,88.57,84.9467,45.4833,49.08,30.9797,cf12,condenser_fouling,1,fault,375
48.634,45.1277,85.203,88.8473,40.7133,35.7133,90.89,105.9833,4.6233,3.8467,49.8633,112.16,160.6167,123.8367,118.9533,45.191,268.55,214.69,2.2767,4.3233,2.4412,88.62,84.9367,45.0233,48.6633,31.3767,cf12,condenser_fouling,1,fault,380
55.5983,45.6867,74.5307,84.136,37.6967,32.9633,90.47,105.15,9.9433,4.3867,22.66,110.5033,160.1,127.4433,115.0067,72.3633,266.3,215.4033,6.5633,7.86,4.3233,83.8767,74.47,45.5533,55.7433,88.9777,cf12,condenser_fouling,1,fault,400
55.3433,45.2423,74.532,84.236,37.5,32.7933,90.5633,105.3833,9.89,4.1567,22.3233,109.4467,160.3667,127.7233,113.58,73.3077,266.4667,215.6733,6.54,7.6667,4.3532,84.0,74.51,45.16,55.49,90.7603,cf12,condenser_fouling,1,fault,405
55.4013,45.3287,74.4933,84.1773,37.2467,32.5467,90.57,105.35,10.1333,4.33,22.4967,108.7,160.6167,125.78,112.6733,73.51,266.4233,215.5533,6.5967,8.0267,4.3255,83.9533,74.4667,45.2567,55.5733,90.4343,cf12,condenser_fouling,1,fault,410
51.5993,44.641,75.9247,82.699,38.7933,33.92,86.77,98.5333,6.8033,3.6633,28.42,107.3467,159.9167,125.1,111.4933,55.789,267.7567,215.2,4.28,5.7733,3.9326,82.4633,75.8767,44.5733,51.7533,62.3987,cf12,condenser_fouling,1,fault,425
51.897,44.9227,75.9807,82.7527,38.87,33.9733,86.78,98.6333,6.87,3.7533,28.45,107.1867,159.9167,124.9,111.5,55.8387,267.6033,215.4467,4.2567,5.9833,3.9398,82.5333,75.94,44.8533,51.9767,62.571,cf12,condenser_fouling,1,fault,430
51.9987,45.0433,76.018,82.7833,38.89,34.0133,86.85,98.7,6.8867,3.8167,28.55,107.1533,160.5833,125.46,111.42,55.895,267.33,215.3033,4.26,6.01,3.9245,82.5667,75.9667,44.92,52.14,62.3903,cf12,condenser_fouling,1,fault,435
52.0013,45.071,76.0367,82.786,38.9233,34.0333,86.86,98.7167,6.9267,3.8033,28.58,107.1733,160.0667,125.0767,111.3533,55.8857,267.5667,214.95,4.2233,5.9833,3.9073,82.6367,75.97,44.9233,52.1467,62.1053,cf12,condenser_fouling,1,fault,440
48.2133,45.27,75.2417,78.393,40.7,35.7133,80.28,87.1667,3.7167,4.13,56.1733,108.4567,158.1167,121.39,113.9067,37.2443,268.45,215.35,1.91,4.4467,2.4924,78.3267,75.27,45.13,48.1567,26.4017,cf12,condenser_fouling,1,fault,455
48.452,45.628,75.1407,78.0907,40.8967,35.9633,79.84,86.5,3.6067,4.4633,58.63,110.88,157.65,120.6967,116.5667,36.1827,268.3667,214.6367,1.8833,4.7033,2.4538,77.99,75.0767,45.56,48.5133,25.2513,cf12,condenser_fouling,1,fault,465
48.4813,45.668,75.1217,78.076,40.6133,35.6,79.88,86.5833,3.57,4.7733,58.7967,111.7867,157.4667,120.9767,117.44,36.2117,268.51,214.65,1.9467,4.9933,2.4426,77.98,75.0433,45.6167,48.6133,25.1553,cf12,condenser_fouling,1,fault,470
53.7077,43.9607,68.336,77.638,37.3567,32.67,83.0567,92.05,8.1433,3.62,23.3067,110.3567,159.05,125.5533,113.7167,63.8133,266.25,215.1067,5.8333,6.3867,4.8154,77.2133,67.9933,43.7833,53.6667,87.381,cf12,condenser_fouling,1,fault,490
53.08,43.971,66.9317,75.6797,37.4933,32.7833,80.6833,87.8833,7.7067,3.7267,24.36,109.12,158.3333,124.8933,112.0633,58.9637,266.6767,215.02,5.4833,6.41,4.8672,75.17,66.5933,43.8467,53.17,81.6257,cf12,condenser_fouling,1,fault,495
53.0493,44.3087,66.0307,74.3287,36.6,31.98,79.6,86.0667,8.09,4.46,26.2367,108.03,157.4667,124.7567,110.82,57.2603,267.0733,215.5567,5.5567,7.6067,4.8225,74.0333,65.82,44.2,53.17,78.538,cf12,condenser_fouling,1,fault,500
51.578,45.3567,65.566,71.3843,37.89,33.1333,74.95,78.7833,5.9133,5.2367,33.3967,106.3667,155.75,121.88,109.16,44.669,270.1267,215.0767,3.8267,7.4667,4.387,71.12,65.3833,45.34,51.6933,55.7363,cf12,condenser_fouling,1,fault,515
51.594,45.3753,65.5967,71.372,37.8,33.07,74.93,78.75,5.9567,5.3633,33.46,106.2667,155.9167,121.9767,109.1733,44.6183,270.0233,215.0833,3.7867,7.5267,4.3902,71.1533,65.4167,45.37,51.7067,55.711,cf12,condenser_fouling,1,fault,520
51.646,45.421,65.698,71.4657,37.8033,33.08,75.17,79.2167,5.98,5.4233,33.37,106.24,155.8,121.76,109.1867,44.717,270.2267,214.9967,3.9533,7.5833,4.3846,71.19,65.5467,45.4033,51.7967,55.7623,cf12,condenser_fouling,1,fault,525
51.8263,45.56,65.9923,71.7567,38.1733,33.3633,75.45,79.5667,6.0333,5.1967,33.19,106.26,156.0667,121.69,109.2533,45.0437,270.1467,215.1767,3.8333,7.3767,4.3857,71.5667,65.8667,45.5133,51.9533,56.188,cf12,condenser_fouling,1,fault,530
48.4647,44.9217,66.3247,69.8633,39.2667,34.3767,71.91,73.9833,3.84,4.9367,49.9333,106.8267,154.3667,118.7967,110.3467,35.3457,268.4067,214.9933,2.2767,5.58,3.1558,69.6267,66.1767,44.8433,48.4567,31.7253,cf12,condenser_fouling,1,fault,545
48.4313,45.0777,66.234,69.6,39.9767,34.98,71.59,73.5167,3.7467,4.46,51.83,107.3933,154.8533,118.09,111.3867,34.614,267.3033,215.0633,2.1767,5.1367,3.0536,69.41,66.0767,45.09,48.5367,30.061,cf12,condenser_fouling,1,fault,550
48.6413,45.2153,66.3193,69.7193,39.0333,34.14,71.9567,74.1167,3.87,5.4567,52.3233,108.17,154.1,118.8133,112.31,34.9023,267.42,215.0533,2.4467,6.2067,3.0958,69.5267,66.1567,45.2367,48.7567,30.7313,cf12,condenser_fouling,1,fault,555
48.7173,45.2713,66.31,69.71,39.01,34.1233,71.9767,74.1167,3.9567,5.5533,52.5133,108.6733,153.4467,119.1933,112.9467,34.8933,267.7733,215.0267,2.46,6.26,3.1145,69.52,66.1767,45.3033,48.7733,30.9083,cf12,condenser_fouling,1,fault,560
50.195,41.336,80.584,89.083,35.9467,31.4,94.1733,112.5167,8.0667,3.0667,23.7133,108.0967,160.7667,127.1433,112.0533,75.0977,267.0733,214.8367,5.32,5.0867,3.713,88.88,80.4667,41.0433,50.1967,79.3007,cf12,condenser_fouling,1,fault,585
49.8207,40.879,80.636,89.2467,35.8267,31.2933,94.31,112.75,8.01,2.74,23.8867,107.6433,161.4167,128.8267,111.9133,76.2903,267.17,214.8667,5.3167,4.71,3.6896,88.99,80.5033,40.5567,49.8867,80.0583,cf12,condenser_fouling,1,fault,590
49.5417,40.572,80.5907,89.264,35.7533,31.2333,94.3067,112.7333,7.91,2.6367,23.6267,107.3933,161.3667,129.1167,111.9,76.418,267.3733,215.0333,5.3467,4.5467,3.6977,88.9367,80.4733,40.3267,49.6,80.364,cf12,condenser_fouling,1,fault,595
49.3853,40.4413,80.488,89.1637,35.62,31.1333,94.21,112.55,7.9833,2.6,23.5767,107.24,160.8833,128.9633,111.8933,76.36,267.2733,214.9733,5.34,4.5433,3.6892,88.8567,80.3767,40.17,49.5033,80.1213,cf12,condenser_fouling,1,fault,600
47.003,40.8913,81.0767,87.117,36.3133,31.7,90.6933,105.6667,6.3167,3.0967,30.6767,107.1,159.7167,127.0467,111.8467,57.9577,267.9433,214.8733,3.8533,4.4333,3.3193,86.8467,80.9333,40.7333,47.0467,54.716,cf12,condenser_fouling,1,fault,620
47.09,40.954,81.114,87.1807,36.27,31.6667,90.7367,105.7333,6.33,3.16,30.7133,107.16,159.7333,127.2467,111.9533,58.142,267.7933,214.86,3.8433,4.5033,3.3197,86.8933,80.9733,40.7667,47.12,54.897,cf12,condenser_fouling,1,fault,625
47.0462,40.8983,81.1197,87.1962,36.2655,31.669,90.7414,105.7172,6.369,3.1759,30.7897,107.2034,159.1621,126.631,112.0621,58.1266,267.9655,214.8448,3.7759,4.4138,3.3283,86.9241,80.9655,40.7138,47.0759,55.0231,cf12,condenser_fouling,1,fault,630
43.6953,40.1283,80.893,84.7663,37.6733,32.94,86.5767,98.3,4.1433,2.24,45.42,107.7733,158.5333,124.43,113.4933,44.2243,268.9333,214.3567,2.1,2.36,2.5312,84.47,80.74,40.0433,43.7433,31.838,cf12,condenser_fouling,1,fault,645
43.7052,40.1817,80.9472,84.7183,37.9379,33.1724,86.6828,98.4552,4.4655,2.1655,45.8138,108.3793,158.6103,124.4172,114.2414,44.0152,268.7069,214.5759,2.1655,2.1276,2.5132,84.5,80.7897,40.0862,43.8,31.4628,cf12,condenser_fouling,1,fault,650
43.7633,40.2413,80.95,84.7177,37.7833,33.0633,86.8667,98.7333,4.5833,2.2867,45.9933,108.92,158.4333,124.3033,114.82,44.1963,268.61,214.3267,2.33,2.31,2.5024,84.5667,80.8033,40.12,43.83,31.4563,cf12,condenser_fouling,1,fault,655
43.662,40.134,80.9687,84.7463,37.61,32.9067,86.89,98.7833,4.6533,2.3467,45.99,109.3,158.8167,125.0167,115.2267,44.2707,269.1167,214.88,2.36,2.45,2.5058,84.52,80.82,40.0567,43.76,31.5507,cf12,condenser_fouling,1,fault,660
51.996,41.816,70.0953,79.8303,35.05,30.56,86.0633,97.4,9.1233,3.5,21.4133,108.06,158.0667,125.9833,111.64,71.6233,265.7633,215.2933,6.2867,6.5767,4.4827,79.77,70.0167,41.6333,52.31,91.3083,cf12,condenser_fouling,1,fault,680
52.0363,41.255,70.6047,80.9287,35.1233,30.64,87.4367,99.8667,9.25,2.6533,20.8733,107.1733,158.5,128.1733,110.4633,77.124,265.3367,215.4267,6.69,5.7533,4.4125,80.7867,70.4333,40.89,52.0933,96.779,cf12,condenser_fouling,1,fault,685
51.5833,40.5617,70.7193,81.316,35.08,30.5733,87.82,100.4833,9.2667,0.9233,20.6867,106.6267,158.9833,127.9567,109.8733,80.1097,264.91,215.2867,6.6867,5.1933,4.3397,81.1133,70.5133,40.2867,51.6733,98.87,cf12,condenser_fouling,1,fault,690
45.982,39.206,71.2523,77.8907,36.11,31.5233,81.62,89.5667,6.3233,1.1967,26.6933,105.6867,157.25,124.9767,108.8467,53.453,268.4467,214.7733,4.0133,2.9233,3.99,77.6067,71.0433,39.05,45.9967,60.6373,cf12,condenser_fouling,1,fault,705
46.122,39.5253,71.0893,77.4413,35.73,31.1833,81.3167,89.0,6.3333,2.3333,27.5567,105.4067,156.75,124.9033,108.48,51.8677,268.4867,214.6933,3.9667,3.6967,4.0002,77.33,70.9133,39.4167,46.2533,59.015,cf12,condenser_fouling,1,fault,710
46.243,39.676,71.176,77.466,35.28,30.79,81.3833,89.0667,6.22,2.9233,27.9667,105.18,156.9833,125.2367,108.3,51.7547,268.3433,214.6533,4.01,4.29,3.9897,77.3533,71.0033,39.62,46.36,58.7273,cf12,condenser_fouling,1,fault,715
46.39,39.7907,71.2013,77.5513,35.2833,30.7833,81.3867,89.1333,6.08,2.98,28.1333,104.8933,156.55,124.9467,108.1267,51.993,268.26,214.9967,3.9333,4.4167,3.9956,77.45,71.0467,39.7467,46.46,59.0873,cf12,condenser_fouling,1,fault,720
43.427,40.2443,71.1927,74.609,37.5133,32.8133,76.3,80.9,3.3633,2.5067,48.5767,105.6933,155.5667,121.69,109.97,37.0873,269.25,214.57,1.9333,2.6467,2.6987,74.3533,70.94,40.1867,43.4933,28.4637,cf12,condenser_fouling,1,fault,735
43.5207,40.3113,71.1893,74.5613,37.05,32.3633,76.44,81.15,3.7767,2.9333,49.3333,106.76,155.5167,122.1433,111.2367,37.247,269.05,214.5233,1.9933,3.16,2.7119,74.45,71.0,40.1933,43.5733,28.728,cf12,condenser_fouling,1,fault,740
43.662,40.4293,71.1943,74.608,36.98,32.3233,76.5867,81.3667,3.8467,3.1033,49.6167,107.6033,155.6167,122.0167,112.1633,37.684,268.9033,214.5767,2.04,3.33,2.6958,74.5767,71.0733,40.3233,43.7633,28.8927,cf12,condenser_fouling,1,fault,745
43.3853,40.1147,71.3973,74.8553,37.7233,32.9933,76.4133,81.0333,3.2233,2.2767,48.4167,108.3467,155.7833,121.7033,112.7767,37.2577,268.8633,214.43,1.77,2.2867,2.7584,74.6067,71.1467,40.0233,43.3533,29.23,cf12,condenser_fouling,1,fault,750
49.5107,39.8457,66.5177,75.7657,35.2267,30.7267,81.4,89.1667,8.4467,1.1667,21.41,107.73,158.25,125.2467,110.4567,64.6803,266.3467,214.9933,5.8367,4.43,4.707,75.58,66.3767,39.7133,49.5767,86.5923,cf12,condenser_fouling,1,fault,770
49.534,39.8493,66.4153,75.644,35.1533,30.6633,81.33,89.0167,8.4933,1.4233,21.4133,106.9267,158.4833,127.1733,109.3267,1367333333395.339,266.3233,214.7633,5.8667,4.5767,4.694,75.4767,66.2433,39.7133,49.68,86.664,cf12,condenser_fouling,1,fault,775
49.8207,40.1087,66.5433,75.7543,35.1733,30.6833,81.4233,89.1667,8.4867,2.3033,21.3167,106.3133,158.05,126.4833,108.66,63.8737,266.4233,215.0167,5.79,4.75,4.7887,75.6,66.4267,39.9367,49.9533,86.9983,cf12,condenser_fouling,1,fault,780
47.0647,40.033,66.4107,73.249,35.9333,31.37,77.07,82.1,6.2367,2.67,27.3233,105.0267,155.95,123.92,107.6,49.8743,266.59,214.6233,4.2367,4.0033,4.4331,72.8067,66.18,39.9367,47.0467,62.882,cf12,condenser_fouling,1,fault,795
47.1687,40.3667,66.155,72.7427,35.5567,31.0833,76.61,81.4167,6.25,3.09,27.91,104.8533,155.9167,123.8433,107.4133,49.19,266.8567,215.03,4.2133,4.6133,4.3572,72.4267,65.9433,40.1933,47.2533,60.9577,cf12,condenser_fouling,1,fault,800
47.2367,40.4213,66.1807,72.7353,35.2667,30.7733,76.66,81.5167,6.2333,3.26,28.11,105.62,155.5833,123.83,107.32,49.257,267.0533,214.6567,4.23,5.0233,4.3521,72.4067,65.9967,40.2933,47.2867,60.971,cf12,condenser_fouling,1,fault,805
47.2593,40.44,66.1433,72.6773,35.1867,30.6933,76.53,81.2667,6.1733,3.3267,28.2333,105.5467,155.8167,124.18,107.28,49.2093,267.2,215.0433,4.18,5.1167,4.3669,72.3333,65.9367,40.3433,47.27,61.1187,cf12,condenser_fouling,1,fault,810
43.6727,39.942,66.5623,70.4917,36.5533,31.92,72.6533,75.2333,3.9233,2.94,43.95,105.2467,153.6867,120.7467,108.6067,37.042,268.7633,214.93,2.5733,3.3233,3.1715,70.0133,66.29,39.8633,43.75,33.4127,cf12,condenser_fouling,1,fault,825
43.6553,39.9567,66.2473,70.0667,36.2233,31.6267,72.35,74.7,4.0467,3.1733,44.8933,105.8467,154.4533,121.06,109.3667,36.8793,267.6433,214.8433,2.5,3.6767,3.1563,69.8233,66.1133,39.9133,43.7367,33.108,cf12,condenser_fouling,1,fault,830
43.6167,39.918,66.266,70.0897,36.2333,31.6267,72.37,74.8,4.03,3.0967,44.94,106.34,154.6867,121.32,109.9533,36.896,267.3433,214.5233,2.5233,3.6533,3.1503,69.8633,66.1267,39.8867,43.7067,33.059,cf12,condenser_fouling,1,fault,835
43.5833,39.8993,66.27,70.0767,36.2733,31.6733,72.35,74.7333,4.15,3.0867,44.85,106.6933,153.0133,121.0533,110.3733,36.9373,267.56,214.51,2.4333,3.5967,3.1336,69.8767,66.12,39.8733,43.68,32.9223,cf12,condenser_fouling,1,fault,840
60.695,51.192,85.0867,94.1633,43.03,38.1533,98.9867,122.1333,8.51,4.7433,25.93,108.8133,155.5,116.94,115.0067,78.5253,263.64,215.8033,4.81,8.0,3.8253,94.1933,84.8567,51.05,60.6967,85.4327,cf20,condenser_fouling,2,fault,25
60.2567,50.6777,85.1093,94.33,42.63,37.73,99.3667,122.9167,8.69,4.5333,25.9533,109.82,155.4,117.16,115.49,79.9363,263.5,215.64,5.04,7.9067,3.7858,94.3,84.88,50.5667,60.3567,86.0723,cf20,condenser_fouling,2,fault,30
60.0367,50.4393,85.0707,94.3333,42.4567,37.5767,99.36,122.8167,8.75,4.39,25.8367,110.4,155.6333,117.5133,115.6533,80.2453,263.3567,215.55,5.07,7.89,3.7766,94.2567,84.8533,50.3633,60.16,86.1947,cf20,condenser_fouling,2,fault,35
59.9467,50.346,85.0907,94.3663,42.4067,37.5,99.3933,122.9667,8.7533,4.3933,24.9867,110.7533,155.55,117.24,115.91,80.3807,263.6433,215.33,5.1033,7.92,3.7704,94.29,84.8533,50.3167,60.1067,86.197,cf20,condenser_fouling,2,fault,40
55.5307,49.3173,85.261,91.4263,42.6067,37.6933,95.5367,115.2567,7.27,4.6233,33.42,111.3067,156.3,117.59,116.5267,59.2577,266.03,215.4333,4.33,6.68,3.3081,91.2133,85.03,49.28,55.68,55.7523,cf20,condenser_fouling,2,fault,55
55.4947,49.2707,85.258,91.3967,42.5467,37.6267,95.3933,114.9533,7.27,4.68,33.3767,111.51,155.3167,116.5733,116.7767,59.1607,265.6767,215.1333,4.23,6.6867,3.3149,91.21,84.98,49.2267,55.61,55.7763,cf20,condenser_fouling,2,fault,60
55.5227,49.292,85.2447,91.3723,42.5133,37.62,95.5533,115.3033,7.3533,4.6867,33.3033,111.5267,154.28,116.59,116.8467,59.1587,265.9367,215.21,4.3833,6.7333,3.3194,91.1733,85.0133,49.2667,55.6733,55.8517,cf20,condenser_fouling,2,fault,65
55.592,49.3507,85.2753,91.398,42.54,37.64,95.5667,115.2433,7.4433,4.72,33.27,111.6867,155.4,116.8267,116.9733,59.1723,266.1133,215.34,4.2967,6.7867,3.3266,91.2767,85.0067,49.3467,55.7467,55.9847,cf20,condenser_fouling,2,fault,70
53.5953,50.2557,85.6837,89.1463,44.0367,39.2333,91.09,106.4167,4.3867,5.4567,52.7567,112.71,154.6167,114.36,118.99,42.5337,266.2333,214.83,2.3433,6.21,2.4714,88.7533,85.4033,50.2167,53.61,29.894,cf20,condenser_fouling,2,fault,85
53.6707,50.4553,85.3727,88.723,44.1567,39.3533,90.93,106.1167,4.72,5.5967,56.0067,113.6133,155.5333,115.0833,120.1233,42.3763,266.1967,214.7367,2.44,6.29,2.3858,88.4633,85.1633,50.4633,53.77,28.7553,cf20,condenser_fouling,2,fault,90
53.5973,50.3833,85.3407,88.6617,44.0633,39.2633,90.8867,105.9667,4.7567,5.6067,56.0867,114.4267,156.4167,115.9967,121.15,42.2983,266.08,214.9333,2.4567,6.2967,2.3914,88.37,85.1267,50.36,53.7,28.768,cf20,condenser_fouling,2,fault,95
53.6107,50.4073,85.3967,88.747,44.1367,39.3367,90.8767,106.0667,4.8367,5.5667,56.2467,115.02,158.1333,117.5733,121.9033,42.368,265.77,215.0133,2.3667,6.23,2.3802,88.52,85.2533,50.37,53.7233,28.683,cf20,condenser_fouling,2,fault,100
59.7907,50.7393,73.7247,82.6407,42.0833,37.1867,89.01,102.5633,9.47,5.1533,25.8833,114.49,161.3667,123.33,119.38,64.345,262.74,215.63,6.43,8.4467,4.442,82.57,73.73,50.5467,60.0133,81.3067,cf20,condenser_fouling,2,fault,115
60.1187,50.5963,74.4973,83.7313,41.5667,36.6833,90.36,105.0667,9.93,5.2567,24.3067,113.15,161.5667,124.3367,117.1433,67.1567,262.1467,215.43,6.7167,8.8867,4.4738,83.6567,74.5267,50.5033,60.32,85.4497,cf20,condenser_fouling,2,fault,120
60.2113,50.434,74.8487,84.2907,41.2,36.3,91.0333,106.3,10.14,5.43,23.9333,111.9,161.6833,124.6633,115.7367,68.854,261.89,215.29,6.8633,9.1433,4.479,84.1767,74.8033,50.32,60.3533,87.7113,cf20,condenser_fouling,2,fault,125
60.1993,50.3327,74.9113,84.4453,40.8733,35.94,91.21,106.7,10.21,5.5133,23.9167,110.9567,161.8133,125.3067,114.8067,69.593,261.8167,215.4767,6.9233,9.3867,4.4765,84.2967,74.8433,50.2667,60.3367,88.6037,cf20,condenser_fouling,2,fault,130
56.675,50.7023,75.4973,81.3513,42.53,37.63,85.2133,95.85,6.5633,5.9433,35.1867,109.6933,160.3,121.65,113.9533,49.312,263.2833,215.3567,4.0533,8.1633,3.8225,81.18,75.4567,50.7,56.8733,53.614,cf20,condenser_fouling,2,fault,150
56.6567,50.649,75.626,81.488,42.6067,37.7,85.33,96.0167,6.56,5.8,35.0333,109.74,160.2167,121.6633,114.16,49.4163,263.37,215.0533,4.0367,8.0333,3.8285,81.28,75.5733,50.6133,56.8333,53.8093,cf20,condenser_fouling,2,fault,155
56.4543,50.474,75.7,81.5547,42.66,37.7733,85.3933,96.0833,6.42,5.58,35.0033,109.91,160.25,121.4267,114.2733,49.4733,263.3133,215.1267,4.04,7.74,3.8097,81.34,75.64,50.42,56.6033,53.606,cf20,condenser_fouling,2,fault,160
52.868,50.1507,75.5767,78.4267,43.3,38.46,80.29,87.2333,3.5,6.3533,63.2133,111.31,158.0333,118.3667,116.9767,35.324,264.0733,215.26,1.9033,6.8667,2.4232,78.3767,75.5733,50.1633,52.9733,24.345,cf20,condenser_fouling,2,fault,175
52.7307,50.0267,75.7033,78.5473,43.4133,38.6033,80.36,87.35,3.5633,6.1467,63.4867,112.5567,158.0167,118.13,118.5933,35.381,263.77,215.03,1.9067,6.62,2.4045,78.48,75.6133,50.0433,52.8267,24.196,cf20,condenser_fouling,2,fault,180
52.656,49.9293,75.7487,78.5913,43.49,38.68,80.34,87.3167,3.6233,6.0567,63.4533,113.6033,157.6667,117.9433,119.6867,35.4093,264.1833,214.7167,1.8333,6.46,2.4223,78.53,75.68,49.9533,52.7333,24.3943,cf20,condenser_fouling,2,fault,185
52.617,49.8907,75.798,78.6407,43.5233,38.7133,80.44,87.4833,3.7,6.0233,63.42,114.3867,157.6333,117.77,120.39,35.428,264.0567,214.8167,1.8867,6.4133,2.427,78.5367,75.7233,49.9533,52.7267,24.4533,cf20,condenser_fouling,2,fault,190
58.5183,50.0197,69.282,77.5043,41.18,36.2967,82.85,91.7167,8.0033,5.5967,28.17,113.9967,159.45,122.3267,118.1267,56.6007,262.8633,215.4233,5.58,8.65,4.739,77.2467,69.0333,49.8167,58.5833,76.284,cf20,condenser_fouling,2,fault,205
58.1187,49.6033,68.733,76.8967,40.84,35.9,82.2533,90.7,7.9733,5.6267,27.46,112.5367,159.2833,122.4833,115.94,56.1047,263.2733,215.6233,5.5567,8.6967,4.795,76.6667,68.5467,49.53,58.2633,76.513,cf20,condenser_fouling,2,fault,210
57.563,49.1253,68.3593,76.4723,40.64,35.6333,81.7233,89.78,7.85,5.32,27.4333,111.1533,159.25,122.54,114.4167,55.795,263.4133,215.7067,5.4833,8.3367,4.7785,76.26,68.09,48.9633,57.64,75.832,cf20,condenser_fouling,2,fault,215
57.164,49.0333,67.7643,75.671,40.6867,35.71,80.74,87.95,7.6967,5.2833,27.8633,110.0567,159.5167,123.0,113.2633,53.659,263.49,215.31,5.4133,8.26,4.7797,75.3367,67.5033,48.9433,57.3467,72.9497,cf20,condenser_fouling,2,fault,220
56.579,50.2803,65.9967,72.066,41.11,36.1867,75.6733,79.9667,5.84,6.5033,35.7667,108.7067,157.25,120.0833,111.9067,44.054,265.16,215.3233,4.0333,8.9933,4.5103,71.6167,65.7467,50.0867,56.4967,56.4983,cf20,condenser_fouling,2,fault,230
55.9647,49.942,65.5087,71.231,41.1533,36.19,74.79,78.5633,5.7967,6.48,36.7,108.3533,156.7,119.5,111.6967,42.5173,265.31,215.6067,3.92,8.8367,4.4769,70.89,65.3067,50.0133,56.0933,54.1277,cf20,condenser_fouling,2,fault,235
56.0817,50.2957,65.3513,70.8393,41.5167,36.6133,74.47,78.0633,5.7967,6.62,37.32,108.2467,156.6167,118.94,111.49,41.7963,265.5233,215.08,3.9,8.82,4.3634,70.5667,65.1467,50.33,56.28,51.8703,cf20,condenser_fouling,2,fault,240
56.1813,50.3247,65.4367,70.991,41.46,36.5433,74.64,78.3133,5.8367,6.6933,37.2667,108.14,156.7833,119.33,111.49,42.048,265.57,215.2733,3.86,8.88,4.3922,70.7567,65.2933,50.3467,56.38,52.5283,cf20,condenser_fouling,2,fault,245
56.188,50.3393,65.4553,71.0253,41.4533,36.5533,74.61,78.3367,5.7967,6.6633,37.3267,108.14,156.9667,119.4467,111.5667,42.0823,265.41,215.1633,3.8433,8.89,4.3806,70.78,65.31,50.3567,56.4267,52.429,cf20,condenser_fouling,2,fault,250
53.7587,50.4327,62.938,66.289,42.4733,37.5833,68.4467,68.95,3.3833,6.9567,57.0233,108.4267,154.2167,115.6533,112.5,32.6963,266.3667,215.0833,2.3667,7.9167,3.2077,66.06,62.8033,50.39,53.8367,29.8297,cf20,condenser_fouling,2,fault,265
53.6493,50.3193,62.946,66.235,42.2333,37.3267,68.44,68.9833,3.6033,7.2833,57.6167,108.8667,154.2,115.9767,113.3567,32.603,266.4867,215.2233,2.4033,8.1,3.2219,66.0167,62.7733,50.3367,53.7567,29.8747,cf20,condenser_fouling,2,fault,270
53.624,50.2847,62.9473,66.2223,42.2167,37.32,68.3333,68.8167,3.5333,7.2233,57.8767,109.2467,155.3033,115.9633,113.9733,32.5817,266.3167,215.0833,2.35,8.1067,3.231,65.99,62.8,50.3133,53.76,29.94,cf20,condenser_fouling,2,fault,275
53.62,50.298,62.95,66.2313,42.2267,37.3267,68.32,68.8167,3.57,7.2367,57.8567,109.5333,155.2033,116.12,114.4,32.621,266.02,215.21,2.2967,8.08,3.2119,66.02,62.8033,50.3333,53.7067,29.7993,cf20,condenser_fouling,2,fault,280
54.2367,45.5953,83.262,91.5337,39.9167,34.9433,94.95,114.1167,6.32,3.13,24.8467,109.2733,162.7133,126.1367,113.47,72.774,265.39,215.0167,3.4233,5.4133,3.7399,91.5633,83.23,45.3567,54.2767,77.4067,cf20,condenser_fouling,2,fault,305
54.1593,45.56,83.6033,91.974,39.9333,34.9433,95.28,114.7,6.35,3.0533,25.7833,109.1867,162.62,126.75,113.5867,73.3783,265.1433,215.1867,3.41,5.4067,3.6957,91.8767,83.5067,45.3567,54.2933,77.1267,cf20,condenser_fouling,2,fault,310
54.1567,45.4793,83.906,92.402,39.9733,35.0,95.82,115.7567,6.2467,3.04,25.4567,109.1333,162.2767,125.9533,113.7067,73.868,265.12,215.1,3.53,5.3667,3.702,92.2567,83.8,45.38,54.3,77.7717,cf20,condenser_fouling,2,fault,315
54.336,45.6013,84.0673,92.617,40.0167,35.03,96.16,116.5,6.4733,2.9833,24.8333,109.1133,162.8,127.11,113.74,74.9253,265.1033,215.02,3.68,5.3667,3.6721,92.52,84.0167,45.4033,54.4167,78.253,cf20,condenser_fouling,2,fault,320
50.628,44.5957,85.261,91.3273,40.0433,35.0367,94.8133,113.7833,6.4167,3.0133,32.45,109.5133,162.05,125.9967,114.6933,59.9547,265.87,214.9233,3.7567,4.37,3.1677,91.1133,85.0333,44.4167,50.64,54.0173,cf20,condenser_fouling,2,fault,335
50.2987,44.3233,85.229,91.276,39.9467,34.94,94.76,113.7333,6.34,2.96,32.1733,109.73,161.6667,125.8733,115.0067,59.7697,265.66,214.95,3.73,4.2,3.1495,91.0533,84.9667,44.1467,50.3367,53.5383,cf20,condenser_fouling,2,fault,340
50.22,44.2667,85.2007,91.228,39.9267,34.92,94.6533,113.5,6.34,2.9033,32.2567,109.9067,161.9667,126.1633,115.1867,59.7797,265.6333,214.8067,3.67,4.1433,3.1345,91.0267,84.97,44.0733,50.3133,53.2947,cf20,condenser_fouling,2,fault,345
50.0367,44.084,85.232,91.2693,40.04,35.05,94.7,113.5167,6.1,2.79,32.11,110.1267,161.55,125.79,115.41,59.468,265.5933,214.8733,3.7333,3.9067,3.1507,90.9867,84.9433,43.9233,50.1433,53.289,cf20,condenser_fouling,2,fault,350
48.8353,45.4207,85.0293,88.623,40.7133,35.7067,90.7433,105.75,4.6967,4.1133,51.1233,110.8467,160.0167,123.0933,117.09,44.5613,266.3567,214.6667,2.3767,4.6533,2.4068,88.35,84.8467,45.36,48.8867,30.504,cf20,condenser_fouling,2,fault,365
48.717,45.2927,85.084,88.6857,40.6733,35.68,90.7267,105.7333,4.57,4.0333,51.1067,111.5467,160.2333,123.55,117.93,44.6723,266.3833,214.9567,2.3433,4.5867,2.4147,88.4167,84.8633,45.2633,48.76,30.6807,cf20,condenser_fouling,2,fault,370
48.624,45.206,85.092,88.69,40.7133,35.71,90.8,105.8833,4.7033,3.9867,51.0233,112.1067,160.0,123.28,118.5133,44.6777,266.44,214.8033,2.3767,4.4867,2.4099,88.42,84.87,45.18,48.7133,30.6223,cf20,condenser_fouling,2,fault,375
48.552,45.1513,85.0627,88.6687,40.6933,35.6933,90.7133,105.7,4.6533,3.92,50.9367,112.4667,160.1333,123.4,118.9467,44.6203,266.4467,214.8467,2.3233,4.3733,2.4008,88.4167,84.8533,45.08,48.6533,30.4683,cf20,condenser_fouling,2,fault,380
55.1583,45.194,74.3353,84.0253,37.89,33.14,90.5733,105.35,9.64,3.9167,22.1667,109.6733,160.2667,127.3533,113.6433,72.5723,264.5133,214.9967,6.7567,7.1533,4.3263,83.7967,74.2833,45.08,55.2967,89.299,cf20,condenser_fouling,2,fault,405
55.11,45.1247,74.325,84.052,37.98,33.22,90.5533,105.3833,9.4733,3.7,21.92,108.9,160.7333,127.0167,112.7133,72.736,264.46,215.49,6.7667,6.9633,4.336,83.8,74.2933,44.9267,55.2633,89.7,cf20,condenser_fouling,2,fault,410
50.766,44.071,75.6293,82.3443,39.2667,34.3733,86.1733,97.5833,6.2533,3.06,28.8033,107.72,159.7,124.4133,111.7467,54.486,265.2867,214.99,4.2533,4.6,3.8687,81.9433,75.51,43.9233,50.85,59.9533,cf20,condenser_fouling,2,fault,425
50.774,44.2257,75.2533,81.794,39.17,34.2667,85.7467,96.9,6.3833,3.2633,29.3167,107.62,159.7833,124.8033,111.67,53.838,265.3,215.1,4.22,4.9167,3.8359,81.54,75.1367,44.0467,50.8733,58.7363,cf20,condenser_fouling,2,fault,430
50.798,44.2367,75.26,81.7833,38.8633,33.9667,85.7433,96.85,6.46,3.49,29.41,107.5133,159.6333,124.7467,111.4967,53.9123,265.1467,215.2433,4.19,5.2067,3.8413,81.54,75.1667,44.06,50.88,58.901,cf20,condenser_fouling,2,fault,435
50.7793,44.2247,75.2217,81.7227,38.79,33.94,85.72,96.8167,6.51,3.5233,29.3833,107.46,159.3333,124.5633,111.48,53.8763,265.1867,215.09,4.2367,5.2867,3.8369,81.4867,75.06,44.04,50.87,58.7947,cf20,condenser_fouling,2,fault,440
48.3893,45.6267,74.939,77.9337,41.0967,36.1733,79.69,86.25,3.27,4.1967,58.1267,108.9267,157.6333,120.5,114.26,36.006,265.8533,214.63,1.9133,4.4667,2.4109,77.8267,74.8967,45.58,48.44,24.689,cf20,condenser_fouling,2,fault,455
48.3327,45.5387,75.1413,78.148,41.5367,36.6433,79.91,86.6167,3.5167,3.7533,58.0467,110.2867,157.5833,119.9633,115.82,36.3393,266.0433,214.4233,1.8367,3.8833,2.4183,78.0633,75.08,45.4167,48.3167,24.9947,cf20,condenser_fouling,2,fault,460
48.2527,45.4903,74.99,77.9773,41.0767,36.17,79.78,86.3667,3.49,4.1933,58.42,111.45,157.25,120.1467,116.95,36.0857,266.04,214.6933,1.9067,4.3533,2.4146,77.85,74.9167,45.3933,48.3,24.782,cf20,condenser_fouling,2,fault,465
48.3113,45.536,75.0447,78.016,41.0733,36.1733,79.76,86.3167,3.53,4.2967,58.74,112.25,157.4667,120.22,117.79,36.111,266.3267,214.5767,1.8767,4.3933,2.4163,77.9033,74.96,45.48,48.3467,24.8177,cf20,condenser_fouling,2,fault,470
53.6227,44.0423,68.134,77.452,38.16,33.3533,83.05,92.0733,7.76,3.2033,23.3133,110.8367,159.1667,125.12,114.1267,62.9813,264.11,214.7733,6.05,5.6367,4.7861,77.0033,67.8033,43.8,53.6033,85.7233,cf20,condenser_fouling,2,fault,490
53.175,43.988,67.1227,76.0713,38.29,33.49,81.4567,89.2833,7.59,3.15,23.7933,109.5167,158.8833,124.4667,112.5233,59.8767,264.4033,215.46,5.8267,5.4867,4.843,75.6667,66.83,43.81,53.2367,82.47,cf20,condenser_fouling,2,fault,495
53.1977,44.4023,66.4253,74.943,37.1567,32.4467,80.36,87.3167,7.9967,4.2167,24.8867,108.46,157.75,124.5567,111.3,57.7817,264.8867,215.4133,5.71,7.1733,4.8026,74.65,66.2267,44.3067,53.3233,78.9257,cf20,condenser_fouling,2,fault,500
51.5393,45.338,65.6007,71.534,38.29,33.4833,75.2233,79.2667,5.8133,4.9233,33.35,106.66,156.6667,122.1467,109.5,44.8073,267.73,215.13,4.0833,7.0033,4.3601,71.18,65.3933,45.3167,51.66,55.5633,cf20,condenser_fouling,2,fault,515
51.4527,45.266,65.5673,71.4633,38.2733,33.4633,75.2033,79.2167,5.8467,4.87,33.25,106.6333,156.5,122.05,109.4867,44.7863,267.9467,215.2333,3.9933,6.9667,4.3536,71.1733,65.38,45.2067,51.6067,55.4567,cf20,condenser_fouling,2,fault,520
51.4673,45.2727,65.5847,71.49,38.28,33.48,75.2233,79.25,5.8867,4.8867,33.2267,106.6067,156.4667,122.0033,109.5067,44.794,267.7267,215.1933,3.9933,6.9867,4.3581,71.2067,65.39,45.2667,51.64,55.5217,cf20,condenser_fouling,2,fault,525
51.458,45.274,65.5633,71.4567,38.2633,33.46,75.18,79.1833,5.8367,4.88,33.1933,106.5467,156.5167,122.1633,109.5,44.7817,267.69,215.15,3.9767,6.9633,4.3505,71.1667,65.3967,45.2533,51.6133,55.411,cf20,condenser_fouling,2,fault,530
51.258,45.172,65.7783,71.5577,38.5567,33.72,75.0267,78.9333,5.4967,4.6633,33.5967,106.58,156.4833,121.9133,109.5133,43.654,267.6767,215.15,3.8167,6.5633,4.3993,71.22,65.6833,45.1133,51.1733,54.5477,cf20,condenser_fouling,2,fault,535
48.2727,45.0133,65.4833,68.8577,40.14,35.15,70.86,72.4,3.23,4.24,52.6933,106.9667,154.2,117.95,110.5667,33.8813,266.5433,214.7933,2.3633,4.82,3.0281,68.5033,65.2333,45.0,48.3133,29.1793,cf20,condenser_fouling,2,fault,545
48.3757,45.068,65.3417,68.673,39.5333,34.6167,70.9033,72.5333,3.6933,4.95,53.3867,107.5333,153.3133,118.3933,111.6867,34.159,266.3333,214.6133,2.42,5.4767,3.0424,68.48,65.1733,45.0133,48.4,29.5583,cf20,condenser_fouling,2,fault,550
48.1927,44.9617,65.3827,68.694,40.16,35.1867,70.8333,72.3667,3.57,4.35,53.2767,108.3067,154.2167,117.9533,112.5167,33.825,266.09,214.97,2.3933,4.79,3.0085,68.4333,65.1633,44.9567,48.28,28.9457,cf20,condenser_fouling,2,fault,555
48.5333,45.388,65.156,68.38,39.91,34.9367,70.5733,71.9333,3.6333,4.96,54.9567,108.72,154.92,118.08,113.11,33.4537,265.6067,214.56,2.3767,5.4667,2.9557,68.2167,64.9933,45.3767,48.6733,28.122,cf20,condenser_fouling,2,fault,560
49.0847,40.2963,79.84,88.5013,36.3733,31.7733,91.6767,107.6167,5.6733,0.8933,23.9233,108.0367,160.7333,128.31,111.6133,74.6793,265.3667,214.7133,3.46,3.7167,3.7027,88.2133,79.7467,40.0767,49.0833,78.6457,cf20,condenser_fouling,2,fault,585
48.8753,40.0473,79.748,88.424,36.2433,31.6367,91.79,107.85,5.93,0.8567,23.3267,107.5,160.6,127.22,111.1967,74.659,265.17,214.6967,3.63,3.64,3.7183,88.1467,79.6533,39.8867,48.9467,78.9553,cf20,condenser_fouling,2,fault,590
48.7857,39.9553,79.7147,88.3973,36.2233,31.62,92.7633,109.7667,7.0333,0.8533,22.1133,107.1467,160.4833,129.0267,110.8533,74.629,265.1767,214.8067,4.68,3.62,3.723,88.1,79.5933,39.8567,48.8267,79.021,cf20,condenser_fouling,2,fault,595
48.7233,39.9007,79.625,88.3233,36.1867,31.58,93.4533,111.1167,7.8167,0.8167,21.3233,106.9067,160.75,130.0567,110.5733,74.4313,264.99,214.6433,5.4867,3.6433,3.7292,87.9467,79.51,39.8067,48.78,78.946,cf20,condenser_fouling,2,fault,600
46.3327,40.095,80.7633,87.049,37.5133,32.8133,91.0133,106.2333,6.6933,1.03,26.3267,106.46,160.1833,127.4433,110.5733,60.1647,265.3833,214.9333,4.1,2.43,3.2663,86.89,80.74,39.93,46.36,55.881,cf20,condenser_fouling,2,fault,615
46.052,39.847,80.784,87.054,37.3533,32.66,90.7133,105.6833,6.4767,1.03,26.3667,106.56,160.2167,126.4867,110.7267,59.3503,265.5767,214.8167,4.01,2.4433,3.2926,86.68,80.6567,39.7767,46.12,55.57,cf20,condenser_fouling,2,fault,620
46.3067,40.3433,80.2603,86.314,36.9767,32.32,89.87,104.1333,6.15,2.1933,29.6533,106.6,159.4833,126.2233,110.76,56.693,265.5067,214.64,3.93,3.28,3.3101,85.9667,80.14,40.27,46.48,53.353,cf20,condenser_fouling,2,fault,625
46.3247,40.1683,80.5463,86.723,37.4333,32.73,90.4567,105.1333,6.4267,1.3633,28.2333,106.6867,159.8,126.06,110.9467,57.9017,265.8733,214.4833,3.99,2.59,3.3412,86.41,80.4333,40.0533,46.3667,55.007,cf20,condenser_fouling,2,fault,630
43.4793,40.1117,79.9367,83.6603,38.23,33.43,85.0167,95.5333,3.19,1.7,46.5733,107.5,158.2167,123.49,112.7333,41.87,266.6733,214.5367,1.8033,1.8367,2.5285,83.2567,79.7133,40.09,43.59,30.1077,cf20,condenser_fouling,2,fault,645
44.075,40.777,79.8137,83.4567,37.77,33.0333,85.67,96.7333,4.4433,2.63,48.3,108.34,157.6833,123.62,113.7033,42.625,266.6633,214.7533,2.34,2.87,2.4357,83.4,79.8033,40.6367,44.2167,29.516,cf20,condenser_fouling,2,fault,650
43.96,40.43,80.3287,84.156,38.3567,33.5567,85.9033,97.0667,3.7633,1.8133,45.84,108.9933,158.3667,123.7467,114.49,43.827,266.1967,214.6467,1.8633,1.8667,2.533,84.02,80.28,40.2567,43.94,31.5743,cf20,condenser_fouling,2,fault,655
43.549,40.1403,80.04,83.744,38.3833,33.57,85.0633,95.5667,2.98,1.4867,46.38,109.4467,157.9333,123.2567,114.8733,42.2313,266.63,214.39,1.62,1.7567,2.5359,83.43,79.8233,40.1067,43.6433,30.4647,cf20,condenser_fouling,2,fault,660
51.0393,40.9887,68.833,78.659,35.1833,30.6633,85.0267,95.5667,8.6967,2.9233,21.0633,108.2133,158.0667,127.59,111.6433,69.7147,263.3467,215.01,6.5867,5.5167,4.5402,78.46,68.7067,40.7067,51.1233,90.0227,cf20,condenser_fouling,2,fault,680
50.8937,40.484,69.2047,79.2803,35.29,30.8033,85.7867,96.9167,8.8133,1.48,20.5667,107.2467,158.9333,126.42,110.4333,72.5573,263.6033,215.02,6.63,4.91,4.5205,80.0067,69.0433,40.2233,51.0,93.281,cf20,condenser_fouling,2,fault,685
50.8883,40.4187,69.3907,79.5657,35.5033,31.02,86.11,97.55,8.8733,1.0033,19.8833,106.58,159.2333,126.7667,109.6533,73.6187,263.1033,214.9533,6.75,4.6633,4.4807,79.3767,69.2867,40.17,51.02,93.8167,cf20,condenser_fouling,2,fault,690
45.474,39.0587,69.9973,76.4233,36.0767,31.5,80.22,87.0833,6.11,1.58,26.9233,105.5133,156.8833,124.59,108.48,50.766,266.0133,214.88,4.13,2.8733,3.9798,76.06,69.7367,38.9633,45.5333,57.4443,cf20,condenser_fouling,2,fault,705
45.4753,39.2793,69.3947,75.662,35.3667,30.8633,79.52,85.9667,6.0133,2.6233,28.9867,105.2667,156.4333,124.5967,108.2533,49.415,266.4067,214.7767,4.1267,3.7633,3.9435,75.42,69.22,39.13,45.5533,55.4257,cf20,condenser_fouling,2,fault,710
45.4447,39.2433,69.3387,75.5627,35.3267,30.8233,79.39,85.7167,6.07,2.6633,29.15,105.06,156.5833,124.8567,108.1333,49.3753,266.1733,214.6733,4.0633,3.7867,3.9482,75.38,69.1733,39.11,45.5133,55.4443,cf20,condenser_fouling,2,fault,715
45.418,39.218,69.388,75.604,35.38,30.87,79.58,86.0167,6.1333,2.5933,28.99,105.0533,156.5833,124.78,108.1067,49.451,265.8533,214.76,4.13,3.6733,3.9431,75.4567,69.26,39.0867,45.4933,55.4577,cf20,condenser_fouling,2,fault,720
43.815,40.769,69.9053,73.241,37.3933,32.7,75.2333,79.2333,3.63,2.9233,51.6567,106.1333,155.4833,121.72,110.36,36.348,266.4233,214.7533,2.08,3.21,2.6372,73.1267,69.8,40.57,43.8767,27.257,cf20,condenser_fouling,2,fault,735
43.642,40.5547,70.3913,73.7573,38.0967,33.3033,75.5567,79.7833,3.5767,2.32,50.3,107.12,156.0167,121.4367,111.7033,36.616,266.28,214.5467,1.9067,2.2967,2.6462,73.7133,70.26,40.4033,43.7,27.5577,cf20,condenser_fouling,2,fault,740
43.4783,40.372,70.5513,73.9013,38.2267,33.43,75.5367,79.6833,3.1833,2.0467,49.88,108.0833,155.8333,121.3333,112.7067,36.564,266.28,214.43,1.6967,1.9633,2.6732,73.83,70.36,40.2067,43.4933,27.801,cf20,condenser_fouling,2,fault,745
43.3987,40.2973,70.578,73.932,38.22,33.4267,75.5233,79.6833,3.03,1.9767,49.8333,108.6733,155.6333,121.2933,113.1467,36.571,266.3267,214.37,1.66,1.9367,2.6685,73.8633,70.3667,40.15,43.4067,27.7557,cf20,condenser_fouling,2,fault,750
49.0887,39.8143,65.5687,74.536,35.4567,30.9533,80.4,87.4,8.26,1.22,22.22,107.96,157.9167,126.9133,110.6667,61.9547,263.91,214.7267,6.02,4.2567,4.7094,74.3867,65.37,39.7,49.17,82.985,cf20,condenser_fouling,2,fault,770
49.344,40.05,65.658,74.5973,35.3967,30.89,80.52,87.6333,8.29,2.2033,22.0367,107.0667,157.8333,124.46,109.5333,61.2177,263.6433,215.16,6.09,4.57,4.7857,74.4467,65.51,39.9633,49.51,83.3227,cf20,condenser_fouling,2,fault,775
49.6317,40.3373,65.868,74.7857,35.3433,30.8367,80.64,87.7833,8.2,2.6133,22.06,106.4,157.6667,126.17,108.7467,61.4167,263.94,214.8967,5.9967,4.8267,4.7649,74.6367,65.7267,40.15,49.7667,83.2313,cf20,condenser_fouling,2,fault,780
47.113,40.3797,66.0647,72.7437,35.8233,31.2833,76.6567,81.5,5.9833,3.06,28.38,105.0733,156.2167,124.1333,107.63,48.495,264.4267,214.67,4.4033,4.4867,4.367,72.2633,65.81,40.31,47.1967,60.2287,cf20,condenser_fouling,2,fault,795
47.178,40.4067,66.092,72.7957,36.1267,31.5367,77.0167,82.0,6.4067,2.8033,27.83,104.9533,156.6333,124.2667,107.6,49.13,264.4,215.21,4.4633,4.0433,4.3458,72.4933,65.91,40.19,47.2333,60.7263,cf20,condenser_fouling,2,fault,800
47.0847,40.2823,66.0643,72.7627,36.0667,31.47,76.9233,81.8667,6.3467,2.71,27.8,103.9467,156.5833,124.3533,107.54,49.1213,264.3467,214.8867,4.4967,4.0667,4.3593,72.42,65.87,40.1233,47.1067,60.9023,cf20,condenser_fouling,2,fault,805
47.0497,40.214,66.056,72.7693,36.0967,31.5033,76.91,81.8667,6.4267,2.6733,27.7167,105.6667,156.7,124.3433,107.56,49.133,264.07,214.7467,4.44,3.9867,4.3722,72.44,65.8867,40.0833,47.08,61.096,cf20,condenser_fouling,2,fault,810
43.666,40.0523,66.513,70.4097,37.41,32.7133,72.3667,74.7333,3.4733,2.4033,44.5567,105.42,154.85,120.9767,108.8867,36.4103,265.62,214.3333,2.4433,2.57,3.1135,69.9333,66.2167,39.9967,43.74,32.248,cf20,condenser_fouling,2,fault,825
43.846,40.275,66.153,69.91,36.4567,31.8367,72.28,74.6167,4.1633,3.3333,45.9633,105.9733,154.3167,121.49,109.71,36.489,265.8233,214.2233,2.5733,3.7267,3.074,69.6967,65.98,40.1633,43.93,31.9013,cf20,condenser_fouling,2,fault,830
43.6967,40.042,66.3113,70.1827,36.3667,31.78,72.52,75.05,4.09,3.12,45.2833,106.5267,154.5333,121.6633,110.34,36.8473,264.4133,214.71,2.62,3.5733,3.1187,69.94,66.1433,39.9433,43.76,32.6843,cf20,condenser_fouling,2,fault,835
43.5307,39.8783,66.2967,70.1813,36.5067,31.9133,72.55,75.1,4.16,2.9467,45.0333,107.0,154.4833,121.56,110.7133,36.836,263.97,214.25,2.6133,3.31,3.1152,69.95,66.1433,39.8133,43.56,32.6383,cf20,condenser_fouling,2,fault,840
60.9257,51.6763,85.402,94.376,42.7833,37.89,100.0133,124.1833,8.77,5.2933,26.9633,107.6333,160.0667,121.4267,114.0767,78.814,261.3533,215.5367,5.6333,8.69,3.7059,94.3867,85.19,51.5,60.96,83.0657,cf30,condenser_fouling,3,fault,25
60.5217,51.148,85.4727,94.6543,42.3567,37.4533,100.46,125.1833,8.9133,5.07,27.0667,109.1467,160.55,122.35,115.0167,81.2133,261.34,215.61,5.78,8.6033,3.646,94.66,85.2733,50.9633,60.5933,84.2133,cf30,condenser_fouling,3,fault,30
60.326,50.9307,85.5007,94.7593,42.1567,37.2467,100.5533,125.3833,8.9133,5.0833,27.53,110.0667,158.6167,120.77,115.66,81.9557,261.2533,215.3933,5.8933,8.6867,3.6179,94.6667,85.2933,50.81,60.4667,84.3317,cf30,condenser_fouling,3,fault,35
60.358,50.9827,85.4913,94.74,42.1233,37.21,100.5667,125.3833,9.06,5.0867,27.5533,110.7467,159.5,121.66,116.1867,81.885,261.14,215.0633,5.89,8.73,3.6076,94.6933,85.3033,50.8567,60.51,84.02,cf30,condenser_fouling,3,fault,40
55.9407,49.7167,85.5087,91.6353,42.0233,37.13,96.4033,116.9,7.8233,5.4433,34.6267,111.74,157.7833,119.8267,117.1767,59.9093,263.42,215.1967,4.7933,7.72,3.2742,91.56,85.3167,49.74,56.0967,55.7913,cf30,condenser_fouling,3,fault,60
55.9847,49.7383,85.5443,91.6767,42.1267,37.2267,96.4967,117.1,7.7233,5.3767,34.4767,111.8,158.0833,120.19,117.3567,60.004,263.2667,215.0533,4.8933,7.6167,3.2792,91.5967,85.3333,49.7467,56.1133,55.9627,cf30,condenser_fouling,3,fault,65
55.9073,49.6433,85.5367,91.7047,42.1367,37.23,96.44,117.0,7.72,5.2467,34.31,111.9067,158.55,120.36,117.4933,60.075,263.35,215.0867,4.7833,7.5167,3.2851,91.62,85.3533,49.63,56.0533,56.1273,cf30,condenser_fouling,3,fault,70
53.3753,50.1227,85.6227,89.0047,43.8033,39.0133,91.42,107.1,4.96,5.68,55.8833,113.7667,162.1967,122.0033,120.41,42.763,263.9567,215.21,2.6167,6.31,2.3977,88.7967,85.4233,50.1333,53.4433,29.162,cf30,condenser_fouling,3,fault,90
53.5107,50.3107,85.5573,88.9353,43.5167,38.7033,91.4133,107.0667,5.1,6.0567,56.75,114.5233,162.0,121.9967,121.52,42.6973,263.5733,214.91,2.66,6.85,2.36,88.7367,85.37,50.3333,53.6667,28.659,cf30,condenser_fouling,3,fault,95
53.4427,50.1503,85.8107,89.213,43.6333,38.84,91.78,107.8,5.2433,5.7767,55.8033,115.08,161.9467,121.8833,122.29,43.157,263.2367,215.1933,2.7067,6.5,2.4046,89.0633,85.6133,50.13,53.4933,29.5147,cf30,condenser_fouling,3,fault,100
60.7693,50.7617,75.7557,85.5067,41.2533,36.33,93.35,110.95,10.78,5.5133,23.5433,113.0467,162.59,124.8167,117.5,72.449,259.3,215.64,7.9367,9.4033,4.3648,85.4033,75.7533,50.6367,60.8967,89.936,cf30,condenser_fouling,3,fault,120
60.6973,50.522,75.8313,85.8027,40.9,35.9867,93.7033,111.5667,10.9667,5.5867,23.43,111.9167,162.2733,125.4433,116.0567,73.7767,260.0367,215.27,8.09,9.4933,4.3494,85.5733,75.8167,50.38,60.8533,91.2627,cf30,condenser_fouling,3,fault,125
60.796,50.558,75.8567,85.9107,40.77,35.8167,93.88,112.0167,11.13,5.5833,23.5533,110.8867,162.4967,125.9633,115.19,74.63,259.4767,215.5933,8.1467,9.6233,4.3333,85.7333,75.8433,50.4367,60.9467,91.9753,cf30,condenser_fouling,3,fault,130
56.631,50.3463,76.2913,82.55,41.8167,36.9233,86.6967,98.5,6.51,6.14,34.28,109.54,160.2333,122.4267,113.9733,51.2413,261.5,214.9767,4.5833,8.56,3.8621,82.1467,76.1767,50.42,56.84,56.2837,cf30,condenser_fouling,3,fault,145
56.786,50.502,76.2587,82.4453,41.8133,36.9067,86.9667,98.8833,6.9867,6.28,34.6833,109.4333,161.0167,122.9033,114.0133,51.7173,260.9667,214.9733,4.6867,8.68,3.8263,82.26,76.2533,50.4767,56.9667,56.2803,cf30,condenser_fouling,3,fault,150
56.5907,50.312,76.2787,82.4707,41.9067,37.0133,87.0167,98.95,6.9067,5.9467,34.3567,109.54,160.5833,122.7333,114.1367,51.7533,261.2033,215.1967,4.66,8.38,3.8244,82.31,76.3167,50.2733,56.74,56.2947,cf30,condenser_fouling,3,fault,155
56.264,49.9907,76.2627,82.468,41.99,37.0767,86.9,98.7833,6.87,5.6967,33.9133,109.5333,161.0,122.8733,114.24,51.8283,260.88,215.14,4.57,8.0367,3.8143,82.3067,76.27,50.0167,56.4733,56.2267,cf30,condenser_fouling,3,fault,160
53.0,50.2567,75.93,78.8427,43.4267,38.6133,80.88,88.2167,3.4867,6.2733,62.52,111.0433,158.6667,118.8533,116.8767,35.672,261.97,214.8967,2.1533,6.8233,2.4256,78.7367,75.9067,50.27,53.1,24.6087,cf30,condenser_fouling,3,fault,175
52.7987,50.064,75.9753,78.8627,43.62,38.82,80.9367,88.2667,3.8267,5.9433,62.9367,112.25,158.4333,118.47,118.54,35.795,262.0367,215.1,2.1267,6.45,2.4051,78.7933,75.9367,50.0633,52.9067,24.4873,cf30,condenser_fouling,3,fault,180
52.666,49.916,75.9873,78.8653,43.6367,38.84,80.89,88.2167,3.84,5.9067,63.03,113.3733,158.4,118.3133,119.67,35.7937,262.02,215.0167,2.0933,6.2933,2.42,78.8133,75.9367,49.94,52.76,24.6367,cf30,condenser_fouling,3,fault,185
52.5847,49.8493,76.0127,78.908,43.5867,38.7867,80.97,88.3833,3.8367,5.9233,62.9033,114.17,158.2833,118.51,120.3933,35.7847,261.1067,214.9833,2.1233,6.2867,2.4142,78.8533,75.96,49.88,52.6967,24.571,cf30,condenser_fouling,3,fault,190
59.5163,50.339,71.2957,80.1737,41.03,36.1233,87.1533,99.2667,9.4233,5.75,26.0567,114.0767,160.7,124.1267,118.34,62.994,260.17,215.1333,6.9933,9.1433,4.5916,80.15,71.0867,50.1333,59.62,82.2633,cf30,condenser_fouling,3,fault,205
59.0057,49.836,71.028,79.896,40.68,35.6967,86.61,98.3167,9.0867,5.5733,24.93,112.5367,160.8167,124.2533,116.2767,62.5303,260.35,215.3533,6.88,9.0033,4.6267,79.7433,70.8167,49.7,59.17,82.284,cf30,condenser_fouling,3,fault,210
58.7697,49.57,70.7807,79.6173,40.53,35.51,86.25,97.7,9.0767,5.48,24.83,111.2133,160.8,124.7633,114.7933,62.2333,260.6867,215.2967,6.7833,8.9667,4.6613,79.4833,70.58,49.5067,58.8867,82.5067,cf30,condenser_fouling,3,fault,215
58.5917,49.391,70.6353,79.4607,40.38,35.38,86.16,97.6,8.94,5.48,26.4667,110.2067,160.3667,124.1133,113.6933,62.1793,260.61,215.7133,6.79,8.9,4.6765,79.3633,70.43,49.3067,58.7333,82.7047,cf30,condenser_fouling,3,fault,220
56.63,50.5673,66.2113,71.948,41.02,36.1067,76.1,80.6333,6.17,7.17,36.7,108.3933,156.8833,119.7967,112.0467,43.6807,263.2167,215.2067,4.4033,9.5867,4.3715,71.7267,66.0867,50.6,56.8433,54.309,cf30,condenser_fouling,3,fault,240
56.6593,50.582,66.2153,71.9587,40.9733,36.0933,76.22,80.75,6.2233,7.16,36.67,108.2933,156.5333,119.4067,111.9467,43.788,263.5,215.26,4.48,9.6267,4.3727,71.7567,66.0733,50.5933,56.8633,54.4583,cf30,condenser_fouling,3,fault,245
56.6473,50.558,66.222,71.9653,40.9533,36.0533,76.27,80.7667,6.2433,7.2233,36.63,108.28,157.3167,120.2667,111.8733,43.795,263.56,215.18,4.4533,9.64,4.3794,71.75,66.0967,50.5867,56.85,54.5503,cf30,condenser_fouling,3,fault,250
54.0253,50.2023,64.763,68.624,42.2633,37.3567,71.1733,72.9667,3.9367,6.7967,50.72,108.7267,153.6633,116.0367,112.8533,35.278,263.7767,215.1,2.9,7.92,3.4157,68.2833,64.54,50.1567,54.05,34.2723,cf30,condenser_fouling,3,fault,265
53.9003,50.4193,63.7447,67.198,42.3633,37.47,69.8467,70.9833,3.9433,7.0733,55.74,109.4,153.1633,115.5867,113.9733,33.6263,263.95,215.2567,2.82,8.0767,3.2674,67.02,63.6167,50.4333,54.02,31.25,cf30,condenser_fouling,3,fault,275
53.9013,50.4407,63.7127,67.122,42.1233,37.23,69.7767,70.8667,3.99,7.38,56.0933,109.64,153.6133,116.0267,114.3967,33.5533,263.95,214.9767,2.9067,8.3233,3.2522,66.9333,63.59,50.4667,54.0133,31.0363,cf30,condenser_fouling,3,fault,280
54.6923,45.9403,84.654,93.1577,40.03,35.03,97.5633,119.3,6.9267,3.3667,26.3,109.5533,163.3333,127.44,114.09,76.9657,262.6433,215.0267,4.4033,5.74,3.5841,93.1967,84.5067,45.76,54.7933,78.455,cf30,condenser_fouling,3,fault,305
54.624,45.8537,84.6717,93.266,39.7633,34.7867,97.7967,119.7167,7.1533,3.3633,26.64,109.54,163.13,126.8033,114.3367,77.953,262.9333,215.0733,4.54,5.9267,3.5439,93.2667,84.5733,45.7,54.7533,78.5697,cf30,condenser_fouling,3,fault,310
54.672,45.8837,84.8907,93.5223,39.87,34.8733,98.0933,120.35,7.3133,3.34,26.9067,109.6333,163.2667,127.6333,114.52,78.7843,262.5633,214.99,4.6267,5.8933,3.5138,93.47,84.75,45.7367,54.8333,78.7343,cf30,condenser_fouling,3,fault,315
54.7147,45.929,84.8613,93.521,39.8533,34.8633,98.16,120.4833,7.45,3.3067,26.9533,109.6467,163.2367,128.51,114.7933,78.753,262.82,215.2733,4.7167,5.9267,3.5207,93.4467,84.7033,45.7967,54.86,78.86,cf30,condenser_fouling,3,fault,320
51.0397,45.0577,85.5383,91.5787,39.7767,34.7833,95.97,116.1333,7.0767,3.54,33.1633,109.86,161.68,126.7767,115.2133,60.733,263.8067,214.9833,4.4033,5.2267,3.1013,91.5467,85.38,44.9733,51.14,53.569,cf30,condenser_fouling,3,fault,335
50.9547,44.9,85.7507,91.834,39.6633,34.72,96.1133,116.3833,7.04,3.38,32.85,110.0867,162.3467,125.7633,115.43,61.146,263.4133,214.6167,4.3667,5.1167,3.1123,91.7333,85.54,44.8167,51.0133,54.1257,cf30,condenser_fouling,3,fault,340
50.798,44.7547,85.7813,91.864,39.7133,34.7267,96.1767,116.55,6.8933,3.3767,32.6733,110.1533,162.1633,126.55,115.62,61.117,263.3767,214.9433,4.4533,4.9933,3.1157,91.7467,85.55,44.66,50.8733,54.16,cf30,condenser_fouling,3,fault,345
50.7913,44.772,85.7253,91.7837,39.56,34.63,96.0667,116.3167,6.8733,3.4533,32.9333,110.3933,162.2967,127.3867,115.6533,60.996,262.9633,214.8,4.45,5.2033,3.1072,91.67,85.5,44.7,50.9067,53.9037,cf30,condenser_fouling,3,fault,350
48.572,45.1677,85.354,89.0307,41.0133,36.1067,91.3433,106.9167,4.6667,3.62,50.2967,111.1267,161.15,124.0167,117.4,45.0023,263.8867,214.1767,2.5133,4.0667,2.374,88.8333,85.2,45.06,48.6067,30.385,cf30,condenser_fouling,3,fault,365
48.3627,44.9773,85.2633,88.9087,40.7933,35.83,91.1633,106.5333,4.5967,3.68,50.56,111.7067,160.5667,123.45,118.08,44.6527,264.1433,214.5567,2.56,4.11,2.3777,88.62,85.0333,44.8933,48.38,30.1953,cf30,condenser_fouling,3,fault,370
48.3293,44.9613,85.2367,88.8527,40.79,35.8333,91.1467,106.5167,4.6767,3.6467,50.7767,112.14,160.7833,123.6633,118.53,44.618,263.98,214.39,2.5267,4.09,2.3652,88.6133,85.0,44.8567,48.4133,30.0127,cf30,condenser_fouling,3,fault,375
48.3067,44.9347,85.2753,88.8833,40.7933,35.8433,91.1633,106.5667,4.7267,3.6233,50.7667,112.53,160.3,123.6033,118.9733,44.66,263.8633,214.7,2.4567,4.07,2.3712,88.6733,84.9933,44.8567,48.36,30.1183,cf30,condenser_fouling,3,fault,380
55.9997,45.584,75.8713,86.0843,38.4833,33.6767,93.44,111.1333,9.76,3.6567,21.8667,109.9667,160.8833,126.43,114.1667,78.555,261.56,215.2867,7.5367,6.9167,4.1837,85.9333,75.8267,45.38,56.0933,93.473,cf30,condenser_fouling,3,fault,405
55.93,45.4633,75.8887,86.1593,38.3733,33.56,93.5467,111.3,9.82,3.6833,21.8267,109.18,161.0833,127.8267,113.3,79.1007,261.8567,215.2167,7.59,6.9567,4.1725,85.95,75.83,45.3033,56.06,93.8703,cf30,condenser_fouling,3,fault,410
51.975,45.2347,76.2307,82.9647,39.3633,34.4667,87.63,100.1833,6.8433,3.73,29.35,108.14,159.4333,123.8667,112.29,55.548,262.8033,214.8667,4.88,5.7267,3.8197,82.77,76.18,45.0833,52.0133,60.3463,cf30,condenser_fouling,3,fault,425
51.7907,45.0713,76.1933,82.878,39.2967,34.3767,87.58,100.0667,6.8333,3.6467,29.1433,107.95,159.75,124.4967,112.1333,55.4837,262.79,214.7,4.8233,5.62,3.8095,82.7267,76.1667,44.9,51.92,60.1187,cf30,condenser_fouling,3,fault,430
51.8147,45.1013,76.2253,82.902,39.3033,34.4133,87.5733,100.0667,6.8867,3.61,29.12,107.7533,160.0667,124.6633,112.0533,55.508,262.9033,214.6667,4.75,5.6633,3.8043,82.7733,76.19,44.96,51.9433,60.0593,cf30,condenser_fouling,3,fault,435
51.948,45.1767,76.2027,82.89,39.2767,34.3767,87.56,100.0667,6.8133,3.7067,29.2333,107.8067,160.25,125.16,112.0533,55.5083,262.71,214.56,4.7967,5.84,3.8349,82.7433,76.1733,45.1133,52.03,60.5417,cf30,condenser_fouling,3,fault,440
48.1257,45.1953,76.011,79.1947,40.8567,35.93,80.9833,88.4667,3.14,3.9667,55.8733,108.9867,157.8667,120.9833,114.36,36.97,263.49,214.55,2.0867,4.31,2.4914,78.9067,75.82,45.13,48.1267,26.1953,cf30,condenser_fouling,3,fault,455
48.3513,45.5413,75.656,78.66,41.08,36.1633,80.76,87.9833,3.73,4.0933,58.0867,110.2433,157.8167,120.3667,115.8367,36.7927,263.6833,214.68,2.0967,4.3733,2.4017,78.6333,75.6567,45.4767,48.4,25.134,cf30,condenser_fouling,3,fault,460
48.3707,45.5273,75.782,78.775,40.8067,35.8233,80.76,88.0,3.7533,4.4767,58.0333,111.3133,157.5833,120.7233,117.0333,36.6603,263.51,214.6733,2.0567,4.68,2.4387,78.6933,75.7067,45.47,48.44,25.4257,cf30,condenser_fouling,3,fault,465
48.456,45.6027,75.8167,78.788,40.7667,35.7867,80.82,88.0667,3.73,4.5333,58.4033,112.2033,157.6667,120.7933,117.8,36.6963,263.8033,214.84,2.1233,4.7567,2.4475,78.71,75.7433,45.5133,48.52,25.5457,cf30,condenser_fouling,3,fault,470
55.2557,45.086,70.8317,80.7427,38.1233,33.33,87.98,100.8,9.3433,3.6933,21.8633,110.7267,160.0333,126.8367,114.41,70.26,261.1367,215.1933,7.45,6.7767,4.5635,80.5633,70.5967,44.8833,55.3667,91.1937,cf30,condenser_fouling,3,fault,490
55.0513,44.852,70.6527,80.5513,37.9433,33.1733,87.74,100.35,9.2333,3.6967,21.72,109.4867,159.7,125.74,113.0333,69.9927,261.2933,215.2767,7.34,6.8167,4.5957,80.3967,70.4267,44.7133,55.1333,91.483,cf30,condenser_fouling,3,fault,495
54.9607,44.76,70.574,80.4423,37.87,33.1267,87.6,100.0833,9.2167,3.5967,21.7067,108.56,160.0833,125.2867,112.04,70.001,261.1733,215.1333,7.24,6.77,4.5927,80.34,70.3767,44.6133,55.06,91.4367,cf30,condenser_fouling,3,fault,500
52.1067,45.1247,68.1133,74.92,38.6967,33.8667,79.4433,85.8167,6.3667,4.1667,29.5133,107.0867,156.5167,122.01,110.58,49.6207,264.9967,214.9167,4.9033,6.2867,4.4325,74.4933,67.8,44.9833,52.0567,62.525,cf30,condenser_fouling,3,fault,515
51.828,45.284,66.964,73.3457,38.9233,34.0433,77.81,83.2333,6.2867,4.1933,31.06,106.9467,156.5167,121.6633,110.26,47.413,265.5533,215.1633,4.84,6.28,4.3506,72.9833,66.6667,45.2367,51.91,58.6687,cf30,condenser_fouling,3,fault,520
51.5007,44.9793,66.6733,73.0367,38.6867,33.87,77.5,82.8167,6.3133,4.2233,30.9133,106.7867,156.5,121.57,110.09,47.3373,265.45,215.2167,4.7433,6.1433,4.3412,72.77,66.4967,44.87,51.6333,58.4487,cf30,condenser_fouling,3,fault,525
51.5697,45.2193,66.4713,72.6183,38.9033,34.03,76.8067,81.7,5.9667,4.35,31.91,106.74,156.2833,121.3167,109.89,46.1357,265.85,215.01,4.5067,6.3333,4.3347,72.3067,66.31,45.2233,51.7633,56.8787,cf30,condenser_fouling,3,fault,530
48.5827,45.0553,67.2733,70.968,39.95,34.98,73.2167,76.1167,3.54,4.3533,48.9833,107.16,154.4667,118.43,110.84,35.7603,264.1667,214.62,2.69,5.0867,3.1034,70.5667,66.9933,45.0367,48.6533,31.5597,cf30,condenser_fouling,3,fault,545
48.6943,45.2833,66.7213,70.2467,39.4867,34.58,72.55,75.0333,3.7433,5.1067,51.9967,107.8167,154.2167,118.6767,111.92,35.1143,263.96,214.6567,2.5467,5.7633,3.0556,70.01,66.5433,45.31,48.7967,30.516,cf30,condenser_fouling,3,fault,550
48.7993,45.3647,66.7307,70.2293,39.4133,34.52,72.61,75.15,3.9633,5.29,52.51,108.4267,154.1333,118.4333,112.7867,35.1533,264.19,214.6067,2.5833,5.93,3.0661,70.0267,66.61,45.3467,48.8733,30.6547,cf30,condenser_fouling,3,fault,555
48.8153,45.3727,66.7587,70.2653,39.4467,34.54,72.7367,75.35,4.0567,5.3,52.29,108.96,154.9033,118.6233,113.3433,35.2177,264.4933,214.72,2.6533,5.9167,3.0694,70.0567,66.6,45.3633,48.88,30.744,cf30,condenser_fouling,3,fault,560
49.8613,40.924,81.1473,89.938,37.1933,32.4967,93.9133,112.0167,6.0433,0.83,22.53,108.5867,161.5667,127.5067,112.3367,78.4403,262.49,214.73,4.0367,3.4467,3.5846,89.8333,80.9733,40.62,49.9067,79.9733,cf30,condenser_fouling,3,fault,585
49.5483,40.5787,81.0967,89.962,36.9267,32.25,93.96,112.1167,6.01,0.7733,22.4233,108.1867,161.35,128.35,112.0067,79.2353,262.19,214.6033,4.1033,3.4333,3.559,89.8233,80.9333,40.3633,49.6,80.2033,cf30,condenser_fouling,3,fault,590
49.348,40.3907,81.098,90.014,36.8533,32.1867,94.1167,112.4,6.2,0.78,21.68,107.83,161.0833,127.6633,111.7367,79.6767,262.3033,214.9133,4.28,3.3233,3.54,89.83,80.9133,40.1767,49.4233,80.22,cf30,condenser_fouling,3,fault,595
49.196,40.2293,81.054,89.9877,36.7667,32.1233,94.24,112.6833,6.3633,0.7867,21.17,107.46,161.63,128.9633,111.3333,79.681,262.3267,214.9833,4.4967,3.3467,3.5433,89.7867,80.8767,40.1033,49.2733,80.302,cf30,condenser_fouling,3,fault,600
46.82,40.8553,81.0793,87.198,36.76,32.1033,91.2667,106.7167,6.2433,2.88,30.7067,106.9733,159.4667,126.56,111.1733,57.8367,263.3867,214.3833,4.2867,3.9533,3.2402,86.91,80.9167,40.6867,46.9067,53.299,cf30,condenser_fouling,3,fault,615
46.8,40.713,81.158,87.322,37.01,32.3233,91.41,107.0333,6.25,2.6167,30.52,106.9933,159.9333,125.9533,111.51,58.4177,263.8267,214.6967,4.28,3.47,3.2772,87.1367,81.0067,40.4667,46.8,54.449,cf30,condenser_fouling,3,fault,620
46.6007,40.4853,81.1393,87.326,37.0267,32.3333,91.46,107.1833,6.28,2.4133,30.2033,107.02,159.6833,126.4767,111.68,58.4943,264.05,214.65,4.3967,3.26,3.2876,87.0867,80.98,40.2733,46.7267,54.694,cf30,condenser_fouling,3,fault,625
46.5193,40.4173,81.1327,87.2967,36.9667,32.2733,91.43,107.0833,6.2867,2.3933,30.2267,107.1133,159.9833,126.7,111.8867,58.4297,263.9367,214.57,4.33,3.25,3.2856,87.0967,80.98,40.2067,46.64,54.6027,cf30,condenser_fouling,3,fault,630
43.5003,39.9763,80.8463,84.7593,37.8433,33.0867,86.7533,98.6,3.83,2.0267,45.64,107.9333,158.1167,123.6633,113.4433,44.1393,265.03,214.19,2.2467,2.08,2.5049,84.48,80.7,39.8833,43.5667,31.4473,cf30,condenser_fouling,3,fault,645
43.483,40.0243,80.739,84.4947,38.14,33.34,86.3,97.75,3.5533,1.75,46.24,108.5533,158.1667,123.9233,114.0833,43.0047,264.7,214.2467,2.0833,1.9,2.5247,84.21,80.5467,40.0067,43.57,30.8837,cf30,condenser_fouling,3,fault,650
43.954,40.5733,80.4247,84.0703,37.5467,32.8333,86.41,97.95,4.5033,2.6767,48.17,109.14,157.9,124.0067,114.76,42.947,265.04,214.2667,2.4433,2.9167,2.4709,83.9467,80.36,40.4967,44.1,30.1807,cf30,condenser_fouling,3,fault,655
44.2093,40.7743,80.8713,84.654,38.13,33.3533,87.2,99.3,4.5,2.2967,46.8933,109.6267,158.65,124.2133,115.19,44.2253,264.9,214.3767,2.5433,2.44,2.4403,84.6167,80.7867,40.6033,44.2867,30.6963,cf30,condenser_fouling,3,fault,660
52.0183,41.8723,70.18,80.074,35.45,30.95,87.4733,99.8333,9.1933,3.3167,21.0733,108.3767,158.2833,128.3667,112.1033,72.6157,261.11,214.8367,7.3533,6.2833,4.3968,80.0833,70.08,41.6933,52.3167,90.799,cf30,condenser_fouling,3,fault,680
52.0353,41.264,70.7627,81.2687,35.82,31.28,88.9967,101.72,9.3367,1.2767,20.2633,107.47,159.7,127.8633,110.9367,79.133,260.77,215.1233,7.7333,5.06,4.2894,81.2833,70.6333,40.8867,52.07,96.5337,cf30,condenser_fouling,3,fault,685
51.672,40.718,70.9117,81.6453,35.5333,31.04,89.3,103.0833,9.27,0.92,20.0633,106.9933,159.4,127.31,110.4667,81.3433,260.8033,214.8533,7.7833,4.9067,4.2392,81.5133,70.7433,40.4367,51.7333,98.0757,cf30,condenser_fouling,3,fault,690
46.0193,39.2757,71.3453,78.0767,36.5267,31.9167,82.4833,91.13,6.35,1.07,25.6933,106.1067,157.5167,124.65,109.3733,54.2993,263.6767,214.38,4.66,2.5733,3.9023,77.8367,71.1167,39.0933,45.9433,60.2513,cf30,condenser_fouling,3,fault,705
45.9717,39.499,71.116,77.4923,35.9433,31.3667,81.8867,90.0433,6.1233,2.3233,27.4733,105.8067,156.45,124.07,108.9867,51.7233,263.6567,214.5567,4.5233,3.4833,3.9355,77.3833,70.97,39.4267,46.1233,57.893,cf30,condenser_fouling,3,fault,710
46.004,39.4093,71.2717,77.7673,36.33,31.7167,82.2767,90.7467,6.3467,1.8433,27.4,105.58,157.2333,124.6833,108.7,52.359,263.82,214.4533,4.58,2.9267,3.9587,77.68,71.1133,39.2567,46.06,58.9533,cf30,condenser_fouling,3,fault,715
45.8947,39.33,71.2677,77.7727,36.36,31.7567,82.2433,90.67,6.3733,1.32,27.3967,105.4333,157.4667,124.74,108.7,52.4753,263.5467,214.3267,4.5133,2.8367,3.9255,77.6767,71.1033,39.1733,45.9733,58.5873,cf30,condenser_fouling,3,fault,720
44.0017,40.9647,70.749,74.0453,37.4967,32.7933,76.3133,80.9167,3.8633,3.01,51.9933,107.5,154.9167,121.0833,111.9767,36.501,264.1833,214.1733,2.14,3.3467,2.608,74.1033,70.6833,40.8267,44.1267,27.0833,cf30,condenser_fouling,3,fault,740
43.938,40.759,71.4017,74.8443,37.8667,33.1,77.2667,82.3667,4.0367,2.65,49.5767,108.4533,155.4833,121.4533,112.8867,37.4007,264.5733,214.32,2.4033,2.68,2.6716,74.81,71.2133,40.56,43.9467,28.42,cf30,condenser_fouling,3,fault,745
43.75,40.5707,71.4327,74.9003,38.1533,33.35,77.12,82.15,3.9867,2.2633,49.4967,109.04,155.8333,121.44,113.5633,37.471,264.0233,214.05,2.2633,2.27,2.6589,74.8767,71.2433,40.4033,43.82,28.336,cf30,condenser_fouling,3,fault,750
49.0477,39.5503,65.6853,74.8857,35.2667,30.7633,81.4,89.1,8.3367,1.1067,21.3433,108.16,157.6167,126.24,110.9567,63.581,262.2067,214.6633,6.6733,4.0633,4.699,74.6867,65.44,39.37,49.0833,84.9747,cf30,condenser_fouling,3,fault,770
48.621,39.17,65.2203,74.3817,35.1367,30.63,80.86,88.1833,8.4067,0.9133,21.1233,107.1467,157.35,125.9633,109.76,63.4363,262.37,214.54,6.6867,3.8367,4.6827,74.19,65.0233,38.9767,48.6567,84.4843,cf30,condenser_fouling,3,fault,775
48.4667,39.1193,64.9233,73.948,35.2633,30.7667,80.41,87.4333,8.3667,0.94,20.72,106.4,157.45,125.7967,108.84,62.351,262.32,214.2233,6.6233,3.6867,4.7052,73.78,64.7433,38.9467,48.5267,83.4397,cf30,condenser_fouling,3,fault,780
46.9717,40.4957,65.0667,71.4527,36.3733,31.7867,75.98,80.3667,6.0467,2.7233,28.9767,105.0133,155.35,122.5067,107.3933,47.3213,262.69,214.7233,4.7633,3.9033,4.3056,71.2167,64.93,40.28,46.9733,57.9487,cf30,condenser_fouling,3,fault,795
46.6773,40.1853,65.0107,71.403,36.3767,31.8033,75.89,80.2167,6.2167,2.5967,28.65,104.84,155.3667,122.85,107.4,47.2933,262.7233,214.51,4.73,3.6833,4.3113,71.18,64.8567,40.09,46.78,57.991,cf30,condenser_fouling,3,fault,800
46.5767,40.1167,64.9347,71.296,36.24,31.6367,75.84,80.1333,6.1567,2.65,28.7533,103.9733,155.3167,122.8333,107.4,47.1463,262.6533,214.5867,4.7367,3.7967,4.3063,71.0967,64.78,39.9867,46.74,57.744,cf30,condenser_fouling,3,fault,805
46.57,40.1513,64.8513,71.2173,36.1267,31.5333,75.7233,79.9333,6.1433,2.75,28.93,104.8,155.8533,122.6967,107.4133,47.0473,262.9767,214.2733,4.7267,3.9267,4.2818,70.97,64.7,40.0733,46.7133,57.2943,cf30,condenser_fouling,3,fault,810
43.611,40.1787,64.6587,68.3127,36.4333,31.8233,70.8867,72.5,3.8867,3.2867,47.3667,105.3333,152.7233,119.9367,108.78,35.4517,264.08,214.57,2.7933,3.6533,3.042,68.13,64.5633,40.0767,43.66,30.6743,cf30,condenser_fouling,3,fault,825
43.349,39.9883,64.7127,68.295,37.1633,32.4967,70.8167,72.3,3.7933,2.5733,47.1533,105.8933,152.4067,118.96,109.58,35.0163,264.0767,213.9667,2.7367,2.7933,3.0078,68.0167,64.4967,39.97,43.4,29.967,cf30,condenser_fouling,3,fault,830
43.682,40.4253,64.3383,67.792,36.6833,32.04,70.36,71.6333,3.9733,3.31,49.1167,106.44,152.2533,119.2933,110.3067,34.6887,262.82,214.36,2.7267,3.6467,2.9477,67.6433,64.1933,40.2967,43.8067,29.083,cf30,condenser_fouling,3,fault,835
43.6053,40.184,64.6567,68.281,36.8733,32.2,71.0333,72.7,4.22,2.9733,47.6533,106.8933,152.8533,119.7633,110.8333,35.5057,262.9267,214.5033,2.7867,3.2067,3.0281,68.19,64.6,40.0533,43.5867,30.5787,cf30,condenser_fouling,3,fault,840
61.3473,52.6013,84.6463,93.1353,43.31,38.4567,99.9167,124.05,8.4333,5.9367,27.6,104.53,160.8833,121.5767,112.4,75.0973,254.6733,215.7633,6.44,9.2533,3.6814,93.52,84.6167,52.55,61.5133,78.6243,cf45,condenser_fouling,4,fault,20
61.2743,52.2767,85.087,94.0023,43.0133,38.1333,100.8433,126.05,8.52,5.6867,27.8067,107.25,160.4,121.5133,114.2867,78.3773,254.23,215.21,6.71,9.1,3.6198,94.13,84.85,52.1367,61.36,80.6877,cf45,condenser_fouling,4,fault,25
60.9647,51.8313,85.2127,94.3487,42.74,37.8367,101.5233,127.4333,8.6767,5.48,27.7867,109.0733,160.6833,122.1567,115.51,80.762,254.2167,215.36,7.07,8.9533,3.5665,94.43,84.9667,51.6733,61.0467,81.9157,cf45,condenser_fouling,4,fault,30
60.9007,51.7467,85.3247,94.564,42.6,37.7067,102.8967,130.5667,9.9633,5.4467,26.93,110.2567,159.2333,120.72,116.4733,81.5157,254.0467,215.3667,8.4,9.03,3.542,94.54,85.0867,51.6467,61.0333,82.1193,cf45,condenser_fouling,4,fault,35
60.9593,51.804,85.3367,94.612,42.6267,37.7333,103.2467,131.3333,10.28,5.5067,26.72,110.9933,159.9833,121.36,117.19,81.536,253.63,215.57,8.6333,9.0433,3.5443,94.58,85.1867,51.6833,61.0733,82.196,cf45,condenser_fouling,4,fault,40
55.1507,48.964,85.6317,92.125,41.98,37.0833,97.6633,119.4667,7.4167,4.89,33.8667,112.2133,158.1833,120.3033,118.2133,61.3,256.2467,214.8967,5.7933,6.9267,3.1794,91.8467,85.3433,48.92,55.2967,55.4303,cf45,condenser_fouling,4,fault,55
55.1927,49.0453,85.502,91.912,42.0033,37.1,97.5833,119.3167,7.6567,4.9367,33.9967,112.34,158.0,120.2367,118.2467,61.264,255.99,214.9967,5.8367,6.98,3.164,91.7767,85.3167,49.0033,55.3467,55.1293,cf45,condenser_fouling,4,fault,60
55.2483,49.0933,85.5167,91.9147,42.0267,37.1133,97.5833,119.3167,7.73,4.9233,33.9667,112.3467,159.5,121.68,118.3133,61.337,256.1,214.9167,5.7733,7.01,3.1609,91.7767,85.32,49.0467,55.4133,55.1407,cf45,condenser_fouling,4,fault,65
55.384,49.2253,85.502,91.8653,41.91,37.0033,97.5267,119.15,7.6967,5.14,34.1533,112.4633,163.7267,125.81,118.4133,61.1413,256.4133,215.07,5.7933,7.2967,3.172,91.7333,85.28,49.1867,55.5667,55.1583,cf45,condenser_fouling,4,fault,70
54.009,50.9267,85.4323,88.8057,44.0667,39.26,91.7433,107.7,5.1567,6.2233,58.3367,114.5967,162.4967,122.0467,122.0067,42.1557,256.4167,215.43,3.07,6.8967,2.3058,88.6733,85.3,50.9433,54.1533,27.6477,cf45,condenser_fouling,4,fault,90
53.9313,50.788,85.5667,88.9873,44.18,39.38,91.93,108.0833,5.2267,5.96,57.1733,115.2967,162.4767,121.8933,122.8267,42.3913,256.54,214.64,3.12,6.6,2.3345,88.82,85.35,50.77,54.04,28.1463,cf45,condenser_fouling,4,fault,95
53.8787,50.7373,85.551,88.9727,44.1433,39.3467,91.97,108.1167,5.2867,5.93,57.1733,115.79,161.8333,121.3467,123.3733,42.3043,256.5067,215.0233,3.1933,6.5267,2.3444,88.7767,85.3233,50.7,53.9467,28.2073,cf45,condenser_fouling,4,fault,100
60.8977,50.7733,75.87,86.0983,41.48,36.5833,95.7767,115.7167,11.1033,5.2967,23.0733,113.6133,162.9267,126.6833,118.47,75.8427,253.27,215.4867,9.7433,9.1167,4.2136,86.0333,75.85,50.5733,61.02,90.887,cf45,condenser_fouling,4,fault,120
60.7253,50.45,75.898,86.37,41.2333,36.3333,95.9567,116.07,11.1333,5.19,23.1633,112.4333,162.9767,125.8867,116.9967,77.155,253.2567,215.4667,9.8433,9.04,4.2044,86.15,75.85,50.2933,60.8033,92.262,cf45,condenser_fouling,4,fault,125
60.6467,50.314,75.8793,86.374,41.1433,36.2567,96.0467,116.2333,11.1167,5.1667,23.0567,111.5033,162.5433,125.73,116.14,77.3827,253.0567,215.42,9.95,8.9833,4.2152,86.0933,75.8267,50.11,60.76,92.7727,cf45,condenser_fouling,4,fault,130
56.7057,50.5607,76.2013,82.5343,42.08,37.18,87.4767,99.9333,6.46,6.2,35.0767,110.0533,160.0667,122.1033,114.84,51.398,254.25,215.1033,5.3733,8.52,3.7674,82.1233,76.08,50.61,56.8567,55.0527,cf45,condenser_fouling,4,fault,145
56.7473,50.5713,76.2187,82.536,42.1233,37.2233,87.66,100.25,6.7933,6.0567,35.0067,109.94,160.65,122.61,114.84,51.8973,254.39,215.07,5.3033,8.4167,3.7477,82.3667,76.2,50.5367,56.9067,55.3193,cf45,condenser_fouling,4,fault,150
56.601,50.4233,76.232,82.5453,42.1433,37.24,87.63,100.15,6.7067,6.02,34.9833,110.0,160.6333,122.4067,114.8533,51.899,254.4267,214.7733,5.25,8.2333,3.7448,82.37,76.2467,50.3633,56.76,55.275,cf45,condenser_fouling,4,fault,155
56.4687,50.3103,76.232,82.54,42.17,37.2467,87.69,100.3,6.7467,5.9367,34.9033,110.0633,160.98,122.75,114.8467,51.8593,254.56,215.49,5.3433,8.1733,3.7509,82.37,76.2333,50.3033,56.6767,55.3243,cf45,condenser_fouling,4,fault,160
53.0,50.3283,75.8287,78.773,43.71,38.9267,81.2433,88.8333,3.38,6.1367,63.5533,111.43,158.6333,118.56,117.4367,35.5253,254.9033,214.5867,2.5767,6.5933,2.3692,78.66,75.78,50.3033,53.12,23.9403,cf45,condenser_fouling,4,fault,175
52.872,50.1683,75.8633,78.7823,43.8467,39.04,81.25,88.85,3.7867,5.98,64.02,112.7067,158.8167,118.3833,119.0033,35.5627,254.9733,214.81,2.5533,6.3567,2.39,78.69,75.8233,50.17,52.98,24.1727,cf45,condenser_fouling,4,fault,180
52.764,50.1013,75.8887,78.7893,43.8467,39.0467,81.27,88.8833,3.8267,5.9,64.1733,113.7733,158.2333,118.0133,120.14,35.5917,255.1767,214.8733,2.5267,6.22,2.3513,78.7267,75.8467,50.0733,52.8233,23.8003,cf45,condenser_fouling,4,fault,185
52.732,50.0893,75.9207,78.8107,43.8533,39.0467,81.36,89.0833,3.9133,5.9067,64.24,114.6533,158.45,118.31,121.01,35.5483,254.98,214.6467,2.5933,6.2,2.3336,78.7833,75.8733,50.0733,52.8333,23.5927,cf45,condenser_fouling,4,fault,190
59.285,50.3113,70.9657,79.9,41.1067,36.1933,87.99,100.75,9.0667,5.73,26.36,114.3967,160.8,123.6533,118.72,62.7127,253.58,215.1133,8.1367,9.0767,4.5089,79.87,70.7533,50.1633,59.43,80.418,cf45,condenser_fouling,4,fault,205
58.9853,49.9853,70.7327,79.717,40.8067,35.87,87.7,100.25,9.0433,5.68,25.98,112.8633,160.7333,124.0767,116.6133,62.486,253.7067,215.0333,8.1333,9.1067,4.5383,79.57,70.4933,49.9267,59.1733,80.6557,cf45,condenser_fouling,4,fault,210
59.218,50.128,70.7753,79.7703,40.8067,35.8633,87.91,100.65,9.2,5.7667,26.5467,111.4533,160.75,124.2833,115.15,62.9103,253.7533,215.6333,8.1433,9.3033,4.5621,79.73,70.64,50.0833,59.4133,81.6283,cf45,condenser_fouling,4,fault,215
59.0837,50.008,70.798,79.8213,40.7733,35.8067,87.89,100.6333,9.0633,5.6267,25.76,110.4567,160.8,124.2667,114.1067,62.9407,253.43,215.1733,8.1767,9.1867,4.546,79.7167,70.6,49.9633,59.2667,81.3777,cf45,condenser_fouling,4,fault,220
56.4043,50.151,66.4357,72.6777,41.19,36.28,77.44,82.5833,5.5133,6.5233,35.7233,108.8533,157.0833,119.93,112.6033,44.8467,257.3,214.8767,5.2567,8.9267,4.3891,72.1433,66.1267,50.1167,56.4867,55.9893,cf45,condenser_fouling,4,fault,235
56.2947,50.2357,66.182,72.092,41.3,36.3967,76.8933,81.9,5.7867,6.59,36.2367,108.68,157.2833,119.8867,112.28,44.149,257.6267,214.9533,5.1133,8.96,4.3205,71.8367,65.99,50.27,56.5233,54.2503,cf45,condenser_fouling,4,fault,240
56.26,50.1867,66.17,72.0587,41.2867,36.3833,76.8833,81.8167,5.7867,6.5233,36.1533,108.5667,156.95,119.57,112.1667,44.1473,257.7,215.0133,5.03,8.9067,4.3295,71.8133,65.9933,50.19,56.4933,54.362,cf45,condenser_fouling,4,fault,245
56.2907,50.2273,66.186,72.0653,41.29,36.39,76.88,81.8167,5.86,6.62,36.19,108.5467,156.9333,119.4067,112.08,44.1937,257.7767,214.99,5.0533,8.9367,4.3186,71.81,66.0033,50.24,56.52,54.2827,cf45,condenser_fouling,4,fault,250
53.8257,50.0547,64.4903,68.375,42.0467,37.1467,71.2233,73.0333,3.4167,6.8767,52.3133,108.86,154.0,115.9633,112.8667,34.7987,256.1,215.0567,3.3033,8.07,3.4155,67.95,64.21,50.0967,53.8533,33.8017,cf45,condenser_fouling,4,fault,265
53.578,50.0087,63.8703,67.537,42.1167,37.2167,70.48,71.8667,3.71,6.9367,54.0167,109.2467,154.6867,115.7,113.5267,33.9563,256.1133,214.77,3.2767,7.9533,3.3061,67.2,63.64,50.08,53.67,31.936,cf45,condenser_fouling,4,fault,270
53.6333,50.0403,63.7007,67.3273,41.6167,36.6967,70.53,71.9,4.18,7.3833,54.79,109.52,152.7133,115.77,114.0433,34.0823,256.2167,214.74,3.33,8.4933,3.3145,67.23,63.5733,50.0533,52.89,32.1283,cf45,condenser_fouling,4,fault,275
53.4393,49.8367,63.6953,67.306,41.6433,36.7367,70.4067,71.7167,4.19,7.1833,54.5167,109.7233,152.1933,116.01,114.4267,33.924,256.2533,214.93,3.2433,8.2367,3.35,67.1367,63.5333,49.8933,52.64,32.3143,cf45,condenser_fouling,4,fault,280
54.512,46.0913,83.957,92.4633,39.99,34.9967,98.1433,120.4,7.0567,3.4967,27.34,109.6333,163.2067,128.3167,114.3233,76.3057,256.2367,214.92,5.5933,6.0333,3.4742,92.5267,83.8367,46.0133,54.6533,75.3943,cf45,condenser_fouling,4,fault,305
54.7903,46.3607,84.27,92.8317,40.0433,35.04,98.7133,121.5833,7.4067,3.5933,28.1267,109.7067,163.3233,126.63,114.6467,77.4913,255.9,214.72,5.87,6.29,3.4216,92.84,84.2067,46.3533,54.98,75.4117,cf45,condenser_fouling,4,fault,310
55.1287,46.7577,84.4633,93.0033,40.18,35.1733,98.9133,121.9667,7.5067,3.7733,28.5667,109.7733,163.6133,127.61,115.0867,77.5557,255.7267,214.9667,5.96,6.5967,3.4001,92.9733,84.31,46.7533,55.3367,74.9997,cf45,condenser_fouling,4,fault,315
55.224,46.854,84.4993,93.0903,40.25,35.25,99.0467,122.2833,7.51,3.8167,28.5867,109.9767,163.18,127.0633,115.4767,77.6303,255.6367,214.97,5.9833,6.55,3.3985,93.0867,84.36,46.8,55.4067,75.0367,cf45,condenser_fouling,4,fault,320
50.932,45.054,85.4327,91.5567,39.4733,34.56,96.6967,117.5333,6.9867,3.7067,34.25,110.4333,161.9233,126.42,115.9733,60.8733,257.13,214.7033,5.2,5.51,3.0366,91.53,85.2867,44.9367,51.04,52.573,cf45,condenser_fouling,4,fault,340
50.8073,44.9267,85.4287,91.5647,39.4567,34.55,96.61,117.4,6.8467,3.6267,34.1833,110.5533,161.88,126.5367,116.1333,60.782,256.5833,214.64,5.1133,5.41,3.0425,91.5067,85.2667,44.8633,50.8833,52.5953,cf45,condenser_fouling,4,fault,345
50.746,44.8667,85.386,91.5287,39.3833,34.4867,96.5967,117.4,6.8333,3.6533,34.2067,110.6,161.2833,125.98,116.22,60.8477,256.5733,214.7667,5.17,5.42,3.0401,91.4667,85.2133,44.82,50.8633,52.6117,cf45,condenser_fouling,4,fault,350
48.4073,45.0263,85.119,88.8607,40.62,35.6133,91.4767,107.0833,4.4667,3.91,51.6367,111.32,160.6,124.0033,117.8533,44.8827,257.39,214.55,2.8367,4.3133,2.3673,88.6,84.87,44.9333,48.3933,30.218,cf45,condenser_fouling,4,fault,365
48.8207,45.546,85.036,88.6333,41.0867,36.1733,91.25,106.7833,4.6967,3.8567,53.0567,112.3733,160.9667,123.5533,119.1767,44.1813,257.55,215.0167,2.8167,4.4067,2.3343,88.4467,84.86,45.46,48.88,29.332,cf45,condenser_fouling,4,fault,375
48.684,45.3983,85.032,88.656,41.0367,36.15,91.1433,106.5833,4.5333,3.8033,52.3367,112.8733,160.7333,123.3867,119.63,44.186,256.9767,214.73,2.8,4.3033,2.3397,88.3867,84.8267,45.3433,48.75,29.4017,cf45,condenser_fouling,4,fault,380
56.0763,46.3017,75.1417,85.1357,38.7167,33.8667,94.1133,112.4667,10.07,4.07,22.4767,111.3333,161.2967,126.9067,115.7467,75.957,255.6067,215.1767,9.1,7.4533,4.0577,85.0367,75.0967,46.14,56.2933,87.6587,cf45,condenser_fouling,4,fault,400
55.9833,45.863,75.448,85.7057,38.3,33.4833,94.9367,114.05,10.28,4.02,22.42,110.3533,161.8567,128.0767,114.6,79.2607,255.3133,215.2067,9.4033,7.4833,4.0261,85.54,75.4133,45.7233,56.1133,90.7563,cf45,condenser_fouling,4,fault,405
55.8193,45.616,75.5053,85.8867,38.1967,33.3867,95.1233,114.4167,10.34,3.8633,22.8,109.6433,161.3333,126.63,113.9067,80.6377,255.3267,215.43,9.4667,7.2567,3.9935,85.6867,75.46,45.4467,55.9367,91.586,cf45,condenser_fouling,4,fault,410
51.5923,44.897,76.098,82.9943,39.2733,34.37,88.35,101.3667,6.55,3.5633,29.4767,108.5667,159.3833,124.38,112.94,56.1357,255.86,214.8633,5.55,5.49,3.7537,82.79,76.02,44.7433,51.5967,59.9307,cf45,condenser_fouling,4,fault,425
51.51,44.912,76.0153,82.8087,38.9567,34.0533,88.2,101.1167,6.5367,3.86,29.9067,108.3,159.9333,125.1267,112.6467,55.8447,256.09,214.93,5.4933,5.9667,3.7184,82.7033,75.98,44.8533,51.6633,59.061,cf45,condenser_fouling,4,fault,430
51.6287,45.0133,76.0533,82.8407,39.0633,34.1733,88.3,101.2833,6.6333,3.8233,29.92,108.14,159.8167,124.9567,112.3667,55.8987,255.78,215.0633,5.56,5.8367,3.7276,82.73,75.9833,44.9133,51.78,59.2633,cf45,condenser_fouling,4,fault,435
51.658,45.0433,76.0247,82.8167,39.02,34.13,88.22,101.1833,6.6833,3.8933,29.94,107.99,159.75,124.97,112.28,55.9057,255.6867,215.28,5.5267,5.9133,3.7325,82.68,75.99,44.9233,51.7667,59.3477,cf45,condenser_fouling,4,fault,440
48.3987,45.6227,75.311,78.3927,41.18,36.28,80.83,88.0333,3.8467,4.1567,59.1433,110.46,157.8667,120.5133,116.2933,36.4653,257.2633,214.7533,2.4033,4.31,2.3937,78.3367,75.3133,45.54,48.42,24.825,cf45,condenser_fouling,4,fault,460
48.3097,45.5493,75.3627,78.434,41.1167,36.2067,80.77,87.9833,3.82,4.2467,59.1067,111.5533,157.8,120.4433,117.3867,36.4307,256.98,214.8267,2.4067,4.37,2.385,78.3367,75.2867,45.5,48.3367,24.713,cf45,condenser_fouling,4,fault,465
48.29,45.536,75.364,78.4287,41.0667,36.17,80.79,88.0167,3.7667,4.2833,59.2533,112.4967,157.9833,120.72,118.2867,36.4093,256.7,214.85,2.4133,4.3967,2.3843,78.3467,75.2533,45.5,48.31,24.691,cf45,condenser_fouling,4,fault,470
54.8137,45.0043,69.778,79.559,37.69,32.9933,87.7,100.3167,8.7167,3.9467,22.6733,111.03,159.8667,126.9067,114.7133,68.2587,255.0567,215.0633,8.2833,7.1367,4.5272,79.43,69.5867,44.8233,54.8733,87.8927,cf45,condenser_fouling,4,fault,490
54.4727,44.6933,69.5067,79.269,37.5533,32.8467,87.3867,99.7167,8.6867,3.92,22.4867,109.71,159.3667,125.6333,113.2267,67.9677,255.23,215.03,8.16,6.9867,4.5327,79.19,69.3767,44.5333,54.49,87.624,cf45,condenser_fouling,4,fault,495
54.369,44.6453,69.3547,79.06,37.3933,32.7067,87.2767,99.4667,8.7967,3.9567,22.45,108.6467,159.55,126.2967,112.13,67.689,254.8533,215.13,8.2533,7.1333,4.5314,79.0433,69.2333,44.54,54.4667,87.2363,cf45,condenser_fouling,4,fault,500
51.7233,45.499,66.366,72.7247,39.03,34.13,77.5567,82.8833,5.58,4.4233,32.5567,106.9933,156.5333,121.4967,110.3533,46.3257,258.1467,214.8467,5.31,6.4333,4.2301,72.2967,66.1267,45.4633,51.82,55.7347,cf45,condenser_fouling,4,fault,515
51.499,45.2527,66.2127,72.4673,39.0633,34.16,77.5767,82.8667,5.83,4.1833,32.0533,106.84,156.65,121.3733,110.2,46.3643,258.5733,214.62,5.3167,6.1133,4.2349,72.2267,66.0833,45.22,51.62,55.8477,cf45,condenser_fouling,4,fault,520
51.426,45.1593,66.21,72.4113,39.06,34.16,77.4267,82.6167,5.8967,4.1667,32.0,106.82,156.5,121.6867,110.1733,46.3573,258.0733,215.0467,5.24,6.0533,4.2581,72.2067,66.07,45.1333,51.5267,56.1413,cf45,condenser_fouling,4,fault,525
51.3923,45.15,66.2033,72.3847,39.02,34.12,77.3867,82.5333,5.9533,4.13,32.0233,106.82,156.4,121.4367,110.1533,46.3717,258.23,214.9933,5.16,6.05,4.2389,72.2233,66.07,45.0667,51.5067,55.9077,cf45,condenser_fouling,4,fault,530
51.2157,45.061,66.444,72.512,39.0633,34.1767,77.22,82.2733,5.5,4.0733,32.4567,106.8267,156.0,120.8933,110.1433,45.08,257.6233,215.0567,4.9133,5.91,4.3102,72.2667,66.4333,45.0,51.1333,55.1557,cf45,condenser_fouling,4,fault,535
48.4503,45.0697,66.1367,69.7073,39.75,34.8,72.21,74.4833,3.22,4.6533,51.2667,107.2933,154.9033,118.1467,111.0633,34.8523,256.5,214.55,2.7867,5.36,3.0472,69.4,65.9467,45.08,48.5467,30.209,cf45,condenser_fouling,4,fault,545
48.548,45.1727,66.188,69.73,40.1867,35.1867,72.43,74.8667,3.7033,4.3733,52.3633,107.9967,153.87,117.57,112.0867,35.0893,256.49,214.5867,2.82,4.9267,3.0248,69.5967,66.0733,45.1467,48.5967,30.1867,cf45,condenser_fouling,4,fault,550
48.213,44.8493,66.2113,69.766,40.1533,35.1467,72.35,74.7333,3.6633,4.17,52.0533,108.6067,153.75,117.48,112.92,35.0807,256.4867,214.9367,2.7433,4.6267,3.0194,69.61,66.05,44.8233,48.23,30.1267,cf45,condenser_fouling,4,fault,555
48.5087,45.343,65.9987,69.3183,39.7933,34.82,71.9433,74.0833,3.4667,5.0367,54.3,109.1133,152.37,117.3033,113.5033,34.089,256.4933,214.4,2.78,5.5767,2.9198,69.1533,65.8167,45.37,48.6733,28.308,cf45,condenser_fouling,4,fault,560
49.526,40.8247,80.453,89.324,37.1033,32.4,94.2367,112.6167,5.3867,0.9233,23.26,108.6,161.73,129.33,112.5433,77.396,255.28,214.45,5.0633,3.4533,3.5318,89.2033,80.3467,40.5733,49.51,77.7423,cf45,condenser_fouling,4,fault,585
49.1657,40.4973,80.2687,89.1637,36.82,32.1633,93.9633,112.25,5.1933,0.9333,23.7433,108.2733,161.48,128.5733,112.1933,77.3093,255.37,214.64,5.0767,3.4867,3.5267,88.9667,80.17,40.3367,49.2167,77.5443,cf45,condenser_fouling,4,fault,590
49.0233,40.368,80.1447,89.0367,36.7,32.0833,93.96,112.1167,5.3267,0.88,23.7767,107.96,161.15,126.6867,111.94,77.2323,255.5333,214.39,5.0333,3.4633,3.5215,88.8833,80.05,40.1733,49.0533,77.3557,cf45,condenser_fouling,4,fault,595
48.994,40.3027,80.1753,89.066,36.6733,32.0667,93.9433,112.1333,5.35,0.88,23.7667,107.6533,161.0333,126.6967,111.72,77.2743,255.3767,214.6733,5.0567,3.4667,3.5394,88.9167,80.07,40.1467,49.05,77.7883,cf45,condenser_fouling,4,fault,600
46.2827,39.9727,81.297,87.977,36.8867,32.23,92.3167,108.85,5.5133,1.6867,29.3567,107.34,160.2,127.9967,111.4233,59.9967,255.7933,214.3067,4.93,2.94,3.3012,87.3533,80.9533,39.8233,46.1467,56.338,cf45,condenser_fouling,4,fault,610
46.5287,40.78,80.4683,86.591,36.5467,31.95,91.1367,106.4667,5.7633,2.9933,31.95,107.3067,159.25,126.28,111.68,57.0823,256.01,214.4967,4.7767,4.12,3.1645,86.3567,80.38,40.7,46.7067,51.3753,cf45,condenser_fouling,4,fault,615
46.8253,40.9687,80.8883,87.0787,36.9267,32.2233,91.7633,107.85,5.9267,2.8833,31.5167,107.3133,159.7333,128.3733,111.9133,57.982,255.76,214.6767,4.9,3.88,3.1764,86.96,80.77,40.8,46.84,52.383,cf45,condenser_fouling,4,fault,620
46.8053,40.914,80.9167,87.158,36.9667,32.2767,91.8633,107.9167,5.8733,2.8567,31.4933,107.38,159.3667,126.2067,112.1,58.1417,256.3167,214.6667,4.93,3.7267,3.1868,86.9467,80.7633,40.7,46.82,52.6987,cf45,condenser_fouling,4,fault,625
46.652,40.755,80.89,87.122,36.98,32.2867,91.8567,107.9,5.7467,2.7667,31.42,107.5,160.0333,127.9467,112.3767,58.073,256.6567,214.2833,4.9333,3.5333,3.188,86.9133,80.7533,40.5133,46.7867,52.6553,cf45,condenser_fouling,4,fault,630
44.1533,40.8793,80.0387,83.8027,37.6033,32.92,86.58,98.2,4.2533,2.79,48.88,108.84,158.25,124.3133,114.6067,43.0707,257.8667,214.3733,2.7433,3.0733,2.3871,83.7667,80.0233,40.7133,44.28,29.2443,cf45,condenser_fouling,4,fault,650
44.08,40.716,80.2247,84.018,37.67,32.97,86.7,98.4667,4.11,2.7233,48.31,109.36,158.3167,124.2933,115.0733,43.211,257.8867,214.27,2.8267,2.86,2.4419,83.87,80.1067,40.53,44.0933,30.0087,cf45,condenser_fouling,4,fault,655
43.8887,40.528,80.1033,83.908,37.6633,32.9567,86.57,98.2667,4.19,2.6367,48.28,109.7167,158.1,124.03,115.5367,43.232,257.93,214.47,2.8033,2.7233,2.4438,83.7567,79.9833,40.4067,43.8933,30.0493,cf45,condenser_fouling,4,fault,660
51.328,41.2897,69.2493,79.3927,35.6467,31.1433,87.8533,100.5333,8.18,2.76,20.97,108.4433,158.45,126.7933,112.21,72.8193,254.5567,214.7433,8.4067,5.3533,4.3361,79.45,69.17,41.0233,51.5533,89.8053,cf45,condenser_fouling,4,fault,680
51.343,40.882,69.6967,80.2177,35.3733,30.88,88.8267,102.2,8.4233,1.6967,20.58,107.59,158.7,129.0267,111.1133,76.4977,254.53,214.7633,8.64,5.1867,4.3037,80.1833,69.5767,40.5433,51.3733,93.6343,cf45,condenser_fouling,4,fault,685
51.2307,40.65,69.7607,80.3807,35.2133,30.6967,89.0133,104.2233,8.3267,1.53,20.7367,106.9933,158.5167,126.47,110.5267,77.5607,254.2867,214.89,8.6767,5.1833,4.2948,80.34,69.6133,40.39,51.27,94.7383,cf45,condenser_fouling,4,fault,690
45.656,39.4553,69.9063,76.385,35.7933,31.2533,81.2433,88.8833,5.4767,2.4633,28.9833,105.9533,155.5833,123.4067,109.4067,50.437,256.7567,214.4533,5.1933,3.54,3.8641,76.0733,69.62,39.34,45.7367,55.4273,cf45,condenser_fouling,4,fault,705
45.3217,39.0843,69.7303,76.165,35.9633,31.38,81.0633,88.5833,5.6367,1.8567,28.82,105.7067,156.0667,123.7767,109.1133,50.282,256.56,214.3067,5.1267,3.0367,3.8948,75.9533,69.5167,38.9733,45.3733,55.6937,cf45,condenser_fouling,4,fault,710
45.4953,39.4267,69.2547,75.549,35.9233,31.3633,80.63,87.8,5.7367,2.43,29.5433,105.5933,156.7667,124.4333,108.8933,49.604,256.45,214.4467,5.1867,3.38,3.8436,75.46,69.1233,39.3,45.56,54.229,cf45,condenser_fouling,4,fault,715
45.418,39.343,69.3893,75.666,35.6367,31.12,80.61,87.75,5.7967,2.6367,29.45,105.4867,156.0333,124.0833,108.9067,49.5123,256.9733,214.3533,5.0467,3.6233,3.8518,75.5767,69.25,39.24,45.5267,54.243,cf45,condenser_fouling,4,fault,720
43.3723,40.1983,70.4427,74.0097,37.01,32.3433,76.1833,80.7667,2.98,2.89,50.8233,107.5167,155.0833,121.3833,112.0267,37.0023,257.0333,214.1067,2.5233,3.0533,2.6919,73.7067,70.1267,40.0633,43.28,28.319,cf45,condenser_fouling,4,fault,740
43.2503,40.374,69.281,72.6617,37.58,32.8667,74.7833,78.5567,2.8067,2.6533,53.05,108.25,154.4333,120.4833,112.8133,35.5657,257.2133,214.41,2.4033,2.71,2.5403,72.3833,69.0367,40.2867,43.3,25.7023,cf45,condenser_fouling,4,fault,745
43.1293,40.1673,69.4467,72.8453,37.2267,32.5333,75.0833,79.1,3.48,2.79,52.4167,108.9067,154.7167,121.15,113.46,35.916,257.2667,214.4333,2.4433,2.86,2.5853,72.6633,69.3467,40.1033,43.1133,26.4107,cf45,condenser_fouling,4,fault,750
48.022,39.428,62.9473,71.5107,35.0733,30.58,78.6367,84.4167,7.2367,2.3667,23.3667,107.9533,156.05,124.74,110.6533,22780055.1367,256.27,214.83,7.3433,4.1433,4.6743,71.2367,62.72,39.2333,48.0467,76.929,cf45,condenser_fouling,4,fault,770
47.7803,39.2407,62.6987,71.248,34.87,30.4067,78.28,83.9667,7.1067,2.2967,23.29,106.92,155.6167,124.5033,109.4233,56.885,256.2,214.5033,7.2433,4.1733,4.718,71.0033,62.51,39.08,47.7567,76.333,cf45,condenser_fouling,4,fault,775
47.616,39.1153,62.5413,71.0083,34.9467,30.5067,77.9533,83.5333,7.0967,2.0933,23.37,106.1133,155.45,124.41,108.5933,56.3483,256.3767,214.6767,7.1733,3.9833,4.745,70.76,62.35,38.9467,47.6467,76.0447,cf45,condenser_fouling,4,fault,780
47.0073,40.6757,64.3877,70.7957,35.59,31.06,75.7933,80.0333,5.68,3.43,29.5867,105.14,154.6833,122.5367,107.5467,46.893,255.2067,214.5967,5.06,4.9467,4.2446,70.7267,64.3167,40.5033,47.0,56.611,cf45,condenser_fouling,4,fault,790
47.0713,40.7433,64.6233,71.061,35.51,31.0133,75.99,80.35,5.6,3.54,30.0533,105.0,154.55,122.6167,107.4667,47.0913,255.2767,214.6133,5.11,5.0467,4.2243,70.9,64.5033,40.5567,47.1067,56.579,cf45,condenser_fouling,4,fault,795
47.0283,40.652,64.722,71.2013,35.72,31.2133,76.12,80.6333,5.4733,3.3633,29.9067,104.9533,155.0,122.9633,107.5867,47.2847,255.01,214.3933,5.1267,4.78,4.2327,71.02,64.6133,40.5,47.0733,56.9237,cf45,condenser_fouling,4,fault,800
47.0807,40.723,64.8403,71.292,35.7867,31.29,76.21,80.7333,5.4267,3.38,29.8833,105.0,155.0833,122.8367,107.6467,47.3503,255.34,214.4333,5.0667,4.78,4.2165,71.1167,64.7167,40.53,47.1467,56.787,cf45,condenser_fouling,4,fault,805
47.1407,40.7913,64.952,71.3067,35.6733,31.1867,76.37,81.05,5.51,3.4533,29.89,105.02,156.3233,122.5833,107.62,47.4487,255.3333,214.3667,5.1667,4.9533,4.203,71.2233,64.7833,40.5933,47.2133,56.7193,cf45,condenser_fouling,4,fault,810
43.6907,40.333,64.622,68.4077,37.1667,32.4633,71.1733,72.95,3.4867,2.7633,47.9367,105.5467,154.0733,119.7767,109.0867,35.3833,255.3267,214.4533,2.97,3.0333,2.982,68.21,64.4633,40.1867,43.6733,30.01,cf45,condenser_fouling,4,fault,825
43.2827,39.9933,64.514,68.1907,37.3067,32.6067,70.85,72.4333,3.2967,2.59,48.23,106.2333,151.3667,119.18,109.97,34.698,255.24,214.1067,2.9467,2.62,2.9746,67.9,64.31,39.92,43.2867,29.3523,cf45,condenser_fouling,4,fault,830
43.6647,40.5387,63.7677,67.2353,36.7767,32.1,70.0033,71.1167,3.4367,3.41,51.33,106.8,151.9367,118.6967,110.7067,34.0083,255.1133,214.4567,2.9167,3.7133,2.8855,67.0433,63.5533,40.4567,43.8133,27.9123,cf45,condenser_fouling,4,fault,835
43.6913,40.4933,64.036,67.5523,37.3033,32.6033,70.4133,71.6333,3.8133,2.8367,49.9133,107.28,151.67,118.77,111.1933,34.3813,255.2933,214.0633,2.95,3.1033,2.9153,67.44,63.9167,40.42,43.78,28.5083,cf45,condenser_fouling,4,fault,840
61.034,51.259,85.4113,94.6643,43.0,38.08,100.2133,124.6167,10.2933,4.9633,23.7533,113.8567,139.2267,100.3533,119.3233,79.451,266.47,215.5267,5.5667,8.0733,3.8836,94.6467,85.24,51.0833,61.0967,87.7573,eo14,excess_oil,1,fault,35
61.102,51.1487,85.625,95.0677,42.68,37.7733,100.79,125.8667,10.57,5.0,23.73,114.3967,139.0133,100.5733,119.4433,81.5963,265.95,215.5767,5.7367,8.3733,3.853,95.0767,85.4367,51.04,61.22,89.419,eo14,excess_oil,1,fault,40
55.3453,48.996,85.4647,91.69,42.3933,37.4867,94.7167,113.5833,6.6667,4.72,32.5967,114.8733,137.2333,98.8033,120.06,59.5843,268.2967,215.3733,3.2333,6.5133,3.3626,91.5,85.2833,48.9333,55.5,56.9843,eo14,excess_oil,1,fault,55
55.3933,49.0507,85.458,91.606,42.36,37.4633,94.74,113.6167,6.63,4.7567,32.7833,114.82,137.2833,98.97,120.08,59.5353,268.2733,215.1867,3.27,6.6267,3.3589,91.5067,85.2667,49.0067,55.5567,56.8777,eo14,excess_oil,1,fault,60
55.4893,49.1267,85.458,91.5953,42.3533,37.4533,94.73,113.5833,6.6667,4.8167,32.87,114.7867,137.25,98.93,120.06,59.4693,268.0667,215.3867,3.2667,6.7267,3.3765,91.4933,85.2967,49.0933,55.6567,57.1103,eo14,excess_oil,1,fault,65
55.6273,49.2093,85.5047,91.6353,42.2067,37.31,94.8733,113.8167,6.82,5.0,32.8633,114.88,137.0467,98.7733,120.1167,59.63,268.23,215.1467,3.33,6.9767,3.3928,91.5333,85.3,49.17,55.7867,57.5387,eo14,excess_oil,1,fault,70
53.7477,50.579,85.4977,88.7617,44.06,39.2433,90.34,104.9833,4.3,5.99,56.1767,116.9033,136.1,95.7433,123.52,41.9667,268.79,215.0733,1.9267,6.68,2.3817,88.44,85.2133,50.7333,54.01,28.4217,eo14,excess_oil,1,fault,90
54.0807,50.796,85.5343,88.866,44.12,39.3267,90.6,105.4333,4.5833,6.1333,56.2933,117.7167,136.0333,95.5867,124.2733,42.7337,269.4333,215.2467,1.91,6.7033,2.4243,88.66,85.35,50.82,54.1667,29.46,eo14,excess_oil,1,fault,95
53.9673,50.6863,85.6453,88.9673,44.2833,39.48,90.66,105.6,4.5067,5.8667,55.7167,118.4933,136.1,95.7233,125.09,42.6967,269.2033,215.1733,1.9233,6.4433,2.4234,88.78,85.4133,50.74,54.0733,29.4263,eo14,excess_oil,1,fault,100
60.7787,50.7827,75.6387,85.073,41.5233,36.6467,90.61,105.4833,9.7233,5.5833,24.02,116.57,135.4667,98.2633,121.0433,69.4683,264.4133,216.0033,5.7,9.0667,4.5559,84.91,75.66,50.66,60.95,90.013,eo14,excess_oil,1,fault,120
60.788,50.595,75.81,85.422,41.2733,36.36,90.94,106.0833,9.8533,5.6267,23.8233,115.24,135.5,98.7033,119.4367,70.5867,263.9967,215.7667,5.7833,9.1967,4.5656,85.1767,75.7767,50.4733,60.9033,91.657,eo14,excess_oil,1,fault,125
60.7147,50.4593,75.8207,85.482,41.1433,36.2433,91.0833,106.4,9.8733,5.59,23.6633,114.2467,134.95,98.1133,118.5033,70.9093,264.2567,215.8567,5.85,9.18,4.5738,85.2267,75.7667,50.3567,60.86,92.2433,eo14,excess_oil,1,fault,130
56.7597,50.3497,76.2237,82.3787,42.3867,37.5067,85.5067,96.3833,6.4,5.8733,33.67,112.63,133.8833,95.3767,117.0133,51.139,266.68,215.4567,3.36,7.91,3.9551,82.16,76.1867,50.2967,56.8533,57.523,eo14,excess_oil,1,fault,145
56.3893,50.052,76.1403,82.2073,42.2333,37.3333,85.3733,96.0333,6.29,5.81,33.79,112.58,133.7333,95.53,117.0367,50.958,266.7867,215.4033,3.3633,7.84,3.9249,81.9933,76.0767,50.0767,56.5967,56.886,eo14,excess_oil,1,fault,150
56.4547,50.0907,76.1423,82.184,42.2333,37.33,85.3833,96.1,6.31,5.8233,33.7533,112.53,133.65,95.48,117.09,50.991,266.5733,215.66,3.3733,7.89,3.9438,81.9933,76.05,50.1667,56.6667,57.1957,eo14,excess_oil,1,fault,155
56.2573,49.913,76.0913,82.1197,42.1233,37.2167,85.32,96.0,6.2333,5.7267,33.84,112.54,133.3833,95.2167,117.0567,50.9493,266.7333,215.7133,3.42,7.8367,3.9346,81.9333,76.04,49.9367,56.4433,57.0177,eo14,excess_oil,1,fault,160
52.894,50.0753,75.804,78.7027,43.6433,38.8367,80.26,87.1833,3.56,5.9433,62.01,113.9033,130.95,91.0033,119.49,35.9127,266.56,215.0433,1.63,6.4233,2.472,78.6267,75.81,50.0233,52.9333,25.2507,eo14,excess_oil,1,fault,175
53.077,50.3287,75.7723,78.5583,43.8633,39.0533,80.09,86.9333,3.5633,6.1367,64.6233,116.14,131.1833,91.1433,122.4367,35.4787,266.5967,215.2133,1.5567,6.5067,2.446,78.56,75.7633,50.35,53.22,24.6827,eo14,excess_oil,1,fault,185
53.1103,50.3767,75.8233,78.6087,43.6967,38.8833,80.17,86.9833,3.4467,6.4167,64.4167,117.0533,131.2333,91.1867,123.38,35.4487,266.4067,215.1167,1.6367,6.7433,2.4312,78.5133,75.8033,50.4267,53.25,24.513,eo14,excess_oil,1,fault,190
58.852,50.275,69.8647,77.897,41.29,36.38,82.2467,90.7,7.6467,6.0367,28.6367,117.0633,132.4667,95.39,121.66,56.5353,265.7133,215.49,4.6,8.8967,4.789,77.6567,69.62,50.1667,58.9533,77.005,eo14,excess_oil,1,fault,205
58.413,49.8343,69.3653,77.3577,40.78,35.8233,81.6667,89.7,7.57,6.0367,28.0767,115.6633,132.1833,95.5867,119.4767,55.9643,266.3633,215.6233,4.5533,8.9533,4.8415,77.1333,69.2167,49.7667,58.5267,77.063,eo14,excess_oil,1,fault,210
58.1373,49.594,69.052,77.011,40.6467,35.6567,81.41,89.1333,7.6367,6.02,27.9733,114.2767,132.2,95.76,117.9067,55.6647,266.4267,215.9867,4.59,8.91,4.857,76.7967,68.9033,49.56,58.2767,76.896,eo14,excess_oil,1,fault,215
57.9613,49.4213,68.9087,76.826,40.5733,35.58,81.25,88.8333,7.6333,5.96,27.85,113.1433,131.95,95.46,116.76,55.5373,266.46,215.7033,4.5533,8.83,4.8589,76.6833,68.7467,49.4,58.14,76.751,eo14,excess_oil,1,fault,220
56.12,49.964,65.6087,71.3207,40.8333,35.8733,74.43,78.0133,5.8033,6.9633,36.3833,111.1867,129.0333,92.19,114.9067,42.9523,267.47,215.2267,3.39,9.2067,4.5207,71.04,65.42,50.0267,56.2467,55.2253,eo14,excess_oil,1,fault,235
56.0287,49.8613,65.5887,71.2787,40.7867,35.85,74.35,77.93,5.81,6.9467,36.3267,110.9067,128.7,91.77,114.64,42.962,267.6433,215.6567,3.3433,9.17,4.5405,71.0167,65.4133,49.9867,56.2267,55.4807,eo14,excess_oil,1,fault,240
56.026,49.8627,65.5953,71.28,40.8,35.8467,74.42,77.9967,5.8033,6.95,36.2667,110.66,128.65,91.8533,114.4267,43.003,267.4167,215.6933,3.3933,9.1767,4.5337,71.02,65.4133,49.97,56.2267,55.4507,eo14,excess_oil,1,fault,245
56.0193,49.8587,65.5727,71.268,40.8,35.8533,74.33,77.8733,5.7733,6.9633,36.43,110.5867,128.9,92.0267,114.3533,42.999,267.45,215.2967,3.3367,9.15,4.5241,71.0233,65.42,49.9367,56.2,55.3277,eo14,excess_oil,1,fault,250
55.8223,49.91,65.738,71.1947,41.2533,36.3367,73.96,77.3333,5.3533,6.6533,37.11,110.4267,128.7333,91.4567,114.22,41.541,267.68,215.5533,3.1167,8.6833,4.4963,70.8933,65.6567,49.9667,55.7933,53.14,eo14,excess_oil,1,fault,255
53.5717,49.8647,63.3067,66.79,41.6667,36.7633,68.61,69.2,3.55,7.2867,53.5433,110.6667,125.5067,87.5,114.96,33.7517,270.1967,215.4533,2.09,8.3033,3.4652,66.5067,63.1,49.9433,53.61,33.2623,eo14,excess_oil,1,fault,265
53.4657,49.8963,63.152,66.4913,42.4467,37.55,68.2933,68.8333,3.4333,6.6267,54.5767,110.9467,125.9667,87.4467,115.5633,33.3557,270.1633,215.3433,2.0267,7.5567,3.3792,66.2933,62.9567,49.9667,53.5933,32.0587,eo14,excess_oil,1,fault,270
53.5907,49.976,63.224,66.5667,41.9067,37.0067,68.5033,69.0667,3.72,7.2067,54.6367,111.2,125.72,87.59,116.0567,33.5717,269.98,215.4033,2.1,8.16,3.3955,66.45,63.0733,50.0333,53.7233,32.423,eo14,excess_oil,1,fault,275
53.4487,49.7303,63.244,66.645,41.2433,36.3467,68.66,69.2,3.7067,7.61,54.2333,111.53,125.6933,88.2667,116.37,33.7533,269.8267,215.27,2.14,8.61,3.4746,66.4667,63.0933,49.9,51.8467,33.3563,eo14,excess_oil,1,fault,280
55.7647,46.9043,83.9707,92.159,40.3433,35.3467,95.08,114.31,6.7033,3.8633,24.6367,111.7667,136.2833,100.2433,116.0733,73.5447,268.3667,215.6033,2.6933,6.5033,3.8056,92.3567,84.02,46.82,55.9767,79.5973,eo14,excess_oil,1,fault,305
55.7577,46.755,84.691,93.1403,40.11,35.0933,96.65,117.5167,7.6733,3.8233,24.3833,111.92,136.5333,100.79,116.4767,76.075,268.1,215.25,3.5333,6.5833,3.7306,93.1467,84.5933,46.68,55.92,80.7147,eo14,excess_oil,1,fault,310
55.62,46.5243,84.972,93.6067,39.8633,34.87,98.5567,121.2333,9.1367,3.7933,24.1333,112.0867,136.2667,100.6033,116.96,78.2163,268.19,215.3433,5.0067,6.5533,3.6691,93.5233,84.8033,46.4367,55.7667,81.6197,eo14,excess_oil,1,fault,315
55.4673,46.2503,85.0773,93.9007,39.6633,34.7133,98.9367,122.0333,9.2133,3.6867,24.24,112.3067,136.35,101.1433,117.2433,80.148,268.0367,215.3833,5.1933,6.4833,3.6279,93.74,84.86,46.16,55.6867,82.698,eo14,excess_oil,1,fault,320
51.052,45.0227,85.1607,91.0507,39.7733,34.8,93.99,112.15,6.31,3.6233,32.8733,112.8467,134.9167,99.26,118.1333,59.2713,269.1333,215.24,3.11,5.2067,3.2083,90.8467,84.9567,45.04,51.2567,54.0873,eo14,excess_oil,1,fault,335
51.2507,45.093,85.37,91.3743,39.57,34.6567,94.3033,112.75,6.37,3.75,32.6267,112.9,135.0833,99.3967,118.2867,60.029,268.93,215.22,3.13,5.39,3.2367,91.2,85.15,44.99,51.3067,55.2577,eo14,excess_oil,1,fault,340
50.9187,44.744,85.302,91.294,39.57,34.6533,94.23,112.6333,6.3,3.5233,32.2633,112.94,134.9667,99.33,118.3467,60.0537,269.03,214.88,3.19,5.1033,3.2379,91.0933,85.0633,44.64,50.9867,55.3027,eo14,excess_oil,1,fault,345
50.8167,44.6617,85.3807,91.3857,39.5667,34.6567,94.3333,112.7833,6.29,3.3767,32.1267,113.0133,135.1667,99.4733,118.4067,60.0187,268.9333,215.2933,3.1433,5.0267,3.2375,91.1867,85.21,44.6,50.9533,55.2637,eo14,excess_oil,1,fault,350
49.258,45.819,85.162,88.733,41.0567,36.15,90.4267,105.1167,4.4833,4.1733,50.77,113.6733,134.3167,97.1,119.9067,44.662,270.0533,214.94,1.9433,4.7467,2.4241,88.4467,84.9133,45.7867,49.3267,30.7883,eo14,excess_oil,1,fault,365
49.0287,45.5693,85.1187,88.6887,41.1767,36.2967,90.4267,105.0667,4.3767,3.8433,50.3133,114.51,134.2833,96.9233,120.86,44.603,269.5,214.95,2.01,4.2733,2.4453,88.3767,84.8867,45.5133,49.0767,31.0213,eo14,excess_oil,1,fault,370
48.938,45.465,85.1083,88.6657,41.27,36.3533,90.4333,105.1167,4.41,3.76,50.0967,115.15,134.4,97.1833,121.68,44.6103,269.53,215.1733,2.0233,4.17,2.4551,88.3767,84.8867,45.3867,49.0067,31.1507,eo14,excess_oil,1,fault,375
48.9007,45.4237,85.0813,88.6443,41.14,36.2367,90.2667,104.85,4.4,3.7667,50.2767,115.6133,134.35,97.0467,122.2033,44.5907,269.5767,214.8833,1.9267,4.2267,2.451,88.3433,84.8667,45.3733,48.98,31.085,eo14,excess_oil,1,fault,380
56.535,46.3887,75.0173,84.686,38.58,33.75,90.2633,104.8667,9.53,4.3467,22.15,114.0667,133.45,99.0633,118.5333,73.106,267.1367,215.55,5.75,7.76,4.3831,84.5667,75.0367,46.3267,56.8433,91.135,eo14,excess_oil,1,fault,400
56.8863,46.304,75.7103,85.7447,38.3733,33.5933,91.5367,107.35,9.8933,4.2533,21.8367,112.9833,133.8833,99.7067,117.0933,77.264,267.1033,215.4467,5.97,7.77,4.3232,85.58,75.77,46.1867,57.12,94.998,eo14,excess_oil,1,fault,405
56.8317,45.9023,76.0383,86.4547,38.4467,33.6467,92.3467,108.95,10.0167,3.8433,21.55,112.1333,134.0667,99.8733,116.28,80.633,266.6367,215.5367,6.11,7.2433,4.2804,86.2467,76.0533,45.68,56.99,98.1653,eo14,excess_oil,1,fault,410
51.9437,44.959,76.168,82.894,39.2333,34.3333,86.27,97.7667,6.3867,3.6567,28.5867,111.04,132.7167,97.45,115.27,55.5807,268.1433,215.1667,3.58,5.6,3.9606,82.6833,76.1333,44.8333,51.98,62.6077,eo14,excess_oil,1,fault,425
51.7543,44.7893,76.172,82.8487,39.16,34.26,86.3,97.8167,6.3167,3.6333,28.48,110.7867,132.7667,97.64,114.9933,55.513,268.1,215.2467,3.6333,5.5867,3.9576,82.6733,76.1233,44.7,51.89,62.4873,eo14,excess_oil,1,fault,430
51.741,44.7947,76.1693,82.8207,39.1167,34.2233,86.22,97.65,6.3733,3.6233,28.5767,110.6333,132.4667,97.3667,114.8533,55.453,268.2267,215.0733,3.62,5.6067,3.9494,82.6433,76.1133,44.74,51.89,62.288,eo14,excess_oil,1,fault,435
51.7287,44.784,76.165,82.8153,39.11,34.21,86.15,97.5667,6.4433,3.6633,28.6267,110.4733,132.6167,97.5867,114.8133,55.4637,267.9967,215.0367,3.4967,5.6167,3.9474,82.6367,76.11,44.72,51.8733,62.2687,eo14,excess_oil,1,fault,440
48.2953,45.29,75.738,78.7947,40.3767,35.39,80.29,87.2333,3.3,4.4767,56.28,111.4267,130.4,94.01,116.5867,37.241,269.4267,215.1467,1.5867,4.91,2.5422,78.6567,75.6933,45.2867,48.33,26.9263,eo14,excess_oil,1,fault,455
48.082,45.106,75.8113,78.8107,40.4667,35.4533,80.26,87.1667,3.4767,4.3567,56.38,112.6733,130.2167,93.5533,117.9967,37.3187,269.25,214.8033,1.5633,4.5533,2.511,78.7133,75.7267,45.0467,48.1167,26.6523,eo14,excess_oil,1,fault,460
47.9017,44.9413,75.7887,78.7853,40.4867,35.4933,80.33,87.2833,3.4333,4.25,56.25,113.7733,130.25,93.8433,119.0667,37.36,268.9333,215.1333,1.66,4.3967,2.4946,78.6933,75.6967,44.8933,47.92,26.5077,eo14,excess_oil,1,fault,465
47.792,44.8307,75.814,78.804,40.4867,35.4967,80.42,87.4833,3.52,4.13,56.08,114.6233,130.2167,93.71,119.9,37.3443,269.2167,215.1067,1.68,4.3233,2.5013,78.75,75.7267,44.8333,47.8233,26.567,eo14,excess_oil,1,fault,470
55.3297,45.331,70.2933,79.713,38.12,33.3333,84.87,95.2833,8.48,4.0133,22.8767,113.6533,131.8333,97.93,117.2967,66.642,266.4433,215.29,5.41,7.05,4.7328,79.4667,70.0767,45.19,55.4367,89.7047,eo14,excess_oil,1,fault,490
55.0433,45.0667,70.0123,79.3513,37.6767,32.9667,84.44,94.55,8.4467,4.0933,22.83,112.47,132.0333,98.63,115.9033,66.1513,266.3967,215.49,5.2667,7.25,4.7617,78.33,69.79,44.9267,55.1433,89.5883,eo14,excess_oil,1,fault,495
54.9313,44.9707,69.8793,79.1977,37.6067,32.8967,84.32,94.3167,8.5,4.0333,22.7733,111.4767,131.85,98.4633,114.8733,66.074,266.7933,215.18,5.26,7.2767,4.7497,79.0667,69.6833,44.8533,55.04,89.2563,eo14,excess_oil,1,fault,500
51.7157,44.971,67.1477,73.6143,38.6667,33.8367,76.5233,81.2167,5.5233,4.2167,30.7067,109.73,129.3,94.5167,113.0867,47.2853,270.1767,215.4067,3.49,6.2433,4.5002,73.02,66.7767,44.92,51.7867,60.5247,eo14,excess_oil,1,fault,515
51.446,44.9147,66.4617,72.6637,38.7667,33.9133,75.7133,79.9833,5.6767,4.11,31.16,109.4933,129.1167,94.1833,112.8067,46.183,270.9533,215.27,3.4567,6.1033,4.4574,72.27,66.3133,44.8733,51.5867,58.5493,eo14,excess_oil,1,fault,520
51.602,45.1127,66.3927,72.462,38.32,33.52,75.8,80.0833,5.8533,4.68,31.64,109.2533,128.55,94.1067,112.5467,46.1153,270.9567,215.4833,3.62,6.74,4.4452,72.2133,66.2533,45.0733,51.72,58.3027,eo14,excess_oil,1,fault,525
51.5887,45.082,66.4433,72.526,38.37,33.5633,75.78,80.0333,5.8567,4.6733,31.59,109.1267,129.0333,94.5333,112.33,46.2137,270.51,215.3467,3.5067,6.66,4.4449,72.2567,66.3267,45.0333,51.72,58.4263,eo14,excess_oil,1,fault,530
48.6833,45.1157,66.5597,70.1337,39.58,34.63,71.8133,73.85,3.3133,4.83,49.9167,109.3133,126.42,90.7167,113.1233,35.407,269.8533,214.9,1.99,5.5867,3.1731,69.81,66.34,45.1567,48.77,31.9547,eo14,excess_oil,1,fault,545
48.484,44.8827,66.5173,70.0857,40.0267,35.0267,71.8967,73.95,3.6333,4.3067,50.0167,109.87,126.37,90.2633,114.1267,35.4177,270.0733,214.9933,2.04,4.8567,3.2004,69.81,66.3967,44.8933,48.5333,32.2373,eo14,excess_oil,1,fault,550
48.4827,45.018,66.4207,69.8673,39.5767,34.64,71.63,73.5,3.5633,4.8667,52.35,110.4933,126.09,90.4367,114.9,34.99,269.6967,215.01,1.8967,5.42,3.1157,69.6867,66.29,45.0,48.6333,31.0087,eo14,excess_oil,1,fault,555
48.5787,45.1313,66.394,69.8247,39.3067,34.4133,71.6367,73.5667,3.6633,5.2233,52.13,110.94,126.1367,90.5533,115.46,34.9903,270.1133,215.0267,1.9767,5.8133,3.1072,69.6233,66.28,45.12,48.7133,30.922,eo14,excess_oil,1,fault,560
50.4687,41.958,79.8323,87.7297,37.4033,32.7033,92.2133,108.6833,7.89,2.78,22.8167,110.92,133.1667,99.5667,114.86,68.6457,267.5833,214.68,4.4233,4.3867,3.8976,87.79,79.8967,41.7667,50.5867,76.0897,eo14,excess_oil,1,fault,580
50.3277,41.6177,80.3147,88.5797,36.86,32.1967,92.9833,110.2,7.8433,2.7533,22.8933,110.5667,133.15,100.26,114.6667,71.644,267.6033,215.1667,4.52,4.4833,3.8331,88.42,80.2833,41.3433,50.37,78.0933,eo14,excess_oil,1,fault,585
49.616,40.5843,80.672,89.243,36.8467,32.2033,93.5033,111.25,8.2967,1.8967,22.0867,110.3667,133.5667,99.9467,114.5633,73.3863,267.3067,215.1233,4.5667,3.5267,3.8789,88.94,80.5633,40.3833,49.62,80.9627,eo14,excess_oil,1,fault,590
49.5267,40.6803,80.3223,88.8327,36.3167,31.7167,93.06,110.35,8.0133,2.44,22.68,110.24,133.35,100.79,114.46,72.7043,267.1833,214.9367,4.6233,4.19,3.8316,88.44,80.2533,40.4833,49.6067,79.2327,eo14,excess_oil,1,fault,595
49.46,40.5947,80.3233,88.8607,36.2833,31.6767,93.0933,110.4167,8.09,2.43,22.7033,110.1033,132.65,101.2033,114.33,72.9637,267.5133,215.1367,4.5733,4.14,3.829,88.5133,80.2333,40.42,49.5633,79.4617,eo14,excess_oil,1,fault,600
47.026,41.1107,80.598,86.438,36.6467,32.02,89.4233,103.34,5.99,3.1033,31.2833,109.7433,131.9833,99.07,114.54,56.038,268.14,215.38,3.2333,4.41,3.3312,86.1967,80.5267,41.0967,47.23,53.092,eo14,excess_oil,1,fault,615
47.3767,41.2793,81.07,87.0523,36.6933,32.0833,90.14,104.5333,5.9967,3.18,30.6933,109.7533,132.4,99.4,114.6933,57.4747,267.7567,214.74,3.2833,4.3667,3.337,86.8067,80.9467,41.0633,47.3767,54.5503,eo14,excess_oil,1,fault,620
47.114,41.002,81.0887,87.1153,36.6933,32.0767,90.2,104.6833,5.99,3.0533,30.4233,109.8767,132.1167,99.23,114.74,57.5147,268.5333,215.19,3.3467,4.14,3.3477,86.8333,80.9267,40.84,47.1533,54.7623,eo14,excess_oil,1,fault,625
47.028,40.9047,81.102,87.1153,36.7067,32.0933,90.09,104.5,5.87,2.9667,30.36,109.96,132.4333,99.36,114.9,57.5203,269.2767,214.8633,3.2467,4.04,3.351,86.8333,80.94,40.74,47.0267,54.8217,eo14,excess_oil,1,fault,630
44.172,40.8553,80.0517,83.5907,37.6333,32.93,85.2633,95.9333,3.96,2.7067,48.5033,110.62,130.8667,96.8533,115.97,42.1897,270.43,214.5867,1.8533,3.1833,2.471,83.4333,80.0133,40.79,44.3733,29.6403,eo14,excess_oil,1,fault,645
44.642,41.1947,80.7367,84.3563,37.85,33.0933,86.13,97.4833,4.32,2.7633,47.42,111.3,131.2833,96.9967,116.8767,43.5977,270.27,214.6367,1.83,3.1733,2.4895,84.2833,80.6933,41.03,44.7667,30.8673,eo14,excess_oil,1,fault,650
44.586,41.0873,80.8377,84.5327,37.7133,33.0133,86.29,97.7833,4.1067,2.77,47.08,111.94,131.05,97.1467,117.58,43.8497,269.89,214.93,1.92,3.21,2.51,84.3367,80.7267,40.95,44.6867,31.3007,eo14,excess_oil,1,fault,655
44.425,40.9567,80.9447,84.6633,37.9267,33.1533,86.47,98.0833,4.2767,2.5833,46.62,112.3767,131.3833,97.1767,118.0333,43.9133,270.0467,214.51,2.0067,2.87,2.4807,84.4933,80.8,40.7867,44.4667,30.9827,eo14,excess_oil,1,fault,660
51.9193,41.607,70.097,79.8217,35.4733,30.9767,85.2967,96.0167,8.61,3.3167,21.28,111.1567,130.5167,98.9733,115.0333,70.9373,265.8733,215.1167,5.6,5.9633,4.5827,79.72,69.9833,41.4567,52.15,92.458,eo14,excess_oil,1,fault,680
51.9493,41.2183,70.4923,80.6717,35.3167,30.8,86.21,97.65,8.9167,3.0367,20.84,110.25,131.0167,99.6867,113.8433,74.8023,265.7433,215.2,5.6767,5.6033,4.5224,80.5533,70.34,40.96,52.0267,96.213,eo14,excess_oil,1,fault,685
51.5127,40.6113,70.482,80.8347,35.0833,30.5933,86.38,97.9333,9.1333,2.7567,20.7933,109.59,130.9333,99.81,113.0733,75.9313,265.6833,214.9933,5.7733,5.3033,4.5209,80.5667,70.3033,40.3967,51.6267,97.632,eo14,excess_oil,1,fault,690
45.8272,39.1083,71.139,77.6255,36.2483,31.6517,80.7069,87.9517,6.4655,1.7379,26.9931,108.4276,129.4138,96.9586,111.9034,51.361,269.0793,214.6966,3.3966,2.7069,4.1143,77.3207,70.9207,38.9897,45.8931,60.1021,eo14,excess_oil,1,fault,705
46.207,39.7387,70.8577,77.0363,35.43,30.9167,80.32,87.25,6.0067,3.0133,28.4467,108.2133,128.8667,97.0667,111.6433,50.614,269.0667,214.6833,3.46,4.3167,4.0208,76.8633,70.7167,39.7467,46.3733,57.8797,eo14,excess_oil,1,fault,710
46.43,39.8693,71.1133,77.3373,35.4767,30.97,80.77,88.05,6.06,3.01,28.3133,108.0167,129.0833,97.15,111.38,51.3727,268.9367,214.96,3.57,4.34,4.024,77.2233,70.94,39.8167,46.5067,58.797,eo14,excess_oil,1,fault,715
46.3607,39.76,71.1547,77.4097,35.56,31.0467,80.82,88.0833,6.0933,2.88,28.0867,107.83,129.92,97.2333,111.26,51.4023,269.0233,214.6533,3.54,4.14,4.0361,77.2867,70.99,39.68,46.3967,59.006,eo14,excess_oil,1,fault,720
43.2307,39.95,71.243,74.732,37.5967,32.8733,75.8367,80.1333,2.87,2.1867,47.6,108.4667,126.8867,93.7067,112.55,37.4373,269.72,214.69,1.23,2.3,2.7564,74.58,71.09,39.8867,43.24,29.3487,eo14,excess_oil,1,fault,735
43.312,40.1377,71.016,74.3533,37.6333,32.9267,75.6333,79.85,3.08,2.3667,49.1333,109.3967,126.66,93.52,113.72,36.8273,270.0667,214.94,1.4,2.45,2.7129,74.2167,70.84,40.0767,43.3733,28.4167,eo14,excess_oil,1,fault,740
43.459,40.2287,71.0533,74.4117,37.22,32.5233,76.07,80.5,3.7333,2.7667,49.4267,110.34,128.2533,93.8633,114.7267,37.215,269.5733,214.71,1.7533,2.9167,2.7325,74.3233,70.9067,40.13,43.4867,28.923,eo14,excess_oil,1,fault,745
43.4747,40.2533,71.1507,74.5067,37.1367,32.4133,76.23,80.75,3.65,2.78,49.28,111.02,127.3667,93.84,115.4133,37.305,269.5733,214.9133,1.8367,3.0667,2.7226,74.41,70.9767,40.1567,43.52,28.8877,eo14,excess_oil,1,fault,750
50.9973,41.348,66.9067,75.9233,35.57,31.06,80.92,88.2667,8.09,3.2367,22.49,110.47,129.6167,97.7867,113.51,62.948,267.05,215.1433,5.0533,5.5367,4.8302,75.8533,66.7467,41.1267,51.08,86.475,eo14,excess_oil,1,fault,770
50.8567,41.218,66.8427,75.902,35.3067,30.8067,80.84,88.2167,8.04,3.27,22.3667,109.57,129.5333,97.9733,112.5833,62.9417,266.95,215.2667,5.15,5.7267,4.8315,75.7233,66.6667,41.0133,50.9467,86.4893,eo14,excess_oil,1,fault,775
50.6913,41.0407,66.5453,75.6367,35.1133,30.6467,80.5,87.5833,7.9733,3.23,22.3967,108.94,130.2867,98.2867,111.9267,62.925,267.37,215.1,5.07,5.7167,4.8315,75.44,66.37,40.8833,50.76,86.467,eo14,excess_oil,1,fault,780
47.1767,40.532,65.3657,71.764,36.3567,31.7467,75.16,79.15,6.0733,2.8067,28.6267,107.5433,126.8567,95.1333,110.62,47.5037,268.1333,215.03,3.6667,3.9533,4.4057,71.4767,65.25,40.3567,47.1967,59.526,eo14,excess_oil,1,fault,795
46.866,40.1903,65.295,71.702,36.3567,31.7467,75.01,78.9667,6.21,2.6267,28.36,107.4,126.92,95.12,110.4133,47.5237,268.4967,215.2167,3.6633,3.68,4.4295,71.3633,65.0833,40.04,46.86,59.8713,eo14,excess_oil,1,fault,800
46.66,40.0113,65.1293,71.4847,36.0733,31.47,74.83,78.65,6.1567,2.6767,28.4,107.2667,128.3667,95.21,110.26,47.3323,268.1667,215.0467,3.66,3.8833,4.4239,71.18,64.9633,39.9,46.8,59.5527,eo14,excess_oil,1,fault,805
46.672,40.0447,65.056,71.3817,35.9067,31.34,74.71,78.4367,6.05,2.8467,28.5667,107.1933,127.3033,95.2267,110.17,47.2357,268.3033,215.2433,3.6,4.05,4.4222,71.1133,64.89,39.94,46.8,59.4123,eo14,excess_oil,1,fault,810
43.513,40.0073,64.7647,68.376,36.27,31.66,70.1567,71.3667,3.62,3.2233,46.6433,107.5167,124.4,91.7567,110.9867,35.313,269.8467,214.73,2.1767,3.74,3.1244,68.02,64.6067,40.01,43.5867,31.3827,eo14,excess_oil,1,fault,825
43.71,40.2177,64.7677,68.3357,36.4967,31.88,70.3833,71.6333,3.9267,3.2833,47.13,108.0733,124.6667,91.7233,111.7933,35.3783,269.9367,214.9067,2.2433,3.68,3.1042,68.1333,64.6633,40.1467,43.82,31.2363,eo14,excess_oil,1,fault,830
43.7127,40.2283,64.8517,68.4213,36.6267,32.0367,70.4467,71.8,3.8167,3.1267,46.8867,108.56,124.75,91.74,112.4467,35.4173,270.0167,214.6333,2.1867,3.5033,3.0897,68.2367,64.72,40.1733,43.8033,31.1223,eo14,excess_oil,1,fault,835
43.7407,40.253,64.85,68.3953,36.46,31.8867,70.4633,71.8,3.9167,3.2967,46.9633,108.94,124.8333,91.9533,112.9267,35.357,270.1567,214.6933,2.25,3.6767,3.1019,68.2233,64.7033,40.1767,43.8333,31.1917,eo14,excess_oil,1,fault,840
61.3973,52.009,85.5803,94.4113,43.2233,38.3633,99.73,123.6333,9.86,5.5767,24.7733,113.93,138.1833,98.98,122.1533,76.8123,267.3333,215.9633,5.3567,8.5633,3.8675,94.3833,85.3667,51.8033,61.3933,84.492,eo32,excess_oil,2,fault,30
60.9923,51.4243,85.6907,94.7413,42.5467,37.6433,100.2933,124.8167,10.3433,5.4333,24.53,115.1367,138.2333,99.9233,122.8567,79.4203,266.94,216.06,5.5533,8.6633,3.8131,94.7333,85.5,51.2167,61.04,86.1283,eo32,excess_oil,2,fault,35
60.9487,51.1763,85.9363,95.2227,42.39,37.5,100.9333,126.2,10.5533,5.2867,24.4033,115.78,138.16,100.1467,123.21,81.9807,266.89,216.07,5.73,8.6567,3.7738,95.21,85.7733,51.04,61.09,87.991,eo32,excess_oil,2,fault,40
55.6257,49.261,85.6043,91.7847,42.55,37.67,94.8633,113.9,6.7,4.89,32.9567,116.9067,135.9,97.33,124.39,59.8497,269.1233,215.5233,3.3833,6.7233,3.3561,91.4767,85.34,49.3067,55.8267,57.1253,eo32,excess_oil,2,fault,55
55.858,49.4207,85.6427,91.7653,42.4967,37.6133,94.97,114.1,6.8133,4.9633,33.08,116.9933,136.15,97.5733,124.5633,59.9987,268.7833,215.8067,3.3233,6.9633,3.3922,91.6367,85.4,49.46,56.0433,57.8873,eo32,excess_oil,2,fault,60
55.9567,49.5127,85.6667,91.788,42.5333,37.62,94.9633,114.1333,6.78,5.1033,33.27,117.2067,135.9667,97.4733,124.6967,60.0393,268.67,215.4567,3.36,7.02,3.3895,91.6467,85.4267,49.5467,56.09,57.88,eo32,excess_oil,2,fault,65
55.998,49.5527,85.6787,91.813,42.5333,37.6333,94.9967,114.1667,6.8433,5.0933,33.23,117.2533,136.1167,97.4067,124.88,60.0637,268.5533,215.2467,3.3467,7.0233,3.3855,91.6367,85.45,49.5667,56.12,57.833,eo32,excess_oil,2,fault,70
53.6373,50.3463,85.7837,89.114,43.7767,38.9767,90.7567,105.7333,4.39,6.0933,55.19,119.2767,134.9167,94.77,128.17,43.073,269.6067,215.4133,1.97,6.7,2.4121,88.8367,85.5233,50.4067,53.81,29.5453,eo32,excess_oil,2,fault,90
53.901,50.5527,85.948,89.284,43.8233,39.0167,91.0733,106.3833,4.6767,6.19,55.5233,120.0567,134.9,94.8067,129.0767,43.5823,269.6467,215.46,1.9667,6.78,2.4256,89.0867,85.76,50.6067,54.0333,30.0677,eo32,excess_oil,2,fault,95
53.7533,50.3607,86.0163,89.4093,44.0933,39.2867,91.0733,106.4667,4.57,5.73,54.59,120.7367,135.15,94.6567,129.77,43.8667,269.94,215.22,1.9067,6.2567,2.4404,89.2467,85.8333,50.3667,53.85,30.449,eo32,excess_oil,2,fault,100
60.8693,50.723,75.9633,85.5443,41.3,36.4267,91.2467,106.7,9.95,5.7333,23.92,118.7933,134.6833,97.7133,125.4133,71.359,265.9267,215.91,5.9067,9.2267,4.4978,85.3233,75.9233,50.5533,60.9867,91.285,eo32,excess_oil,2,fault,120
60.7707,50.4953,75.986,85.7203,41.0433,36.1233,91.4133,107.0167,10.2033,5.71,23.78,117.5933,134.8,98.0667,123.9733,72.227,265.9667,215.57,5.9433,9.32,4.4937,85.4267,75.9433,50.3733,60.8767,92.309,eo32,excess_oil,2,fault,125
60.7467,50.418,76.0087,85.792,40.9067,36.02,91.5133,107.2333,10.2433,5.7933,23.64,116.63,134.5833,97.9233,123.0133,72.5887,265.94,215.5533,6.0233,9.4133,4.4943,85.48,75.9733,50.32,60.8933,92.7877,eo32,excess_oil,2,fault,130
56.5657,50.0317,76.5117,82.815,42.2667,37.3767,85.8267,97.0,6.3033,5.67,33.0,115.1667,133.2167,94.93,121.5967,52.0733,267.3233,215.5267,3.4567,7.8367,3.9597,82.3667,76.3867,50.08,56.7067,58.6443,eo32,excess_oil,2,fault,145
56.392,49.944,76.364,82.5967,42.3333,37.43,85.7933,96.8833,6.3933,5.5067,33.0867,115.14,133.4167,95.0467,121.8,52.252,267.3,215.5967,3.4067,7.6267,3.8996,82.3633,76.3633,49.9467,56.58,57.9523,eo32,excess_oil,2,fault,150
56.2947,49.854,76.3507,82.5687,42.39,37.4933,85.74,96.85,6.3433,5.43,33.1433,115.2267,133.2,94.7933,121.88,52.0403,267.2067,215.6367,3.4033,7.49,3.9113,82.3433,76.3067,49.9,56.5267,57.8907,eo32,excess_oil,2,fault,155
56.665,50.3043,76.3307,82.4027,42.2167,37.3167,85.63,96.6167,6.4067,5.9967,33.9467,115.3133,133.2833,94.92,122.0067,51.5777,267.08,215.66,3.4233,8.1467,3.8964,82.2067,76.3333,50.3567,56.92,57.1613,eo32,excess_oil,2,fault,160
52.9623,50.084,76.1777,79.1003,43.9367,39.15,80.68,87.8167,3.6967,5.8067,61.91,117.9167,130.5167,90.3733,126.38,36.8417,268.26,215.38,1.5667,6.1233,2.4649,79.0767,76.1933,50.07,53.0367,25.8283,eo32,excess_oil,2,fault,180
53.4617,50.682,76.1907,78.9907,44.0567,39.2633,80.61,87.7,3.73,6.25,63.67,119.9833,130.5333,90.19,128.7767,36.23,268.26,215.42,1.6267,6.6633,2.4238,78.9933,76.14,50.7333,53.5067,24.976,eo32,excess_oil,2,fault,190
59.908,50.0773,72.561,81.7997,40.8867,35.9867,87.05,99.05,9.1533,5.78,24.9467,118.6967,133.4667,96.7167,124.8533,66.0937,266.3333,215.92,5.49,9.0767,4.7054,81.5733,72.3433,49.9733,60.06,88.4507,eo32,excess_oil,2,fault,210
59.4633,49.674,72.254,81.463,40.6933,35.6967,86.55,98.2333,8.91,5.52,24.9967,117.3867,133.5833,97.0367,123.17,65.707,266.2533,216.2767,5.3367,8.8233,4.7207,81.1933,72.0,49.5167,59.5667,88.221,eo32,excess_oil,2,fault,215
58.9367,49.246,71.8577,81.0783,40.3967,35.4067,86.15,97.5167,8.7167,5.43,24.88,116.2767,133.05,96.9,122.0167,65.38,266.7833,215.7333,5.3667,8.65,4.6835,80.7667,71.6433,49.0833,59.0667,87.0873,eo32,excess_oil,2,fault,220
57.0503,50.3423,67.319,73.6073,41.2433,36.34,76.74,81.6167,6.0267,6.8233,34.59,114.54,129.55,92.24,120.24,46.4647,268.6133,215.84,3.5667,9.0567,4.5648,73.1633,67.0467,50.2867,57.0333,60.327,eo32,excess_oil,2,fault,235
56.4353,50.0463,66.516,72.5007,41.4467,36.5467,75.4567,79.6667,5.7367,6.5067,35.3367,114.2233,129.0167,91.4967,119.9633,44.5133,268.5967,215.6333,3.4433,8.7167,4.534,72.06,66.34,50.14,56.66,57.396,eo32,excess_oil,2,fault,240
56.5483,50.229,66.41,72.2483,41.3567,36.45,75.3767,79.5,5.81,6.7667,35.6767,114.04,128.8833,91.5233,119.7133,44.4393,269.1367,215.7733,3.4467,8.96,4.4909,71.9333,66.3133,50.3067,56.7533,56.761,eo32,excess_oil,2,fault,245
56.5807,50.2597,66.4273,72.263,41.3633,36.47,75.4367,79.55,5.8433,6.73,35.6467,113.8533,128.8833,91.5633,119.59,44.453,269.0,215.6333,3.4633,8.9533,4.4905,71.9667,66.3133,50.3367,56.7967,56.7747,eo32,excess_oil,2,fault,250
54.6987,49.9763,67.1327,71.5917,42.1633,37.2633,73.75,76.93,4.5,6.4333,43.4067,113.7333,126.7467,89.2233,119.5967,38.8297,269.8,215.62,2.5533,7.7333,3.8407,71.19,66.8667,49.91,54.62,42.4223,eo32,excess_oil,2,fault,260
54.2127,49.9837,66.033,70.1,41.9067,36.9967,72.05,74.2833,4.02,6.94,47.3567,113.9267,126.5,88.4667,120.0733,37.0683,270.1267,215.25,2.43,8.16,3.599,69.7367,65.7767,50.0567,54.34,37.9443,eo32,excess_oil,2,fault,265
54.0887,49.9347,65.5457,69.434,42.0067,37.0967,71.4733,73.4,4.06,6.9233,48.7567,114.2533,126.4667,88.15,120.6233,36.3533,269.8933,215.6867,2.3933,8.0433,3.6082,69.11,65.2867,50.0667,54.1967,37.308,eo32,excess_oil,2,fault,270
54.114,49.9933,65.374,69.181,41.7733,36.8733,71.34,73.15,4.1533,7.1767,49.46,114.59,126.2867,88.3333,121.1233,36.3493,270.5933,215.28,2.41,8.32,3.5749,68.9533,65.2267,50.0867,54.19,36.958,eo32,excess_oil,2,fault,275
54.102,49.9773,65.37,69.1633,41.7033,36.8067,71.4067,73.25,4.27,7.2367,49.35,114.8,126.17,88.32,121.5133,36.3477,270.4267,215.35,2.42,8.3633,3.5799,68.9567,65.1933,50.0633,54.1767,37.0077,eo32,excess_oil,2,fault,280
56.1037,47.4467,84.3293,92.212,40.8333,35.8933,95.2167,114.59,6.8033,4.01,26.6167,115.0067,136.1667,99.59,121.4033,72.7483,269.6133,215.58,2.6867,6.4633,3.7587,92.5,84.4133,47.3133,56.3133,77.764,eo32,excess_oil,2,fault,300
56.21,47.337,85.1277,93.4397,40.6933,35.6767,97.5233,119.2333,8.1167,3.95,24.9733,115.1467,136.5,100.16,121.98,76.1353,269.2067,215.79,4.0333,6.4867,3.6836,93.5067,84.95,47.1267,56.3933,79.7613,eo32,excess_oil,2,fault,305
56.0897,46.9953,85.418,94.035,40.4633,35.4733,99.14,122.4167,9.1867,3.8367,23.97,115.26,136.15,100.05,122.2733,78.65,269.0167,215.7833,5.1233,6.3367,3.6562,94.0133,85.2633,46.8333,56.2867,81.784,eo32,excess_oil,2,fault,310
56.073,46.845,85.5763,94.366,40.3133,35.3133,99.5033,123.15,9.4833,3.7467,24.17,115.4933,136.3833,100.35,122.4833,80.7123,268.9433,215.3933,5.23,6.41,3.6091,94.3067,85.3767,46.7267,56.2233,82.8467,eo32,excess_oil,2,fault,315
55.9207,46.6133,85.6347,94.5173,40.1967,35.19,99.6267,123.3833,9.39,3.6733,24.31,115.67,136.3333,100.6967,122.8267,81.4293,268.59,215.5633,5.24,6.3333,3.6091,94.3667,85.42,46.5733,56.0467,83.5877,eo32,excess_oil,2,fault,320
50.9077,44.8187,85.6653,91.635,39.4833,34.57,94.5733,113.2833,6.4333,3.7567,32.4533,116.1133,134.1667,98.68,123.56,60.3923,269.86,215.0833,3.2033,5.37,3.1782,91.3367,85.4033,44.8767,51.15,54.5853,eo32,excess_oil,2,fault,335
51.3837,45.137,86.054,92.1077,39.81,34.8267,95.3067,114.6967,6.6567,3.5833,32.0367,116.0533,134.4667,98.8033,123.6067,61.906,269.8167,214.96,3.2533,5.2333,3.1776,92.0233,85.8633,45.0133,51.4767,55.9477,eo32,excess_oil,2,fault,340
51.0253,44.691,86.1233,92.2553,39.8567,34.8533,95.2767,114.7167,6.3933,3.25,31.4133,116.1333,134.6667,98.82,123.61,62.0387,270.0,215.3,3.2367,4.74,3.221,92.06,85.92,44.6,51.07,56.835,eo32,excess_oil,2,fault,345
50.8233,44.5127,86.0473,92.177,39.6467,34.6933,95.15,114.4333,6.2867,3.36,31.4633,116.12,134.7167,99.07,123.6867,61.9647,269.7267,215.4933,3.1767,4.8133,3.2151,91.9533,85.88,44.4133,50.9067,56.6623,eo32,excess_oil,2,fault,350
48.6727,45.0987,85.7887,89.4873,40.7867,35.8033,91.1033,106.4667,4.23,3.8867,48.65,116.8733,133.3333,96.5333,125.25,46.036,270.3667,215.3033,1.98,4.3467,2.4486,89.15,85.5167,45.0567,48.7567,32.0627,eo32,excess_oil,2,fault,365
48.9247,45.3393,85.652,89.2787,40.6933,35.6867,91.0467,106.4333,4.4367,4.16,49.8467,117.4633,133.0833,96.3733,126.0533,45.965,270.7667,215.23,2.0433,4.66,2.4575,89.0267,85.4333,45.3567,49.0067,32.1267,eo32,excess_oil,2,fault,370
49.0073,45.444,85.7373,89.3587,40.78,35.7933,91.1267,106.5167,4.5467,4.1733,49.8067,118.03,133.15,96.36,126.7367,46.0223,270.7833,215.1733,2.0067,4.62,2.4408,89.1433,85.51,45.41,49.06,31.947,eo32,excess_oil,2,fault,375
49.03,45.452,85.9347,89.5873,40.7933,35.83,91.3333,106.9,4.5667,4.1333,49.6867,118.4867,133.3333,96.4133,127.18,46.323,270.5067,214.98,1.9267,4.62,2.4338,89.3933,85.7333,45.41,49.0767,32.0657,eo32,excess_oil,2,fault,380
57.1707,46.8523,76.064,85.9407,39.19,34.3,91.5833,107.4333,9.6933,4.2,22.39,116.9733,133.9333,99.01,123.8067,75.6653,267.5067,215.68,5.88,7.49,4.3088,85.69,76.01,46.68,57.3467,92.7233,eo32,excess_oil,2,fault,400
56.8817,46.1433,76.184,86.4207,38.56,33.7733,92.1733,108.5833,9.9,4.0267,21.7733,116.03,133.7333,99.3433,122.56,79.44,267.1267,215.6467,6.01,7.38,4.2714,86.1567,76.1367,45.9667,57.05,96.5077,eo32,excess_oil,2,fault,405
56.7673,45.8337,76.2093,86.6683,38.3133,33.5133,92.57,109.3667,10.17,3.9267,21.8633,115.2933,133.85,99.8767,121.6267,81.654,267.42,215.89,6.1667,7.4033,4.2344,86.4067,76.1467,45.7067,56.9167,98.3357,eo32,excess_oil,2,fault,410
51.9953,45.146,76.0967,82.7297,39.18,34.2733,86.1,97.5,6.4433,3.94,29.4233,113.9733,132.0833,96.8667,120.28,55.4557,269.4233,215.3367,3.67,5.8633,3.8956,82.4267,76.0433,45.0333,52.0433,61.4443,eo32,excess_oil,2,fault,425
52.2453,45.3603,76.107,82.71,39.1867,34.2833,86.12,97.4833,6.5267,4.1267,29.36,113.6467,132.2,96.8633,119.96,55.4793,269.3533,215.0067,3.6633,6.1667,3.91,82.48,76.0533,45.34,52.45,61.6963,eo32,excess_oil,2,fault,430
52.6807,45.7733,76.1333,82.73,39.2333,34.3367,86.21,97.65,6.59,4.4767,29.5067,113.5633,132.2833,97.0933,119.8333,55.4703,269.3133,215.35,3.7033,6.5333,3.926,82.5067,76.07,45.77,52.8067,61.94,eo32,excess_oil,2,fault,435
52.788,45.8533,76.117,82.7193,39.2367,34.33,86.2,97.6333,6.6567,4.5667,29.5767,113.48,132.0,96.7667,119.7733,55.447,269.5033,215.1267,3.69,6.6133,3.9384,82.4667,76.0567,45.8467,52.9267,62.1103,eo32,excess_oil,2,fault,440
48.5313,45.6997,75.305,78.3153,41.2567,36.3467,79.9033,86.5833,3.3133,4.1033,57.13,114.5867,129.75,92.3867,122.0633,37.304,270.4033,215.1267,1.69,4.4133,2.3925,78.23,75.3133,45.7033,48.66,25.3957,eo32,excess_oil,2,fault,455
48.4387,45.49,75.5987,78.634,41.16,36.2567,80.13,86.9833,3.38,4.1533,56.79,115.8333,129.85,92.5533,123.7533,37.433,270.6967,214.86,1.68,4.3033,2.4798,78.51,75.53,45.4433,48.4733,26.402,eo32,excess_oil,2,fault,460
48.353,45.4023,75.5027,78.5487,41.0867,36.1867,80.04,86.8167,3.3133,4.13,57.13,116.9633,129.6,92.38,124.9267,37.4157,270.2833,215.3367,1.6533,4.2833,2.4818,78.4067,75.4533,45.38,48.3733,26.4103,eo32,excess_oil,2,fault,465
48.2453,45.3127,75.4733,78.5167,41.15,36.2333,80.05,86.8,3.3933,4.04,56.93,117.7467,129.75,92.3833,125.7167,37.416,270.3933,215.1133,1.6733,4.18,2.4713,78.38,75.4533,45.3167,48.2833,26.2977,eo32,excess_oil,2,fault,470
54.372,44.6217,68.956,78.139,37.72,32.9933,82.88,91.7667,8.0033,3.88,23.6833,116.7,130.9667,97.2533,122.4767,64.4653,268.92,215.7767,5.0867,6.6933,4.7811,77.7933,68.72,44.4467,54.3467,87.6603,eo32,excess_oil,2,fault,490
53.5973,43.9693,68.1943,77.2083,37.2433,32.5433,81.8067,89.9067,7.7433,3.7633,23.78,115.3633,130.7833,97.54,120.5233,63.228,269.5133,215.3,4.9667,6.5767,4.8042,76.8533,67.9233,43.7967,53.5833,86.3877,eo32,excess_oil,2,fault,495
53.1603,43.8933,67.2543,75.9717,37.59,32.89,80.5,87.5833,7.6633,3.5467,24.1967,114.2867,130.1833,96.5267,119.31,60.3527,269.4067,215.34,4.9133,6.21,4.8439,75.61,66.9733,43.81,53.24,83.1453,eo32,excess_oil,2,fault,500
51.6947,45.007,66.1693,72.493,38.7733,33.92,75.52,79.6667,5.66,4.03,31.1833,112.7633,128.25,93.4467,117.6767,46.87,271.59,215.7033,3.56,6.0767,4.5095,71.9533,65.9467,44.88,51.5967,60.1177,eo32,excess_oil,2,fault,510
51.4437,45.0943,65.82,71.731,38.2567,33.4533,74.87,78.7,5.6767,4.7867,32.39,112.29,128.55,93.2733,117.4533,45.5943,272.04,215.4933,3.4533,6.8533,4.3967,71.39,65.65,45.1333,51.5933,57.0143,eo32,excess_oil,2,fault,515
51.502,45.126,65.8867,71.778,38.2633,33.4667,75.0,78.9167,5.7667,4.8167,32.36,112.1067,127.6733,93.2967,117.3,45.834,271.76,215.3167,3.5233,6.82,4.3894,71.52,65.7467,45.08,51.6533,57.2187,eo32,excess_oil,2,fault,520
51.4967,45.1167,65.9067,71.774,38.25,33.4533,75.0,78.9167,5.69,4.84,32.42,112.0,126.23,93.4367,117.27,45.8197,272.3867,215.3333,3.49,6.8467,4.3935,71.4767,65.7533,45.0933,51.6367,57.257,eo32,excess_oil,2,fault,525
51.4967,45.1167,65.9187,71.7713,38.2333,33.4333,75.0,78.9333,5.73,4.8367,32.4567,111.9267,128.65,93.4967,117.25,45.8713,272.32,215.5567,3.51,6.8533,4.393,71.5,65.7267,45.0667,51.6467,57.315,eo32,excess_oil,2,fault,530
51.2887,45.0173,66.091,71.8563,38.53,33.6967,74.6633,78.3667,5.2767,4.58,32.9433,111.9,127.6633,93.1033,117.1933,44.726,272.1933,215.3767,3.1367,6.4767,4.4304,71.5033,66.0133,44.96,51.19,56.293,eo32,excess_oil,2,fault,535
48.2853,44.8267,65.7707,69.1923,40.17,35.18,70.96,72.5833,3.42,4.1167,51.2933,112.1933,125.46,89.1467,118.12,35.0987,269.9967,214.99,2.0467,4.6467,3.1054,68.8933,65.5567,44.85,48.2867,31.0027,eo32,excess_oil,2,fault,545
48.3323,44.932,65.598,68.9647,39.8933,34.88,70.84,72.4,3.48,4.5833,52.2033,112.8767,125.35,89.47,119.1067,34.871,270.22,214.81,2.11,5.0267,3.0641,68.71,65.4267,44.93,48.3933,30.3893,eo32,excess_oil,2,fault,550
48.4453,45.047,65.6233,68.9673,39.9633,34.96,70.85,72.4333,3.5233,4.5867,52.51,113.4133,125.2667,89.3067,120.0267,34.8953,270.1167,214.88,2.06,5.0733,3.0644,68.7633,65.4533,45.0067,48.5067,30.4137,eo32,excess_oil,2,fault,555
48.4773,45.07,65.6703,68.9913,39.99,34.9867,70.88,72.4667,3.64,4.5933,52.49,113.9867,125.0667,89.02,120.6933,34.9083,270.2,215.23,2.0467,5.0433,3.0805,68.8467,65.4733,45.06,48.5133,30.5853,eo32,excess_oil,2,fault,560
49.6447,41.1443,78.833,86.682,37.0567,32.36,91.2567,106.7667,8.1,2.3633,22.38,113.8233,132.3833,99.24,119.5233,68.422,270.0933,215.3633,4.4567,3.91,3.9198,86.8067,78.9767,40.97,49.8333,76.2723,eo32,excess_oil,2,fault,580
49.9313,41.1713,79.7323,88.0113,36.7667,32.1133,92.5567,109.35,8.1567,2.48,22.52,113.3267,132.5,99.68,119.29,71.946,269.3433,215.0533,4.64,4.1333,3.8375,87.93,79.75,40.8833,50.0333,78.5223,eo32,excess_oil,2,fault,585
49.2907,40.119,80.0403,88.671,37.01,32.3133,93.0333,110.2833,8.5433,1.1567,21.55,113.0133,132.9333,99.83,119.1,73.815,269.5633,215.0967,4.6633,2.9167,3.9166,88.3733,79.9333,39.9467,49.2733,82.2217,eo32,excess_oil,2,fault,590
49.0353,39.9233,79.8347,88.4693,36.69,32.08,92.7133,109.7333,8.4433,1.3067,21.6367,112.9067,132.6833,100.06,119.0333,73.308,269.8667,215.2733,4.5867,3.14,3.9221,88.15,79.7867,39.85,49.0733,81.7763,eo32,excess_oil,2,fault,595
49.1127,40.0833,79.744,88.3133,36.55,31.9433,92.6167,109.4667,8.3633,1.7133,21.89,112.7733,132.6,99.8367,118.9133,72.9547,269.5467,214.9533,4.6233,3.4067,3.8988,87.9867,79.6467,39.9967,49.16,80.8983,eo32,excess_oil,2,fault,600
47.298,41.1977,80.643,86.6333,37.52,32.82,89.8467,104.0833,6.2,2.6,30.0167,112.56,130.9,97.2,119.1533,57.5267,270.2467,214.85,3.35,3.4633,3.3378,86.5,80.6567,40.9733,47.3033,54.612,eo32,excess_oil,2,fault,615
47.0593,40.898,80.842,86.88,37.6033,32.92,89.93,104.2667,6.2733,2.3467,29.83,112.6733,131.05,97.2333,119.32,57.6793,270.0467,215.13,3.3567,3.0667,3.367,86.5733,80.7167,40.68,47.03,55.234,eo32,excess_oil,2,fault,620
46.8373,40.6463,80.7533,86.8147,37.5867,32.8867,89.91,104.1833,6.3733,2.23,29.64,112.8267,131.05,97.21,119.6333,57.6217,270.29,214.8733,3.37,2.8833,3.3821,86.54,80.6333,40.4467,46.8333,55.4247,eo32,excess_oil,2,fault,625
46.6547,40.48,80.5907,86.6497,37.46,32.7533,89.62,103.6833,6.37,2.1933,29.6467,112.9333,130.8833,97.1933,119.7267,57.4077,269.99,214.7833,3.24,2.9033,3.3826,86.3533,80.4767,40.34,46.7733,55.2317,eo32,excess_oil,2,fault,630
43.807,39.9787,80.997,85.1407,37.49,32.7667,86.3667,97.95,3.5767,2.14,42.0967,113.06,129.45,95.6867,120.16,46.0347,270.98,214.68,1.7467,2.3033,2.6144,84.6167,80.7533,39.7967,43.6233,34.2443,eo32,excess_oil,2,fault,640
43.5313,40.048,80.134,83.873,37.9367,33.1533,85.1367,95.6667,3.2967,1.9933,45.9767,113.5867,128.2467,94.8067,120.9433,43.1007,271.2733,214.6367,1.5267,2.0967,2.5418,83.58,79.9933,40.03,43.6267,31.161,eo32,excess_oil,2,fault,645
43.8887,40.4333,80.1713,83.8353,37.6133,32.9133,85.6133,96.6667,4.3533,2.53,47.06,114.3367,129.0167,95.0267,121.9967,43.6177,270.9167,214.54,1.9467,2.7433,2.4919,83.7033,80.1133,40.31,43.97,30.9127,eo32,excess_oil,2,fault,650
44.072,40.5347,80.3703,84.089,37.6767,32.9633,85.9667,97.2167,4.3667,2.52,46.43,114.8733,129.2,95.15,122.7233,44.249,270.9833,214.82,1.9933,2.7133,2.5129,83.9867,80.2867,40.4133,44.0867,31.624,eo32,excess_oil,2,fault,655
43.9343,40.386,80.452,84.2053,37.76,33.04,85.8967,97.1,4.1133,2.4067,45.9833,115.3267,129.3,95.2233,123.2033,44.3593,270.9533,215.1567,1.8467,2.4867,2.5232,84.06,80.36,40.2433,43.9467,31.8337,eo32,excess_oil,2,fault,660
51.0733,40.6153,69.5643,79.346,35.31,30.82,84.63,94.85,8.7533,2.8067,20.9867,113.1667,128.6167,97.23,118.5267,71.2067,268.09,215.23,5.4867,5.0933,4.63,79.17,69.4133,40.4133,51.1133,93.768,eo32,excess_oil,2,fault,685
50.9693,40.5067,69.5367,79.322,35.2033,30.7067,84.6,94.7667,8.6967,2.7367,21.0,112.4433,127.8633,97.34,117.6333,71.2297,267.96,214.9233,5.4467,5.11,4.6232,79.1567,69.4167,40.3467,51.06,93.6593,eo32,excess_oil,2,fault,690
45.9987,39.5053,70.0363,76.2867,36.0867,31.5133,79.69,86.2167,6.3433,2.2533,28.0167,111.1733,126.8567,95.3633,116.3667,50.813,270.3133,214.9267,3.5333,3.2667,4.0246,76.1633,69.8633,39.3667,46.09,58.1653,eo32,excess_oil,2,fault,705
45.6867,39.157,70.1197,76.3543,36.2567,31.6533,80.4533,86.0667,6.5367,1.8167,27.63,110.98,128.35,94.95,116.16,50.4887,270.7667,214.7833,3.45,2.82,4.0708,76.1233,69.8967,39.0533,45.82,58.4527,eo32,excess_oil,2,fault,710
45.9387,39.5787,69.7313,75.8433,35.3467,30.85,78.2667,85.2667,6.0267,2.9833,28.9867,110.8733,127.0067,95.1833,116.0467,49.9027,270.7833,214.84,3.4833,4.2233,4.0122,75.6367,69.5933,39.56,46.0733,56.943,eo32,excess_oil,2,fault,715
46.036,39.5747,69.978,76.1333,36.11,31.5433,79.57,86.0167,6.5033,2.29,28.4067,110.8267,126.2,94.6,115.95,50.559,270.85,214.8433,3.4833,3.3033,4.0246,76.1,69.8533,39.4333,46.1333,57.8747,eo32,excess_oil,2,fault,720
43.3073,40.1187,70.2633,73.6913,37.8933,33.16,74.5867,78.2167,2.4133,2.0967,48.4733,111.7633,125.7133,91.5367,117.8367,36.95,271.16,214.8233,1.23,2.1233,2.7152,73.3367,69.9867,40.0133,43.32,28.5467,eo32,excess_oil,2,fault,735
43.2853,40.1493,69.6993,73.041,37.3,32.6233,74.56,78.2367,3.2767,2.64,50.2567,112.59,125.15,91.42,118.9933,36.6053,271.47,214.6133,1.8267,2.73,2.6915,72.8,69.5633,40.0533,43.26,28.0213,eo32,excess_oil,2,fault,740
43.3747,40.2893,69.702,72.999,37.32,32.6233,74.58,78.2767,3.4633,2.6467,50.77,113.44,125.4167,91.69,119.9367,36.6023,271.36,214.65,1.8533,2.8467,2.6523,72.7533,69.56,40.1933,43.4333,27.6093,eo32,excess_oil,2,fault,745
43.5067,40.404,69.8487,73.139,37.74,33.02,74.77,78.54,3.5833,2.4567,50.4867,114.09,125.4667,91.3967,120.59,36.7297,271.34,214.7633,1.87,2.5567,2.6631,72.9367,69.7267,40.26,43.5333,27.82,eo32,excess_oil,2,fault,750
49.97,40.5373,65.338,74.0713,35.1633,30.66,79.02,85.15,8.17,3.0567,22.8033,113.47,127.54,96.18,118.39,61.2843,269.53,215.07,5.1267,5.24,4.8508,73.91,65.1333,40.3733,50.0667,84.551,eo32,excess_oil,2,fault,770
49.8287,40.3767,65.212,73.9743,34.9933,30.4967,78.0867,85.0,8.1167,2.9667,22.7433,112.4967,128.3967,96.34,117.25,61.3253,269.9467,214.95,5.1833,5.2433,4.8546,73.7867,65.01,40.2067,49.8933,84.673,eo32,excess_oil,2,fault,775
49.6127,40.1743,65.0933,73.8653,34.8433,30.3867,79.6333,84.7167,8.0767,2.9833,22.6433,111.8833,127.2867,96.2533,116.3767,61.2893,269.5667,215.32,5.1367,5.2333,4.8565,73.6767,64.9267,40.06,49.7,84.657,eo32,excess_oil,2,fault,780
47.134,40.544,64.918,71.248,36.3033,31.7033,74.56,78.2567,5.89,2.86,29.1167,110.4067,126.2567,93.7033,115.1133,47.2617,269.0367,214.8767,3.6633,4.09,4.387,70.9233,64.7767,40.39,47.18,58.9723,eo32,excess_oil,2,fault,795
46.9827,40.392,64.9373,71.2693,36.3667,31.76,74.58,78.2467,5.9867,2.7633,28.83,110.3,126.4367,93.7333,115.02,47.3173,269.3467,214.9367,3.6533,3.8733,4.3894,70.9467,64.7633,40.2133,46.9867,59.0723,eo32,excess_oil,2,fault,800
46.8787,40.2957,64.868,71.1973,36.3333,31.7367,74.56,78.23,6.0567,2.7233,28.83,110.24,126.1933,93.65,115.0267,47.27,268.7567,215.04,3.67,3.83,4.3903,70.91,64.7267,40.15,46.9133,59.0237,eo32,excess_oil,2,fault,805
46.856,40.2763,64.912,71.228,36.3933,31.7867,74.54,78.2133,6.14,2.68,28.7433,110.2,126.3533,93.67,115.0133,47.2883,269.25,214.9167,3.6467,3.7667,4.3845,70.9033,64.7433,40.13,46.8933,58.9693,eo32,excess_oil,2,fault,810
44.0657,40.5653,64.6473,68.222,36.9333,32.2433,70.3333,71.5667,3.8067,3.1333,47.3067,110.56,123.1333,89.8367,116.1733,35.6433,271.2533,214.7433,2.2867,3.5167,3.0873,68.0033,64.5667,40.4433,44.1,31.297,eo32,excess_oil,2,fault,825
43.9007,40.4387,64.7233,68.2807,37.0067,32.3067,70.4,71.6833,3.8533,2.9567,47.1933,111.1433,123.3667,90.0133,116.9767,35.6407,270.9067,214.6467,2.37,3.3067,3.0584,68.0267,64.6067,40.3333,43.9233,31.0007,eo32,excess_oil,2,fault,830
43.8207,40.372,64.6407,68.194,36.98,32.2933,70.2167,71.3667,3.8233,2.9333,47.3133,111.72,123.1667,89.7467,117.6833,35.632,270.7467,214.77,2.2333,3.28,3.0489,67.9367,64.5033,40.22,43.8633,30.8987,eo32,excess_oil,2,fault,835
43.762,40.3267,64.6367,68.1833,36.9733,32.28,70.1967,71.3667,3.8133,2.9033,47.2333,112.14,123.4167,90.02,118.1433,35.6253,271.02,214.7367,2.2233,3.2267,3.0368,67.9333,64.48,40.19,43.8467,30.771,eo32,excess_oil,2,fault,840
60.919,51.444,85.1513,94.102,42.7933,37.9033,99.52,123.2,10.1333,5.27,24.4333,117.42,136.2167,97.6367,126.16,78.2577,267.4133,215.88,5.4867,8.43,3.8295,94.0667,84.91,51.2233,60.9633,85.2317,eo50,excess_oil,3,fault,35
60.4837,50.8627,85.1803,94.27,42.37,37.4633,99.85,123.85,10.3733,5.1533,24.3133,118.1967,137.9,99.5767,126.6033,79.8527,267.16,216.1167,5.5867,8.3333,3.8148,94.24,84.91,50.7333,60.55,86.641,eo50,excess_oil,3,fault,40
55.5283,49.1683,85.4173,91.5993,42.4367,37.53,94.6333,113.4,6.6967,4.83,32.8767,119.1133,137.4,99.11,127.7,60.2103,269.26,215.88,3.43,6.7367,3.3398,91.2433,85.1333,49.1567,55.7167,57.197,eo50,excess_oil,3,fault,55
55.8113,49.4243,85.4073,91.5127,42.51,37.61,94.7733,113.7,6.8833,5.0467,33.18,119.3,137.35,98.76,127.9367,60.2623,269.45,215.5267,3.4167,7.0,3.346,91.3533,85.2367,49.5033,56.0233,57.3493,eo50,excess_oil,3,fault,60
55.9513,49.5513,85.4207,91.5233,42.5233,37.6033,94.7567,113.65,6.8367,5.1367,33.33,119.5333,137.45,98.8867,128.19,60.267,269.8633,215.34,3.3967,7.0467,3.3513,91.3867,85.24,49.5667,56.1,57.4443,eo50,excess_oil,3,fault,65
55.9913,49.5967,85.43,91.53,42.56,37.66,94.8233,113.8,6.8833,5.1367,33.2133,119.68,137.0833,98.58,128.39,60.345,269.3467,215.82,3.4033,7.05,3.3516,91.4133,85.2633,49.6067,56.14,57.5223,eo50,excess_oil,3,fault,70
53.603,50.294,85.5777,88.9273,44.12,39.32,90.68,105.6,4.54,5.6267,55.11,122.1833,135.0167,94.6033,131.6233,43.8107,270.1833,215.46,1.93,6.2167,2.3845,88.73,85.3767,50.3333,53.7633,29.712,eo50,excess_oil,3,fault,90
53.7333,50.4073,85.686,89.0353,43.9967,39.19,90.88,106.0167,4.6367,5.8833,55.1433,123.0833,135.0833,94.7133,132.62,43.9597,269.9,215.2233,2.0367,6.4067,2.3866,88.8367,85.47,50.4033,53.8533,29.8387,eo50,excess_oil,3,fault,95
53.7093,50.3433,85.7813,89.1547,43.8467,39.04,90.9233,106.15,4.5833,5.9133,55.05,123.8133,134.8667,94.7867,133.38,44.177,270.34,215.4733,1.9733,6.5033,2.4068,88.95,85.5267,50.3467,53.8067,30.2393,eo50,excess_oil,3,fault,100
60.437,50.7747,75.0587,84.0783,41.5267,36.6267,89.5333,103.5167,9.4233,5.7267,24.8267,121.7233,134.8167,97.78,129.0867,68.2353,267.93,216.2533,5.49,9.1233,4.4876,84.02,75.0633,50.68,60.5833,87.0913,eo50,excess_oil,3,fault,120
60.404,50.544,75.32,84.5527,41.27,36.39,89.98,104.3167,9.5167,5.64,24.51,120.22,135.1,98.0767,127.66,69.5017,267.7,215.79,5.5967,9.0967,4.4851,84.3567,75.27,50.4,60.52,88.6577,eo50,excess_oil,3,fault,125
60.2993,50.3847,75.3013,84.59,41.1633,36.2633,89.94,104.2667,9.4867,5.5767,24.4,119.2133,135.2167,98.2,126.5633,69.733,267.6967,216.02,5.6067,9.1267,4.5011,84.3367,75.2,50.3167,60.43,89.2707,eo50,excess_oil,3,fault,130
56.3333,50.0203,75.9147,81.9977,42.5267,37.6433,85.0567,95.5333,6.1867,5.41,33.5867,117.76,133.4833,94.96,125.1533,51.464,267.9067,215.4933,3.36,7.4767,3.872,81.6467,75.8233,50.0433,56.52,56.6717,eo50,excess_oil,3,fault,145
56.336,50.0773,75.8593,81.8913,42.49,37.6,85.15,95.75,6.3833,5.5633,33.8,117.9067,133.7167,95.1933,125.2533,51.7007,268.05,215.65,3.45,7.58,3.8236,81.69,75.8333,50.0867,56.5733,56.2247,eo50,excess_oil,3,fault,150
56.2747,49.972,75.8993,81.9287,42.33,37.4333,85.21,95.7833,6.4533,5.5933,33.7933,118.0433,133.2667,94.9233,125.5067,51.861,268.6,215.7733,3.4733,7.6833,3.8415,81.75,75.8767,49.9967,56.4867,56.6613,eo50,excess_oil,3,fault,155
56.0957,49.8033,75.9113,81.9213,42.3433,37.44,85.08,95.6,6.2167,5.48,33.8867,118.1633,133.0833,94.6333,125.6533,51.5873,268.2867,215.93,3.41,7.5133,3.8596,81.6767,75.86,49.83,56.2733,56.6287,eo50,excess_oil,3,fault,160
53.2447,50.4727,75.6687,78.5163,43.8133,39.01,80.14,86.9667,3.62,6.2667,62.9867,119.6967,131.1,90.74,128.56,36.774,268.0733,215.3267,1.6067,6.6433,2.3776,78.5167,75.7167,50.46,53.32,24.867,eo50,excess_oil,3,fault,175
53.186,50.4233,75.8313,78.6567,43.6467,38.85,80.18,87.0167,3.45,6.4367,63.6067,121.2067,130.65,90.6667,130.4833,36.6567,268.04,215.45,1.6033,6.7967,2.3773,78.5533,75.77,50.4267,53.2767,24.7843,eo50,excess_oil,3,fault,180
53.162,50.3833,75.8727,78.7163,43.84,39.0333,80.32,87.2333,3.61,6.23,63.44,122.6333,130.7333,90.6267,131.9333,36.7113,267.8167,215.3367,1.6333,6.5733,2.3865,78.6467,75.82,50.39,53.27,24.918,eo50,excess_oil,3,fault,185
53.1137,50.3287,75.906,78.7557,43.9167,39.12,80.34,87.3167,3.6267,6.0933,63.4867,123.5767,130.6667,90.73,133.01,36.7593,267.9967,215.6133,1.6733,6.4367,2.3922,78.69,75.88,50.36,53.23,25.0123,eo50,excess_oil,3,fault,190
58.748,50.1233,70.043,78.09,41.52,36.63,82.5333,91.1767,7.7267,5.6167,28.49,123.53,132.4667,95.2067,131.0767,58.26,268.93,216.2267,4.6733,8.3933,4.6884,77.8367,69.8033,49.9167,58.7733,77.6833,eo50,excess_oil,3,fault,205
58.3693,49.7087,69.6527,77.678,41.2533,36.3433,82.2067,90.6133,7.6867,5.5933,27.5567,121.9233,132.5167,95.4333,128.7967,57.7863,268.8533,215.4967,4.6733,8.4533,4.7318,77.52,69.5067,49.6667,58.59,77.768,eo50,excess_oil,3,fault,210
58.4447,49.764,69.6423,77.646,41.1767,36.2667,82.0433,90.3767,7.59,5.6333,27.55,120.2967,132.45,95.5167,127.0533,57.7807,268.9967,215.8267,4.5833,8.5333,4.7499,77.5133,69.4833,49.7067,58.5533,78.058,eo50,excess_oil,3,fault,215
58.237,49.6033,69.5483,77.5327,41.0933,36.1867,81.9667,90.18,7.61,5.64,27.3667,119.2267,132.2333,95.32,125.7933,57.679,269.3167,216.0367,4.5333,8.4633,4.7387,77.3933,69.43,49.5367,58.3933,77.739,eo50,excess_oil,3,fault,220
56.0703,49.9327,65.876,71.5833,40.8333,35.9,74.66,78.3433,5.7767,6.9333,36.4167,117.4167,128.4833,91.6,124.01,44.3053,270.85,215.87,3.42,9.1567,4.3836,71.2567,65.74,50.0,56.2467,55.2397,eo50,excess_oil,3,fault,235
56.01,49.7933,65.8787,71.5433,40.8,35.8567,74.68,78.4367,5.8167,6.8967,36.2933,117.1333,127.5333,91.6467,123.83,44.4263,270.83,215.6933,3.4567,9.1,4.4235,71.2667,65.7367,49.92,56.1933,55.893,eo50,excess_oil,3,fault,240
56.002,49.7723,65.844,71.502,40.8067,35.85,74.67,78.34,5.7667,6.8967,36.3167,116.9933,129.12,91.5333,123.6533,44.3757,270.9267,215.9033,3.37,9.06,4.4396,71.25,65.6833,49.8733,56.1233,56.032,eo50,excess_oil,3,fault,245
55.9513,49.722,65.7947,71.446,40.8,35.84,74.61,78.3,5.8,6.86,36.3533,116.92,128.45,91.77,123.64,44.3267,270.7767,216.0767,3.4067,9.0467,4.4472,71.19,65.6667,49.82,56.08,56.068,eo50,excess_oil,3,fault,250
55.7783,49.8723,65.8517,71.2547,41.3433,36.4467,73.9767,77.2767,5.36,6.5967,37.4533,116.8267,127.8833,90.4567,123.4267,42.3947,270.1467,215.7333,3.0767,8.6,4.4012,70.9,65.74,49.93,55.7067,53.0957,eo50,excess_oil,3,fault,255
53.6133,49.892,63.3377,66.8557,41.53,36.6167,68.87,69.5833,3.64,7.3767,53.2933,117.1067,125.1633,87.55,124.17,34.8247,271.9667,215.4967,2.32,8.5067,3.3736,66.5533,63.14,50.04,53.7333,33.4167,eo50,excess_oil,3,fault,265
53.6067,49.8867,63.3053,66.7533,41.5167,36.6233,68.8167,69.4333,3.8667,7.49,53.9367,117.48,124.9833,87.1467,124.8967,34.7967,271.53,215.6867,2.2567,8.5133,3.3784,66.5267,63.1467,50.0367,53.7133,33.434,eo50,excess_oil,3,fault,270
53.6,49.876,63.3,66.74,41.5833,36.7033,68.7867,69.45,3.7467,7.3433,54.12,117.89,125.35,87.5933,125.41,34.845,271.4533,215.3933,2.2433,8.38,3.3727,66.5333,63.1467,49.9867,53.7467,33.4253,eo50,excess_oil,3,fault,275
53.5493,49.8243,63.3093,66.7587,41.6833,36.8067,68.8667,69.5667,3.9333,7.2667,53.9767,118.24,125.55,87.66,125.8333,34.865,271.5567,215.5533,2.3067,8.2133,3.3734,66.5533,63.1267,49.95,53.68,33.4503,eo50,excess_oil,3,fault,280
54.1513,45.8657,81.4153,88.9423,40.1133,35.1067,93.4533,111.15,7.8567,3.4733,24.29,118.15,134.8333,98.8133,125.35,68.0107,271.0433,215.9767,4.3467,5.6933,3.8532,89.1,81.49,45.8167,54.31,74.5277,eo50,excess_oil,3,fault,300
54.4023,45.9143,82.5057,90.3797,40.06,35.0567,94.85,113.85,8.1,3.4933,23.98,117.85,135.2833,99.4033,125.37,70.7333,270.4933,215.7333,4.4367,5.78,3.7933,90.43,82.5467,45.8433,54.53,76.3087,eo50,excess_oil,3,fault,305
54.7183,46.0047,83.5187,91.6387,40.0267,35.0133,96.3433,116.8367,8.4567,3.4667,23.5767,117.6867,135.3667,99.5933,125.4233,73.665,270.12,215.75,4.6433,5.89,3.7402,91.6867,83.5467,45.8967,54.8933,78.3603,eo50,excess_oil,3,fault,310
55.026,46.1633,84.393,92.7423,40.01,35.0067,97.5433,119.2167,8.8167,3.4833,23.69,117.68,135.7667,100.08,125.59,76.2263,269.19,215.8933,4.78,6.07,3.6771,92.72,84.3533,46.08,55.2033,79.714,eo50,excess_oil,3,fault,315
55.126,46.174,84.8007,93.326,39.82,34.8233,98.1767,120.5167,8.9933,3.5633,24.1133,117.84,135.9667,100.48,125.8033,78.366,269.6567,215.45,4.9567,6.2567,3.6061,93.27,84.7033,46.08,55.2933,80.3737,eo50,excess_oil,3,fault,320
50.947,44.6577,85.5227,91.6397,39.2967,34.3967,94.69,113.5167,6.5433,3.65,31.73,118.4,134.8,99.5667,126.77,62.1927,270.4633,215.3767,3.2433,5.3767,3.1905,91.4667,85.3,44.6767,51.0867,56.436,eo50,excess_oil,3,fault,335
51.216,44.8773,85.652,91.7813,39.41,34.4633,94.9,113.9333,6.6467,3.6533,31.8367,118.6333,134.8333,99.4333,126.98,62.5217,270.1367,215.6233,3.2667,5.4533,3.2031,91.6267,85.42,44.83,51.2667,56.957,eo50,excess_oil,3,fault,340
51.1667,44.824,85.652,91.7783,39.36,34.46,94.9133,113.9833,6.6167,3.6567,31.7867,118.6933,134.75,99.4033,127.3,62.553,270.0467,215.8467,3.29,5.43,3.2065,91.62,85.4233,44.77,51.1967,57.0483,eo50,excess_oil,3,fault,345
51.0693,44.736,85.6127,91.7307,39.3267,34.4167,94.87,113.8667,6.5633,3.66,31.7967,118.9067,134.85,99.4567,127.44,62.5243,270.1467,215.7167,3.31,5.37,3.2016,91.56,85.4033,44.6667,51.14,56.9313,eo50,excess_oil,3,fault,350
48.7873,45.2973,85.2863,88.8977,40.9167,35.9567,90.43,105.1667,4.2333,3.8933,49.6733,119.74,133.8,96.9467,129.0567,45.7847,271.0933,215.4867,1.8567,4.4033,2.4074,88.5633,85.0633,45.3433,48.9233,31.3443,eo50,excess_oil,3,fault,365
49.0047,45.4403,85.3327,88.974,40.8533,35.94,90.69,105.6333,4.52,4.0133,49.53,120.4867,133.5833,96.61,129.2233,46.4093,271.14,215.18,2.0133,4.5433,2.4205,88.7133,85.0933,45.3967,49.0367,31.9483,eo50,excess_oil,3,fault,370
48.9513,45.3713,85.3407,88.978,40.8533,35.95,90.7767,105.8,4.58,4.07,49.5467,121.21,133.4167,96.5633,130.7367,46.4423,271.4533,215.2433,1.9767,4.5167,2.4285,88.7767,85.1333,45.3633,49.0033,32.08,eo50,excess_oil,3,fault,375
48.9393,45.3647,85.3833,89.0273,40.8733,35.98,90.7733,105.8333,4.4967,4.0367,49.6633,121.81,133.5333,96.3733,131.1767,46.46,270.9167,215.3367,2.0,4.4833,2.4251,88.82,85.2267,45.37,48.99,32.044,eo50,excess_oil,3,fault,380
56.2897,46.0757,75.544,85.331,39.2,34.29,90.73,105.6833,9.2067,3.7633,22.06,120.0467,133.4333,98.6133,127.8167,74.92,267.8933,216.01,5.72,6.64,4.3137,84.99,75.5267,45.8067,56.4033,91.9183,eo50,excess_oil,3,fault,400
55.9887,45.5853,75.6563,85.534,38.7633,33.91,90.9133,106.0667,9.1933,3.59,21.6433,118.9967,133.3667,98.9867,126.4733,76.1233,267.7533,215.7367,5.66,6.6633,4.3213,85.2467,75.63,45.43,56.12,93.56,eo50,excess_oil,3,fault,405
55.9593,45.528,75.691,85.5687,38.6633,33.8367,90.95,106.1167,9.2533,3.61,21.59,118.2033,133.7,99.3133,125.5367,76.3187,267.7833,215.84,5.6933,6.7267,4.3241,85.25,75.6567,45.39,56.08,93.858,eo50,excess_oil,3,fault,410
51.831,44.836,76.2147,82.9713,39.3833,34.49,86.37,97.9,6.4733,3.53,28.4667,116.9133,129.5,94.2133,124.3067,56.8203,269.4833,215.4367,3.6033,5.34,3.8851,82.7567,76.1933,44.7333,51.8767,62.7837,eo50,excess_oil,3,fault,425
51.6047,44.6297,76.181,82.8687,39.2833,34.39,86.35,97.8833,6.4267,3.4333,28.4533,116.7733,129.65,94.4133,124.1367,56.7723,269.7,215.5133,3.6867,5.2567,3.8816,82.66,76.1667,44.5267,51.72,62.6737,eo50,excess_oil,3,fault,430
51.6873,44.732,76.204,82.8873,39.27,34.3667,86.46,98.05,6.4667,3.51,28.3467,116.69,129.65,94.51,124.05,56.7347,269.58,215.2033,3.7667,5.4133,3.8678,82.7067,76.17,44.6867,51.8533,62.4123,eo50,excess_oil,3,fault,435
51.7953,44.8187,76.2213,82.914,39.27,34.3567,86.41,98.05,6.4533,3.55,28.5667,116.56,129.65,94.3067,123.9467,56.7503,269.62,215.4767,3.7267,5.5133,3.8794,82.7367,76.1867,44.7733,51.9167,62.6147,eo50,excess_oil,3,fault,440
48.1077,45.1123,75.9283,79.045,40.72,35.7267,80.38,87.35,3.09,4.1733,54.98,117.7367,127.5133,90.7233,125.9833,38.076,270.69,215.1133,1.61,4.48,2.4803,78.7567,75.7867,45.1433,48.15,26.861,eo50,excess_oil,3,fault,455
48.2733,45.2753,75.8593,78.9133,40.8133,35.85,80.52,87.6333,3.5533,4.2833,56.27,119.0433,128.43,90.6767,127.6433,38.3893,270.77,215.01,1.7233,4.5067,2.4622,78.81,75.8267,45.29,48.3033,26.8837,eo50,excess_oil,3,fault,460
48.254,45.258,75.8833,78.9333,40.8067,35.8567,80.5,87.5667,3.5633,4.24,56.48,120.0733,126.93,90.7567,128.92,38.406,270.6967,215.2267,1.6167,4.45,2.4627,78.86,75.83,45.3,48.2933,26.8997,eo50,excess_oil,3,fault,465
48.242,45.2393,75.8847,78.9347,40.8,35.85,80.48,87.5667,3.4733,4.2733,56.57,121.0567,127.5567,90.75,129.8233,38.412,270.45,215.31,1.6367,4.48,2.4687,78.8667,75.8533,45.2567,48.2667,26.972,eo50,excess_oil,3,fault,470
55.1497,45.4073,69.9447,79.035,38.33,33.53,84.0667,93.8833,8.35,4.0033,23.51,120.02,128.9667,94.8333,126.8067,65.9937,269.9133,215.77,5.2533,6.9267,4.6672,78.8233,69.73,45.26,55.2033,87.5993,eo50,excess_oil,3,fault,490
54.7147,44.9743,69.5333,78.6393,37.9267,33.1533,83.6733,93.15,8.26,3.98,23.4033,118.7267,127.93,94.7733,125.1667,65.4947,269.98,215.45,5.2767,6.9233,4.6935,78.3967,69.3633,44.84,54.8133,87.4287,eo50,excess_oil,3,fault,495
54.4707,44.752,69.2987,78.392,37.6733,32.9633,83.4,92.5333,8.2867,3.9533,23.2567,117.7433,128.7833,95.0367,124.0333,65.238,269.8733,215.9167,5.1733,6.9733,4.7122,78.1567,69.1467,44.64,54.5433,87.4327,eo50,excess_oil,3,fault,500
51.707,45.2927,66.0187,72.0067,38.79,33.92,75.17,79.2,5.62,4.6,32.4733,115.88,125.0,90.0133,122.0167,46.3843,272.3533,215.64,3.54,6.5333,4.3687,71.65,65.8633,45.29,51.7967,57.633,eo50,excess_oil,3,fault,515
51.6087,45.2153,65.9947,71.9333,38.75,33.9,75.11,79.1,5.63,4.48,32.33,115.6567,125.4633,90.5533,121.85,46.4227,272.38,215.9333,3.5,6.4867,4.3581,71.64,65.85,45.2067,51.72,57.5417,eo50,excess_oil,3,fault,520
51.5687,45.1767,65.9773,71.881,38.7367,33.8933,75.12,79.1,5.6533,4.5467,32.2933,115.5633,125.2667,90.4333,121.66,46.4047,272.39,215.0,3.5667,6.4567,4.3399,71.56,65.81,45.2267,51.6933,57.2797,eo50,excess_oil,3,fault,525
51.5433,45.1513,65.9587,71.8497,38.6867,33.8633,75.08,79.0333,5.6567,4.4933,32.3167,115.5,125.1667,90.3567,121.5967,46.4033,272.2267,215.7967,3.5033,6.5,4.3559,71.5967,65.8233,45.1467,51.67,57.4903,eo50,excess_oil,3,fault,530
48.751,45.383,65.6123,68.9363,39.9067,34.92,70.84,72.4167,3.5333,4.88,52.3033,115.82,122.2333,86.28,122.55,35.5097,270.7367,215.4867,2.1067,5.5,2.9923,68.75,65.47,45.39,48.8567,30.227,eo50,excess_oil,3,fault,545
48.616,45.174,65.8733,69.223,40.1667,35.1733,71.0567,72.75,3.6167,4.5,52.3033,116.5033,122.3333,86.1033,123.6533,35.7023,270.2233,215.0567,1.99,5.03,3.0409,69.04,65.7567,45.2,48.7,30.8797,eo50,excess_oil,3,fault,550
48.5267,45.134,65.884,69.237,40.2133,35.2267,71.1933,72.9333,3.6,4.4733,52.25,117.17,122.2667,86.01,124.5233,35.69,270.4533,215.2033,2.1067,4.92,2.9993,69.0467,65.7533,45.12,48.6267,30.445,eo50,excess_oil,3,fault,555
48.4867,45.0913,65.8453,69.1937,40.2267,35.2333,71.1867,72.95,3.6033,4.46,52.2867,117.76,122.1667,85.95,125.1233,35.7193,270.6633,215.2133,2.22,4.8233,2.9995,69.0067,65.7067,45.0667,48.5867,30.473,eo50,excess_oil,3,fault,560
50.15,41.81,78.8397,86.559,37.69,32.96,91.2367,106.7,8.0533,2.5367,22.8133,117.5433,130.1833,96.53,124.3467,68.0227,269.8933,215.42,4.4633,3.8933,3.869,86.7733,79.0067,41.55,50.2733,74.8473,eo50,excess_oil,3,fault,580
50.2827,41.6253,79.7747,87.9527,37.1333,32.4433,92.3933,109.0167,7.93,2.68,22.76,116.94,130.1833,96.8867,124.0767,71.2833,269.6,215.4533,4.5633,4.2267,3.834,87.8233,79.7733,41.3633,50.34,77.7297,eo50,excess_oil,3,fault,585
49.786,40.8887,79.94,88.3847,36.7467,32.11,92.7533,109.8,8.0267,2.4233,22.6033,116.5,129.65,96.8633,123.8067,73.422,269.5033,215.49,4.6367,3.9233,3.8252,88.15,79.88,40.6333,49.7967,79.881,eo50,excess_oil,3,fault,590
49.4537,40.5217,79.8773,88.3933,36.5,31.9067,92.67,109.55,8.0367,2.2533,22.5033,116.2067,129.9333,97.3967,123.64,73.5883,269.6567,215.3467,4.5933,3.8867,3.8297,88.0867,79.7967,40.3767,49.5933,80.152,eo50,excess_oil,3,fault,595
49.978,41.0127,79.951,88.5127,36.5267,31.9067,93.0067,110.2833,8.0933,2.65,22.5867,115.9533,129.8333,97.35,123.4867,74.5387,269.7367,215.5233,4.75,4.3433,3.7966,88.2633,79.92,40.83,50.14,80.4827,eo50,excess_oil,3,fault,600
47.0343,40.894,80.6987,86.7627,37.56,32.8533,89.9867,104.35,6.3067,2.3267,29.6567,115.8867,129.0833,95.2467,123.57,58.3803,270.22,215.1467,3.45,3.1633,3.3147,86.5633,80.6867,40.6967,47.0833,55.0417,eo50,excess_oil,3,fault,615
46.9027,40.6993,80.8913,86.9703,37.6,32.9067,90.02,104.4167,6.3233,2.2267,29.61,116.0367,129.1167,95.24,123.8433,58.5063,270.1667,215.1333,3.3767,2.8767,3.343,86.6433,80.7467,40.4967,46.9067,55.6247,eo50,excess_oil,3,fault,620
46.8253,40.6133,80.855,86.924,37.59,32.8833,90.02,104.4167,6.42,2.17,29.53,116.14,129.1333,95.2967,123.9933,58.4917,270.0267,214.9233,3.39,2.88,3.3426,86.6333,80.7267,40.45,46.8267,55.6063,eo50,excess_oil,3,fault,625
46.7573,40.544,80.8197,86.896,37.5933,32.8933,89.99,104.3167,6.4433,2.1233,29.5233,116.2933,129.2667,95.46,124.12,58.4263,269.7067,214.7867,3.4267,2.8333,3.345,86.59,80.7067,40.4,46.8,55.5863,eo50,excess_oil,3,fault,630
44.089,40.4253,80.93,84.8663,37.7767,33.0567,86.46,98.05,4.1467,2.3833,44.6233,117.1233,128.0333,93.8867,125.5133,46.1493,270.7533,214.8733,1.8333,2.4433,2.4994,84.66,80.7733,40.1933,44.0567,32.8053,eo50,excess_oil,3,fault,645
43.4527,39.8117,80.6623,84.5453,37.92,33.1633,85.6367,96.6,3.2933,1.7833,44.7867,117.7333,126.74,93.3533,126.16,45.1607,271.2633,215.1833,1.3633,1.8433,2.541,84.3,80.5133,39.73,43.4267,32.6353,eo50,excess_oil,3,fault,650
43.4327,39.903,80.3093,84.0563,37.9733,33.1933,85.28,95.9667,3.3733,1.8233,45.5533,118.22,127.6433,93.42,126.6367,44.2337,271.1833,214.8,1.4967,1.9267,2.5126,83.8067,80.2067,39.8833,43.5133,31.61,eo50,excess_oil,3,fault,655
43.722,40.2663,80.2687,83.962,37.91,33.14,85.5567,96.4833,3.88,2.2067,46.31,118.6833,126.67,93.3333,127.09,44.35,270.7833,215.0033,1.76,2.2467,2.4541,83.8133,80.1867,40.1467,43.84,30.9563,eo50,excess_oil,3,fault,660
50.958,40.5797,69.5753,79.2887,35.3967,30.9067,84.57,94.8,8.75,2.7433,21.0733,116.5467,127.2033,95.8,122.7767,71.3767,268.8833,215.73,5.5267,4.91,4.5956,79.1,69.4433,40.3467,51.01,93.2917,eo50,excess_oil,3,fault,685
50.7207,40.412,69.4733,79.161,35.2767,30.7867,84.33,94.3833,8.73,2.65,21.1333,115.8,127.0467,95.7433,121.91,71.265,269.0067,215.58,5.3333,4.91,4.5695,78.9967,69.3567,40.2033,50.83,92.6187,eo50,excess_oil,3,fault,690
45.9453,39.6653,69.5387,75.6243,35.9467,31.3767,78.1467,85.0833,6.0767,2.5633,29.24,114.49,124.85,92.6367,120.2633,50.172,271.0367,215.4033,3.5067,3.6267,3.9492,75.52,69.43,39.6,46.0733,56.3547,eo50,excess_oil,3,fault,710
45.992,39.66,69.7673,75.87,36.18,31.5833,79.2,85.4,6.3,2.3833,29.0,114.4,125.0667,92.5,120.1467,50.4167,271.2067,215.24,3.4967,3.4067,3.9608,75.7167,69.65,39.58,46.1,56.7933,eo50,excess_oil,3,fault,715
46.02,39.6853,69.8687,75.9353,36.25,31.6467,79.34,85.6333,6.2867,2.3733,28.8833,114.4,125.3,92.69,120.1267,50.5107,270.8633,215.08,3.5167,3.3333,3.9518,75.82,69.73,39.58,46.1467,56.7703,eo50,excess_oil,3,fault,720
43.34,40.117,69.926,73.3313,37.0567,32.3633,74.94,78.7667,3.55,2.7667,49.2733,115.14,123.1667,89.8933,122.09,37.79,271.76,215.1633,1.8567,2.9633,2.6876,73.0667,69.78,40.0733,43.3667,28.887,eo50,excess_oil,3,fault,735
43.1867,39.9767,69.9197,73.31,37.13,32.43,74.96,78.75,3.6567,2.6867,49.39,115.9733,123.1333,89.8233,123.24,37.8503,271.3367,215.1,1.8267,2.7867,2.671,73.0933,69.7667,39.92,43.1733,28.7563,eo50,excess_oil,3,fault,740
43.115,39.91,69.9807,73.3593,37.2,32.5067,75.0633,78.9833,3.75,2.62,49.3367,116.83,123.2833,89.6567,124.1433,37.901,271.4,214.6667,1.95,2.66,2.6589,73.12,69.8333,39.8867,43.1133,28.6623,eo50,excess_oil,3,fault,745
43.077,39.882,70.035,73.4167,37.2633,32.57,75.12,79.0833,3.69,2.5333,49.23,117.5133,123.1333,89.4467,124.8,37.95,271.5767,214.8267,1.89,2.57,2.655,73.24,69.8767,39.8433,43.1,28.6567,eo50,excess_oil,3,fault,750
49.5197,40.4853,64.7997,73.21,35.2133,30.7,77.99,83.6167,7.8267,3.1433,23.8167,116.8767,125.0833,93.7133,122.7533,59.6763,271.07,215.48,5.0767,5.1367,4.7803,72.9333,64.69,40.3267,49.58,81.132,eo50,excess_oil,3,fault,770
49.4147,40.4227,64.6647,73.1133,35.06,30.5633,77.73,83.1,7.7467,3.0733,23.84,115.9233,125.0333,93.7667,121.5433,59.576,270.8667,215.25,4.9,5.1933,4.7605,72.79,64.5367,40.2533,49.5233,80.6643,eo50,excess_oil,3,fault,775
49.5667,40.492,64.7047,73.147,34.9767,30.5033,77.89,83.3833,7.6633,3.1167,23.7033,115.1667,124.9833,93.8233,120.5167,59.8793,270.39,215.2667,5.0433,5.3933,4.7815,72.8733,64.6033,40.3767,49.7,81.4297,eo50,excess_oil,3,fault,780
46.8947,40.2803,64.884,71.2413,35.26,30.7467,74.63,78.3267,5.8867,3.38,29.2167,113.8867,123.75,92.0,119.1733,48.2773,269.4667,215.0233,3.7367,4.9467,4.3196,70.9333,64.75,40.18,46.9,59.3137,eo50,excess_oil,3,fault,795
46.8413,40.2077,64.8947,71.2387,35.2733,30.7833,74.63,78.32,5.9167,3.2667,29.1167,113.7533,123.35,91.73,119.1367,48.3143,269.6567,215.1867,3.6667,4.85,4.327,70.9667,64.7667,40.1333,46.8533,59.4583,eo50,excess_oil,3,fault,800
46.8107,40.186,64.8733,71.216,35.2633,30.7533,74.57,78.2167,5.95,3.27,29.0733,113.6333,123.5833,91.95,119.0467,48.272,269.3,214.9433,3.6533,4.8667,4.3197,70.9033,64.7333,40.1,46.8067,59.3057,eo50,excess_oil,3,fault,805
46.7907,40.1553,64.868,71.2133,35.3167,30.81,74.62,78.2567,5.8933,3.2567,29.0367,113.4467,123.4,91.81,119.0,48.2677,269.3967,214.73,3.68,4.7967,4.3226,70.9333,64.7267,40.0933,46.8,59.3413,eo50,excess_oil,3,fault,810
44.1653,40.7103,64.6673,68.254,37.1967,32.4933,70.2967,71.55,3.7533,2.99,47.6233,114.1667,120.7833,87.31,120.2267,36.1983,270.1867,214.84,2.26,3.3667,3.0032,68.0267,64.56,40.55,44.2433,30.921,eo50,excess_oil,3,fault,825
43.9777,40.5053,64.69,68.278,37.3133,32.6133,70.3067,71.5833,3.9067,2.8067,47.2833,114.8733,120.7833,87.1,121.3267,36.2433,270.13,214.8767,2.2933,3.0433,3.0168,68.0533,64.53,40.3967,44.0,31.098,eo50,excess_oil,3,fault,830
43.8673,40.4373,64.7393,68.33,37.4267,32.74,70.3967,71.6,3.9933,2.7033,47.2367,115.4833,121.0167,87.21,122.2167,36.3087,270.2233,215.2533,2.2167,2.9033,2.9822,68.1,64.6433,40.3333,43.89,30.7963,eo50,excess_oil,3,fault,835
43.8047,40.3907,64.6993,68.294,37.46,32.7533,70.3733,71.6667,3.97,2.6467,47.1333,115.9467,120.8333,87.0667,122.67,36.2597,270.03,215.0233,2.2967,2.8067,2.9688,68.0367,64.5733,40.2333,43.8633,30.617,eo50,excess_oil,3,fault,840
64.424,58.636,79.619,84.96,47.3267,42.63,88.72,102.0733,7.3667,8.8,41.5167,124.5933,132.9333,89.2667,133.95,50.9937,264.18,215.3833,3.56,11.3467,3.5796,85.1267,79.75,58.6567,64.52,51.9177,eo68--unsteady test1,excess_oil,4,fault,25
64.2453,57.9923,80.986,86.7513,46.92,42.2267,90.6333,105.5667,7.6033,8.3267,38.6267,126.1333,133.4667,90.31,134.88,54.13,263.3967,215.5267,3.79,11.0967,3.6501,86.8367,81.0667,58.0533,64.3667,56.183,eo68--unsteady test1,excess_oil,4,fault,30
64.168,57.5133,82.1113,88.2897,46.3967,41.6633,92.4167,109.1333,8.0267,8.2267,36.6167,126.9233,134.2667,91.6667,135.17,57.1717,262.8467,215.4233,4.0833,11.1533,3.6742,88.35,82.12,57.5167,64.2867,59.744,eo68--unsteady test1,excess_oil,4,fault,35
63.899,56.7283,83.44,90.1213,46.0267,41.2967,94.5567,113.3133,8.59,7.7433,33.94,127.18,134.8333,92.73,135.46,61.0567,262.4233,215.38,4.26,10.6967,3.7056,90.2767,83.4733,56.74,63.9733,64.344,eo68--unsteady test1,excess_oil,4,fault,40
56.03,49.7757,85.5287,91.8143,42.93,38.05,95.1467,114.46,7.3833,4.94,33.73,126.79,133.8833,95.0233,135.19,60.8027,262.4233,215.2533,3.5667,6.76,3.244,91.58,85.2533,49.7133,56.11,56.0997,eo68--unsteady test1,excess_oil,4,fault,55
55.9927,49.789,85.422,91.61,42.7767,37.8667,95.0167,114.1667,7.3633,4.9633,34.29,126.6433,133.3333,94.48,134.91,60.688,262.6233,215.56,3.5067,6.9967,3.2292,91.4867,85.2,49.7133,56.11,55.737,eo68--unsteady test1,excess_oil,4,fault,60
56.0453,49.8787,85.4007,91.5553,42.6933,37.78,94.9667,114.1167,7.3467,5.0733,34.4267,126.43,133.6,94.9233,134.85,60.5887,262.4767,215.1433,3.54,7.18,3.2113,91.4533,85.2067,49.8667,56.2267,55.3393,eo68--unsteady test1,excess_oil,4,fault,65
56.186,50.016,85.4087,91.562,42.6633,37.79,95.0133,114.1333,7.4567,5.1133,34.6033,126.11,133.3667,94.7533,134.75,60.5917,262.7633,215.2433,3.57,7.33,3.2098,91.46,85.2467,49.9767,56.4067,55.3147,eo68--unsteady test1,excess_oil,4,fault,70
53.336,49.9773,85.7143,89.2593,43.11,38.2433,90.96,106.2,4.5933,5.98,54.1433,126.6033,131.95,92.6233,136.13,44.9183,263.1967,215.2133,2.1067,6.8433,2.3584,88.8967,85.45,49.9767,53.34,30.1263,eo68--unsteady test1,excess_oil,4,fault,85
53.2407,50.011,85.6107,89.0293,43.2167,38.3367,90.77,105.8167,4.71,5.97,55.9433,127.7833,132.1,92.6267,137.47,44.334,263.24,215.24,2.0733,6.89,2.2974,88.7133,85.3433,50.08,53.3767,28.9713,eo68--unsteady test1,excess_oil,4,fault,90
53.5707,50.277,85.5973,89.051,43.21,38.3467,91.2733,106.7833,5.2767,6.16,56.42,128.72,131.65,92.19,138.55,45.26,263.29,214.8867,2.2667,7.0067,2.2899,88.9867,85.4767,50.18,53.6367,29.4853,eo68--unsteady test1,excess_oil,4,fault,95
53.3087,50.052,85.6643,89.0977,43.6433,38.8433,90.94,106.1667,4.75,5.6867,56.03,129.4667,131.9333,92.0733,139.3033,44.5297,263.2733,214.6767,2.1367,6.43,2.3001,88.8,85.3933,50.05,53.3633,29.1263,eo68--unsteady test1,excess_oil,4,fault,100
59.7387,51.3367,74.2527,82.3407,42.0533,37.1567,87.2833,99.5167,8.82,6.0033,28.03,127.1933,130.8333,92.7867,134.77,61.2693,261.6367,215.28,5.02,9.18,4.3242,82.2733,74.2833,51.28,59.8733,75.349,eo68--unsteady test1,excess_oil,4,fault,120
59.8057,51.0717,74.7593,83.1457,41.31,36.4133,88.3,101.2833,9.28,6.16,27.1267,125.7033,131.3,94.2067,133.01,63.5977,261.12,215.6533,5.2433,9.7333,4.3385,83.0733,74.75,51.0667,60.03,78.4737,eo68--unsteady test1,excess_oil,4,fault,125
60.1193,51.1463,75.1937,83.7807,40.74,35.8,89.1167,102.7667,9.6867,6.5633,26.95,124.6367,131.2167,94.5867,131.7233,65.493,260.8233,215.1967,5.4433,10.37,4.3198,83.6933,75.1567,51.1467,60.31,80.464,eo68--unsteady test1,excess_oil,4,fault,130
56.5743,50.3843,75.8247,81.817,41.7867,36.89,85.07,95.5667,6.5567,6.1567,34.8367,122.5767,130.0333,92.06,130.36,51.6423,266.3467,215.57,3.6033,8.6667,3.7853,81.4433,75.7233,50.4767,56.81,55.5797,eo68--unsteady test1,excess_oil,4,fault,145
56.79,50.6287,75.938,81.882,41.8467,36.9533,85.32,96.0333,6.74,6.3233,35.34,122.69,130.0667,92.1767,129.5467,52.0103,265.89,215.51,3.62,8.7733,3.7396,81.7033,75.9233,50.6133,56.98,55.3187,eo68--unsteady test1,excess_oil,4,fault,150
56.85,50.665,76.0153,81.9673,41.84,36.94,85.3433,96.05,6.72,6.35,35.44,122.9267,130.0,92.17,130.6167,52.0877,265.5267,215.2733,3.5733,8.8533,3.7473,81.7767,75.9733,50.7133,57.0467,55.514,eo68--unsteady test1,excess_oil,4,fault,155
56.9747,50.7547,76.0373,81.9967,41.7467,36.8467,85.47,96.2667,6.8033,6.51,35.4367,123.19,129.95,92.2167,130.78,52.237,265.8633,214.97,3.6533,9.0533,3.7512,81.8,75.9967,50.83,57.1833,55.7293,eo68--unsteady test1,excess_oil,4,fault,160
53.3367,50.654,75.7687,78.5913,43.5967,38.7667,80.24,87.15,3.7167,6.5633,64.38,126.33,128.1067,87.4167,136.03,36.932,266.2333,214.9967,1.7633,7.08,2.2882,78.4933,75.71,50.7067,53.4133,24.0353,eo68--unsteady test1,excess_oil,4,fault,180
53.519,50.824,75.802,78.614,43.1433,38.2567,80.4,87.4,3.7567,7.13,65.4133,127.9133,128.1733,87.9367,137.5467,37.0237,266.4367,214.8567,1.84,7.7133,2.2915,78.56,75.7633,50.8633,53.64,24.1303,eo68--unsteady test1,excess_oil,4,fault,185
53.5067,50.7813,75.8887,78.7353,43.2667,38.4267,80.5,87.5667,3.8333,6.9733,64.98,129.0233,126.5133,87.87,138.62,37.2707,266.5533,215.1333,1.8167,7.5133,2.3058,78.6933,75.85,50.7833,53.5667,24.441,eo68--unsteady test1,excess_oil,4,fault,190
59.318,50.879,69.4227,77.196,41.1533,36.2467,82.1767,90.52,8.41,6.3,28.6267,126.48,128.6833,91.68,133.73,57.663,266.4267,215.1133,4.82,9.7367,4.6118,77.34,69.4367,50.86,59.5433,75.6327,eo68--unsteady test1,excess_oil,4,fault,210
59.3073,50.5927,69.95,78.0653,41.02,36.1167,82.81,91.6333,8.2933,6.0633,28.01,125.1133,129.35,92.52,131.9467,59.143,266.07,215.3867,4.8767,9.4733,4.6487,77.9533,69.79,50.5467,59.47,78.1907,eo68--unsteady test1,excess_oil,4,fault,215
59.0763,50.3887,69.846,77.97,40.8367,35.92,82.64,91.4,8.1667,5.9733,28.0633,124.05,130.1033,92.5333,130.71,58.8993,266.1867,215.4367,4.8333,9.5,4.6573,77.8,69.6767,50.3533,59.2567,78.0183,eo68--unsteady test1,excess_oil,4,fault,220
55.8447,49.8987,65.5267,71.2417,41.5333,36.6333,74.24,77.7333,5.6333,6.1167,36.8467,121.66,125.4633,87.9367,128.94,43.8273,267.7867,215.35,3.4233,8.4033,4.2813,70.8133,65.3,49.9233,56.0333,53.3657,eo68--unsteady test1,excess_oil,4,fault,235
55.9353,50.0133,65.4673,71.0627,41.44,36.5333,74.16,77.6,5.8133,6.2867,37.0967,121.4533,125.5667,88.1133,128.6233,43.7843,267.8267,214.9133,3.4033,8.59,4.2593,70.8,65.3267,50.0567,56.0733,53.0393,eo68--unsteady test1,excess_oil,4,fault,240
55.966,50.0347,65.5047,71.0747,41.49,36.58,74.22,77.7167,5.8533,6.2833,37.11,121.29,125.5733,88.0567,128.5367,43.7667,267.7067,214.8033,3.4233,8.58,4.2656,70.8167,65.34,50.0567,56.0867,53.097,eo68--unsteady test1,excess_oil,4,fault,245
55.914,49.9947,65.4753,71.052,41.46,36.5767,74.21,77.6333,5.8467,6.3133,37.2,121.23,125.41,87.89,128.42,43.724,267.85,214.9033,3.4033,8.5033,4.2629,70.7967,65.3133,49.99,56.05,53.0123,eo68--unsteady test1,excess_oil,4,fault,250
55.641,49.9403,65.614,70.963,41.3333,36.3967,73.8567,77.1167,5.5,6.49,37.9067,121.0233,124.98,87.77,128.4433,42.15,267.86,214.9733,3.22,8.6233,4.2641,70.6033,65.53,49.9333,55.5633,51.062,eo68--unsteady test1,excess_oil,4,fault,255
53.4153,49.9987,63.0587,66.4007,41.67,36.77,68.17,68.5,3.3,7.2233,56.2933,121.1267,121.3833,83.6367,129.29,34.3373,270.15,215.1367,1.9867,8.3667,3.139,66.1267,62.8467,50.0433,52.6333,30.656,eo68--unsteady test1,excess_oil,4,fault,265
53.43,50.0,63.035,66.3327,41.8967,36.9767,68.15,68.6167,3.5833,7.19,56.9967,121.76,121.7833,83.8067,131.0467,34.3823,269.7733,215.13,2.07,8.1533,3.1474,66.1333,62.8667,50.0267,54.34,30.778,eo68--unsteady test1,excess_oil,4,fault,270
53.4047,49.9733,63.018,66.31,41.8633,36.97,68.2567,68.7333,3.6233,7.19,56.9067,122.3067,121.8167,83.75,130.82,34.3253,269.8667,214.77,2.1233,8.13,3.1484,66.13,62.8267,50.0067,52.62,30.738,eo68--unsteady test1,excess_oil,4,fault,275
53.402,49.9813,63.0233,66.3073,41.8933,36.9867,68.2267,68.6833,3.73,7.1333,57.0133,122.8433,121.8333,83.9633,131.26,34.398,269.69,214.8033,2.14,8.09,3.1326,66.1267,62.84,50.0133,54.2867,30.6457,eo68--unsteady test1,excess_oil,4,fault,280
53.2337,46.6147,80.172,86.4783,40.4567,35.4567,90.4,105.12,7.4133,4.0267,30.3033,122.5433,130.8167,94.3933,130.22,58.9663,264.7133,215.1333,3.77,6.1667,3.538,86.6033,80.29,46.6,53.46,59.3327,eo68--unsteady test1,excess_oil,4,fault,305
54.044,47.1897,81.7837,88.3497,40.69,35.7,92.4433,109.15,7.8033,4.31,29.89,122.48,131.65,94.92,130.46,61.465,263.6433,215.2533,4.0067,6.4633,3.5174,88.4367,81.8967,47.1467,54.3,61.485,eo68--unsteady test1,excess_oil,4,fault,310
54.8143,47.784,83.1953,89.948,40.8467,35.9133,94.1633,112.5333,8.13,4.65,29.66,122.5567,132.6167,95.8967,130.7033,63.6173,263.1867,215.0933,4.19,6.9233,3.4821,90.01,83.25,47.7967,55.0767,63.0013,eo68--unsteady test1,excess_oil,4,fault,315
55.5943,48.465,84.308,91.2237,41.0467,36.1533,95.4633,115.1167,8.4167,4.93,29.6467,122.7967,133.15,96.03,130.9733,65.401,262.55,215.1667,4.1867,7.4533,3.4364,91.3,84.3067,48.4867,55.85,63.9187,eo68--unsteady test1,excess_oil,4,fault,320
50.4783,44.4547,85.2483,91.3593,39.7433,34.7633,94.3033,112.75,6.4733,3.2433,32.5067,123.9633,131.6333,95.97,132.21,61.2923,263.2367,214.9033,3.18,4.65,3.0948,91.12,84.9867,44.3733,50.6367,53.9527,eo68--unsteady test1,excess_oil,4,fault,335
50.726,44.6987,85.241,91.3123,39.78,34.78,94.3833,112.9,6.62,3.2867,32.8033,124.06,132.0167,96.2333,132.41,61.352,263.11,215.3267,3.2833,4.8833,3.101,91.0933,85.0033,44.6067,50.8567,54.1103,eo68--unsteady test1,excess_oil,4,fault,340
50.955,44.909,85.326,91.418,39.8267,34.8433,94.4933,113.1667,6.72,3.3233,32.9133,124.08,132.0,96.18,132.44,61.4483,263.1367,215.1133,3.28,5.0267,3.1015,91.2333,85.1067,44.8533,51.0967,54.2047,eo68--unsteady test1,excess_oil,4,fault,345
51.2787,45.2087,85.4207,91.5127,39.9133,34.91,94.73,113.6333,6.8567,3.5033,33.0433,124.1,131.9333,96.2333,132.51,61.5603,263.2967,215.0133,3.3267,5.2633,3.1082,91.3533,85.2033,45.1733,51.3933,54.4223,eo68--unsteady test1,excess_oil,4,fault,350
48.4167,44.9383,85.3273,89.0747,40.49,35.5233,90.6733,105.6,4.2967,3.9367,49.79,124.98,130.62,93.9467,134.39,46.485,263.99,214.7167,2.0367,4.44,2.3523,88.65,85.01,44.9467,48.4633,31.1103,eo68--unsteady test1,excess_oil,4,fault,365
48.692,45.2187,85.2517,88.965,40.7933,35.8533,90.9433,106.1333,4.8667,3.8433,50.6633,125.7267,130.6667,93.6767,135.37,47.1977,263.6833,214.6033,2.12,4.3167,2.3134,88.8233,85.1167,45.1367,48.7433,31.0563,eo68--unsteady test1,excess_oil,4,fault,370
48.5007,45.117,85.075,88.7037,40.6067,35.6267,90.3167,104.9333,4.5767,3.9867,51.0133,126.5033,130.2333,93.5533,136.06,45.9507,263.8,214.6767,1.9533,4.5367,2.3145,88.3533,84.8233,45.16,48.6233,30.251,eo68--unsteady test1,excess_oil,4,fault,375
48.8413,45.3647,85.305,88.9867,40.9667,36.0467,90.8967,106.0667,4.9233,3.8233,50.7167,127.0467,130.5,93.4267,136.52,47.1083,263.8033,214.7967,2.0333,4.3133,2.3236,88.8967,85.16,45.28,48.8767,31.134,eo68--unsteady test1,excess_oil,4,fault,380
54.7087,45.94,72.2493,80.597,38.62,33.8167,85.2667,95.95,8.1867,4.2267,24.4967,123.73,128.3133,94.5533,131.0467,63.323,268.2033,215.27,4.9167,7.1767,4.3665,80.3667,72.0067,45.7867,54.77,78.6387,eo68--unsteady test1,excess_oil,4,fault,405
54.592,45.752,71.8963,80.2897,38.4,33.5867,85.01,95.4333,8.22,4.23,25.0967,122.5567,129.1833,94.8733,129.6333,63.5147,268.4,215.33,4.9933,7.2633,4.3898,80.04,71.7,45.66,54.6867,79.2993,eo68--unsteady test1,excess_oil,4,fault,410
51.327,44.2657,75.775,82.524,39.2367,34.34,86.2,97.6333,6.6667,3.2167,27.69,120.8733,129.0,93.7233,128.12,57.507,268.81,214.9933,3.82,4.7,3.8673,82.45,75.8533,43.9567,51.18,63.2563,eo68--unsteady test1,excess_oil,4,fault,420
51.5903,44.91,75.3813,81.7853,38.3067,33.5033,85.3767,96.1667,6.69,4.3167,30.3167,120.59,129.21,93.9733,128.06,55.6503,268.7333,214.94,3.8167,6.5567,3.781,81.6067,75.3,44.8833,51.7967,59.8453,eo68--unsteady test1,excess_oil,4,fault,430
51.7153,45.0167,75.492,81.9247,38.4567,33.6633,85.4933,96.3167,6.75,4.28,30.2767,120.53,128.5167,93.89,128.18,55.8247,268.48,214.7333,3.7433,6.4233,3.7753,81.7433,75.4267,44.9,51.8333,59.9427,eo68--unsteady test1,excess_oil,4,fault,435
51.5607,44.8427,75.5307,81.986,38.55,33.7567,85.52,96.3833,6.73,4.0967,30.0533,120.4233,128.2867,93.81,128.23,55.859,268.7433,214.98,3.76,6.2167,3.7874,81.78,75.4933,44.77,51.6667,60.1697,eo68--unsteady test1,excess_oil,4,fault,440
48.4773,45.6093,75.214,78.2803,41.13,36.2167,79.91,86.55,3.5933,4.0767,57.26,122.0533,127.92,89.86,130.8033,38.384,269.7333,215.0,1.7,4.37,2.3539,78.1867,75.14,45.5167,48.5067,25.697,eo68--unsteady test1,excess_oil,4,fault,455
48.2233,45.3583,75.2747,78.3153,41.1967,36.2867,79.89,86.5667,3.4833,3.8567,57.23,123.75,127.8367,89.6467,132.71,38.4717,269.75,214.84,1.7033,4.1033,2.3436,78.2033,75.1667,45.2933,48.27,25.6437,eo68--unsteady test1,excess_oil,4,fault,460
48.05,45.2007,75.245,78.2987,41.1867,36.31,79.87,86.5167,3.5133,3.7833,57.16,124.9933,125.1267,89.4367,134.19,38.4403,269.77,215.0333,1.65,3.9467,2.3353,78.2,75.1533,45.15,48.1133,25.533,eo68--unsteady test1,excess_oil,4,fault,465
47.9393,45.1233,75.2183,78.2667,41.1833,36.2833,79.77,86.3333,3.5267,3.6967,57.23,125.94,126.8033,89.5067,135.22,38.3867,269.6867,214.9167,1.6267,3.86,2.3093,78.1667,75.1267,45.0067,47.9933,25.2107,eo68--unsteady test1,excess_oil,4,fault,470
52.9893,45.3107,66.8077,74.0593,38.6667,33.8267,77.96,83.4333,6.7967,4.1333,28.6167,124.69,127.4367,91.92,131.5833,53.0867,272.11,214.7833,4.2633,6.5067,4.5519,73.6533,66.5067,45.2067,53.08,68.7257,eo68--unsteady test1,excess_oil,4,fault,490
53.3717,45.6113,65.9323,73.2367,38.3367,33.5267,77.1167,82.2,6.8433,4.53,28.7167,123.2333,126.17,91.8533,129.77,52.8847,268.1567,214.9467,4.26,7.2133,4.6205,72.8633,65.7033,45.5633,53.5467,69.4957,eo68--unsteady test1,excess_oil,4,fault,495
54.0913,45.9917,66.0967,73.6277,38.1533,33.37,78.1967,83.8333,7.71,4.7933,27.5167,121.9533,126.2733,92.1333,128.4,55.1527,269.4633,215.1433,4.57,7.7167,4.6306,73.6167,66.0367,45.8967,54.3067,72.6327,eo68--unsteady test1,excess_oil,4,fault,500
51.84,45.7707,65.4753,71.204,38.51,33.7067,74.28,77.78,5.6433,5.22,34.6267,119.8433,124.9167,90.2067,126.6933,45.3337,271.3967,215.0333,3.36,7.22,4.2136,70.8867,65.3167,45.7367,51.9267,54.3293,eo68--unsteady test1,excess_oil,4,fault,515
51.762,45.7053,65.4673,71.1627,38.6133,33.8033,74.27,77.7633,5.6933,5.1867,34.5133,119.6667,124.7667,90.0833,126.62,45.3973,271.2867,214.8633,3.4033,7.0833,4.2006,70.8733,65.3233,45.6733,51.8733,54.2357,eo68--unsteady test1,excess_oil,4,fault,520
51.7407,45.6907,65.4673,71.1587,38.58,33.7533,74.25,77.7267,5.6733,5.1133,34.43,119.6133,124.7333,90.0,126.6233,45.3733,271.4533,215.0567,3.3967,7.09,4.2039,70.8633,65.31,45.6467,51.8333,54.2507,eo68--unsteady test1,excess_oil,4,fault,525
51.7367,45.68,65.4727,71.1507,38.6133,33.8,74.21,77.6833,5.6667,5.0833,34.5233,119.55,124.85,90.2133,126.43,45.3753,271.5967,214.9367,3.3533,7.0533,4.206,70.87,65.32,45.6467,51.8533,54.28,eo68--unsteady test1,excess_oil,4,fault,530
48.3113,44.9553,65.5233,68.9297,39.7567,34.8133,70.74,72.25,3.4767,4.6,51.69,119.8167,122.5167,86.6333,127.3667,35.6627,268.8533,214.42,2.1133,5.1833,2.9554,68.6233,65.29,44.92,48.3567,29.9817,eo68--unsteady test1,excess_oil,4,fault,545
48.3233,44.9727,65.4237,68.81,40.0,35.01,70.8,72.3667,3.7867,4.38,53.0533,120.48,122.5333,86.3533,128.5733,35.881,269.0567,214.7933,2.16,4.9167,2.9386,68.6467,65.29,44.89,48.3667,29.987,eo68--unsteady test1,excess_oil,4,fault,550
48.3657,45.0853,65.3237,68.641,39.66,34.7233,70.6567,72.0833,3.8033,4.7867,53.6633,121.17,122.0667,86.28,129.48,35.5883,269.2,214.5433,2.26,5.36,2.8959,68.4267,65.13,45.0233,48.44,29.3143,eo68--unsteady test1,excess_oil,4,fault,555
48.3287,45.071,65.3443,68.6543,39.85,34.89,70.5667,71.95,3.5733,4.6867,53.7367,121.8267,121.8333,85.8867,130.1067,35.4517,269.41,214.5,2.2067,5.16,2.8873,68.3933,65.1467,45.03,48.4433,29.114,eo68--unsteady test1,excess_oil,4,fault,560
48.3197,41.3617,75.3327,81.8063,37.5267,32.8167,85.75,96.8,6.7733,2.5367,27.02,121.5767,128.74,94.2867,128.57,57.9687,270.6433,214.4833,3.7733,3.51,3.7715,81.9633,75.4867,41.03,48.29,62.1797,eo68--unsteady test1,excess_oil,4,fault,580
48.326,41.112,76.2853,83.083,37.07,32.3867,86.96,98.9333,6.77,2.67,26.2433,120.87,128.1933,94.9667,128.0167,59.84,270.4733,214.95,3.8433,3.8267,3.7938,83.1033,76.3467,40.9167,48.3767,64.5663,eo68--unsteady test1,excess_oil,4,fault,585
48.4827,41.0623,77.1533,84.1943,37.01,32.3433,88.23,101.2,6.95,2.3367,25.5633,120.3167,129.2733,95.3333,127.6467,62.214,270.1367,214.9133,4.0367,3.8133,3.7536,84.2033,77.2233,40.84,48.59,66.41,eo68--unsteady test1,excess_oil,4,fault,590
48.5707,41.0033,77.8423,85.0883,37.1967,32.5033,88.9933,101.69,6.9133,1.7767,25.13,119.9533,129.9367,95.7167,127.36,63.6207,269.69,214.6967,4.17,3.5267,3.741,84.8733,77.79,40.7667,48.7067,67.6877,eo68--unsteady test1,excess_oil,4,fault,595
48.711,41.0007,78.1697,85.5297,37.2467,32.5533,89.48,103.4733,7.0333,1.3667,24.79,119.72,130.3533,96.1733,127.16,65.2207,269.9067,215.02,4.2167,3.5533,3.7245,85.3233,78.1467,40.8067,48.84,69.0837,eo68--unsteady test1,excess_oil,4,fault,600
47.1343,40.8123,80.684,86.9337,37.4433,32.72,89.87,104.1433,5.8733,1.9367,28.5767,119.64,129.5167,95.8633,127.42,60.254,269.6167,214.6233,3.3867,3.1067,3.3008,86.4967,80.52,40.5333,46.97,56.557,eo68--unsteady test1,excess_oil,4,fault,610
46.585,40.3583,80.5507,86.701,37.59,32.89,89.83,104.1167,6.1433,1.1333,27.82,119.7733,129.7167,95.92,127.7,60.6207,269.0633,214.5167,3.4233,2.6133,3.2298,86.4233,80.4433,40.1833,46.6533,55.686,eo68--unsteady test1,excess_oil,4,fault,615
46.4153,40.2143,80.3913,86.502,37.5,32.8,89.59,103.6,6.2367,1.1,28.5967,120.02,129.4,95.7867,127.9433,60.1397,269.4133,214.58,3.37,2.62,3.2404,86.1867,80.3267,40.1133,46.4867,55.4233,eo68--unsteady test1,excess_oil,4,fault,620
46.3873,40.1767,80.3747,86.4753,37.4333,32.7267,89.5567,103.5667,6.2133,1.1333,28.7067,120.22,129.1667,95.73,128.05,60.0877,269.6067,214.5633,3.3467,2.6433,3.2478,86.2067,80.2933,40.0833,46.43,55.503,eo68--unsteady test1,excess_oil,4,fault,625
46.39,40.162,80.3753,86.4647,37.44,32.74,89.5967,103.7167,6.1967,1.0733,28.6967,120.3367,129.5833,95.9667,128.22,60.0067,269.49,214.44,3.44,2.62,3.2594,86.16,80.3167,40.0533,46.4333,55.629,eo68--unsteady test1,excess_oil,4,fault,630
43.778,40.4153,79.8907,83.56,38.0567,33.2933,85.04,95.4667,3.71,2.1533,47.35,121.1767,128.5167,93.42,129.8067,43.749,270.0133,214.3933,1.8333,2.2867,2.4142,83.19,79.6933,40.3667,43.92,30.039,eo68--unsteady test1,excess_oil,4,fault,645
44.2187,40.8703,79.8827,83.5437,37.7033,32.9833,85.3067,96.0167,4.2933,2.7367,48.0667,122.2967,127.6267,93.6367,130.9533,44.509,270.5067,214.41,1.92,3.0067,2.3636,83.4233,79.85,40.74,44.33,29.9187,eo68--unsteady test1,excess_oil,4,fault,650
44.296,40.9087,80.2033,83.9017,38.0967,33.3067,85.7267,96.7667,4.3533,2.4,47.2833,123.0533,126.92,93.37,131.78,45.0013,270.2533,214.4733,1.9833,2.6433,2.367,83.7633,80.09,40.7467,44.3733,30.296,eo68--unsteady test1,excess_oil,4,fault,655
44.1573,40.702,80.1247,83.8753,38.1567,33.3733,85.6533,96.6833,4.3633,2.2767,47.0567,123.6433,128.61,93.5133,132.28,45.0553,270.1667,214.3567,1.9867,2.3133,2.4074,83.65,80.0133,40.5067,44.2167,30.851,eo68--unsteady test1,excess_oil,4,fault,660
51.0313,42.8623,67.335,75.1607,36.4333,31.8167,79.65,86.1333,7.5633,3.83,26.5133,122.43,127.1433,93.7933,129.4333,57.6323,269.8767,215.0933,4.7933,6.26,4.4661,74.8667,67.1333,42.67,51.1967,73.2213,eo68--unsteady test1,excess_oil,4,fault,680
50.7673,41.925,67.9087,76.1877,36.1233,31.55,81.11,88.65,7.7667,3.36,24.0433,121.23,127.0833,94.7667,127.98,61.7917,269.9333,215.0167,4.9333,5.4533,4.5082,76.2067,67.8633,41.63,50.8467,79.222,eo68--unsteady test1,excess_oil,4,fault,685
50.7427,41.412,68.7087,77.4063,35.88,31.33,82.4467,90.9867,7.8633,3.0867,22.6733,120.27,126.6533,95.5733,126.73,65.2027,269.1967,215.21,4.96,5.2467,4.5114,77.4367,68.6867,41.1467,50.9067,83.6623,eo68--unsteady test1,excess_oil,4,fault,690
45.8413,39.2173,70.3217,76.7463,36.3667,31.77,80.14,86.95,6.2667,1.03,26.96,118.92,126.6333,94.0933,125.5133,53.9823,269.8733,214.6533,3.6767,2.6667,3.8603,76.4533,70.0933,39.0367,45.8133,59.264,eo68--unsteady test1,excess_oil,4,fault,705
45.5313,39.0767,69.8313,76.0807,36.3033,31.7033,79.43,85.8,6.27,1.06,27.77,118.7833,127.2367,93.9567,125.3,52.4633,269.8133,214.7567,3.5867,2.6867,3.8728,75.8733,69.6433,39.0067,45.5933,57.7883,eo68--unsteady test1,excess_oil,4,fault,710
45.4762,39.0514,69.7259,75.9238,36.169,31.5759,79.2828,85.5724,6.2931,1.2414,27.8931,118.7172,126.5103,94.0552,125.1241,51.9541,270.3724,214.5655,3.6034,2.8207,3.8893,75.7241,69.5724,38.9483,45.531,57.4645,eo68--unsteady test1,excess_oil,4,fault,715
45.641,39.3873,69.5223,75.625,35.4667,30.96,78.1067,85.0333,6.0467,2.6367,29.1167,118.5333,125.5133,93.6167,124.9167,50.869,269.94,214.52,3.51,3.7467,3.866,75.4533,69.4067,39.2267,45.81,55.932,eo68--unsteady test1,excess_oil,4,fault,720
43.38,40.3363,69.818,73.1593,37.95,33.19,74.27,77.7733,2.5533,2.2433,50.4933,119.34,123.9,89.79,127.0533,37.079,270.9167,214.4967,1.6567,2.3067,2.5815,72.61,69.4733,40.2733,43.4467,27.2227,eo68--unsteady test1,excess_oil,4,fault,735
43.5467,40.4867,69.3107,72.5753,37.2833,32.5833,74.29,77.8,3.4767,2.9167,52.11,120.4367,123.3167,89.7333,128.56,37.358,271.19,214.48,1.9267,3.1267,2.5721,72.3667,69.1867,40.4067,43.6,27.33,eo68--unsteady test1,excess_oil,4,fault,740
43.5287,40.44,69.668,72.9737,37.6367,32.9333,74.74,78.47,3.59,2.5933,52.0467,121.4167,123.9333,89.9533,129.63,37.82,270.9367,214.09,1.94,2.67,2.5635,72.79,69.5533,40.29,43.5733,27.5737,eo68--unsteady test1,excess_oil,4,fault,745
43.4013,40.3233,69.8567,73.1627,37.89,33.1333,74.74,78.4833,3.53,2.35,50.88,122.2733,123.8833,89.6767,129.5167,37.9403,270.5533,214.2,1.73,2.2633,2.5499,72.9867,69.74,40.1733,43.46,27.5153,eo68--unsteady test1,excess_oil,4,fault,750
50.012,41.923,63.7153,71.1947,35.9167,31.35,75.7267,80.05,7.16,3.7933,26.6067,121.4533,125.05,92.9567,128.0267,54.7547,271.6233,214.76,4.6633,5.7367,4.6468,71.1,63.6067,41.6567,50.17,72.3703,eo68--unsteady test1,excess_oil,4,fault,770
49.996,41.2383,64.4937,72.614,35.4733,30.97,77.4333,82.6333,7.59,3.3333,24.5267,120.2767,125.51,93.86,126.6867,58.7823,270.2533,214.5667,4.8933,5.44,4.683,72.5333,64.4467,40.91,50.0567,78.294,eo68--unsteady test1,excess_oil,4,fault,775
49.9127,40.9367,64.8313,73.2083,35.26,30.7533,78.0233,83.65,7.6233,3.18,24.03,119.5133,125.77,94.39,125.6833,60.2213,270.47,214.58,5.0333,5.4367,4.6865,72.99,64.6967,40.7067,50.0567,80.267,eo68--unsteady test1,excess_oil,4,fault,780
46.7137,40.1127,64.8263,71.24,35.5,30.9967,74.64,78.3667,5.98,3.0867,29.2267,118.1067,124.8833,93.0233,124.3767,48.7933,268.2133,214.4967,3.7567,4.4333,4.2504,70.8933,64.67,39.9567,46.78,58.9857,eo68--unsteady test1,excess_oil,4,fault,795
46.4753,39.8797,64.73,71.119,35.7,31.1933,74.54,78.22,5.9867,2.8433,29.0733,117.7667,124.65,92.7233,124.1967,48.5823,268.5067,214.9167,3.7633,4.0867,4.2783,70.7867,64.6067,39.7633,46.5733,59.1133,eo68--unsteady test1,excess_oil,4,fault,800
46.5897,40.1203,64.6313,70.89,35.63,31.1467,74.24,77.7267,5.93,3.0333,29.4867,117.6833,124.5167,92.45,124.14,47.9993,268.3933,214.48,3.6133,4.3633,4.2348,70.6333,64.5033,40.0267,46.7667,57.8127,eo68--unsteady test1,excess_oil,4,fault,805
46.784,40.332,64.678,70.9217,35.5333,31.06,74.28,77.7933,5.9333,3.1733,29.7,117.5467,124.7667,92.89,124.1333,48.0033,268.3933,214.6667,3.6,4.5867,4.2291,70.6567,64.54,40.1733,46.8267,57.74,eo68--unsteady test1,excess_oil,4,fault,810
43.6993,40.282,64.5687,68.1673,36.68,32.04,70.2267,71.45,3.8933,3.1467,47.7367,118.1867,121.8,88.67,125.4267,36.6217,269.3367,214.6867,2.3367,3.5033,2.9336,67.8933,64.44,40.18,43.77,30.5567,eo68--unsteady test1,excess_oil,4,fault,825
43.5823,40.1073,64.6313,68.25,36.6533,32.0333,70.4767,71.75,3.9667,3.1267,47.4433,118.8467,121.7167,88.5833,126.44,36.865,269.0367,214.61,2.4133,3.4233,2.9598,68.0133,64.4767,40.0433,43.6333,31.0317,eo68--unsteady test1,excess_oil,4,fault,830
43.4547,39.9713,64.622,68.246,36.7267,32.0967,70.39,71.6667,3.94,2.9,47.2833,119.36,121.7167,88.5633,127.11,36.824,268.6367,214.36,2.4067,3.1667,2.9749,67.99,64.5033,39.8667,43.4667,31.156,eo68--unsteady test1,excess_oil,4,fault,835
43.348,39.8777,64.6313,68.262,36.82,32.1633,70.4333,71.7667,3.9867,2.8267,47.1367,119.7467,121.65,88.5433,127.6467,36.8787,269.17,214.57,2.4333,3.0,2.9617,68.0,64.51,39.8367,43.3667,31.0643,eo68--unsteady test1,excess_oil,4,fault,840
60.6767,51.5713,85.3087,93.8793,43.1,38.2267,101.0133,126.3167,10.96,5.35,27.72,108.6867,153.9567,114.2067,114.72,78.0767,267.36,215.7,7.5067,8.2667,3.6848,93.47,85.0767,51.3933,60.6467,81.812,nc1,non_condensables,1,fault,25
60.3273,51.1887,85.402,94.094,42.8267,37.9233,101.34,127.13,11.12,5.1267,27.7333,109.77,153.0567,114.34,115.4467,79.6693,266.5533,215.06,7.6467,8.21,3.6158,93.7067,85.2067,51.0433,60.4167,81.9267,nc1,non_condensables,1,fault,30
60.138,50.9187,85.4073,94.1873,42.6567,37.7433,101.8133,128.0267,11.48,4.9833,27.7233,110.44,153.24,114.73,115.8933,81.128,266.6167,215.3567,8.0067,8.1367,3.5843,93.8133,85.2467,50.7967,60.25,82.704,nc1,non_condensables,1,fault,35
60.0527,50.8493,85.3953,94.19,42.5433,37.6267,102.7533,130.2333,12.51,5.0733,26.9267,110.8133,152.4633,114.9033,116.3633,81.221,266.8933,215.3533,9.0,8.2467,3.5738,93.74,85.1667,50.76,60.21,82.5543,nc1,non_condensables,1,fault,40
55.1903,48.878,85.6327,91.863,42.4267,37.5233,98.7767,121.6667,10.2233,4.55,33.7233,111.7067,151.6,113.24,117.2533,62.219,268.3367,214.7,7.4033,6.41,3.1913,91.3767,85.36,48.8467,55.3033,56.4793,nc1,non_condensables,1,fault,55
55.3503,49.1307,85.5047,91.622,42.4467,37.54,98.6233,121.4167,10.33,4.78,34.0867,111.8067,151.7133,113.1167,117.5133,61.8037,268.4,215.0733,7.3867,6.6233,3.1706,91.2933,85.3167,49.0733,55.5167,55.7337,nc1,non_condensables,1,fault,60
55.5533,49.2613,85.5547,91.67,42.4733,37.5667,98.6967,121.5667,10.33,4.8,34.17,111.9467,152.7667,113.3833,117.7067,61.91,268.44,215.09,7.3833,6.7133,3.2023,91.34,85.3367,49.2467,55.7067,56.386,nc1,non_condensables,1,fault,65
55.672,49.352,85.606,91.7193,42.5333,37.6267,98.7933,121.7333,10.4633,4.8667,34.2833,112.0667,151.78,113.23,117.7833,62.0233,268.94,214.82,7.4133,6.8533,3.2035,91.4067,85.3867,49.3667,55.86,56.5117,nc1,non_condensables,1,fault,70
54.0187,50.6743,85.8227,89.2547,44.0133,39.2267,94.1,112.4,7.75,6.0233,56.9433,113.8067,150.2733,110.13,120.93,44.254,269.0633,214.7667,5.1233,6.6633,2.3763,88.99,85.5533,50.6467,54.0833,29.908,nc1,non_condensables,1,fault,90
53.84,50.4607,85.768,89.22,44.0533,39.25,94.14,112.4,7.7233,5.8633,56.5567,114.56,150.3,110.05,121.8933,44.261,269.19,215.1067,5.1367,6.3867,2.4077,88.9633,85.4933,50.45,53.88,30.308,nc1,non_condensables,1,fault,95
53.684,50.306,85.74,89.193,44.0367,39.23,94.0267,112.2667,7.7367,5.7667,56.5533,115.0867,150.31,110.02,122.54,44.2153,268.8433,214.7867,5.0633,6.3167,2.4058,88.9533,85.5,50.33,53.7533,30.2533,nc1,non_condensables,1,fault,100
60.967,50.88,75.7803,85.2613,41.62,36.7133,95.3333,114.8367,13.6667,5.5667,23.8033,113.1167,150.6767,113.33,117.5367,73.7367,264.77,215.4133,10.4267,9.1533,4.3166,84.8733,75.8067,50.7733,61.1033,90.5247,nc1,non_condensables,1,fault,120
60.9203,50.6543,75.9127,85.639,41.3233,36.4067,95.5467,115.2733,13.6733,5.5533,23.7833,111.83,149.9233,112.77,116.0333,75.094,264.57,215.6133,10.45,9.2233,4.3166,85.11,75.8767,50.5267,61.0333,92.1907,nc1,non_condensables,1,fault,125
60.915,50.59,75.9327,85.7303,41.2233,36.3267,95.68,115.56,13.7467,5.5767,23.65,110.8867,150.27,113.4767,115.0967,75.5573,264.2,215.6033,10.5333,9.2733,4.3134,85.1333,75.88,50.4867,61.0267,92.69,nc1,non_condensables,1,fault,130
57.0747,50.8373,76.3013,82.3127,42.77,37.88,89.58,103.6333,10.2967,6.0067,35.6333,109.98,148.8333,109.99,114.8867,52.8253,266.1667,215.37,7.6067,8.0867,3.7244,82.03,76.3267,50.87,57.2333,55.958,nc1,non_condensables,1,fault,155
56.8497,50.6097,76.3307,82.3773,42.8467,37.9333,89.6967,103.85,10.1967,5.8133,35.1967,110.0167,148.8167,110.07,115.0,52.931,266.4333,214.8667,7.6933,7.7167,3.7117,82.0467,76.3433,50.5867,56.9667,55.877,nc1,non_condensables,1,fault,160
52.968,50.224,75.942,78.9367,43.7567,38.9433,83.69,93.15,6.39,6.1533,64.0,111.38,147.3167,107.3,117.61,36.31,265.6967,215.09,4.92,6.5233,2.3817,78.7333,75.8333,50.28,53.1233,24.5837,nc1,non_condensables,1,fault,175
53.0313,50.2253,75.994,78.9427,43.52,38.7033,83.8567,93.45,6.9067,6.4367,64.46,112.6733,147.0333,107.2733,119.3,36.716,265.4833,214.9533,4.9767,6.7733,2.4077,78.8733,75.9367,50.2967,53.17,25.1417,nc1,non_condensables,1,fault,180
52.9773,50.1573,76.0207,78.9493,43.5367,38.74,83.8833,93.5,6.9567,6.3933,64.6667,113.7567,147.25,107.46,120.4033,36.7117,265.4333,214.8967,4.9667,6.72,2.4178,78.9,75.98,50.2333,53.12,25.245,nc1,non_condensables,1,fault,185
52.9733,50.1707,76.093,79.012,43.5533,38.7533,83.9833,93.75,6.8733,6.4133,64.6867,114.51,147.0167,107.3333,121.01,36.7237,265.5567,214.65,5.03,6.6967,2.3991,78.9733,76.0133,50.26,53.1067,25.06,nc1,non_condensables,1,fault,190
59.8333,50.0837,72.386,81.589,41.7,36.7867,91.24,106.7333,13.0333,5.1233,24.4567,112.84,149.4833,111.9633,116.7167,67.74,264.52,215.5267,10.1333,8.2667,4.5443,81.1,72.1633,49.9367,59.8867,87.5507,nc1,non_condensables,1,fault,210
59.3633,49.6803,72.0353,81.2367,41.4367,36.5433,90.8733,106.0,12.9967,4.9933,24.3467,111.57,149.2333,111.87,115.3433,67.412,265.2967,215.4467,10.1733,8.11,4.5337,80.7133,71.79,49.5333,59.4867,86.9257,nc1,non_condensables,1,fault,215
59.0897,49.4487,71.8423,81.018,41.2167,36.3,90.6567,105.5333,13.0233,5.0133,24.2767,110.5667,149.1833,112.25,114.3433,67.108,264.68,214.84,10.14,8.1533,4.5242,80.5,71.64,49.36,59.27,86.35,nc1,non_condensables,1,fault,220
56.8697,49.989,67.6907,74.0957,41.0567,36.1,81.8933,90.0267,10.64,6.5267,34.0167,108.7533,145.8167,108.85,112.4767,48.904,270.2733,215.06,8.5167,8.9067,4.433,73.4133,67.3033,49.9733,56.8467,61.6597,nc1,non_condensables,1,fault,235
56.199,49.792,66.5703,72.572,41.2367,36.3167,80.44,87.4833,10.4633,6.4433,34.8967,108.4133,145.2333,107.9767,112.0,46.2957,270.7567,215.0267,8.5233,8.6833,4.36,71.8967,66.3667,49.9067,56.3667,57.3997,nc1,non_condensables,1,fault,240
56.3013,50.0787,66.346,72.1597,41.8033,36.88,80.37,87.35,10.7767,6.1533,35.5833,108.3067,145.45,107.6033,111.7667,46.292,270.6233,215.3,8.5833,8.3133,4.2403,71.7833,66.2633,50.1067,56.5133,55.83,nc1,non_condensables,1,fault,245
56.2577,50.1423,66.3233,71.9907,41.48,36.6067,79.89,86.5333,10.45,6.67,36.1367,108.32,145.1833,107.6533,111.7667,45.3277,270.6933,215.3967,8.4067,8.7667,4.2588,71.48,66.1633,50.26,56.49,54.9007,nc1,non_condensables,1,fault,250
54.2513,50.236,65.6513,69.5973,41.6333,36.72,75.8767,80.1333,8.1667,7.44,49.71,108.8467,143.3833,105.5067,112.7833,37.186,268.56,215.0667,6.6967,8.7167,3.4044,69.13,65.3367,50.34,54.4,36.0043,nc1,non_condensables,1,fault,265
54.078,50.0173,65.3273,69.1967,41.5033,36.61,75.6867,79.9,8.41,7.48,52.0267,109.24,143.2167,105.53,113.4533,37.1807,268.0933,214.8967,6.7733,8.57,3.4369,68.9067,65.1167,50.0467,54.1233,36.3433,nc1,non_condensables,1,fault,270
53.8843,49.8093,65.2237,69.0767,41.5133,36.6167,75.6333,79.8,8.4567,7.2967,51.7833,109.6,142.8667,105.14,113.8467,37.1643,268.4333,214.99,6.7867,8.3667,3.4571,68.8267,65.0433,49.9167,53.9533,36.5407,nc1,non_condensables,1,fault,275
53.812,49.7943,65.1067,68.9233,41.9833,37.0933,75.32,79.26,8.3,6.9167,51.4,109.8633,142.9667,104.8167,114.17,36.692,268.3967,214.63,6.6167,7.9167,3.4435,68.6233,64.9367,49.8967,53.8967,35.9297,nc1,non_condensables,1,fault,280
55.1413,47.166,84.868,92.4503,40.82,35.8667,99.6467,123.5,10.73,3.9933,28.2667,110.1833,151.55,114.8167,115.0267,73.0587,267.8033,214.84,7.4733,6.1333,3.4361,92.1667,84.73,46.97,55.2033,71.3953,nc1,non_condensables,1,fault,305
54.8837,46.7193,85.06,92.8493,40.7333,35.7367,101.2133,126.8667,11.8467,3.6033,26.88,110.32,151.87,115.0967,115.3967,75.1943,267.2067,214.71,8.7033,5.8167,3.4152,92.52,84.8567,46.53,54.88,73.0377,nc1,non_condensables,1,fault,310
54.3447,46.1473,85.096,92.9937,40.4067,35.3967,101.28,127.0667,11.76,3.4833,27.0367,110.3667,151.2867,115.12,115.59,76.4033,267.4567,214.9933,8.69,5.6,3.3797,92.62,84.8567,45.99,54.3867,73.4423,nc1,non_condensables,1,fault,315
54.2487,46.074,85.064,92.9547,40.3167,35.3133,101.1667,126.7667,11.72,3.4367,27.4167,110.4,151.1433,115.23,115.7133,76.481,267.12,214.7767,8.59,5.66,3.3645,92.57,84.8267,45.9533,54.3533,73.1847,nc1,non_condensables,1,fault,320
50.534,44.5323,85.7077,91.7243,39.79,34.8233,98.6267,121.45,10.09,3.1967,33.9633,110.4733,149.7767,114.1367,116.0733,62.8217,267.73,214.59,7.3433,4.7467,3.0045,91.3267,85.4233,44.5433,50.7833,53.6803,nc1,non_condensables,1,fault,335
51.1237,45.0653,85.8627,91.8663,39.95,34.94,98.8767,121.8,10.28,3.4233,33.9533,110.42,150.1167,114.3167,116.1,63.1563,267.9,214.71,7.26,5.0833,3.0178,91.5867,85.6667,44.9867,51.2067,54.21,nc1,non_condensables,1,fault,340
51.1733,45.0667,85.94,91.996,40.01,35.0067,99.0267,122.1667,10.2733,3.4033,33.8267,110.5333,150.18,114.08,116.2633,63.4913,267.6633,214.7733,7.3567,4.9567,3.0273,91.66,85.7133,44.9467,51.1967,54.668,nc1,non_condensables,1,fault,345
51.1107,44.999,85.98,92.0227,40.0367,35.03,99.0467,122.2667,10.2333,3.3333,33.6933,110.6267,149.8133,113.86,116.4467,63.571,267.9133,214.7267,7.3633,4.8267,3.0222,91.67,85.7533,44.8867,51.1567,54.642,nc1,non_condensables,1,fault,350
48.4487,44.9423,85.5273,89.306,40.8167,35.8667,94.31,112.8333,7.6833,3.6833,51.3233,111.5667,148.6,111.6467,118.4367,46.7883,268.2433,214.3967,5.45,4.0967,2.3535,88.8767,85.2367,44.8767,48.47,31.3183,nc1,non_condensables,1,fault,365
48.5147,45.1,85.3233,88.9927,40.8267,35.9033,94.28,112.7167,8.14,3.9067,52.24,112.0867,148.5833,111.6567,119.1267,46.4823,268.7333,214.5233,5.54,4.2333,2.3095,88.7067,85.08,45.0467,48.6067,30.5323,nc1,non_condensables,1,fault,370
48.5133,45.082,85.3113,88.9713,40.8467,35.9267,94.3333,112.7667,8.16,3.8133,52.1333,112.5133,148.6,111.5833,119.6567,46.6327,268.5867,214.7133,5.64,4.1733,2.3161,88.7,85.0533,45.04,48.62,30.7193,nc1,non_condensables,1,fault,375
48.4827,45.066,85.302,88.9553,40.82,35.8733,94.26,112.6833,8.12,3.8467,52.3433,112.8733,148.5833,111.7267,119.9167,46.458,267.9567,214.7233,5.63,4.1467,2.3149,88.62,85.0667,45.0,48.5867,30.5843,nc1,non_condensables,1,fault,380
56.64,47.0003,75.9207,85.2723,39.8033,34.8633,94.9167,114.0,13.0933,4.0533,23.2667,111.25,149.2667,113.9033,115.9167,73.9173,263.62,214.9667,10.1533,6.9933,4.1066,84.7833,75.8967,46.8067,56.8,86.329,nc1,non_condensables,1,fault,400
56.379,46.392,76.1117,85.794,39.4767,34.55,95.64,115.4467,13.34,3.7333,22.5367,110.3667,149.4333,114.3633,114.56,77.4807,264.3033,215.0733,10.3767,6.7767,4.0618,85.2733,76.0667,46.2467,56.5867,89.5047,nc1,non_condensables,1,fault,405
56.5843,46.4017,76.1853,86.0673,38.9633,34.1067,95.9967,116.1533,13.53,3.9067,22.8333,109.51,149.4967,114.7433,113.6667,79.9557,263.6967,215.2167,10.53,7.3333,4.0147,85.4967,76.1633,46.3,56.8333,91.2913,nc1,non_condensables,1,fault,410
51.457,44.8723,76.054,82.5907,38.8533,34.0067,90.3433,105.0,10.66,4.05,30.6,108.36,147.2833,112.3067,112.7133,57.0127,267.56,214.6367,8.1733,5.98,3.6324,82.17,76.05,44.8333,51.71,58.903,nc1,non_condensables,1,fault,425
51.383,44.565,76.1783,82.79,39.0933,34.1967,90.56,105.3833,10.6933,3.53,29.6867,108.03,147.55,112.4,112.38,57.7517,266.9433,214.9967,8.1533,5.4033,3.7187,82.41,76.14,44.4633,51.44,61.0807,nc1,non_condensables,1,fault,430
51.3,44.498,76.188,82.782,39.0733,34.1667,90.5633,105.35,10.72,3.4533,29.63,107.85,147.3667,112.3867,112.2133,57.6983,267.2967,214.6967,8.1867,5.3267,3.7088,82.3467,76.12,44.39,51.3667,60.861,nc1,non_condensables,1,fault,435
51.3,44.494,76.1573,82.758,39.12,34.2033,90.5767,105.4,10.7433,3.4567,29.64,107.6733,147.8167,112.78,112.1067,57.633,267.7,214.86,8.2433,5.31,3.718,82.3567,76.1233,44.4033,51.34,60.945,nc1,non_condensables,1,fault,440
48.62,45.7973,75.5887,78.6413,41.19,36.2967,83.7667,93.3333,7.2233,4.2633,59.5767,110.08,146.25,108.81,116.08,37.6847,268.3967,214.3,5.24,4.5867,2.3511,78.54,75.6267,45.79,48.7433,25.2007,nc1,non_condensables,1,fault,460
48.5947,45.7147,75.7807,78.8173,41.2267,36.3333,84.0033,93.8,7.1733,4.2033,58.6233,111.17,145.9,108.5533,117.2233,37.8997,268.1267,214.9133,5.3,4.48,2.3934,78.7267,75.7333,45.7,48.7033,25.7973,nc1,non_condensables,1,fault,465
48.512,45.6373,75.7847,78.8253,41.31,36.4067,83.9367,93.65,7.1967,4.1,58.5033,112.0333,146.5333,109.0033,117.9567,37.9297,268.5033,214.68,5.2,4.3133,2.3841,78.7433,75.7167,45.6133,48.5933,25.719,nc1,non_condensables,1,fault,470
55.1033,45.0633,70.8707,80.4057,38.61,33.7867,90.39,105.0667,13.2333,3.5567,22.15,109.5933,147.9,113.6133,113.0167,70.867,265.67,214.8333,10.4867,6.2833,4.4598,79.92,70.6733,44.9067,55.2067,89.89,nc1,non_condensables,1,fault,495
54.9913,45.0007,70.7207,80.1927,38.33,33.53,90.2,104.7167,13.16,3.64,22.1533,108.6467,147.6167,113.6067,112.0133,70.5267,265.5433,215.07,10.54,6.5467,4.4614,79.6667,70.52,44.86,55.09,89.4903,nc1,non_condensables,1,fault,500
51.4977,44.9443,66.7717,73.0717,38.71,33.8733,81.28,88.9167,10.8133,4.1767,31.2067,106.58,144.65,109.9067,110.0267,49.149,270.5033,214.85,8.7833,6.18,4.1952,72.4967,66.5533,44.8733,51.5767,58.6433,nc1,non_condensables,1,fault,520
51.3893,44.9333,66.4983,72.649,38.7833,33.9633,81.02,88.4333,10.9467,4.12,31.33,106.2667,144.4333,109.62,109.6333,48.6383,270.3467,214.8833,8.8133,6.0233,4.1745,72.1933,66.3667,44.8633,51.5333,57.7473,nc1,non_condensables,1,fault,525
51.3857,44.9387,66.4567,72.5807,38.7633,33.91,80.95,88.3667,10.92,4.1933,31.3867,106.18,144.5,109.62,109.5,48.5897,270.5533,214.82,8.8333,6.0967,4.1723,72.14,66.37,44.8533,51.5,57.661,nc1,non_condensables,1,fault,530
48.4533,44.967,66.6827,70.32,40.1967,35.2067,76.35,80.95,7.79,4.1533,50.6933,106.6467,143.2667,106.8233,110.55,36.5227,267.5233,214.4667,6.4167,4.73,2.995,69.9333,66.4767,44.93,48.5,31.1117,nc1,non_condensables,1,fault,545
48.2887,44.8253,66.4913,70.096,40.0833,35.0867,76.24,80.8,8.0033,4.2833,51.86,107.3833,143.0667,106.9067,111.7467,36.461,267.4467,214.83,6.4133,4.74,2.9897,69.84,66.3733,44.8367,48.2967,31.003,nc1,non_condensables,1,fault,550
48.349,45.0073,66.3927,69.8843,40.3233,35.3433,75.9633,80.2833,7.9867,4.2233,52.9467,108.15,142.3033,105.8933,112.6433,35.991,267.7333,214.5,6.28,4.7133,2.9192,69.6733,66.2533,45.04,48.47,29.8823,nc1,non_condensables,1,fault,555
48.4413,44.9913,66.486,70.0583,40.3733,35.37,76.26,80.85,8.1467,4.21,52.4867,108.8,143.0667,106.5467,113.3533,36.3677,267.2733,214.9867,6.4367,4.57,2.9845,69.8267,66.38,44.96,48.48,30.87,nc1,non_condensables,1,fault,560
49.4813,41.8047,79.57,86.8027,37.7267,32.9967,93.8733,111.95,10.65,2.6067,26.8433,108.4333,148.3833,114.7067,112.08,67.4807,268.0467,214.78,7.02,3.8733,3.5805,86.8367,79.74,41.5433,49.5567,68.714,nc1,non_condensables,1,fault,580
49.3393,41.452,80.2643,87.8797,37.4433,32.7567,94.69,113.5167,10.7467,2.4967,26.89,108.1433,148.7333,115.32,112.0467,69.9403,267.4333,214.97,7.1467,3.7233,3.5515,87.5233,80.22,41.1967,49.39,70.6467,nc1,non_condensables,1,fault,585
48.9993,40.9003,80.439,88.2233,37.17,32.47,95.9533,116.0533,11.79,2.2267,25.8,107.89,148.0667,114.6667,112.02,71.561,267.54,214.7,8.1667,3.5033,3.5601,87.7733,80.37,40.67,48.9633,72.4617,nc1,non_condensables,1,fault,590
48.7017,40.5573,80.4023,88.2517,37.03,32.33,96.7133,117.55,12.6333,2.02,24.9533,107.7633,148.5833,115.3467,112.04,71.7213,267.6633,214.5967,8.9567,3.3533,3.5695,87.7667,80.3133,40.4033,48.74,72.8153,nc1,non_condensables,1,fault,595
48.588,40.4907,80.3207,88.154,36.9267,32.24,96.5967,117.3833,12.5867,2.1133,25.0867,107.5467,148.6667,115.67,111.9733,71.6163,267.71,214.68,8.9433,3.4533,3.5565,87.6667,80.2333,40.38,48.67,72.4417,nc1,non_condensables,1,fault,600
47.358,41.44,80.8537,86.8153,37.5733,32.8767,94.22,112.65,10.6167,2.7067,32.07,107.4733,147.7167,113.82,112.1667,59.6437,267.8167,214.49,7.7067,3.7167,3.1168,86.5667,80.8367,41.26,47.4533,52.8727,nc1,non_condensables,1,fault,615
47.3923,41.356,81.0993,87.1273,37.49,32.7967,94.4667,113.0833,10.53,2.7533,32.04,107.6633,147.8167,114.1667,112.49,60.101,267.9933,214.4867,7.7567,3.67,3.1568,86.6933,80.9667,41.1467,47.3967,53.9587,nc1,non_condensables,1,fault,620
47.2273,41.1807,81.0887,87.15,37.5267,32.8267,94.5167,113.2167,10.7067,2.6733,31.84,107.8,147.6333,113.7967,112.7633,60.206,268.1267,214.4967,7.7767,3.44,3.1562,86.7267,80.9533,40.98,47.2333,54.044,nc1,non_condensables,1,fault,625
47.1047,41.0407,81.078,87.1433,37.4867,32.78,94.4067,112.9667,10.7333,2.6133,31.7767,107.85,148.1667,114.2967,112.84,60.2097,268.0833,214.5833,7.7167,3.4033,3.1631,86.6867,80.9267,40.9,47.1267,54.167,nc1,non_condensables,1,fault,630
43.633,40.1967,80.542,84.342,37.98,33.1933,88.6333,101.8167,6.64,2.07,47.3333,108.4733,146.0833,111.7667,114.0433,44.2057,269.04,214.3067,4.5833,2.16,2.4405,84.0167,80.3667,40.1333,43.7933,30.686,nc1,non_condensables,1,fault,645
43.9713,40.543,80.4353,84.1867,37.96,33.18,89.3033,103.1133,7.6667,2.3067,48.15,108.9267,146.0167,112.0033,114.67,44.6637,268.51,214.75,5.35,2.4467,2.4148,83.98,80.3633,40.4333,44.0633,30.673,nc1,non_condensables,1,fault,650
44.204,40.7953,80.5307,84.2747,38.1,33.3,89.74,103.9667,8.0667,2.4133,48.7367,109.34,146.2833,112.1067,115.2467,45.1383,269.2467,214.5367,5.71,2.5533,2.3758,84.0933,80.4467,40.66,44.3133,30.4997,nc1,non_condensables,1,fault,655
44.2693,40.874,80.6147,84.385,38.0767,33.2733,90.03,104.4333,8.2633,2.4233,48.6433,109.7633,145.95,111.7467,115.7667,45.322,268.98,214.4433,5.8833,2.6567,2.3556,84.16,80.5567,40.7067,44.38,30.3643,nc1,non_condensables,1,fault,660
51.9227,42.236,70.6867,79.7173,36.1133,31.5267,89.7833,103.9667,13.05,3.5067,22.3467,108.3667,146.0,113.8867,112.3333,71.0683,271.0933,215.0,10.4467,5.9133,4.2929,79.34,70.5567,42.0233,52.08,86.774,nc1,non_condensables,1,fault,680
51.9547,41.8897,71.0173,80.3683,35.9067,31.36,90.5933,105.4333,13.4433,3.2867,21.8867,107.4467,146.65,114.6833,111.08,74.2473,271.02,215.0767,10.59,5.77,4.2711,79.9767,70.85,41.67,52.0267,90.1903,nc1,non_condensables,1,fault,685
51.6033,41.3147,71.1013,80.7347,35.5933,31.1,91.0067,106.25,13.83,3.1533,21.88,106.82,146.5167,114.89,110.28,76.9083,270.8033,215.3967,10.66,5.4667,4.2213,80.3367,70.9233,41.0467,51.66,92.3327,nc1,non_condensables,1,fault,690
46.422,39.9967,71.0987,77.2973,35.52,31.0267,85.32,96.0,10.8367,3.0867,29.6,105.2533,144.4667,112.3667,108.86,53.8977,268.43,214.4467,8.2733,4.3867,3.7469,77.0367,70.9367,39.9,46.5267,57.4373,nc1,non_condensables,1,fault,710
46.414,39.9447,71.196,77.4397,35.5067,31.0133,85.4333,96.2333,10.8733,3.02,29.5033,105.0333,144.3667,112.5467,108.7333,54.1103,268.64,214.4833,8.29,4.3733,3.759,77.1567,71.0233,39.8667,46.5067,57.8487,nc1,non_condensables,1,fault,715
46.422,39.9447,71.2053,77.483,35.52,31.0267,85.5267,96.3833,10.8467,3.0567,29.4733,104.9133,144.3333,112.4267,108.64,54.1347,268.5167,214.7033,8.3467,4.3533,3.7658,77.1533,71.0567,39.8767,46.5267,57.9803,nc1,non_condensables,1,fault,720
43.4373,40.3037,71.0413,74.4913,37.4733,32.7867,80.12,86.9167,7.6567,2.4933,49.89,105.7067,143.3833,109.7233,110.23,38.2117,269.2433,214.63,5.8,2.7067,2.5827,74.2767,70.83,40.18,43.5267,28.0703,nc1,non_condensables,1,fault,735
43.5813,40.4173,71.0907,74.5073,37.2233,32.5367,80.7,87.9667,8.3267,2.8433,50.5367,106.7,143.05,109.4333,111.49,38.7757,269.1167,214.4267,6.2933,3.0933,2.5627,74.41,70.9467,40.3167,43.7067,28.2613,nc1,non_condensables,1,fault,740
43.5027,40.2523,71.306,74.82,37.3333,32.64,80.95,88.35,8.3,2.64,49.6967,107.59,143.4333,109.6433,112.4933,39.178,269.32,214.54,6.26,2.7867,2.6088,74.7067,71.1467,40.15,43.4933,29.0707,nc1,non_condensables,1,fault,745
43.2453,39.974,71.3297,74.868,37.3,32.58,80.55,87.5667,7.8167,2.63,49.2733,108.3,143.2667,109.7433,113.0267,39.089,268.96,214.8033,5.7433,2.6,2.6335,74.7433,71.1567,39.9067,43.2267,29.2787,nc1,non_condensables,1,fault,750
50.1613,40.6403,66.661,75.668,35.32,30.8167,85.7033,96.7667,13.8067,3.0567,22.4833,107.5,144.9167,113.3633,110.6133,65.9913,267.27,214.77,10.4167,5.06,4.5393,75.3,66.5233,40.45,50.1933,85.2003,nc1,non_condensables,1,fault,770
49.9647,40.4493,66.6,75.6347,35.1267,30.6333,85.63,96.6167,13.72,2.97,22.3733,106.6333,144.8,113.5967,109.49,66.035,267.24,214.7033,10.4733,5.1567,4.5342,75.2067,66.44,40.3,50.0633,85.1563,nc1,non_condensables,1,fault,775
50.1437,40.5843,66.668,75.6977,35.0933,30.5967,85.77,96.8667,13.6633,3.0967,22.25,105.8733,144.9167,113.6267,108.7933,66.334,267.38,215.04,10.4867,5.38,4.5386,75.2667,66.5267,40.45,50.2767,85.6263,nc1,non_condensables,1,fault,780
47.1613,40.1073,66.727,73.5797,36.0567,31.49,81.7867,89.8133,11.63,2.6933,27.6033,105.6133,143.5,111.2267,107.7733,52.216,266.9067,214.5933,8.8633,3.9533,4.2469,72.8833,66.3867,40.0167,47.0433,63.076,nc1,non_condensables,1,fault,795
47.2753,40.6013,66.1623,72.6753,36.1167,31.5367,81.3867,89.15,11.53,3.0033,28.4467,104.6,143.55,111.0067,107.5067,51.2173,267.4167,214.4333,9.16,4.3433,4.0924,72.2367,66.0267,40.4567,47.33,59.6147,nc1,non_condensables,1,fault,800
47.25,40.4947,66.2367,72.8147,36.33,31.75,81.4433,89.25,11.7033,2.83,28.1933,104.5133,143.9,111.1667,107.42,51.368,267.2133,214.5933,9.0767,4.0267,4.1344,72.3633,66.0833,40.3433,47.2667,60.4023,nc1,non_condensables,1,fault,805
47.1593,40.424,66.2207,72.8067,36.3833,31.7867,81.4533,89.2667,11.8233,2.7833,28.1233,104.56,144.0833,111.3267,107.4333,51.39,267.5567,214.55,9.13,3.86,4.1194,72.3233,66.0967,40.2433,47.2033,60.2103,nc1,non_condensables,1,fault,810
43.698,39.982,66.622,70.617,36.8967,32.2333,77.0333,82.0833,8.5333,2.7133,44.9733,105.2067,142.4,109.1267,108.86,38.8523,268.3,214.4633,6.84,2.9833,3.0052,70.1867,66.3667,39.88,43.6967,33.2077,nc1,non_condensables,1,fault,825
43.7107,40.2033,66.2057,69.9707,37.24,32.5267,76.28,80.8833,8.36,2.6567,46.78,105.86,142.1333,108.5567,109.7,37.8577,268.9167,214.4933,6.6467,2.8967,2.9125,69.6267,66.0233,40.1333,43.8067,31.357,nc1,non_condensables,1,fault,830
43.7713,40.1673,66.2847,70.124,37.1167,32.42,76.5433,81.3,8.6267,2.71,46.35,106.4733,142.5833,108.96,110.5267,38.3037,268.6967,214.3467,6.7133,2.9467,2.9525,69.8567,66.1433,40.0633,43.82,32.1647,nc1,non_condensables,1,fault,835
43.686,40.102,66.2513,70.0813,37.05,32.3467,76.5133,81.2333,8.6767,2.7267,46.38,106.94,142.0667,108.5333,110.96,38.264,267.6267,214.2133,6.7133,3.0033,2.9369,69.7967,66.1167,40.0333,43.7767,31.9627,nc1,non_condensables,1,fault,840
61.176,52.112,85.3927,94.006,43.9033,39.0967,103.6933,132.2667,13.4933,5.2667,26.0433,111.5933,151.46,111.6967,117.6333,78.1593,266.9533,215.5567,10.14,8.0467,3.6621,93.5633,85.22,51.9333,61.2,81.4057,nc2,non_condensables,2,fault,30
61.0953,51.959,85.4713,94.1527,43.56,38.7533,104.03,133.0667,13.6733,5.3267,26.16,112.0667,151.17,111.9533,117.7733,79.8383,266.67,215.3533,10.2867,8.28,3.6107,93.7733,85.3067,51.8333,61.1667,81.99,nc2,non_condensables,2,fault,35
60.9553,51.6987,85.623,94.4393,43.4033,38.5733,104.46,133.9333,13.8567,5.1533,26.2,112.2867,151.3467,112.0233,117.96,81.632,266.2033,215.6433,10.42,8.21,3.5816,94.0267,85.39,51.62,61.0533,83.1527,nc2,non_condensables,2,fault,40
56.236,50.028,85.5143,91.554,42.7867,37.88,99.5933,123.3333,11.43,5.35,35.4633,112.4067,149.15,110.4633,118.4,61.9323,268.5467,215.1833,8.39,7.25,3.1588,91.2667,85.3133,50.0633,56.4067,55.6413,nc2,non_condensables,2,fault,60
56.2387,50.004,85.5167,91.5673,42.7,37.7867,99.5967,123.35,11.4367,5.3767,35.4567,112.58,149.1667,110.43,118.45,62.0253,268.4367,215.2033,8.31,7.3233,3.1681,91.2933,85.3367,50.03,56.42,55.891,nc2,non_condensables,2,fault,65
56.224,49.98,85.5853,91.654,42.7367,37.83,99.6633,123.4833,11.4567,5.3367,35.3333,112.68,149.2833,110.6733,118.66,62.1147,268.43,215.3367,8.3433,7.2933,3.1705,91.3,85.3467,50.0233,56.42,56.01,nc2,non_condensables,2,fault,70
53.793,50.5543,85.6777,89.0827,44.0667,39.26,94.75,113.6333,8.34,5.87,56.9867,113.4933,147.9333,107.77,120.45,43.5587,269.0833,215.0633,6.0933,6.58,2.3475,88.6467,85.36,50.6967,53.9633,29.031,nc2,non_condensables,2,fault,85
53.9143,50.5927,85.812,89.2813,44.3833,39.5833,95.1133,114.4167,8.5633,5.65,56.7867,114.36,148.2,107.5667,121.8933,44.6427,268.98,214.96,6.1033,6.2067,2.3434,89.0233,85.5733,50.58,53.99,29.7537,nc2,non_condensables,2,fault,90
53.8733,50.55,85.7787,89.2387,44.3567,39.5567,94.9967,114.2167,8.6367,5.71,56.9,115.0733,148.25,107.63,122.7433,44.5467,269.0733,214.95,6.08,6.23,2.3501,88.9433,85.5133,50.5733,53.9433,29.774,nc2,non_condensables,2,fault,95
53.8413,50.5127,85.7253,89.1847,44.33,39.52,94.9667,114.0333,8.57,5.7167,57.1267,115.5167,148.2667,107.7,123.18,44.4903,269.1433,215.0433,5.9533,6.17,2.3579,88.9367,85.49,50.4733,53.8933,29.8363,nc2,non_condensables,2,fault,100
61.07,51.1883,75.748,85.09,41.5667,36.6633,96.0033,116.1567,14.62,5.99,24.4767,113.4367,147.5167,110.1367,117.9033,73.5883,264.9833,215.74,11.35,9.5033,4.2446,84.65,75.7367,51.0767,61.1733,88.8353,nc2,non_condensables,2,fault,120
61.0313,50.748,75.9593,85.6933,41.35,36.4767,96.7233,117.6,14.7967,5.6067,24.16,112.1067,147.9333,110.8867,116.3633,76.592,264.9033,215.63,11.59,9.23,4.2402,85.1833,75.9133,50.59,61.0767,92.3697,nc2,non_condensables,2,fault,125
60.7733,50.4407,75.8873,85.765,41.25,36.3567,96.7167,117.5833,14.7767,5.5333,23.83,111.1667,148.4333,111.5567,115.4933,76.9873,264.5533,215.5933,11.6467,9.06,4.2398,85.13,75.83,50.3167,60.86,92.8353,nc2,non_condensables,2,fault,130
56.6127,50.3873,76.118,82.122,42.7967,37.8967,90.4433,105.15,11.34,5.7133,35.1167,110.2533,146.8667,107.8867,115.0533,53.4077,266.3533,215.3533,8.69,7.5633,3.6765,81.7767,76.0267,50.3733,56.8033,55.844,nc2,non_condensables,2,fault,150
56.4717,50.278,76.0747,82.074,42.7233,37.8167,90.43,105.1167,11.3167,5.61,35.1667,110.2,145.2833,106.68,115.0667,53.357,266.56,215.29,8.7533,7.5733,3.6627,81.7,76.01,50.3067,56.6333,55.5837,nc2,non_condensables,2,fault,155
56.268,50.076,76.0353,82.0273,42.65,37.75,90.4133,105.05,11.3,5.5567,35.1033,110.18,145.6,107.04,115.02,53.354,266.45,214.97,8.7067,7.4267,3.6532,81.6733,75.9733,50.08,56.4533,55.4373,nc2,non_condensables,2,fault,160
53.379,50.5697,75.634,78.6067,44.1233,39.3067,84.75,95.0167,8.1733,6.0467,64.82,111.5633,144.0,103.5767,117.81,37.2107,267.4667,215.1667,6.1067,6.3767,2.3792,78.61,75.69,50.5,53.3767,25.1787,nc2,non_condensables,2,fault,175
52.8573,50.084,75.7927,78.7277,43.8667,39.0633,84.62,94.8333,7.9167,5.9733,64.1133,112.9133,143.9167,103.7733,119.4833,36.9917,267.46,215.0767,6.0067,6.2233,2.3607,78.62,75.72,50.0833,52.92,24.8383,nc2,non_condensables,2,fault,180
52.7947,50.0733,75.7473,78.662,43.58,38.7867,84.6,94.75,7.82,6.25,64.9867,113.9867,143.75,103.9433,120.5467,36.8697,267.1767,215.2133,6.0333,6.52,2.3245,78.5633,75.6933,50.1067,52.88,24.3763,nc2,non_condensables,2,fault,185
52.8413,50.0987,75.814,78.732,43.65,38.85,84.67,94.9167,7.8733,6.1933,65.29,114.8133,144.3,104.36,121.2233,36.8847,266.3667,215.1533,6.0067,6.51,2.3418,78.66,75.7533,50.1533,52.9467,24.566,nc2,non_condensables,2,fault,190
58.949,50.4087,70.0447,78.176,42.3867,37.4833,88.6567,101.9,13.41,5.1833,27.45,114.37,145.9333,107.73,118.8267,60.351,266.0967,215.3733,10.8633,7.84,4.4649,77.7567,69.85,50.2167,59.0933,76.634,nc2,non_condensables,2,fault,205
58.65,50.0347,69.7953,77.9407,42.2067,37.3,88.33,101.3333,13.4033,5.0267,26.64,112.7833,145.9833,108.0,116.5333,59.9763,265.9567,215.3,10.8,7.73,4.5303,77.4733,69.5967,49.9433,58.7367,77.278,nc2,non_condensables,2,fault,210
58.4967,49.9613,69.5713,77.618,41.7567,36.8333,87.94,100.7,13.2633,5.3,27.03,111.37,145.5,107.7467,115.0367,59.586,265.8733,215.2867,10.7967,8.1833,4.5187,77.17,69.44,49.9433,58.5967,76.5803,nc2,non_condensables,2,fault,215
58.494,50.0013,69.4707,77.439,41.3067,36.4167,87.6533,100.2,13.2,5.7433,27.4833,110.42,144.9167,107.8233,113.95,59.107,266.4467,215.5667,10.6167,8.68,4.538,77.0267,69.33,50.0033,58.6567,76.29,nc2,non_condensables,2,fault,220
56.26,50.2633,65.9,71.4897,40.7933,35.8433,80.46,87.5,11.5167,7.3667,37.6033,108.6067,141.7,104.95,112.18,45.3757,271.2767,214.9233,9.45,9.5567,4.1612,71.0067,65.7533,50.3267,56.4767,53.702,nc2,non_condensables,2,fault,235
56.2613,50.2497,65.872,71.403,40.8067,35.89,80.38,87.3833,11.6533,7.3967,37.8233,108.42,141.8833,105.0367,112.1,45.368,271.1633,215.3,9.4533,9.5367,4.1785,70.98,65.72,50.35,56.48,53.9183,nc2,non_condensables,2,fault,240
56.2613,50.264,65.8907,71.4,40.8267,35.9067,80.47,87.5333,11.6167,7.3767,37.79,108.3,141.85,105.0733,112.08,45.3727,270.8867,215.4833,9.43,9.52,4.1732,71.0333,65.75,50.37,56.5033,53.8537,nc2,non_condensables,2,fault,245
56.2613,50.25,65.872,71.3787,40.82,35.8733,80.48,87.4667,11.65,7.4067,37.7367,108.3133,142.05,105.0267,112.0267,45.3927,271.3367,215.8433,9.4233,9.5567,4.1869,71.0167,65.7233,50.3567,56.4833,54.0543,nc2,non_condensables,2,fault,250
56.0453,50.1593,66.024,71.403,41.37,36.45,80.0,86.7667,11.12,6.93,38.4767,108.3,141.8833,104.44,111.96,43.5433,269.9833,215.6933,8.9833,8.8933,4.2883,70.9667,66.0,50.2367,55.9,52.8923,nc2,non_condensables,2,fault,255
53.4763,50.004,63.2207,66.6947,42.4367,37.5467,73.85,77.05,8.6833,6.8,55.74,108.7133,139.3033,100.6667,112.97,34.706,269.5967,215.2667,7.5333,7.6633,3.1575,66.3,62.9367,50.06,52.7067,31.165,nc2,non_condensables,2,fault,265
53.4113,49.863,63.18,66.6033,41.6767,36.7767,73.83,77.1,8.9133,7.4033,56.62,109.06,139.2267,101.3133,113.7633,34.9353,269.2267,215.04,7.4967,8.29,3.2033,66.4,62.95,49.9533,54.2933,31.828,nc2,non_condensables,2,fault,270
53.3247,49.8067,63.1163,66.4927,42.3933,37.5233,73.7533,77.77,8.81,6.7467,56.7467,109.4933,139.5033,100.84,114.3433,34.539,269.1167,214.9867,7.4767,7.5533,3.2073,66.2633,62.9167,49.9333,54.25,31.504,nc2,non_condensables,2,fault,275
53.4273,49.9813,63.0883,66.4473,42.62,37.7133,73.82,76.9833,9.03,6.65,56.9167,109.81,139.6433,100.8467,114.7533,34.6613,269.4433,215.2133,7.5333,7.4233,3.1384,66.2733,62.9133,50.0567,52.6533,30.9387,nc2,non_condensables,2,fault,280
54.6317,46.8413,82.374,89.5233,41.0867,36.1767,97.1433,118.4167,10.8667,3.6467,28.5067,109.8333,148.9167,112.0767,114.0433,69.1947,269.19,215.3267,7.6,5.5633,3.5507,89.51,82.47,46.64,54.5667,69.8683,nc2,non_condensables,2,fault,300
54.648,46.7947,83.3043,90.7473,40.6533,35.6833,98.15,120.4333,10.7533,3.7733,29.0433,109.94,148.7667,112.1333,114.46,71.3123,268.6,215.2733,7.6267,6.0933,3.4729,90.5067,83.2567,46.7467,54.8467,70.436,nc2,non_condensables,2,fault,305
54.9687,47.05,83.914,91.47,40.5933,35.59,99.08,122.3333,11.0667,3.94,29.4633,109.97,148.9667,112.39,114.7533,73.192,268.8133,215.05,7.8867,6.2867,3.4073,91.2033,83.91,46.8467,55.13,70.93,nc2,non_condensables,2,fault,310
55.0833,47.086,84.411,92.068,40.66,35.6633,100.6867,125.7,12.1667,3.95,28.61,110.0733,149.0333,112.4867,115.0867,74.679,268.2933,214.95,8.9767,6.2533,3.372,91.7367,84.3133,46.9,55.2167,71.62,nc2,non_condensables,2,fault,315
55.1047,47.0673,84.5833,92.362,40.54,35.5267,101.6433,126.8733,12.8,4.0133,28.3767,110.22,149.3,113.0067,115.47,75.8807,268.23,215.3133,9.6467,6.3667,3.341,92.0067,84.4133,46.8933,55.25,72.1077,nc2,non_condensables,2,fault,320
51.7877,45.596,85.645,91.7883,40.3533,35.3533,99.96,124.0833,11.37,3.5467,33.56,110.68,148.5333,112.1933,116.3567,64.739,268.6167,214.95,8.46,5.2067,3.0117,91.53,85.4467,45.5533,51.9733,55.4557,nc2,non_condensables,2,fault,340
52.1143,45.899,85.7267,91.8893,40.4167,35.3967,99.9667,124.0667,11.4167,3.7867,33.7767,110.8,148.4833,112.3367,116.56,64.7097,269.0433,215.0867,8.3733,5.4567,3.0271,91.5767,85.52,45.8667,52.3067,55.711,nc2,non_condensables,2,fault,345
51.9973,45.7783,85.7387,91.9227,40.27,35.2633,99.9667,124.0667,11.3133,3.7867,33.98,110.9667,148.5333,112.3467,116.7667,64.8787,269.0267,214.9067,8.37,5.3467,3.0179,91.5767,85.4767,45.6567,52.03,55.6883,nc2,non_condensables,2,fault,350
48.8433,45.3787,85.0427,88.6813,39.8633,34.87,94.8167,113.85,8.8033,4.9767,55.13,114.2467,145.9,110.0133,121.9533,47.3463,269.6467,214.4267,6.48,5.5467,2.2989,88.3533,84.82,45.3933,48.97,30.959,nc2,non_condensables,2,fault,380
56.9627,47.1873,75.1107,84.4487,40.5033,35.5133,95.5533,115.28,14.27,3.75,22.8733,111.9767,147.5333,111.4067,116.67,74.5677,267.0267,215.3,11.4967,6.4367,4.134,84.0633,75.12,46.92,57.12,87.6697,nc2,non_condensables,2,fault,400
57.1653,47.106,75.6547,85.2837,40.1167,35.1067,96.2633,116.7033,14.3967,3.7467,22.4933,110.8567,147.1333,111.3767,115.1467,77.6417,266.81,215.1367,11.4667,6.8233,4.082,84.7967,75.65,46.8733,57.38,90.1383,nc2,non_condensables,2,fault,405
57.28,46.9913,75.9753,85.8363,39.8833,34.89,96.8833,117.9167,14.5767,3.8,22.67,110.1067,147.3667,111.9433,114.3,80.3977,266.61,215.3667,11.5933,6.95,4.0385,85.2967,75.9333,46.8133,57.44,92.3443,nc2,non_condensables,2,fault,410
51.384,44.2753,76.3257,83.3783,39.5533,34.6233,92.47,109.2,12.3167,3.0267,28.05,108.86,146.0,110.5833,113.2,60.3927,267.8,214.7233,9.6067,4.5,3.7048,82.8667,76.2833,44.1067,51.4133,63.6383,nc2,non_condensables,2,fault,425
51.292,44.266,76.272,83.2307,39.3133,34.41,92.2967,108.8333,12.17,3.12,28.3267,108.5533,145.7833,110.4933,112.9133,60.1787,267.6933,214.8733,9.54,4.75,3.6787,82.77,76.2667,44.08,51.32,62.9643,nc2,non_condensables,2,fault,430
51.2453,44.2227,76.272,83.1783,39.2867,34.3733,92.3267,108.8667,12.21,3.1167,28.3133,108.32,145.9,110.6,112.7067,60.1483,268.12,215.05,9.59,4.8033,3.6816,82.7433,76.2733,44.04,51.2867,62.9813,nc2,non_condensables,2,fault,435
51.1613,44.1333,76.2253,83.1243,39.2533,34.3333,92.2233,108.7167,12.1833,3.09,28.3433,108.17,145.5667,110.5367,112.5333,60.0847,267.5267,214.7767,9.4833,4.7133,3.6784,82.7333,76.2233,43.96,51.1833,62.8603,nc2,non_condensables,2,fault,440
48.2947,45.3543,75.8233,78.956,41.5533,36.6533,85.22,95.8333,8.2767,3.7333,57.23,110.93,144.0167,106.5533,116.9333,38.7383,268.6867,214.87,6.35,3.7233,2.3885,78.8267,75.7367,45.29,48.2867,26.317,nc2,non_condensables,2,fault,460
48.0647,45.166,75.7887,78.9093,41.3867,36.4933,85.14,95.6667,8.27,3.6033,57.5167,111.82,143.8,106.1533,117.77,38.6593,268.79,214.7633,6.3867,3.7233,2.3602,78.7433,75.7433,45.0933,48.13,25.951,nc2,non_condensables,2,fault,465
48.0913,45.202,75.694,78.7783,41.09,36.19,85.05,95.5,8.2733,3.91,58.2233,112.5533,144.1167,106.88,118.41,38.429,268.95,214.32,6.36,4.12,2.3616,78.64,75.6367,45.22,48.17,25.8127,nc2,non_condensables,2,fault,470
56.5107,46.6713,71.1043,80.4697,39.1467,34.2567,91.9,108.0167,14.56,4.19,22.8567,111.12,145.9667,111.05,114.93,71.377,266.2,215.23,11.7233,7.3733,4.3467,80.16,71.0067,46.5233,56.6933,88.239,nc2,non_condensables,2,fault,490
56.1177,45.8717,71.35,81.126,38.57,33.76,92.57,109.3833,14.73,4.0067,22.2133,109.9467,145.7833,111.4433,113.5467,74.3503,266.3467,215.3533,11.9467,7.0833,4.3472,80.6333,71.1767,45.7,56.1867,91.931,nc2,non_condensables,2,fault,495
55.854,45.5813,71.297,81.122,38.2733,33.46,92.52,109.25,14.5867,3.94,22.3267,108.9667,145.7,111.67,112.54,74.5403,266.1933,215.19,11.9133,7.1733,4.3451,80.5867,71.1333,45.4233,55.9967,92.1177,nc2,non_condensables,2,fault,500
51.7223,45.0097,67.3947,73.871,39.25,34.3633,83.09,92.1167,11.95,3.76,30.53,107.0,142.5333,107.36,110.6467,50.8887,271.13,215.1633,9.8333,5.7133,4.1573,73.2467,67.1067,44.95,51.7933,60.1717,nc2,non_condensables,2,fault,520
51.5473,44.9243,66.864,73.224,38.9933,34.1367,82.5467,91.2067,11.9933,3.83,31.0,106.7667,142.7333,107.84,110.3333,50.4077,271.0367,215.06,9.8333,5.76,4.1393,72.7233,66.67,44.8433,51.6133,59.3383,nc2,non_condensables,2,fault,525
51.5087,45.0843,66.6133,72.812,39.1833,34.2733,82.1,90.4267,11.98,3.9867,31.5433,106.6333,142.45,107.4467,110.1067,49.443,271.2967,214.9867,9.8,5.9,4.0919,72.2867,66.4467,45.0267,51.6567,57.5437,nc2,non_condensables,2,fault,530
48.3987,44.814,67.1847,70.9273,40.4433,35.4367,78.0933,83.7333,9.0033,3.8267,49.5433,106.9533,141.1867,104.8767,110.94,37.3477,267.87,214.9,7.6667,4.4133,3.0196,70.4333,66.8833,44.85,48.3867,32.077,nc2,non_condensables,2,fault,545
48.472,44.9997,66.6527,70.3027,40.34,35.34,77.83,83.2667,9.36,4.12,50.83,107.6633,141.0667,104.59,112.0367,37.236,268.2567,214.5967,7.8333,4.6,2.93,70.0033,66.4967,44.95,48.54,31.033,nc2,non_condensables,2,fault,550
48.4137,45.0293,66.5493,70.0877,40.5533,35.59,77.34,82.5167,8.98,4.0467,52.5467,108.5,140.7367,104.2433,113.02,36.461,268.0567,214.3067,7.58,4.57,2.9152,69.77,66.3867,45.11,48.52,30.2227,nc2,non_condensables,2,fault,555
48.7067,45.3233,66.556,70.1017,40.8667,35.9533,77.51,82.75,9.3033,3.9933,52.88,109.1067,141.0667,103.9967,113.7833,36.684,267.8933,214.8933,7.6567,4.4533,2.9057,69.8333,66.44,45.33,48.76,30.3157,nc2,non_condensables,2,fault,560
49.484,41.2637,80.9553,88.9167,37.85,33.1067,98.3433,120.8,13.91,1.95,25.2333,108.9067,147.2,113.3833,113.3933,73.8,268.05,214.8967,9.96,3.17,3.5061,88.3433,80.7867,41.0167,49.4233,73.592,nc2,non_condensables,2,fault,595
49.074,40.8647,80.7993,88.8153,37.4733,32.7867,98.1867,120.5167,13.92,1.8467,24.6533,108.7,146.8333,113.5367,113.2167,74.4283,268.1933,214.49,9.9567,3.1533,3.4676,88.2367,80.65,40.6667,49.0833,73.403,nc2,non_condensables,2,fault,600
47.2847,41.4363,80.6393,86.5867,37.5033,32.75,94.95,114.06,11.4633,2.7567,32.49,108.3067,145.4667,111.81,113.1533,60.0497,269.32,214.7,8.71,3.92,3.0631,86.2033,80.6033,41.38,47.55,52.318,nc2,non_condensables,2,fault,615
47.4297,41.288,81.1313,87.2833,37.7767,33.0533,95.54,115.25,11.7633,2.4533,31.8267,108.3667,146.1667,112.16,113.3133,61.354,268.4767,214.56,8.6667,3.2333,3.1478,86.84,80.9933,41.0267,47.3733,54.9293,nc2,non_condensables,2,fault,620
47.2393,41.1213,81.1513,87.29,37.7433,33.03,95.54,115.27,11.8067,2.41,31.7967,108.4867,146.0333,112.1267,113.48,61.329,268.4567,214.7867,8.72,3.1767,3.1376,86.84,80.9733,40.9233,47.2633,54.7303,nc2,non_condensables,2,fault,625
47.1327,41.0207,81.1193,87.2607,37.72,33.0133,95.5467,115.2233,11.8833,2.4,31.7367,108.5267,145.95,112.0167,113.5033,61.3227,268.9,214.94,8.6733,3.1,3.1361,86.82,80.97,40.8467,47.16,54.6993,nc2,non_condensables,2,fault,630
43.641,40.192,80.4407,84.2793,38.1967,33.3967,89.11,102.7333,7.2133,1.84,47.1133,108.88,143.7,109.3567,114.6267,44.4213,270.0067,214.5233,5.1033,1.9367,2.441,83.9733,80.32,40.1267,43.7533,30.8373,nc2,non_condensables,2,fault,645
44.0203,40.588,80.4437,84.2093,38.1933,33.3867,89.7033,103.8367,8.05,2.1633,48.28,109.24,144.0167,109.7667,115.0967,44.781,269.6467,214.6867,5.7067,2.2633,2.4088,83.98,80.3767,40.4633,44.1267,30.6787,nc2,non_condensables,2,fault,650
44.2307,40.858,80.4933,84.252,38.2467,33.45,90.35,104.9333,8.62,2.3033,48.7,109.6367,144.0333,109.5867,115.58,45.0657,269.7467,214.6033,6.33,2.4467,2.3545,84.0,80.4267,40.7,44.3267,30.1777,nc2,non_condensables,2,fault,655
44.3707,40.994,80.6427,84.4247,38.2233,33.42,90.5633,105.4,8.8633,2.3633,48.8633,110.0833,144.0333,109.5667,116.0533,45.3833,269.4033,214.1933,6.3933,2.6067,2.3353,84.1867,80.55,40.82,44.46,30.1453,nc2,non_condensables,2,fault,660
52.8237,43.1997,70.4,79.6407,36.7867,32.14,90.8433,105.9667,14.36,3.5867,22.55,108.7467,144.3833,111.6933,112.8033,71.2557,266.3467,214.98,11.6167,6.2633,4.2542,79.24,70.2633,43.0667,53.1367,86.2143,nc2,non_condensables,2,fault,680
53.3727,43.3293,70.9507,80.5393,36.7733,32.1433,92.03,108.2667,14.5567,3.5433,22.0933,107.8733,144.7667,112.08,111.6433,74.67,265.78,215.0633,11.9267,6.2933,4.2404,80.1033,70.82,43.08,53.4867,90.0517,nc2,non_condensables,2,fault,685
53.39,43.04,71.1453,80.9983,36.58,31.98,92.55,109.3667,14.8333,3.4567,22.1267,107.2267,144.9167,112.26,110.9333,77.322,265.58,214.6967,12.0467,6.2533,4.211,80.5167,70.95,42.8167,53.3933,92.6053,nc2,non_condensables,2,fault,690
46.39,40.1193,70.9043,77.074,35.98,31.41,86.1767,97.6167,12.0433,2.9,29.6933,105.8,142.3333,110.0533,109.52,53.7707,268.4833,214.6167,9.3767,4.1,3.6669,76.8467,70.7767,40.06,46.58,56.0783,nc2,non_condensables,2,fault,710
46.5313,40.1073,71.2013,77.4583,35.9267,31.37,86.62,98.3167,12.08,2.9133,29.61,105.6133,142.4167,110.22,109.38,54.4957,268.4867,214.44,9.4033,4.0733,3.7049,77.1467,71.0133,39.9867,46.6267,57.4253,nc2,non_condensables,2,fault,715
46.4727,40.0313,71.2107,77.486,35.84,31.31,86.58,98.3,12.1,2.9267,29.6567,105.4333,142.5,110.3267,109.2933,54.5763,269.0367,214.5167,9.4033,4.1067,3.7109,77.21,71.0533,39.9167,46.5133,57.6007,nc2,non_condensables,2,fault,720
43.6243,40.5333,70.869,74.293,37.7367,33.0167,80.9367,88.25,8.5567,2.5367,50.5767,106.1533,141.2333,107.2733,110.9333,38.161,269.4,214.3067,6.82,2.71,2.5408,74.0733,70.6667,40.4367,43.7833,27.5767,nc2,non_condensables,2,fault,735
43.9153,40.8083,71.0303,74.435,37.6267,32.9233,81.5233,89.35,9.2567,2.74,51.47,107.1533,141.4833,107.4033,112.1833,38.7323,268.81,214.4133,7.16,3.05,2.5247,74.34,70.8867,40.6867,43.9733,27.8127,nc2,non_condensables,2,fault,740
43.8793,40.6743,71.264,74.7573,37.8,33.0467,81.5967,89.5,8.97,2.5667,50.6433,108.06,141.55,107.3867,113.1367,39.0953,269.5633,214.3533,6.96,2.72,2.5762,74.61,71.1367,40.4833,43.87,28.6437,nc2,non_condensables,2,fault,745
43.67,40.46,71.302,74.8133,37.6967,33.0067,81.2067,88.7333,8.6133,2.55,50.15,108.6733,141.4333,107.33,113.7033,39.017,269.2067,214.3433,6.4833,2.6,2.5823,74.6767,71.1433,40.32,43.7267,28.6547,nc2,non_condensables,2,fault,750
50.3797,40.9423,66.6373,75.5883,35.64,31.1233,87.0167,98.9833,15.0833,3.11,22.4067,107.61,142.7833,111.0633,110.9067,66.5507,266.9133,214.5933,11.7467,5.0167,4.4587,75.28,66.5333,40.6533,50.4067,84.3947,nc2,non_condensables,2,fault,770
50.2987,40.8153,66.748,75.7907,35.43,30.9233,87.0467,99.05,14.9933,3.0933,22.31,106.7733,142.8333,111.37,109.8167,66.836,267.4133,215.0,11.7067,5.1633,4.4708,75.3467,66.6133,40.62,50.38,84.987,nc2,non_condensables,2,fault,775
50.32,40.83,66.7573,75.8473,35.35,30.84,87.04,99.0167,14.93,3.0967,22.3467,105.98,142.9167,111.42,109.0467,66.966,267.3233,214.8733,11.6,5.2833,4.4625,75.4333,66.6367,40.6,50.3733,84.9957,nc2,non_condensables,2,fault,780
47.3883,40.3497,66.6267,73.53,36.0867,31.4833,83.29,92.45,13.0133,2.8533,27.6367,104.78,141.6167,109.3233,108.1333,53.6407,267.2567,214.4167,10.2667,4.0467,4.1225,73.0033,66.44,40.1233,47.2233,62.8913,nc2,non_condensables,2,fault,795
46.808,39.934,66.2547,73.0033,36.3567,31.76,82.3867,90.8733,12.9267,2.4233,27.8567,103.8,141.5167,108.9167,107.8767,52.041,267.23,214.68,9.9233,3.53,4.156,72.3867,66.0533,39.8767,46.82,61.517,nc2,non_condensables,2,fault,800
47.1057,40.477,66.0607,72.5033,35.9,31.3433,82.22,90.6067,12.6433,3.15,28.75,104.5667,141.2167,109.0367,107.7067,51.654,267.43,214.31,10.1767,4.4833,4.0291,72.0433,65.91,40.3567,47.2033,59.193,nc2,non_condensables,2,fault,805
47.1767,40.4347,66.2087,72.7983,36.2733,31.67,82.48,91.0667,12.8733,2.8533,28.4033,104.5667,141.4833,108.9367,107.6267,52.1773,267.45,214.73,10.1,4.0033,4.0647,72.3433,66.0867,40.2667,47.2167,60.321,nc2,non_condensables,2,fault,810
43.65,39.967,66.7377,70.771,37.3467,32.6533,76.66,81.4833,8.01,2.38,45.2333,105.28,139.7367,106.04,109.0933,38.4113,267.3933,214.4633,6.3867,2.5733,3.0115,70.2833,66.43,39.91,43.6867,32.9017,nc2,non_condensables,2,fault,825
43.4963,39.8933,66.2643,70.167,37.2933,32.59,76.37,81.0333,8.2567,2.4167,45.91,105.9667,139.6533,106.03,109.84,37.8887,267.0467,214.24,6.5167,2.5667,2.9885,69.8633,66.1033,39.86,43.5467,32.2007,nc2,non_condensables,2,fault,830
43.7513,40.285,66.0967,69.8433,37.49,32.8,76.6533,81.45,8.8533,2.5067,46.8167,106.58,140.14,106.14,110.5267,37.768,267.3433,214.6033,7.04,2.7,2.8875,69.63,65.9433,40.1667,43.8733,31.0193,nc2,non_condensables,2,fault,835
43.8793,40.376,66.2073,69.9753,37.3,32.5933,77.58,82.85,9.84,2.6667,46.77,107.14,140.19,106.45,111.0567,38.2273,266.97,214.2133,7.86,2.9633,2.8805,69.71,66.0533,40.2367,43.9333,31.3173,nc2,non_condensables,2,fault,840
61.112,52.1343,85.254,93.8533,43.9967,39.1967,102.8533,130.3667,12.8733,5.1567,28.3433,113.3833,151.4433,111.5733,119.0333,78.9037,265.58,215.0467,9.4367,8.0067,3.5845,93.3933,84.9767,52.0,61.1433,80.439,nc3,non_condensables,3,fault,35
61.0327,52.0107,85.2887,93.9417,43.7333,38.9333,102.94,130.5833,12.9533,5.2533,28.59,113.5267,151.5,111.9333,118.94,80.108,265.4833,215.46,9.48,8.1867,3.5558,93.4733,85.0467,51.9233,61.1567,81.0107,nc3,non_condensables,3,fault,40
55.755,49.712,85.187,91.2247,43.27,38.4233,100.0333,124.2833,12.2167,4.7567,35.6933,113.7133,149.4333,110.2767,119.34,61.657,267.6633,214.72,9.1667,6.46,3.0833,90.8467,84.9867,49.7233,55.99,54.0667,nc3,non_condensables,3,fault,55
55.998,49.9173,85.4127,91.49,43.34,38.52,100.22,124.6333,12.1533,4.82,35.6067,113.7067,149.6667,110.1933,119.4067,61.9677,267.29,214.82,9.16,6.5733,3.0907,91.0733,85.2533,49.9067,56.1667,54.4723,nc3,non_condensables,3,fault,60
56.0473,49.9707,85.3993,91.4633,43.2567,38.3967,100.26,124.6833,12.1767,4.9467,35.7067,113.7933,149.7833,110.5133,119.5667,61.9643,266.9933,214.8733,9.1833,6.7333,3.0895,91.0667,85.1567,49.95,56.2067,54.447,nc3,non_condensables,3,fault,65
55.938,49.81,85.259,91.3003,43.2067,38.3467,100.11,124.3833,12.2467,4.8,35.6367,113.88,149.93,110.59,119.64,61.9493,267.17,215.1367,9.1733,6.5367,3.1182,90.91,85.0367,49.7733,56.0433,54.9423,nc3,non_condensables,3,fault,70
53.6287,50.2423,85.486,89.041,44.1867,39.3933,95.76,115.7067,9.59,5.42,56.9767,115.2767,148.25,107.71,122.7433,45.3513,268.0433,214.5433,6.97,6.03,2.3446,88.8,85.3167,50.2133,54.5133,30.2433,nc3,non_condensables,3,fault,90
53.4407,50.1013,85.4487,88.9807,44.07,39.2733,95.63,115.4267,9.4867,5.4867,57.0933,115.8167,147.95,107.4533,123.4733,45.1527,268.2033,214.77,6.94,6.02,2.3279,88.6867,85.2667,50.0833,53.4933,29.8953,nc3,non_condensables,3,fault,95
53.3887,50.0467,85.462,88.9927,44.0667,39.2733,95.5933,115.3933,9.5267,5.4367,57.0133,116.2333,148.15,107.7167,123.9467,45.1657,267.8467,214.81,6.8533,5.9633,2.3297,88.76,85.26,50.0433,53.4033,29.9267,nc3,non_condensables,3,fault,100
60.947,51.2513,75.199,84.4233,42.6367,37.7467,96.4867,117.0533,15.5767,5.2267,24.0,114.1833,147.85,109.6367,118.88,72.5103,264.36,214.9233,12.26,8.5033,4.2115,84.1633,75.3067,51.14,61.19,86.8497,nc3,non_condensables,3,fault,120
61.3023,51.1347,75.85,85.5677,42.2767,37.3767,97.6433,119.4,15.74,5.19,23.6567,112.9933,148.6167,110.6067,117.42,76.4307,264.3133,215.5833,12.57,8.7,4.2014,85.0833,75.82,50.9533,61.4467,91.3293,nc3,non_condensables,3,fault,125
61.2153,50.832,75.946,85.928,42.05,37.1567,97.9767,120.15,15.8933,5.1067,23.5533,112.0267,148.7667,110.9667,116.4033,78.1093,264.1833,215.1867,12.69,8.6867,4.1923,85.3267,75.9,50.7233,61.32,93.1323,nc3,non_condensables,3,fault,130
56.8483,50.527,76.233,82.503,42.5467,37.6567,91.86,107.8833,12.5767,5.8467,34.8833,110.6733,146.75,108.0567,115.33,54.7293,265.1633,215.11,9.8,7.9367,3.6411,82.0633,76.2467,50.5333,56.99,56.673,nc3,non_condensables,3,fault,145
56.5524,50.2834,76.1972,82.34,42.2414,37.331,91.7379,107.7172,12.4724,5.9931,35.2552,110.6241,146.2621,107.7862,115.5103,54.5024,265.1483,215.0207,9.8483,8.069,3.6237,81.9103,76.1724,50.3103,56.7241,56.1703,nc3,non_condensables,3,fault,150
56.456,50.1653,76.2227,82.3827,42.4133,37.53,91.82,107.8833,12.4967,5.8267,35.15,110.7,146.6167,108.16,115.6867,54.637,265.1967,214.9033,9.83,7.8133,3.6246,81.9833,76.1867,50.2067,56.6367,56.325,nc3,non_condensables,3,fault,160
53.2607,50.5127,75.7783,78.7667,44.2133,39.4233,85.5367,96.4167,8.68,5.9567,64.7567,112.1233,144.55,104.04,118.4933,37.2123,266.0833,214.78,6.92,6.2767,2.3217,78.6433,75.77,50.47,53.31,24.572,nc3,non_condensables,3,fault,175
53.1967,50.4567,75.8287,78.7827,44.0667,39.27,85.5167,96.35,8.8233,6.0167,65.4033,113.4667,144.4,104.1033,120.1633,37.141,265.7433,214.8167,6.88,6.35,2.3196,78.6567,75.7633,50.4433,53.28,24.503,nc3,non_condensables,3,fault,180
53.1553,50.394,75.8473,78.8147,44.1367,39.3367,85.5767,96.5,8.85,5.9,65.2533,114.5433,144.5833,104.1733,121.1967,37.1907,265.8133,214.57,6.89,6.2533,2.3322,78.7033,75.8033,50.38,53.2633,24.6693,nc3,non_condensables,3,fault,185
53.1193,50.3607,75.858,78.8147,44.18,39.3933,85.6467,96.65,8.8533,5.8933,65.3933,115.3533,144.4333,103.93,122.17,37.2037,266.1567,214.44,6.9167,6.1833,2.3279,78.71,75.8533,50.3533,53.2467,24.6313,nc3,non_condensables,3,fault,190
59.553,50.1497,71.3473,80.3073,41.9733,37.07,92.17,108.5667,15.1167,5.0,25.03,113.7233,146.6667,108.9133,117.6667,66.612,265.1,215.2833,12.37,8.0233,4.4523,79.8167,71.13,50.0033,59.66,84.3493,nc3,non_condensables,3,fault,210
59.0777,49.7153,71.1227,80.0257,41.9267,37.0467,92.0033,108.25,15.0567,4.72,24.6267,112.3633,146.9333,109.1767,116.09,66.5263,265.0,215.3133,12.46,7.6467,4.4392,79.5367,70.9267,49.5833,59.1967,83.9957,nc3,non_condensables,3,fault,215
58.856,49.498,70.9907,79.916,41.85,36.9633,91.79,107.8,15.0267,4.6,24.49,111.2867,146.6833,109.04,115.12,66.403,264.7767,215.0733,12.3467,7.5233,4.4405,79.4233,70.82,49.3867,59.0,83.8637,nc3,non_condensables,3,fault,220
56.311,50.0063,66.4307,72.5173,42.2333,37.3433,82.39,90.9633,12.4467,5.85,35.35,109.6667,142.7667,104.4633,113.6133,47.3063,270.2533,215.02,10.6067,7.7967,4.1982,71.7733,66.1667,50.03,56.42,56.478,nc3,non_condensables,3,fault,235
56.0513,49.8323,66.2047,72.0453,41.82,36.9233,82.18,90.6067,12.73,6.0633,35.5267,109.4333,142.45,104.6333,113.2367,47.1883,270.3233,214.68,10.61,8.07,4.1496,71.58,66.03,49.8867,56.2667,55.693,nc3,non_condensables,3,fault,240
56.084,49.896,66.206,72.0107,41.78,36.8667,82.2033,90.5733,12.7933,6.1633,35.6433,109.32,142.4167,104.65,113.0467,47.1873,270.6433,214.91,10.6333,8.2067,4.1333,71.5667,66.07,49.9467,56.2533,55.4727,nc3,non_condensables,3,fault,245
56.0687,49.8627,66.194,71.98,41.72,36.7933,82.1733,90.54,12.7433,6.0967,35.7833,109.2467,142.7,104.8567,113.0067,47.169,270.2867,214.75,10.5967,8.2433,4.1444,71.57,66.0433,49.9533,56.22,55.5993,nc3,non_condensables,3,fault,250
53.735,50.005,63.6403,67.3817,42.7933,37.9067,75.85,80.1833,10.0367,6.3233,53.52,109.5533,140.1533,101.14,113.9233,36.0693,268.5933,214.9333,8.99,7.21,3.2569,66.86,63.3667,50.0467,53.7467,33.4037,nc3,non_condensables,3,fault,265
53.625,50.093,63.2507,66.709,42.69,37.7933,75.1033,79.0567,10.0033,6.6833,55.8067,110.1433,139.6667,100.7567,114.65,35.1957,268.3867,214.8333,8.6767,7.54,3.1561,66.4067,63.0433,50.2267,53.76,31.5907,nc3,non_condensables,3,fault,270
53.6173,50.0627,63.296,66.784,42.9133,38.0233,75.3467,79.4167,10.27,6.46,55.5733,110.5533,139.7933,100.83,115.2533,35.4087,267.9467,215.0067,8.8167,7.1333,3.1588,66.52,63.1267,50.07,53.7067,31.813,nc3,non_condensables,3,fault,275
53.5077,49.9667,63.252,66.7387,42.8533,37.95,75.1967,79.2167,10.0867,6.4,55.7433,110.94,139.77,100.74,115.6367,35.3953,268.4833,214.6567,8.6867,7.1767,3.145,66.4833,63.0733,50.02,53.5933,31.6623,nc3,non_condensables,3,fault,280
54.565,47.09,81.5477,88.5013,41.2033,36.2967,96.9433,118.0,11.7133,3.7633,29.8867,110.8333,148.05,110.72,115.2667,67.5047,268.4667,214.8167,8.5267,5.67,3.4844,88.43,81.66,46.8567,54.51,66.8913,nc3,non_condensables,3,fault,300
54.5907,46.9887,82.585,89.832,40.9133,36.04,98.7633,121.7,12.34,3.85,29.2567,110.8533,148.5167,111.5333,115.7,69.841,268.2533,215.2967,9.18,5.9067,3.4331,89.5967,82.5767,46.84,54.7667,68.1923,nc3,non_condensables,3,fault,305
54.77,47.0313,83.3463,90.768,40.9333,36.0067,101.0267,126.45,13.66,3.85,27.94,110.8667,148.5167,111.6767,116.08,71.787,268.1,214.87,10.5667,5.9733,3.3939,90.4833,83.3067,46.8867,54.9167,69.2917,nc3,non_condensables,3,fault,310
54.9287,47.162,83.9217,91.4547,40.9133,35.9833,101.6,127.6233,13.66,3.9367,28.2867,111.0,148.7,111.8733,116.3133,73.2233,267.9767,214.6767,10.47,6.0667,3.3336,91.0933,83.8467,46.9867,55.0733,69.425,nc3,non_condensables,3,fault,315
55.0087,47.22,84.2223,91.8113,40.8867,35.9633,101.9533,128.3833,13.7033,3.99,28.65,111.0933,148.5,111.93,116.6967,74.2783,267.4067,214.8567,10.47,6.1933,3.3006,91.4633,84.15,47.04,55.1533,69.7257,nc3,non_condensables,3,fault,320
50.208,44.0283,85.6257,91.9267,40.34,35.3433,100.9733,126.3,12.73,2.6133,33.3367,111.8533,148.3,112.22,117.76,66.3787,268.7433,214.3767,9.4267,3.49,2.9225,91.57,85.36,43.8367,50.2367,55.173,nc3,non_condensables,3,fault,335
50.1307,44.0537,85.5127,91.7033,40.0167,35.0267,100.8067,125.8667,12.5267,2.8,34.0667,111.9,147.7667,111.69,118.0067,65.9393,268.6833,214.51,9.44,3.9067,2.8937,91.3533,85.2633,43.9233,50.22,54.268,nc3,non_condensables,3,fault,340
50.372,44.3273,85.4553,91.594,39.9767,34.9933,100.63,125.4833,12.4267,2.92,34.61,111.9733,147.8333,111.79,118.1767,65.684,267.96,214.5967,9.36,4.24,2.8944,91.2,85.2367,44.26,50.46,54.0723,nc3,non_condensables,3,fault,345
50.562,44.4607,85.4927,91.6193,40.01,35.0167,100.73,125.7167,12.4167,2.89,34.5533,112.0533,147.7667,111.6867,118.2533,65.7027,268.4433,214.7133,9.4233,4.3533,2.9187,91.2933,85.29,44.38,50.6467,54.54,nc3,non_condensables,3,fault,350
49.0693,45.699,85.1737,88.8587,41.1067,36.21,95.88,115.9133,9.9767,4.22,54.4433,114.1,147.15,110.0367,121.8467,47.5033,268.8767,214.3467,7.33,4.4933,2.2294,88.5667,85.0033,45.5933,49.1233,30.1177,nc3,non_condensables,3,fault,370
56.898,47.4347,74.8523,84.0147,40.22,35.2367,95.8033,115.7467,15.1033,4.09,23.8033,113.2333,147.05,111.0567,118.2333,73.4353,267.0867,215.2133,12.2733,6.95,4.0643,83.5033,74.8033,47.1833,57.0467,84.8857,nc3,non_condensables,3,fault,400
56.838,47.138,75.0673,84.39,39.5733,34.6433,96.2333,116.6,15.3233,4.3,23.5633,111.9433,146.6,111.2967,116.5333,75.7413,267.3033,215.1767,12.3267,7.4133,4.0366,83.8867,74.9933,46.9533,57.04,86.9537,nc3,non_condensables,3,fault,405
56.9383,47.0673,75.2833,84.7603,39.2533,34.3467,96.72,117.6333,15.5067,4.4133,23.8367,110.9067,146.2833,111.58,115.56,77.914,266.75,214.8167,12.4767,7.6367,3.9878,84.26,75.24,46.9,57.1367,88.368,nc3,non_condensables,3,fault,410
51.0677,44.2927,75.8677,82.5983,39.3033,34.3833,92.3833,109.0333,12.9667,3.35,30.1433,109.5133,145.05,109.61,114.3233,58.7783,267.5633,214.9133,10.3933,4.9667,3.63,82.0,75.7667,44.2533,51.18,60.6797,nc3,non_condensables,3,fault,425
51.4943,44.8527,75.7993,82.3347,38.78,33.9333,92.2733,108.8333,12.9133,4.0833,30.98,109.2067,144.9333,110.0567,114.0333,58.6733,267.02,214.5233,10.3567,6.0667,3.5572,81.9333,75.7333,44.8133,51.6933,59.3587,nc3,non_condensables,3,fault,430
51.339,44.468,76.0033,82.7487,39.6233,34.6633,92.79,109.8333,13.09,3.1633,29.74,109.0267,145.6,109.9633,113.9333,59.7517,267.3833,214.37,10.4867,4.7267,3.6116,82.3367,75.9733,44.2967,51.3067,61.3773,nc3,non_condensables,3,fault,435
51.132,44.3567,75.8647,82.5887,39.2167,34.32,92.4933,109.2667,12.99,3.2433,30.04,108.9133,144.7,109.59,113.88,59.3167,267.5133,214.6833,10.4,5.0233,3.5928,82.1367,75.82,44.2667,51.1833,60.612,nc3,non_condensables,3,fault,440
48.753,45.9763,74.9343,78.0103,41.5233,36.6267,85.2733,96.0167,9.41,4.2767,61.41,111.4667,143.65,105.8933,118.1267,38.0467,268.6033,214.36,7.3367,4.4033,2.291,77.9867,74.9833,45.9433,48.82,24.7907,nc3,non_condensables,3,fault,460
48.616,45.8333,75.2153,78.323,41.6033,36.71,85.4933,96.3667,9.2067,4.0667,60.0033,112.59,144.0167,106.18,119.2267,38.083,268.32,214.3967,7.32,4.2067,2.2937,78.1467,75.1,45.8233,48.7167,24.8463,nc3,non_condensables,3,fault,465
48.6573,45.8467,75.146,78.228,41.3333,36.4533,85.3767,96.1,9.2433,4.4267,60.5167,113.3667,143.3333,105.77,119.9633,37.9473,268.88,214.5533,7.3233,4.4767,2.3273,78.0533,75.0367,45.8467,48.7533,25.1183,nc3,non_condensables,3,fault,470
55.307,45.6047,70.018,79.2333,38.82,33.96,91.5667,107.4,15.3233,3.8133,23.1867,111.7667,145.1167,110.4867,115.7533,70.0717,266.35,214.8333,12.7467,6.56,4.3579,78.8133,69.85,45.37,55.2967,86.85,nc3,non_condensables,3,fault,490
54.8363,45.1347,69.7513,78.9787,38.45,33.6533,91.15,106.5833,15.2167,3.7233,23.0633,110.51,145.0833,110.49,114.3233,69.6093,266.4633,214.7067,12.6933,6.52,4.3844,78.47,69.5833,44.96,54.9167,86.802,nc3,non_condensables,3,fault,495
54.668,45.0113,69.6473,78.7947,38.3733,33.5833,91.0867,106.4,15.2167,3.58,22.91,109.4633,144.9167,110.6067,113.16,69.5003,266.8167,214.8433,12.7067,6.48,4.3723,78.3833,69.52,44.8733,54.8067,86.4267,nc3,non_condensables,3,fault,500
51.3513,45.1263,65.847,71.8967,39.0133,34.14,82.1033,90.42,12.72,4.31,33.0167,107.65,141.7,106.55,111.2267,48.142,270.0133,214.6233,10.8,6.0867,4.0661,71.28,65.61,45.1133,51.4633,55.6703,nc3,non_condensables,3,fault,515
51.51,45.4007,65.6907,71.546,38.5867,33.78,81.85,89.9833,12.93,5.02,33.9633,107.3667,141.55,106.66,111.02,47.8897,270.1167,214.8167,10.7133,6.78,4.0114,71.1033,65.5133,45.39,51.6667,54.6387,nc3,non_condensables,3,fault,520
51.526,45.365,65.782,71.6313,38.6533,33.8467,82.04,90.2733,12.9667,4.8467,33.7567,107.24,141.3733,106.8967,110.8467,48.2193,270.7867,214.7333,10.81,6.68,4.0175,71.19,65.6467,45.3567,51.6533,55.0967,nc3,non_condensables,3,fault,525
51.4967,45.3247,65.7493,71.6033,38.5467,33.74,81.92,90.1,12.8833,4.97,33.8167,107.16,141.52,106.6567,110.8333,48.1563,270.3267,214.7167,10.74,6.7833,4.0295,71.1767,65.6,45.3267,51.63,55.1907,nc3,non_condensables,3,fault,530
48.1883,44.9017,65.5477,68.9767,40.3667,35.3867,77.1667,82.2333,9.8567,4.0667,52.7233,107.5267,140.44,103.8467,111.77,35.901,268.5733,214.68,8.58,4.5467,2.8802,68.5833,65.2833,44.9167,48.2333,29.407,nc3,non_condensables,3,fault,545
48.297,45.049,65.3437,68.7147,39.9433,34.96,77.0933,82.1333,10.1533,4.7033,54.7867,108.2933,139.9833,104.7733,112.9667,35.8857,268.55,214.5367,8.6167,5.0767,2.8434,68.47,65.2067,45.0133,48.34,29.0213,nc3,non_condensables,3,fault,550
48.28,45.0167,65.422,68.795,40.0067,35.0,77.2233,82.35,10.27,4.5933,54.7833,109.04,140.33,104.16,113.9233,35.9267,267.5933,214.26,8.6833,5.01,2.8495,68.5833,65.27,44.9933,48.33,29.1177,nc3,non_condensables,3,fault,555
48.2353,44.9827,65.434,68.8217,40.0333,35.0333,77.29,82.3667,10.2633,4.56,54.8667,109.6767,140.2233,104.14,114.6133,35.949,267.56,214.5133,8.59,4.94,2.8429,68.6333,65.28,44.95,48.27,29.0677,nc3,non_condensables,3,fault,560
50.7927,43.3487,79.478,86.6963,38.3333,33.53,96.95,118.0833,13.3967,3.2367,27.7233,109.5667,146.2667,111.9567,114.0333,67.538,268.3967,214.8533,10.6533,4.75,3.469,86.3567,79.4333,43.0533,50.7967,66.636,nc3,non_condensables,3,fault,585
50.231,42.6053,79.6213,87.073,37.9667,33.1867,97.35,118.9167,13.6633,2.9767,27.4733,109.3467,146.2333,112.26,114.0467,69.211,268.4033,214.7367,10.77,4.39,3.4665,86.5867,79.5033,42.3667,50.2233,68.237,nc3,non_condensables,3,fault,590
49.6337,41.9053,79.624,87.2087,37.6133,32.9033,97.5833,119.3667,14.0033,2.7533,27.2367,109.1933,146.0,112.37,113.94,70.559,268.3567,214.9133,10.89,4.05,3.4487,86.7333,79.52,41.65,49.6233,69.209,nc3,non_condensables,3,fault,595
49.1343,41.347,79.5897,87.282,37.2833,32.5967,97.6967,119.5333,14.29,2.6167,27.07,109.0533,145.8833,112.3367,113.8933,71.5647,268.1167,214.4,10.9267,3.8067,3.4179,86.7533,79.4667,41.1,49.1167,69.568,nc3,non_condensables,3,fault,600
47.2367,41.5607,80.0073,85.8517,37.5633,32.8467,95.0767,114.3033,12.3767,2.7533,33.6233,108.72,144.9333,111.1667,113.7733,59.527,268.97,214.2433,9.57,3.9133,2.9926,85.5267,79.9867,41.47,47.4833,50.67,nc3,non_condensables,3,fault,615
47.242,41.19,80.708,86.816,38.0367,33.2333,95.8967,115.9867,12.7533,2.2367,32.3467,108.8533,145.4667,111.33,113.9533,61.256,268.2433,214.1633,9.4533,2.9167,3.0989,86.4667,80.62,40.9467,47.1933,53.9877,nc3,non_condensables,3,fault,620
46.7867,40.691,80.6907,86.844,37.6933,32.9933,95.5033,115.1933,12.4067,2.1233,31.9933,108.98,145.5833,111.7433,114.2167,61.137,268.3667,214.1967,9.1167,2.7733,3.1286,86.4033,80.5667,40.4833,46.82,54.399,nc3,non_condensables,3,fault,625
46.4987,40.4053,80.5187,86.6693,37.54,32.84,95.29,114.83,12.2933,2.02,31.8133,109.0733,145.25,111.59,114.2133,60.9057,268.1233,214.4567,9.08,2.71,3.1455,86.24,80.4,40.2467,46.5467,54.4877,nc3,non_condensables,3,fault,630
43.6887,40.2923,80.1883,84.0723,38.23,33.4433,89.4933,103.4,7.7933,1.8967,48.68,109.4933,143.5333,109.09,115.5967,44.052,269.3033,214.36,5.9067,2.0233,2.4211,83.54,79.9133,40.26,43.8267,30.3393,nc3,non_condensables,3,fault,645
44.2317,40.9603,79.7347,83.464,38.3767,33.5833,90.5367,105.3333,9.64,2.35,50.1167,109.9367,143.7833,109.17,116.0967,44.278,269.1133,214.55,7.3,2.4933,2.3223,83.21,79.66,40.88,44.4133,29.2433,nc3,non_condensables,3,fault,650
44.6287,41.3147,79.888,83.6363,38.3633,33.5533,91.0533,106.35,10.1933,2.6033,50.7833,110.46,143.6167,109.11,116.7667,44.943,269.3233,214.2633,7.7033,2.8267,2.3151,83.3333,79.8567,41.16,44.77,29.5933,nc3,non_condensables,3,fault,655
44.742,41.3747,80.0903,83.896,38.3367,33.55,91.4067,107.0667,10.1567,2.5567,50.27,110.94,143.8667,109.1633,117.3867,45.7683,269.0933,214.2333,7.7433,2.85,2.3108,83.68,80.06,41.2133,44.85,30.079,nc3,non_condensables,3,fault,660
52.3063,42.7483,69.4457,78.6603,37.2767,32.5833,91.09,106.45,15.9933,3.0633,22.5967,109.5633,144.1833,110.7667,113.8033,70.562,266.0833,214.6633,12.8267,5.2233,4.2584,78.31,69.37,42.4533,52.4467,85.471,nc3,non_condensables,3,fault,680
52.178,42.26,69.863,79.3177,36.8567,32.2,91.9333,108.1167,16.45,3.0167,21.8533,108.6467,143.9333,111.26,112.4833,73.278,266.54,215.36,13.0167,5.17,4.2709,78.93,69.76,42.0533,52.3467,89.0063,nc3,non_condensables,3,fault,685
52.236,42.035,70.1747,79.8967,36.8533,32.18,92.7267,109.7,16.8,2.8533,21.5633,107.9567,144.2167,111.5367,111.63,76.0907,266.7033,214.8567,13.2,4.9633,4.2195,79.51,70.03,41.7933,52.3833,91.317,nc3,non_condensables,3,fault,690
45.896,39.8437,69.5183,75.6293,35.9667,31.4,85.6867,96.7,13.1133,2.74,30.93,106.4933,141.25,109.0367,110.23,52.656,268.7033,214.17,10.3233,3.8133,3.6057,75.3267,69.4067,39.7967,46.0067,54.001,nc3,non_condensables,3,fault,710
45.9427,39.86,69.638,75.7197,35.9067,31.36,85.7,96.75,13.1467,2.78,31.0933,106.3,141.3333,109.02,110.06,52.7193,268.76,214.56,10.2667,3.8733,3.6284,75.4133,69.49,39.8033,46.0267,54.4047,nc3,non_condensables,3,fault,715
46.0227,39.9047,69.694,75.794,35.86,31.3267,85.77,96.9,13.07,2.8333,31.12,106.1067,141.3333,109.0467,109.9233,52.801,269.0,214.55,10.2533,3.99,3.6456,75.4767,69.5667,39.8633,46.1333,54.7457,nc3,non_condensables,3,fault,720
43.188,40.1113,69.7793,73.2907,37.9,33.1333,79.6,86.1167,8.17,2.11,50.91,106.8067,139.9667,105.8433,111.51,37.7827,269.21,214.0833,6.68,2.14,2.551,72.93,69.55,40.0233,43.0933,27.4147,nc3,non_condensables,3,fault,735
42.9953,39.9553,69.5743,73.0733,37.6533,32.94,79.55,86.0,8.32,2.27,51.28,107.7733,140.0167,106.0967,112.5767,37.694,269.4567,214.43,6.78,2.2433,2.5374,72.7967,69.44,39.88,42.9933,27.2027,nc3,non_condensables,3,fault,740
42.934,39.9127,69.5307,72.9947,37.58,32.89,79.64,86.1167,8.54,2.3,51.38,108.5867,140.3733,106.4233,113.3933,37.6647,269.01,214.3,6.86,2.2533,2.522,72.77,69.4167,39.8467,42.95,27.016,nc3,non_condensables,3,fault,745
42.946,39.918,69.557,73.0133,37.5833,32.8967,79.56,86.0167,8.5833,2.3067,51.5033,109.24,140.0933,106.2333,113.98,37.6643,269.06,214.29,6.8,2.25,2.5277,72.7733,69.44,39.87,42.9733,27.0763,nc3,non_condensables,3,fault,750
49.1773,40.4707,64.252,72.5513,36.3133,31.71,84.52,94.6667,16.15,2.4333,23.6233,108.3967,141.9,109.3767,111.4067,60.6053,267.7833,214.58,12.41,3.9733,4.5178,72.0733,64.0867,40.3267,49.24,77.8727,nc3,non_condensables,3,fault,770
49.1233,40.4373,64.1947,72.4953,36.1467,31.5533,84.43,94.5167,16.0967,2.4433,23.6433,107.4333,142.0667,109.7367,110.3167,60.364,268.0333,214.6467,12.47,4.1233,4.5276,71.95,64.0167,40.2467,49.1733,77.7313,nc3,non_condensables,3,fault,775
49.1553,40.5907,64.0307,72.2163,35.72,31.19,84.3,94.25,15.6667,2.9667,24.1067,106.6667,141.3167,109.38,109.48,60.2367,267.8633,214.64,12.5533,4.7567,4.4721,71.6833,63.85,40.4367,49.2067,76.616,nc3,non_condensables,3,fault,780
47.0917,40.7787,64.6927,70.976,36.7167,32.0567,81.8367,89.9667,13.7967,2.7267,30.0067,105.36,140.7167,107.7,108.38,50.1407,267.5567,214.5133,11.1867,3.88,3.9558,70.6067,64.62,40.5867,47.1767,56.4167,nc3,non_condensables,3,fault,795
47.09,40.6713,64.8867,71.2213,36.7933,32.1667,81.96,90.15,14.0567,2.68,29.6933,105.3133,140.85,107.89,108.4733,50.2407,267.4233,214.6733,11.1467,3.6733,4.0145,70.7967,64.7567,40.48,47.1467,57.3643,nc3,non_condensables,3,fault,800
47.1167,40.7577,64.865,71.1773,36.7533,32.1167,81.96,90.15,13.9433,2.7867,29.86,105.26,140.8667,107.9567,108.54,50.1773,267.3167,214.3933,11.1833,3.8167,3.9809,70.7333,64.7367,40.58,47.2033,56.8127,nc3,non_condensables,3,fault,805
47.1567,40.8127,64.8733,71.1547,36.6667,32.0533,81.98,90.1133,13.7967,2.8333,29.9433,105.3267,140.7733,107.8333,108.5133,50.1793,267.6667,214.47,11.23,3.94,3.9728,70.6833,64.76,40.6467,47.23,56.699,nc3,non_condensables,3,fault,810
44.108,40.7783,64.562,68.218,37.5233,32.8333,76.79,81.7,10.5467,2.7533,49.4267,106.12,139.19,105.2533,110.1,37.1533,268.9567,214.5933,8.9433,3.0467,2.8164,67.8733,64.4667,40.5833,44.14,29.7617,nc3,non_condensables,3,fault,825
43.904,40.5613,64.5727,68.21,37.5867,32.8867,76.5233,81.2833,10.1833,2.6167,49.4667,106.92,139.25,105.35,111.1167,37.103,268.6633,214.5667,8.6433,2.8333,2.8327,67.8967,64.46,40.43,43.95,29.8933,nc3,non_condensables,3,fault,830
43.7527,40.4267,64.5633,68.198,37.4933,32.8,76.17,80.6833,9.8533,2.6033,49.2767,107.5667,139.1467,105.27,111.8467,36.991,268.5633,214.1267,8.27,2.78,2.8216,67.9,64.4533,40.2767,43.8133,29.6853,nc3,non_condensables,3,fault,835
43.658,40.3493,64.5327,68.178,37.4333,32.7333,76.03,80.4333,9.8467,2.5467,49.25,108.1433,138.9867,105.22,112.2467,36.9563,268.6033,214.2133,8.1767,2.7467,2.8102,67.8967,64.4233,40.2033,43.76,29.5383,nc3,non_condensables,3,fault,840
65.4887,57.814,84.684,91.5447,46.97,42.27,103.8033,132.5,16.05,8.2667,35.7067,106.0767,157.6,114.5567,114.5633,70.0077,267.44,216.1,12.1433,10.9867,3.4716,91.66,84.8167,57.99,65.5967,69.1133,nc5,non_condensables,4,fault,15
58.892,51.532,84.7933,92.0053,43.7367,38.9433,104.8733,134.95,16.5533,5.5633,33.1333,112.8,156.3167,116.64,119.4367,73.12,268.81,215.2767,13.3033,7.7167,3.1742,91.5733,84.6433,51.4833,59.0267,66.0097,nc5,non_condensables,4,fault,30
58.8227,51.4433,84.956,92.1793,43.5767,38.79,105.4367,136.1167,16.97,5.5067,33.0233,113.33,155.9,116.5667,119.7433,74.005,268.4067,215.4133,13.6733,7.8167,3.1444,91.7467,84.7833,51.4133,58.9933,66.1827,nc5,non_condensables,4,fault,35
58.7947,51.3807,84.8613,92.1043,43.34,38.5267,105.3033,135.9167,16.9833,5.6567,33.5633,113.6233,156.55,117.1233,120.03,74.4477,268.5967,215.31,13.6933,8.01,3.1392,91.64,84.6967,51.3333,58.9267,66.469,nc5,non_condensables,4,fault,40
54.716,48.725,85.4277,91.5373,42.66,37.76,103.4633,131.7667,15.3267,4.4467,38.2233,114.1767,156.7333,117.9333,120.9633,65.9383,269.2333,214.8833,12.4433,6.0233,2.8611,90.9933,85.1367,48.6933,54.8433,53.6547,nc5,non_condensables,4,fault,55
55.203,49.393,85.145,91.0093,42.63,37.72,103.02,130.7667,15.3933,5.13,39.31,114.35,155.4167,116.6833,121.0533,64.4967,268.71,215.1233,12.38,6.8533,2.8389,90.6133,84.92,49.5067,55.45,52.0747,nc5,non_condensables,4,fault,60
55.663,49.8147,85.3007,91.1547,42.76,37.87,103.2167,131.2833,15.47,5.33,39.6867,114.4233,157.05,118.36,121.22,64.5943,268.6667,215.1967,12.42,7.13,2.8542,90.7833,85.06,49.9,55.9,52.4353,nc5,non_condensables,4,fault,65
55.9247,50.0667,85.3633,91.2173,42.7767,37.8867,103.2833,131.4167,15.5067,5.4767,39.8067,114.6467,156.6333,118.0067,121.4633,64.7107,269.05,215.1633,12.4367,7.3,2.8533,90.8033,85.1467,50.1,56.0833,52.5137,nc5,non_condensables,4,fault,70
55.9953,50.1093,85.33,91.1907,42.7633,37.8867,103.2167,131.2833,15.53,5.58,39.9733,114.6867,155.4,116.3767,121.6633,64.6503,269.2367,215.3667,12.43,7.3767,2.8728,90.7967,85.1333,50.13,56.16,52.8233,nc5,non_condensables,4,fault,75
55.9087,50.036,85.3407,91.2133,42.7533,37.8567,103.1933,131.25,15.49,5.5533,40.11,114.8,155.1333,116.4767,121.8,64.731,269.0067,215.2833,12.3867,7.31,2.8613,90.8033,85.0867,50.05,56.0167,52.6773,nc5,non_condensables,4,fault,80
55.5577,49.7443,85.2403,91.0587,42.7767,37.8767,102.9867,130.7,15.42,5.3467,40.1133,114.8133,153.9133,115.93,121.86,64.1657,269.02,215.1333,12.3367,6.97,2.8551,90.6467,85.01,49.7267,55.6333,52.1037,nc5,non_condensables,4,fault,85
55.452,49.73,85.1417,90.9203,43.1167,38.23,102.78,130.2333,15.2633,5.0233,39.7167,114.8267,153.6633,115.1833,121.8667,63.245,268.9433,215.38,12.3067,6.6333,2.8537,90.4933,84.9,49.7867,55.58,51.331,nc5,non_condensables,4,fault,90
55.6837,50.032,85.0453,90.7433,43.1267,38.2367,102.5633,129.7667,15.31,5.27,40.25,114.84,155.3833,116.2733,121.8933,62.736,268.99,215.3433,12.23,7.0067,2.8414,90.3467,84.8533,50.1133,55.9333,50.6967,nc5,non_condensables,4,fault,95
55.8953,50.1847,85.0867,90.7367,43.1767,38.2933,102.6833,130.0667,15.3267,5.4033,40.3867,114.9533,155.5833,116.0433,122.0033,62.7493,268.9333,215.2433,12.3167,7.1033,2.8682,90.36,84.8667,50.2767,56.05,51.1883,nc5,non_condensables,4,fault,100
60.1217,50.868,74.6587,83.8923,42.3033,37.4133,99.1367,122.4,18.96,5.3767,26.0267,114.2833,156.6833,118.5833,120.1033,73.1293,264.9933,215.7033,15.95,8.4733,3.9988,83.1767,74.5667,50.7933,60.3167,83.1643,nc5,non_condensables,4,fault,115
60.2313,50.776,74.7003,83.935,42.1,37.1967,99.51,123.15,19.22,5.3733,25.3633,113.14,155.5667,117.75,118.4433,74.525,264.98,215.6667,16.1133,8.5667,4.0108,83.3733,74.6567,50.6733,60.4033,84.9903,nc5,non_condensables,4,fault,120
60.2433,50.6883,74.7873,84.1093,42.0733,37.1667,99.61,123.3667,19.1833,5.2667,25.21,112.2133,152.28,116.09,117.2567,75.2657,265.1167,215.9,16.08,8.5167,4.0168,83.5267,74.71,50.5933,60.3933,85.9823,nc5,non_condensables,4,fault,125
60.3047,50.74,74.763,84.0827,41.9767,37.0733,99.4867,123.0667,19.08,5.3867,25.3967,111.5667,154.25,115.5967,116.5233,75.41,265.04,215.5733,15.9767,8.6967,4.0077,83.4767,74.72,50.6667,60.47,85.9573,nc5,non_condensables,4,fault,130
55.7967,50.6087,74.3023,79.454,42.9867,38.1067,92.07,108.3833,15.3433,6.0067,41.5833,111.06,150.46,111.41,116.79,50.1843,266.89,215.4167,12.8667,7.65,3.2611,79.1633,74.2967,50.6333,55.9267,46.549,nc5,non_condensables,4,fault,150
55.8287,50.6583,74.362,79.4767,43.0067,38.12,92.1633,108.55,15.4267,6.0467,41.8533,111.45,151.15,112.0333,117.21,50.1703,266.4967,215.4033,12.9433,7.6733,3.2517,79.1867,74.3133,50.7467,56.0033,46.399,nc5,non_condensables,4,fault,155
55.8327,50.6597,74.4067,79.5247,43.0567,38.1433,92.1367,108.5333,15.45,6.0767,41.8733,111.73,151.2367,112.1233,117.54,50.2123,266.2,215.2367,12.97,7.67,3.2481,79.1933,74.3633,50.72,55.9967,46.3857,nc5,non_condensables,4,fault,160
54.4583,50.0507,75.608,80.0627,43.0033,38.1133,91.8167,107.8833,14.27,6.0267,46.59,112.0867,152.07,112.8333,118.1133,46.787,266.1067,214.9967,12.2633,7.12,2.9688,79.56,75.4733,50.14,54.51,39.4913,nc5,non_condensables,4,fault,170
54.434,50.1,75.4133,79.8027,42.8233,37.9233,91.64,107.55,14.4367,6.25,48.16,112.5,151.42,112.5667,118.6367,46.6847,266.4967,215.3467,12.22,7.3333,2.9254,79.47,75.3867,50.16,54.5367,38.8433,nc5,non_condensables,4,fault,175
54.464,50.108,75.4587,79.828,42.82,37.92,91.7,107.6333,14.5067,6.2333,48.1733,112.79,151.5033,112.5267,119.03,46.7063,266.57,215.0033,12.1833,7.4133,2.9342,79.52,75.4133,50.22,54.56,38.9783,nc5,non_condensables,4,fault,180
54.4827,50.132,75.536,79.9227,42.8833,37.97,91.8233,107.9333,14.4967,6.1833,48.2233,112.98,151.4433,112.4533,119.38,46.774,266.05,215.4567,12.2733,7.3467,2.9323,79.63,75.5067,50.2233,54.58,39.0083,nc5,non_condensables,4,fault,185
54.4827,50.128,75.6033,80.0053,43.02,38.1133,91.9233,108.0333,14.58,6.07,47.99,113.2133,151.27,112.1433,119.52,46.8347,265.12,215.1833,12.1933,7.2233,2.9276,79.7,75.5767,50.2067,54.58,38.997,nc5,non_condensables,4,fault,190
58.9067,50.0297,70.2027,78.7427,41.69,36.77,94.2267,112.6333,18.5467,5.3067,26.4267,111.8533,151.6333,114.7333,116.6467,66.0433,265.5867,215.64,16.0133,8.22,4.2459,78.2133,69.9667,49.8733,58.9367,79.7533,nc5,non_condensables,4,fault,210
58.2483,49.418,69.8407,78.3723,41.56,36.6567,93.92,112.05,18.57,5.0033,26.0467,111.0433,152.9767,114.7267,115.7233,65.789,265.85,215.7333,16.12,7.7167,4.241,77.7933,69.63,49.2467,58.3267,79.358,nc5,non_condensables,4,fault,215
57.871,49.0933,69.6087,78.144,41.38,36.47,93.6667,111.55,18.61,4.89,27.5467,110.4133,151.2533,114.0467,115.0267,65.7083,265.35,215.4233,16.01,7.6067,4.2155,77.64,69.4633,48.9833,57.9967,78.7793,nc5,non_condensables,4,fault,220
56.1587,49.9877,66.016,71.8753,41.7333,36.8467,85.8067,96.9167,16.4667,6.2467,37.2567,109.1667,148.85,111.1067,113.8733,49.3653,271.0833,215.5333,14.47,8.2633,3.9472,71.3567,65.8433,50.04,56.27,55.4153,nc5,non_condensables,4,fault,235
56.0967,50.162,65.8147,71.4723,41.7133,36.8233,85.32,95.9833,16.43,6.5433,37.72,109.18,148.5,110.62,113.8067,48.0887,272.0167,215.19,14.33,8.5767,3.8903,70.9567,65.6133,50.3233,56.3467,53.2047,nc5,non_condensables,4,fault,240
56.38,50.4993,65.8813,71.4323,41.0,36.11,85.3567,96.0667,16.5367,7.5267,38.9967,109.2933,148.5,111.3133,113.9,48.1467,271.17,214.9767,14.3233,9.62,3.8468,71.03,65.77,50.6267,56.6633,52.677,nc5,non_condensables,4,fault,245
56.4573,50.5247,65.9347,71.51,41.03,36.1367,85.3933,96.1333,16.5033,7.55,39.15,109.3067,148.5333,111.57,113.9667,48.254,271.46,215.3267,14.3167,9.6167,3.8793,71.07,65.79,50.6,56.6467,53.238,nc5,non_condensables,4,fault,250
53.744,49.9637,63.5453,67.3397,42.1533,37.2867,80.06,86.8833,14.2833,6.9067,53.65,109.7433,146.5333,108.25,115.0333,37.731,268.95,215.36,13.3167,7.8567,3.16,66.7367,63.2667,50.0333,54.6533,33.9087,nc5,non_condensables,4,fault,265
53.6653,49.986,63.3293,67.016,43.2267,38.3767,80.6933,86.45,14.6533,5.9833,54.59,110.33,147.35,108.12,115.7467,37.5537,268.5,214.8033,13.2167,6.7767,3.0845,66.62,63.21,50.0033,53.7167,32.9303,nc5,non_condensables,4,fault,270
53.7313,50.1847,63.258,66.815,43.1267,38.2667,79.74,86.3333,14.7333,6.2933,55.33,110.8067,146.7,107.3567,116.3133,37.2933,268.6167,215.17,13.2767,7.0867,2.9975,66.5067,63.1167,50.2467,53.87,31.7997,nc5,non_condensables,4,fault,275
53.6707,50.0587,63.3227,66.9267,42.86,37.94,79.77,86.35,14.72,6.5333,55.0,111.2333,146.7333,107.7633,116.7833,37.3397,268.42,215.1,13.2367,7.2967,3.0465,66.5267,63.1567,50.1067,53.8,32.354,nc5,non_condensables,4,fault,280
54.0553,47.6893,81.4593,87.4927,40.8933,35.96,99.01,122.2,14.7667,4.9367,36.46,111.45,152.4833,115.6267,116.6867,64.6153,269.5533,215.09,11.6967,6.7533,3.105,87.3267,81.45,47.6333,54.1467,57.0597,nc5,non_condensables,4,fault,300
54.122,47.7527,82.2123,88.3923,40.8333,35.8967,101.0633,126.4933,16.0467,5.0333,36.2267,111.6133,151.1667,116.0667,117.2233,66.0393,269.9967,215.35,12.9633,6.89,3.0436,88.1167,82.1833,47.72,54.25,57.164,nc5,non_condensables,4,fault,305
54.1633,47.8033,82.9673,89.2017,41.0367,36.1567,101.9933,128.49,16.1833,4.85,36.3767,111.86,152.54,116.1767,117.7633,67.1607,269.0933,214.97,13.05,6.68,2.983,88.94,82.99,47.7533,54.3167,56.978,nc5,non_condensables,4,fault,310
54.202,47.8633,83.6803,89.965,41.2867,36.3867,102.71,130.0833,16.1567,4.7167,36.6833,112.0333,153.8533,116.5833,118.2367,68.235,269.73,214.9967,13.0367,6.48,2.9264,89.66,83.6567,47.79,54.34,56.791,nc5,non_condensables,4,fault,315
54.226,47.9033,84.3243,90.642,41.53,36.64,103.21,131.2167,16.0567,4.55,37.1667,112.4167,154.9867,116.6333,118.6867,69.1843,269.4167,215.1133,12.87,6.28,2.8801,90.3333,84.2667,47.7933,54.37,56.6713,nc5,non_condensables,4,fault,320
51.3573,45.8133,85.0923,90.8663,41.0,36.1033,102.84,130.3667,15.2633,3.5133,40.4233,113.31,151.8267,116.2267,120.0767,66.1407,269.0533,214.99,12.42,4.7433,2.6405,90.4233,84.8467,45.8067,51.4967,49.673,nc5,non_condensables,4,fault,335
51.698,46.2123,85.0053,90.6993,40.8933,35.9567,102.5733,129.7833,15.2933,3.9233,41.2567,113.55,154.3033,116.4733,120.3433,65.751,269.3867,214.97,12.2633,5.3133,2.6271,90.32,84.8133,46.2267,51.88,49.1287,nc5,non_condensables,4,fault,340
52.0,46.5067,85.0333,90.7193,40.96,36.0333,102.6867,129.9333,15.2667,4.1,41.57,113.7,154.4367,116.6167,120.6,65.7773,269.0267,214.95,12.3133,5.5233,2.6305,90.3467,84.84,46.4633,52.1467,49.2117,nc5,non_condensables,4,fault,345
52.2413,46.7057,85.0747,90.7673,41.0133,36.0767,102.68,130.0167,15.24,4.33,41.85,113.86,152.6633,116.3867,120.8067,65.7423,268.9533,214.9567,12.2933,5.78,2.6495,90.4133,84.8567,46.78,52.42,49.5407,nc5,non_condensables,4,fault,350
52.231,46.704,85.2317,90.8767,41.0667,36.1633,102.86,130.4667,15.3267,4.2533,41.81,113.9467,151.8267,116.37,120.8433,65.6013,268.6767,215.0233,12.2767,5.6,2.6515,90.6167,85.1867,46.6733,52.2433,49.472,nc5,non_condensables,4,fault,355
51.0577,45.9087,85.8853,91.3,41.0267,36.0967,102.7133,130.1667,14.78,3.7233,43.6567,114.0333,154.32,116.41,121.0767,64.179,268.9167,214.81,11.88,4.7467,2.5239,90.8733,85.6233,45.7867,50.9733,46.0757,nc5,non_condensables,4,fault,360
50.7113,45.7253,85.623,90.9373,40.7933,35.87,102.42,129.5167,14.7633,3.7367,44.8267,114.1933,154.09,116.37,121.45,63.416,268.4367,214.8633,11.8867,4.9,2.4746,90.56,85.3833,45.68,50.8267,44.6337,nc5,non_condensables,4,fault,365
50.6473,45.6653,85.6237,90.9467,40.8533,35.9267,102.4467,129.5333,14.8433,3.6533,44.8367,114.34,152.99,116.0933,121.7467,63.5143,268.7733,214.86,11.8033,4.7267,2.4688,90.5933,85.38,45.6067,50.77,44.596,nc5,non_condensables,4,fault,370
50.6167,45.624,85.5907,90.9387,40.8333,35.89,102.41,129.4667,14.7767,3.6167,44.6733,114.47,154.2067,116.61,121.93,63.695,268.3233,214.7033,11.86,4.7267,2.4653,90.5567,85.3733,45.54,50.72,44.6607,nc5,non_condensables,4,fault,375
50.5967,45.5747,85.5563,90.8733,40.8133,35.8467,102.41,129.4667,14.8267,3.6033,44.7167,114.5567,153.1333,116.4067,121.9867,63.6193,268.8333,215.3933,11.8933,4.6733,2.491,90.5067,85.3767,45.5267,50.72,45.073,nc5,non_condensables,4,fault,380
55.878,47.112,75.7033,84.1857,38.5867,33.7767,98.7967,121.7333,18.2,5.5733,28.6867,113.09,151.5467,117.1033,118.8867,74.9843,274.88,215.3167,15.51,8.4,3.6877,83.2967,75.4967,47.04,55.9833,78.6537,nc5,non_condensables,4,fault,400
55.7767,47.0753,75.2677,83.519,38.34,33.5367,98.4367,121.0,18.4,5.6933,28.73,112.13,150.9833,116.8167,117.57,74.7037,275.1033,215.4833,15.5133,8.6233,3.6748,82.8733,75.16,46.9333,55.95,78.079,nc5,non_condensables,4,fault,405
55.7367,47.0247,75.1703,83.4307,38.2767,33.4667,98.3633,120.8333,18.4333,5.6133,28.62,111.1667,151.27,116.97,116.52,74.788,275.3067,215.57,15.5,8.62,3.6769,82.87,75.12,46.88,55.92,78.211,nc5,non_condensables,4,fault,410
50.704,43.8933,75.9673,82.8167,38.6167,33.8133,96.4533,117.1,16.6333,3.4033,31.1,109.85,150.7167,116.0767,115.1067,71.426,267.77,215.0067,14.1167,5.14,3.3291,82.3333,75.9233,43.7467,50.7167,61.02,nc5,non_condensables,4,fault,425
50.5607,43.8947,75.8007,82.5357,39.1,34.22,95.98,116.1,16.4567,3.0467,31.3967,109.56,150.44,115.5267,114.9467,62.2867,267.4833,214.8733,13.9567,4.6833,3.3681,82.0133,75.7167,43.84,50.6533,59.6653,nc5,non_condensables,4,fault,430
50.81,44.286,75.6047,82.2087,38.7367,33.9067,95.59,115.3933,16.3833,3.5967,32.12,109.4267,150.2767,115.4267,114.8267,61.7243,267.9767,215.1467,13.89,5.4833,3.3327,81.71,75.5467,44.22,50.94,58.5043,nc5,non_condensables,4,fault,435
50.9893,44.4353,75.6043,82.166,38.7567,33.9233,95.6433,115.4767,16.4967,3.7167,32.2167,109.3267,150.2767,115.51,114.7933,61.583,267.5467,214.9133,13.93,5.5633,3.3485,81.7267,75.5867,44.35,51.0967,58.649,nc5,non_condensables,4,fault,440
49.9913,45.881,75.4053,79.686,39.8733,34.8833,91.55,107.3167,14.3067,4.9833,47.61,109.9133,149.0667,113.0833,115.89,47.2343,268.18,214.6967,12.1867,6.1,2.7375,79.35,75.3733,45.9767,50.2333,36.774,nc5,non_condensables,4,fault,455
50.1727,45.864,75.7367,80.1617,40.42,35.4233,92.2067,108.6333,14.6733,4.4967,46.3667,110.3733,149.4667,113.12,116.5533,48.4713,267.94,214.9733,12.27,5.44,2.7995,79.9567,75.7467,45.84,50.2233,38.593,nc5,non_condensables,4,fault,460
49.7423,45.4113,75.838,80.374,40.7533,35.78,92.4267,109.1,14.6,3.84,45.03,110.8067,149.8333,113.13,116.9967,48.7053,267.8733,214.8333,12.3767,4.6133,2.7992,80.0433,75.8067,45.3633,49.7433,38.7753,nc5,non_condensables,4,fault,465
49.376,45.0927,75.818,80.3353,40.7467,35.7967,92.38,109.0333,14.69,3.52,44.5367,111.0,149.9133,113.1667,117.25,48.822,267.6133,214.7733,12.3967,4.27,2.7607,79.9967,75.7867,45.0,49.4767,38.3353,nc5,non_condensables,4,fault,470
49.283,44.9937,75.7863,80.3377,40.7333,35.74,92.4133,109.05,14.61,3.41,44.2667,111.26,149.7667,113.0867,117.4667,49.0487,267.9267,214.7633,12.5,4.2567,2.7498,79.95,75.6367,44.98,49.5167,38.361,nc5,non_condensables,4,fault,475
54.7863,45.6893,68.9807,77.8237,38.9533,34.0967,93.78,111.75,19.12,3.89,24.2933,109.2933,149.8667,114.8667,113.7233,69.2457,266.2133,215.04,16.3733,6.65,4.1383,77.4233,68.89,45.59,54.9733,81.49,nc5,non_condensables,4,fault,495
54.8927,45.6587,69.1687,78.1373,38.99,34.1433,94.2033,112.5667,19.1633,3.73,23.8533,108.6667,150.2933,115.42,112.9333,70.0903,266.1667,215.1567,16.4933,6.5167,4.1517,77.6633,69.04,45.5433,55.03,82.7597,nc5,non_condensables,4,fault,500
51.1523,44.768,65.915,72.0753,38.16,33.3633,86.21,97.6667,16.7333,4.71,33.89,107.3867,147.15,112.99,111.9067,51.7633,270.8967,215.2633,14.8,6.6267,3.8903,71.4133,65.7167,44.8,51.1567,57.2747,nc5,non_condensables,4,fault,515
51.0387,44.8733,65.705,71.7327,39.1967,34.29,85.9767,97.15,16.75,3.8233,33.5367,107.1933,147.6667,112.4467,111.7867,50.9407,270.7867,215.2067,14.7233,5.65,3.8138,71.1967,65.52,44.8433,51.13,55.255,nc5,non_condensables,4,fault,520
51.116,45.028,65.606,71.5873,39.68,34.7133,85.7533,96.85,16.8067,3.74,33.61,107.22,147.6333,112.0367,111.7067,50.6017,270.6533,215.0933,14.6133,5.3067,3.7895,71.15,65.4367,44.9467,51.1833,54.5407,nc5,non_condensables,4,fault,525
51.1827,45.1057,65.654,71.61,39.6567,34.72,85.7633,96.9167,16.8,3.6267,33.6367,107.24,147.7167,112.08,111.74,50.601,270.9233,215.1333,14.63,5.3333,3.7879,71.1667,65.49,45.04,51.24,54.5117,nc5,non_condensables,4,fault,530
51.058,45.057,65.8707,71.7267,39.7433,34.79,85.5067,96.4367,16.3967,3.6733,34.14,107.3133,147.6833,111.9567,111.7933,49.2307,270.2633,215.2867,14.2933,5.21,3.8573,71.1833,65.7933,44.97,50.9267,53.8643,nc5,non_condensables,4,fault,535
49.142,45.708,65.424,69.066,40.6033,35.6467,81.7167,89.7333,14.3867,4.42,51.17,107.9433,146.5,109.9267,112.91,38.7757,268.6333,214.7833,12.98,5.1133,2.7894,68.73,65.26,45.7533,49.3133,30.7627,nc5,non_condensables,4,fault,545
49.2233,45.7453,65.5433,69.184,40.37,35.38,81.79,89.85,14.5467,4.7333,52.52,108.8,146.7333,110.3767,114.1433,38.7507,268.1367,214.63,12.93,5.3933,2.8194,68.8467,65.3933,45.7767,49.36,31.0743,nc5,non_condensables,4,fault,550
49.2493,45.7547,65.57,69.228,40.2733,35.2667,81.8333,89.9333,14.5933,4.91,52.6767,109.42,146.5833,110.19,115.0067,38.83,267.4767,215.0133,12.9133,5.5067,2.8308,68.8933,65.4033,45.7667,49.38,31.264,nc5,non_condensables,4,fault,555
49.2163,45.7133,65.5927,69.2373,40.3067,35.2967,81.8867,90.13,14.5233,4.8633,52.6633,109.9933,146.9333,110.52,115.4733,38.8457,267.4067,214.8367,13.0667,5.4433,2.8352,68.89,65.4233,45.72,49.3133,31.3237,nc5,non_condensables,4,fault,560
47.6613,41.146,77.9827,84.4043,37.95,33.1833,97.2333,118.6167,16.5167,2.2167,30.7333,109.83,150.6567,116.5767,114.7267,64.118,269.0733,214.6167,12.8467,2.9633,3.1937,84.38,78.16,40.8967,47.6067,58.2393,nc5,non_condensables,4,fault,580
47.5267,41.128,78.6477,85.1547,37.86,33.12,97.92,119.9833,16.6533,2.3,31.25,109.5267,150.4733,116.33,114.6533,64.6443,269.01,214.6167,13.1433,3.1233,3.1105,84.7733,78.6333,40.96,47.5933,57.1877,nc5,non_condensables,4,fault,585
47.608,41.2507,79.0377,85.549,37.89,33.1367,98.4367,121.1,16.7133,2.3233,32.24,109.3533,150.7633,116.6367,114.7667,65.5277,268.39,214.6867,13.34,3.1167,3.0519,85.1433,79.0933,41.0333,47.6433,56.8763,nc5,non_condensables,4,fault,590
47.5453,41.171,79.3393,85.884,37.8167,33.07,98.6967,121.6333,16.7133,2.3633,32.6867,109.3267,150.6067,116.7467,114.8533,66.3433,268.8333,214.5833,13.3133,3.1967,3.0202,85.4333,79.2933,40.9633,47.6267,56.9877,nc5,non_condensables,4,fault,595
47.5213,41.1307,79.3393,85.9547,37.6267,32.9267,98.9367,122.05,16.79,2.4367,33.0933,109.36,150.7333,116.7667,115.0533,66.994,269.0567,214.57,13.5667,3.3233,2.9964,85.4,79.26,40.9433,47.52,57.0933,nc5,non_condensables,4,fault,600
46.2987,40.1007,80.9233,87.2373,37.42,32.7233,98.6633,121.4167,15.3267,1.7833,33.9867,109.5067,150.9233,117.26,115.49,66.3343,268.2067,214.8567,11.7633,2.4967,2.9414,86.8733,80.8433,39.9267,46.2467,55.492,nc5,non_condensables,4,fault,610
45.7807,39.707,80.8703,87.133,37.2167,32.5167,98.2467,120.6,14.9367,1.67,33.93,109.5333,150.4233,117.0433,115.6267,65.071,268.59,214.6033,11.6033,2.48,2.9329,86.5867,80.6933,39.7,45.89,54.2803,nc5,non_condensables,4,fault,615
47.3287,41.7003,80.3447,86.2647,37.7433,33.03,98.93,122.0,15.8933,2.8033,37.5467,109.78,150.3167,116.5,115.9033,63.6743,269.4533,214.9133,13.18,3.8967,2.7822,85.78,80.2933,41.6367,47.4933,50.3867,nc5,non_condensables,4,fault,625
47.8797,42.224,80.4073,86.2807,37.68,32.9767,98.84,121.8667,15.64,3.1633,38.44,109.99,150.46,116.63,116.1933,63.9213,269.09,214.6467,13.0133,4.4767,2.7823,85.8467,80.36,42.1333,48.0333,50.5817,nc5,non_condensables,4,fault,630
48.0727,42.3917,80.5187,86.4193,37.69,32.9833,98.9467,121.9833,15.67,3.2533,38.74,110.2667,150.8,116.9467,116.48,64.207,269.5233,215.04,12.93,4.6567,2.7857,86.0,80.4667,42.3,48.1833,50.8717,nc5,non_condensables,4,fault,635
47.9337,42.2787,80.7673,86.6227,37.87,33.1,99.24,122.6667,15.6967,3.06,38.75,110.4267,150.95,116.67,116.85,64.3827,268.7333,215.02,13.0533,4.3067,2.7658,86.2233,80.6933,42.1133,47.9667,50.6453,nc5,non_condensables,4,fault,640
47.7947,42.1467,80.8937,86.7667,37.9933,33.2067,99.3533,122.8167,15.6433,2.95,38.7633,110.6,151.1533,116.9633,116.9833,64.4457,269.0333,214.9,12.98,4.0167,2.7615,86.3267,80.7667,41.9933,47.8267,50.6163,nc5,non_condensables,4,fault,645
47.752,42.1013,80.8663,86.744,38.03,33.2267,99.31,122.75,15.7533,2.9067,38.6433,110.6733,151.02,116.8233,117.26,64.502,268.9933,214.77,13.04,3.9467,2.7588,86.26,80.7533,41.9567,47.77,50.611,nc5,non_condensables,4,fault,650
47.7013,42.0493,80.8807,86.7533,38.0267,33.24,99.3333,122.8333,15.8033,2.9033,38.6533,110.8267,150.8767,116.7667,117.29,64.556,268.66,215.2067,13.05,3.8967,2.7628,86.2867,80.75,41.9167,47.7467,50.7273,nc5,non_condensables,4,fault,655
47.6893,42.0393,80.8737,86.7427,38.0333,33.2267,99.37,122.9,15.8,2.8667,38.59,110.9133,150.9467,116.9667,117.4667,64.4337,268.6733,214.84,13.04,3.9067,2.7619,86.26,80.75,41.92,47.74,50.615,nc5,non_condensables,4,fault,660
51.388,41.9013,70.272,79.4893,36.71,32.0867,95.55,115.3067,19.84,3.0567,24.1833,109.6,149.6333,116.8933,114.6933,76.501,269.6867,215.1433,16.7133,5.1067,3.9087,78.8733,70.0933,41.7833,51.5633,85.0467,nc5,non_condensables,4,fault,680
51.5873,42.1187,70.2147,79.2907,36.7333,32.11,95.5633,115.3167,19.8067,3.0533,24.1067,108.8467,149.5133,116.9533,113.5933,76.6343,269.7067,215.3833,16.7367,5.2267,3.8998,78.8267,70.0367,41.9567,51.6967,84.9987,nc5,non_condensables,4,fault,685
51.5633,42.0827,70.2413,79.3567,36.8267,32.17,95.58,115.3267,19.93,3.0233,24.0867,108.2667,149.71,116.78,112.93,76.7497,269.6167,215.3467,16.66,5.0933,3.8984,78.9233,70.07,41.9233,51.6933,85.0983,nc5,non_condensables,4,fault,690
45.5893,40.0183,69.2743,75.0713,36.02,31.4567,88.8633,101.4433,16.59,2.8467,33.6,106.9667,146.7833,114.5667,111.1667,53.3963,268.6867,214.7967,14.0567,3.83,3.2839,74.8067,69.27,39.89,45.6167,49.872,nc5,non_condensables,4,fault,705
45.249,39.5823,69.7193,75.5253,36.22,31.62,88.8267,102.1767,16.5067,2.48,33.81,106.7067,146.9833,114.4633,111.3133,53.6957,268.5167,214.74,13.5967,3.19,3.3198,75.2467,69.6367,39.4467,45.28,50.7023,nc5,non_condensables,4,fault,710
44.9463,39.2647,69.7687,75.6467,36.0533,31.4467,88.44,101.5167,16.0533,2.3467,33.1767,106.6467,146.75,114.4167,111.25,53.5747,268.51,214.7433,13.1167,3.0733,3.3339,75.3067,69.6367,39.13,44.9633,50.799,nc5,non_condensables,4,fault,715
44.7917,39.106,69.7313,75.6133,35.9667,31.3967,88.22,101.2,15.93,2.3333,32.93,106.4933,146.7,114.32,111.2133,53.4643,268.3033,214.7467,12.9267,3.0667,3.3486,75.3133,69.5833,39.0267,44.8433,50.9203,nc5,non_condensables,4,fault,720
44.6023,41.125,69.7623,73.6323,37.52,32.8033,85.6333,96.65,14.31,2.8567,47.9067,106.6,146.3167,112.53,111.73,42.5987,268.7733,214.74,12.3433,3.53,2.5682,73.3,69.6267,41.03,44.72,31.112,nc5,non_condensables,4,fault,730
44.3367,40.7977,70.1,74.0003,37.7667,33.05,85.9233,97.1667,14.29,2.5667,47.8667,107.2,146.5667,112.5,112.91,42.8473,268.4267,214.58,12.1733,2.8567,2.5982,73.7567,69.9267,40.65,44.4067,31.665,nc5,non_condensables,4,fault,735
44.1653,40.5827,70.1013,74.018,37.6833,32.9767,85.5967,96.5667,14.0133,2.56,47.8133,107.9267,146.3833,112.5433,113.7067,42.799,268.8267,214.5567,11.8667,2.7567,2.6289,73.7433,69.94,40.4433,44.2433,32.0027,nc5,non_condensables,4,fault,740
44.0667,40.46,70.088,74.0177,37.6233,32.9267,85.41,96.2167,13.8833,2.5233,47.73,108.5,146.35,112.2633,114.1867,42.7063,268.4433,214.9567,11.6833,2.7233,2.6577,73.74,69.9333,40.34,44.1133,32.281,nc5,non_condensables,4,fault,745
44.0143,40.44,70.0853,74.02,37.6333,32.92,85.4067,96.15,13.83,2.5033,47.6467,108.9,146.4333,112.64,114.6867,42.6847,268.9967,214.4767,11.6733,2.6733,2.63,73.7533,69.92,40.3467,44.0533,31.9293,nc5,non_condensables,4,fault,750
47.7887,39.461,64.2203,72.147,35.61,31.08,86.98,98.8833,18.85,2.25,24.0133,107.89,146.4333,114.59,112.05,61.131,274.7433,214.7433,15.45,3.65,4.287,71.4933,63.98,39.2533,47.6833,74.54,nc5,non_condensables,4,fault,770
47.2753,39.2343,63.513,71.2603,34.9767,30.5033,86.4133,97.95,19.1167,2.4867,24.7733,106.92,145.8167,114.5267,110.7733,60.2107,274.67,215.1467,15.7533,4.0733,4.2087,70.6433,63.2867,39.0767,47.2567,72.0717,nc5,non_condensables,4,fault,775
46.9643,39.048,63.0257,70.6267,35.1867,30.6867,85.21,95.8167,18.4167,2.21,25.18,106.18,145.7167,114.25,109.9167,58.411,274.8767,214.63,15.1467,3.72,4.2635,70.0333,62.8,38.86,46.9333,70.8253,nc5,non_condensables,4,fault,780
46.7877,41.0657,63.7113,69.423,36.58,31.96,83.8933,93.6,17.0567,3.0867,33.0967,105.1733,145.5833,112.71,108.7867,49.598,268.4833,214.6267,14.7467,4.4067,3.6259,69.1533,63.66,40.9667,46.86,51.15,nc5,non_condensables,4,fault,790
47.0423,41.2837,64.219,69.998,36.5,31.9,84.25,94.25,16.92,3.3733,33.6333,105.2333,145.7667,113.0267,109.1333,50.1033,268.7733,214.9033,14.6633,4.68,3.6194,69.62,64.1033,41.18,47.1567,51.569,nc5,non_condensables,4,fault,795
47.2327,41.38,64.5327,70.388,36.1467,31.5533,84.79,95.1167,16.9533,3.6567,33.4667,105.3867,145.8167,113.1833,109.3867,50.925,268.4867,214.73,14.8367,5.11,3.6157,69.9767,64.4433,41.2667,47.28,52.3637,nc5,non_condensables,4,fault,800
47.2153,41.3093,64.614,70.5217,36.1,31.49,84.96,95.35,17.0233,3.6767,33.2733,105.4333,145.8667,113.4133,109.72,51.1013,268.7867,215.13,14.8667,5.0633,3.6434,70.09,64.49,41.1667,47.28,52.9497,nc5,non_condensables,4,fault,805
47.1847,41.2747,64.6207,70.5327,36.0467,31.4367,84.96,95.4167,16.9767,3.6733,33.2933,105.5733,145.55,113.5033,109.7767,51.103,268.67,214.9367,14.9233,5.1067,3.6421,70.0867,64.51,41.14,47.2433,52.934,nc5,non_condensables,4,fault,810
44.3443,40.4787,64.6487,68.848,36.8267,32.1633,81.99,90.24,15.21,2.9967,45.0133,106.2,145.3667,112.08,110.84,41.894,267.4433,214.86,13.51,3.55,2.907,68.4867,64.5733,40.39,44.4533,34.6387,nc5,non_condensables,4,fault,825
44.2693,40.3627,64.8783,69.062,37.12,32.4267,82.1667,90.5167,15.2867,2.7133,44.4767,106.6733,145.4,111.9933,111.58,42.154,267.77,214.77,13.3867,3.0867,2.9192,68.77,64.75,40.2233,44.35,35.0007,nc5,non_condensables,4,fault,830
44.2027,40.271,64.9387,69.134,37.13,32.4267,82.03,90.29,15.22,2.6667,44.29,107.12,145.1833,111.76,111.9933,42.144,267.2533,214.5167,13.1933,3.0333,2.933,68.84,64.77,40.16,44.3,35.156,nc5,non_condensables,4,fault,835
44.0843,40.1007,64.7953,69.0367,37.0267,32.34,81.78,89.8833,15.0967,2.6433,44.0533,107.4,144.8667,111.55,112.2533,42.0093,267.56,214.6333,13.1067,2.9833,2.9798,68.67,64.68,40.0433,44.1333,35.601,nc5,non_condensables,4,fault,840
